gen,nevals,min,median,max,currentGenBestValFitness,currentGenBestTestFitness,lap time (seconds),discarded individuals (including burn-in),GM connections,GM mean heuristic,sampling order
0,100,0.59461946,0.72433216,0.78828125,0.80664063,0.83730159,0069,0034,0035,0.00000000,"PART,PART_useMDLcorrection,PART_doNotMakeSplitPointActualValue,PART_binarySplits,PART_pruning,J48,J48_pruning,Aggregator,JRip,J48_collapseTree,DecisionTable,J48_minNumObj,DecisionTable_search,J48_doNotMakeSplitPointActualValue,J48_useLaplace,PART_numFolds,JRip_usePruning,JRip_folds,PART_confidenceFactorValue,J48_useMDLcorrection,JRip_minNo,SimpleCart,DecisionTable_evaluationMeasure,JRip_optimizations,DecisionTable_crossVal,J48_confidenceFactorValue,PART_minNumObj,J48_binarySplits,GreedyStepwise_searchBackwards,J48_subtreeRaising,SimpleCart_usePrune,GreedyStepwise_conservativeForwardSelection,J48_numFolds,JRip_checkErrorRate,DecisionTable_useIBk,BestFirst_direction,BestFirst_searchTermination,SimpleCart_heuristic,SimpleCart_minNumObj,SimpleCart_useOneSE,SimpleCart_numFoldsPruning"
1,90,0.54222530,0.73153352,0.80631300,0.83984375,0.89682540,0062,0034,0035,0.00000000,"SimpleCart,J48,J48_doNotMakeSplitPointActualValue,Aggregator,J48_minNumObj,PART,J48_useLaplace,SimpleCart_minNumObj,SimpleCart_usePrune,DecisionTable,SimpleCart_heuristic,SimpleCart_numFoldsPruning,J48_pruning,JRip,DecisionTable_crossVal,J48_useMDLcorrection,J48_collapseTree,JRip_usePruning,SimpleCart_useOneSE,DecisionTable_evaluationMeasure,PART_doNotMakeSplitPointActualValue,PART_pruning,PART_minNumObj,JRip_checkErrorRate,PART_confidenceFactorValue,PART_useMDLcorrection,DecisionTable_useIBk,JRip_minNo,J48_binarySplits,PART_binarySplits,J48_numFolds,DecisionTable_search,PART_numFolds,J48_confidenceFactorValue,JRip_optimizations,J48_subtreeRaising,BestFirst_searchTermination,JRip_folds,BestFirst_direction,GreedyStepwise_searchBackwards,GreedyStepwise_conservativeForwardSelection"
2,90,0.60569556,0.72527092,0.81321825,0.71093750,0.79365079,0062,0034,0035,0.00000000,"SimpleCart,DecisionTable,DecisionTable_evaluationMeasure,SimpleCart_minNumObj,JRip,J48,DecisionTable_search,JRip_minNo,GreedyStepwise_searchBackwards,DecisionTable_crossVal,SimpleCart_usePrune,J48_pruning,PART,SimpleCart_heuristic,BestFirst_direction,Aggregator,J48_useLaplace,PART_pruning,DecisionTable_useIBk,SimpleCart_useOneSE,SimpleCart_numFoldsPruning,JRip_usePruning,JRip_checkErrorRate,GreedyStepwise_conservativeForwardSelection,J48_binarySplits,J48_collapseTree,J48_doNotMakeSplitPointActualValue,J48_useMDLcorrection,J48_confidenceFactorValue,BestFirst_searchTermination,J48_numFolds,J48_minNumObj,JRip_folds,PART_confidenceFactorValue,PART_doNotMakeSplitPointActualValue,PART_binarySplits,J48_subtreeRaising,PART_numFolds,PART_useMDLcorrection,PART_minNumObj,JRip_optimizations"
3,90,0.56694808,0.73116809,0.81321825,0.71093750,0.79365079,0053,0034,0035,0.00000000,"JRip,DecisionTable,JRip_minNo,DecisionTable_useIBk,SimpleCart,Aggregator,J48,PART,J48_pruning,J48_minNumObj,PART_useMDLcorrection,JRip_usePruning,J48_useMDLcorrection,PART_doNotMakeSplitPointActualValue,JRip_checkErrorRate,SimpleCart_minNumObj,J48_doNotMakeSplitPointActualValue,DecisionTable_crossVal,PART_pruning,DecisionTable_evaluationMeasure,SimpleCart_heuristic,DecisionTable_search,J48_useLaplace,GreedyStepwise_conservativeForwardSelection,BestFirst_direction,J48_numFolds,GreedyStepwise_searchBackwards,PART_binarySplits,J48_collapseTree,JRip_optimizations,J48_binarySplits,SimpleCart_usePrune,SimpleCart_numFoldsPruning,J48_subtreeRaising,SimpleCart_useOneSE,PART_numFolds,PART_minNumObj,JRip_folds,J48_confidenceFactorValue,PART_confidenceFactorValue,BestFirst_searchTermination"
4,90,0.50000000,0.73134451,0.83559728,0.86328125,0.83730159,0068,0119,0073,0.54492595,"PART,DecisionTable,JRip,JRip_minNo,DecisionTable_evaluationMeasure,DecisionTable_crossVal,PART_binarySplits,SimpleCart,PART_minNumObj,SimpleCart_heuristic,PART_pruning,PART_numFolds,JRip_checkErrorRate,DecisionTable_search,BestFirst_searchTermination,J48,PART_confidenceFactorValue,GreedyStepwise_searchBackwards,SimpleCart_minNumObj,J48_useLaplace,SimpleCart_usePrune,JRip_usePruning,J48_binarySplits,JRip_optimizations,BestFirst_direction,JRip_folds,Aggregator,PART_doNotMakeSplitPointActualValue,SimpleCart_useOneSE,SimpleCart_numFoldsPruning,J48_collapseTree,J48_confidenceFactorValue,GreedyStepwise_conservativeForwardSelection,J48_numFolds,DecisionTable_useIBk,J48_doNotMakeSplitPointActualValue,J48_useMDLcorrection,J48_subtreeRaising,J48_minNumObj,J48_pruning,PART_useMDLcorrection"
5,90,0.50703125,0.72322959,0.83559728,0.86328125,0.83730159,0072,0259,0073,0.54492595,"PART,JRip,DecisionTable,DecisionTable_crossVal,SimpleCart,PART_minNumObj,PART_binarySplits,PART_confidenceFactorValue,J48_useLaplace,J48_confidenceFactorValue,GreedyStepwise_conservativeForwardSelection,J48_numFolds,DecisionTable_useIBk,PART_pruning,PART_numFolds,J48,JRip_checkErrorRate,J48_useMDLcorrection,J48_doNotMakeSplitPointActualValue,DecisionTable_search,GreedyStepwise_searchBackwards,BestFirst_searchTermination,JRip_usePruning,SimpleCart_minNumObj,J48_binarySplits,JRip_optimizations,PART_doNotMakeSplitPointActualValue,SimpleCart_heuristic,SimpleCart_usePrune,BestFirst_direction,Aggregator,SimpleCart_numFoldsPruning,SimpleCart_useOneSE,J48_collapseTree,JRip_minNo,JRip_folds,DecisionTable_evaluationMeasure,PART_useMDLcorrection,J48_pruning,J48_minNumObj,J48_subtreeRaising"
6,90,0.57297127,0.72978831,0.83559728,0.86328125,0.83730159,0064,0034,0073,0.54492595,"JRip,DecisionTable,PART,DecisionTable_evaluationMeasure,DecisionTable_search,PART_minNumObj,PART_useMDLcorrection,GreedyStepwise_searchBackwards,DecisionTable_crossVal,SimpleCart,PART_binarySplits,SimpleCart_minNumObj,SimpleCart_heuristic,SimpleCart_usePrune,Aggregator,BestFirst_direction,SimpleCart_numFoldsPruning,SimpleCart_useOneSE,GreedyStepwise_conservativeForwardSelection,BestFirst_searchTermination,JRip_usePruning,JRip_optimizations,PART_doNotMakeSplitPointActualValue,PART_pruning,PART_confidenceFactorValue,PART_numFolds,J48,JRip_checkErrorRate,J48_binarySplits,J48_collapseTree,J48_useLaplace,J48_pruning,J48_confidenceFactorValue,J48_minNumObj,J48_numFolds,J48_doNotMakeSplitPointActualValue,J48_useMDLcorrection,DecisionTable_useIBk,JRip_folds,J48_subtreeRaising,JRip_minNo"
7,90,0.55676663,0.72856603,0.83559728,0.86328125,0.83730159,0061,0147,0054,0.56940416,"DecisionTable,PART,PART_binarySplits,JRip,DecisionTable_search,BestFirst_direction,GreedyStepwise_searchBackwards,GreedyStepwise_conservativeForwardSelection,J48_confidenceFactorValue,SimpleCart_usePrune,SimpleCart_numFoldsPruning,SimpleCart_useOneSE,J48_useLaplace,J48_numFolds,J48_useMDLcorrection,J48_pruning,J48_subtreeRaising,PART_numFolds,SimpleCart_minNumObj,SimpleCart_heuristic,JRip_folds,J48_binarySplits,BestFirst_searchTermination,JRip_usePruning,PART_doNotMakeSplitPointActualValue,JRip_optimizations,Aggregator,PART_pruning,JRip_checkErrorRate,J48,PART_confidenceFactorValue,J48_doNotMakeSplitPointActualValue,DecisionTable_useIBk,J48_minNumObj,DecisionTable_evaluationMeasure,PART_useMDLcorrection,J48_collapseTree,SimpleCart,JRip_minNo,PART_minNumObj,DecisionTable_crossVal"
8,90,0.61903982,0.72969380,0.83559728,0.86328125,0.83730159,0063,0034,0054,0.56940416,"PART,DecisionTable,PART_binarySplits,JRip,DecisionTable_search,GreedyStepwise_conservativeForwardSelection,BestFirst_direction,GreedyStepwise_searchBackwards,PART_useMDLcorrection,JRip_usePruning,JRip_folds,DecisionTable_evaluationMeasure,DecisionTable_useIBk,BestFirst_searchTermination,JRip_minNo,PART_minNumObj,DecisionTable_crossVal,PART_doNotMakeSplitPointActualValue,JRip_checkErrorRate,JRip_optimizations,Aggregator,PART_pruning,J48,J48_useMDLcorrection,J48_pruning,J48_subtreeRaising,J48_binarySplits,PART_numFolds,J48_numFolds,PART_confidenceFactorValue,SimpleCart,J48_useLaplace,J48_confidenceFactorValue,J48_minNumObj,J48_collapseTree,J48_doNotMakeSplitPointActualValue,SimpleCart_usePrune,SimpleCart_heuristic,SimpleCart_minNumObj,SimpleCart_useOneSE,SimpleCart_numFoldsPruning"
9,90,0.55076865,0.73701487,0.83559728,0.86328125,0.83730159,0053,0034,0054,0.56940416,"JRip,DecisionTable,DecisionTable_search,PART,PART_binarySplits,GreedyStepwise_searchBackwards,BestFirst_direction,GreedyStepwise_conservativeForwardSelection,PART_pruning,PART_numFolds,PART_minNumObj,DecisionTable_crossVal,JRip_minNo,PART_doNotMakeSplitPointActualValue,PART_confidenceFactorValue,SimpleCart,PART_useMDLcorrection,SimpleCart_minNumObj,DecisionTable_useIBk,JRip_usePruning,SimpleCart_usePrune,DecisionTable_evaluationMeasure,JRip_folds,SimpleCart_heuristic,SimpleCart_useOneSE,SimpleCart_numFoldsPruning,JRip_checkErrorRate,JRip_optimizations,Aggregator,BestFirst_searchTermination,J48,J48_useMDLcorrection,J48_useLaplace,J48_binarySplits,J48_pruning,J48_collapseTree,J48_subtreeRaising,J48_confidenceFactorValue,J48_minNumObj,J48_doNotMakeSplitPointActualValue,J48_numFolds"
10,90,0.57565524,0.72706023,0.83559728,0.86328125,0.83730159,0051,0034,0045,0.27112869,"SimpleCart,PART,SimpleCart_usePrune,DecisionTable,JRip,SimpleCart_minNumObj,SimpleCart_heuristic,DecisionTable_search,SimpleCart_useOneSE,GreedyStepwise_conservativeForwardSelection,PART_useMDLcorrection,PART_binarySplits,DecisionTable_useIBk,DecisionTable_evaluationMeasure,BestFirst_direction,JRip_usePruning,SimpleCart_numFoldsPruning,GreedyStepwise_searchBackwards,JRip_folds,PART_minNumObj,DecisionTable_crossVal,JRip_checkErrorRate,PART_pruning,JRip_minNo,PART_confidenceFactorValue,JRip_optimizations,J48,J48_pruning,J48_useLaplace,PART_numFolds,J48_confidenceFactorValue,J48_collapseTree,Aggregator,BestFirst_searchTermination,J48_minNumObj,PART_doNotMakeSplitPointActualValue,J48_doNotMakeSplitPointActualValue,J48_subtreeRaising,J48_numFolds,J48_binarySplits,J48_useMDLcorrection"
11,90,0.60737147,0.72145287,0.83559728,0.86328125,0.83730159,0057,0201,0045,0.27112869,"PART,JRip,SimpleCart,PART_useMDLcorrection,SimpleCart_minNumObj,PART_binarySplits,SimpleCart_heuristic,DecisionTable,JRip_usePruning,SimpleCart_usePrune,DecisionTable_useIBk,DecisionTable_search,GreedyStepwise_conservativeForwardSelection,GreedyStepwise_searchBackwards,JRip_folds,SimpleCart_useOneSE,SimpleCart_numFoldsPruning,DecisionTable_evaluationMeasure,BestFirst_direction,J48_numFolds,J48_collapseTree,PART_confidenceFactorValue,J48_doNotMakeSplitPointActualValue,PART_numFolds,J48_useMDLcorrection,J48_useLaplace,J48_binarySplits,J48_minNumObj,J48_pruning,J48_confidenceFactorValue,J48_subtreeRaising,PART_pruning,PART_doNotMakeSplitPointActualValue,PART_minNumObj,JRip_checkErrorRate,BestFirst_searchTermination,JRip_minNo,J48,JRip_optimizations,DecisionTable_crossVal,Aggregator"
12,90,0.59261593,0.71912802,0.83559728,0.86328125,0.83730159,0057,0179,0045,0.27112869,"DecisionTable,JRip,JRip_usePruning,JRip_folds,PART,SimpleCart,PART_useMDLcorrection,DecisionTable_evaluationMeasure,DecisionTable_useIBk,DecisionTable_search,GreedyStepwise_searchBackwards,SimpleCart_minNumObj,PART_binarySplits,SimpleCart_usePrune,SimpleCart_useOneSE,SimpleCart_heuristic,GreedyStepwise_conservativeForwardSelection,SimpleCart_numFoldsPruning,BestFirst_direction,PART_confidenceFactorValue,J48_useLaplace,J48_doNotMakeSplitPointActualValue,J48_pruning,J48_numFolds,J48_confidenceFactorValue,J48_subtreeRaising,PART_numFolds,J48_binarySplits,J48_collapseTree,J48_minNumObj,J48_useMDLcorrection,JRip_minNo,BestFirst_searchTermination,PART_minNumObj,PART_doNotMakeSplitPointActualValue,JRip_optimizations,JRip_checkErrorRate,PART_pruning,DecisionTable_crossVal,Aggregator,J48"
13,90,0.60076865,0.72528352,0.83559728,0.86328125,0.83730159,0042,0034,0044,0.27112869,"JRip,JRip_usePruning,Aggregator,J48,J48_useLaplace,PART,DecisionTable,J48_useMDLcorrection,DecisionTable_evaluationMeasure,PART_useMDLcorrection,JRip_checkErrorRate,J48_doNotMakeSplitPointActualValue,PART_pruning,J48_collapseTree,DecisionTable_search,PART_binarySplits,PART_minNumObj,PART_doNotMakeSplitPointActualValue,DecisionTable_useIBk,GreedyStepwise_conservativeForwardSelection,DecisionTable_crossVal,BestFirst_direction,PART_numFolds,GreedyStepwise_searchBackwards,JRip_minNo,J48_binarySplits,J48_minNumObj,PART_confidenceFactorValue,J48_pruning,JRip_folds,BestFirst_searchTermination,J48_confidenceFactorValue,J48_numFolds,J48_subtreeRaising,SimpleCart,JRip_optimizations,SimpleCart_heuristic,SimpleCart_minNumObj,SimpleCart_usePrune,SimpleCart_useOneSE,SimpleCart_numFoldsPruning"
14,90,0.60672883,0.72217742,0.83559728,0.86328125,0.83730159,0041,0034,0044,0.27112869,"PART,PART_useMDLcorrection,DecisionTable,PART_binarySplits,J48,DecisionTable_evaluationMeasure,DecisionTable_useIBk,J48_useLaplace,PART_doNotMakeSplitPointActualValue,JRip,DecisionTable_search,PART_pruning,JRip_usePruning,Aggregator,BestFirst_direction,GreedyStepwise_searchBackwards,PART_minNumObj,JRip_checkErrorRate,DecisionTable_crossVal,J48_collapseTree,J48_doNotMakeSplitPointActualValue,J48_useMDLcorrection,PART_numFolds,GreedyStepwise_conservativeForwardSelection,J48_pruning,PART_confidenceFactorValue,J48_confidenceFactorValue,SimpleCart,J48_binarySplits,SimpleCart_minNumObj,JRip_minNo,JRip_optimizations,JRip_folds,J48_minNumObj,SimpleCart_heuristic,J48_numFolds,J48_subtreeRaising,BestFirst_searchTermination,SimpleCart_usePrune,SimpleCart_numFoldsPruning,SimpleCart_useOneSE"
15,90,0.56815776,0.72817540,0.83559728,0.86328125,0.83730159,0045,0034,0044,0.27112869,"J48,J48_collapseTree,JRip,DecisionTable,J48_useLaplace,J48_useMDLcorrection,DecisionTable_search,DecisionTable_crossVal,J48_doNotMakeSplitPointActualValue,JRip_usePruning,GreedyStepwise_conservativeForwardSelection,PART,Aggregator,PART_binarySplits,PART_minNumObj,DecisionTable_evaluationMeasure,GreedyStepwise_searchBackwards,PART_doNotMakeSplitPointActualValue,PART_pruning,JRip_checkErrorRate,PART_useMDLcorrection,BestFirst_direction,DecisionTable_useIBk,PART_numFolds,JRip_optimizations,BestFirst_searchTermination,J48_pruning,JRip_minNo,J48_subtreeRaising,J48_minNumObj,J48_binarySplits,SimpleCart,J48_confidenceFactorValue,JRip_folds,PART_confidenceFactorValue,SimpleCart_minNumObj,SimpleCart_heuristic,J48_numFolds,SimpleCart_usePrune,SimpleCart_numFoldsPruning,SimpleCart_useOneSE"
16,90,0.56004284,0.73192414,0.83559728,0.86328125,0.83730159,0049,0034,0044,0.27112869,"PART,PART_useMDLcorrection,JRip,DecisionTable,PART_minNumObj,DecisionTable_search,BestFirst_direction,DecisionTable_evaluationMeasure,J48,PART_doNotMakeSplitPointActualValue,J48_collapseTree,PART_binarySplits,J48_useLaplace,DecisionTable_useIBk,PART_pruning,J48_useMDLcorrection,Aggregator,JRip_checkErrorRate,PART_numFolds,DecisionTable_crossVal,JRip_usePruning,J48_doNotMakeSplitPointActualValue,GreedyStepwise_conservativeForwardSelection,GreedyStepwise_searchBackwards,J48_minNumObj,BestFirst_searchTermination,PART_confidenceFactorValue,J48_pruning,JRip_optimizations,SimpleCart,J48_confidenceFactorValue,SimpleCart_minNumObj,J48_numFolds,JRip_folds,SimpleCart_heuristic,JRip_minNo,J48_binarySplits,SimpleCart_usePrune,J48_subtreeRaising,SimpleCart_numFoldsPruning,SimpleCart_useOneSE"
17,90,0.58094758,0.72716104,0.83559728,0.86328125,0.83730159,0048,0070,0044,0.27112869,"J48,J48_useMDLcorrection,JRip,DecisionTable,Aggregator,DecisionTable_search,J48_doNotMakeSplitPointActualValue,PART,GreedyStepwise_conservativeForwardSelection,J48_useLaplace,DecisionTable_evaluationMeasure,J48_collapseTree,BestFirst_direction,PART_useMDLcorrection,DecisionTable_crossVal,JRip_usePruning,PART_pruning,JRip_checkErrorRate,DecisionTable_useIBk,PART_minNumObj,GreedyStepwise_searchBackwards,PART_doNotMakeSplitPointActualValue,PART_binarySplits,PART_numFolds,SimpleCart_minNumObj,SimpleCart_useOneSE,J48_confidenceFactorValue,J48_subtreeRaising,SimpleCart_numFoldsPruning,SimpleCart_usePrune,J48_numFolds,SimpleCart_heuristic,JRip_folds,PART_confidenceFactorValue,J48_pruning,J48_binarySplits,BestFirst_searchTermination,JRip_optimizations,JRip_minNo,SimpleCart,J48_minNumObj"
18,90,0.55716986,0.71728831,0.83559728,0.86328125,0.83730159,0043,0034,0044,0.27112869,"J48,Aggregator,JRip,DecisionTable,JRip_checkErrorRate,PART,DecisionTable_useIBk,JRip_usePruning,PART_useMDLcorrection,DecisionTable_evaluationMeasure,DecisionTable_search,J48_doNotMakeSplitPointActualValue,PART_minNumObj,GreedyStepwise_conservativeForwardSelection,PART_doNotMakeSplitPointActualValue,PART_binarySplits,DecisionTable_crossVal,J48_useMDLcorrection,J48_useLaplace,J48_collapseTree,PART_pruning,BestFirst_direction,GreedyStepwise_searchBackwards,PART_numFolds,JRip_minNo,J48_binarySplits,JRip_folds,J48_minNumObj,BestFirst_searchTermination,JRip_optimizations,PART_confidenceFactorValue,J48_pruning,J48_confidenceFactorValue,J48_numFolds,J48_subtreeRaising,SimpleCart,SimpleCart_heuristic,SimpleCart_usePrune,SimpleCart_minNumObj,SimpleCart_numFoldsPruning,SimpleCart_useOneSE"
19,90,0.54435484,0.72009829,0.83559728,0.86328125,0.83730159,0044,0065,0044,0.27112869,"PART,J48,PART_minNumObj,J48_useMDLcorrection,PART_doNotMakeSplitPointActualValue,DecisionTable,PART_binarySplits,PART_useMDLcorrection,Aggregator,DecisionTable_useIBk,DecisionTable_search,DecisionTable_crossVal,J48_collapseTree,J48_useLaplace,GreedyStepwise_searchBackwards,J48_doNotMakeSplitPointActualValue,JRip,JRip_usePruning,PART_pruning,GreedyStepwise_conservativeForwardSelection,BestFirst_direction,DecisionTable_evaluationMeasure,PART_numFolds,JRip_checkErrorRate,J48_numFolds,SimpleCart_heuristic,J48_confidenceFactorValue,SimpleCart_numFoldsPruning,SimpleCart_useOneSE,SimpleCart_usePrune,SimpleCart_minNumObj,J48_subtreeRaising,JRip_minNo,PART_confidenceFactorValue,J48_pruning,J48_minNumObj,SimpleCart,BestFirst_searchTermination,J48_binarySplits,JRip_optimizations,JRip_folds"
20,90,0.53074597,0.72549773,0.83559728,0.86328125,0.83730159,0038,0077,0044,0.27112869,"DecisionTable,JRip,J48,J48_doNotMakeSplitPointActualValue,J48_useMDLcorrection,DecisionTable_crossVal,DecisionTable_useIBk,JRip_checkErrorRate,PART,JRip_usePruning,DecisionTable_evaluationMeasure,J48_collapseTree,DecisionTable_search,Aggregator,PART_doNotMakeSplitPointActualValue,BestFirst_direction,PART_useMDLcorrection,PART_binarySplits,J48_useLaplace,GreedyStepwise_searchBackwards,GreedyStepwise_conservativeForwardSelection,PART_minNumObj,PART_pruning,PART_numFolds,SimpleCart_usePrune,SimpleCart_numFoldsPruning,SimpleCart_useOneSE,J48_numFolds,SimpleCart_minNumObj,J48_subtreeRaising,J48_confidenceFactorValue,SimpleCart_heuristic,J48_binarySplits,J48_pruning,J48_minNumObj,BestFirst_searchTermination,PART_confidenceFactorValue,JRip_folds,JRip_optimizations,SimpleCart,JRip_minNo"
21,90,0.57169859,0.72826361,0.83559728,0.86328125,0.83730159,0036,0034,0044,0.27112869,"J48,PART,PART_pruning,PART_binarySplits,PART_useMDLcorrection,J48_collapseTree,DecisionTable,J48_useMDLcorrection,PART_minNumObj,J48_useLaplace,Aggregator,DecisionTable_search,PART_numFolds,JRip,J48_doNotMakeSplitPointActualValue,DecisionTable_crossVal,PART_doNotMakeSplitPointActualValue,DecisionTable_useIBk,DecisionTable_evaluationMeasure,BestFirst_direction,JRip_checkErrorRate,GreedyStepwise_searchBackwards,JRip_usePruning,GreedyStepwise_conservativeForwardSelection,JRip_minNo,JRip_folds,JRip_optimizations,PART_confidenceFactorValue,J48_pruning,J48_subtreeRaising,SimpleCart,SimpleCart_minNumObj,J48_confidenceFactorValue,SimpleCart_heuristic,J48_binarySplits,SimpleCart_usePrune,BestFirst_searchTermination,J48_numFolds,SimpleCart_useOneSE,SimpleCart_numFoldsPruning,J48_minNumObj"
22,90,0.55526714,0.73179183,0.83559728,0.86328125,0.83730159,0041,0222,0044,0.27112869,"Aggregator,PART,JRip,SimpleCart,JRip_checkErrorRate,DecisionTable,JRip_minNo,SimpleCart_minNumObj,J48,SimpleCart_usePrune,J48_minNumObj,DecisionTable_useIBk,SimpleCart_useOneSE,J48_useLaplace,SimpleCart_numFoldsPruning,SimpleCart_heuristic,J48_pruning,DecisionTable_evaluationMeasure,DecisionTable_search,J48_binarySplits,GreedyStepwise_conservativeForwardSelection,J48_useMDLcorrection,J48_collapseTree,BestFirst_direction,J48_subtreeRaising,J48_numFolds,GreedyStepwise_searchBackwards,J48_confidenceFactorValue,PART_numFolds,JRip_optimizations,JRip_folds,PART_confidenceFactorValue,PART_pruning,J48_doNotMakeSplitPointActualValue,BestFirst_searchTermination,DecisionTable_crossVal,PART_doNotMakeSplitPointActualValue,PART_useMDLcorrection,PART_binarySplits,JRip_usePruning,PART_minNumObj"
23,90,0.54793347,0.73303931,0.83559728,0.86328125,0.83730159,0042,0266,0044,0.27112869,"SimpleCart,DecisionTable,DecisionTable_useIBk,JRip,SimpleCart_heuristic,J48,Aggregator,PART,J48_binarySplits,J48_minNumObj,J48_useLaplace,JRip_minNo,SimpleCart_usePrune,DecisionTable_search,J48_pruning,J48_numFolds,J48_collapseTree,J48_subtreeRaising,SimpleCart_minNumObj,J48_useMDLcorrection,DecisionTable_evaluationMeasure,JRip_checkErrorRate,BestFirst_direction,SimpleCart_useOneSE,J48_confidenceFactorValue,SimpleCart_numFoldsPruning,GreedyStepwise_conservativeForwardSelection,GreedyStepwise_searchBackwards,JRip_folds,PART_confidenceFactorValue,PART_numFolds,JRip_optimizations,DecisionTable_crossVal,J48_doNotMakeSplitPointActualValue,PART_doNotMakeSplitPointActualValue,PART_useMDLcorrection,PART_binarySplits,JRip_usePruning,PART_pruning,BestFirst_searchTermination,PART_minNumObj"
24,90,0.63826865,0.73789693,0.83559728,0.86328125,0.83730159,0042,0034,0044,0.27112869,"J48,J48_pruning,J48_collapseTree,PART,J48_confidenceFactorValue,JRip,J48_numFolds,J48_useMDLcorrection,J48_useLaplace,JRip_checkErrorRate,J48_binarySplits,JRip_minNo,J48_subtreeRaising,Aggregator,SimpleCart,J48_minNumObj,DecisionTable,SimpleCart_usePrune,DecisionTable_evaluationMeasure,SimpleCart_minNumObj,SimpleCart_heuristic,DecisionTable_useIBk,DecisionTable_search,SimpleCart_useOneSE,SimpleCart_numFoldsPruning,GreedyStepwise_searchBackwards,GreedyStepwise_conservativeForwardSelection,BestFirst_direction,BestFirst_searchTermination,DecisionTable_crossVal,PART_pruning,J48_doNotMakeSplitPointActualValue,PART_minNumObj,JRip_usePruning,PART_numFolds,PART_binarySplits,PART_useMDLcorrection,PART_confidenceFactorValue,PART_doNotMakeSplitPointActualValue,JRip_folds,JRip_optimizations"
25,90,0.61316784,0.73630922,0.83559728,0.86328125,0.83730159,0045,0075,0055,0.17207329,"DecisionTable,PART,DecisionTable_search,SimpleCart,GreedyStepwise_conservativeForwardSelection,BestFirst_direction,SimpleCart_minNumObj,GreedyStepwise_searchBackwards,J48,SimpleCart_usePrune,J48_binarySplits,SimpleCart_numFoldsPruning,Aggregator,SimpleCart_heuristic,DecisionTable_evaluationMeasure,JRip,SimpleCart_useOneSE,J48_numFolds,J48_subtreeRaising,PART_numFolds,J48_confidenceFactorValue,PART_binarySplits,J48_useMDLcorrection,BestFirst_searchTermination,JRip_usePruning,PART_doNotMakeSplitPointActualValue,J48_doNotMakeSplitPointActualValue,DecisionTable_crossVal,PART_minNumObj,PART_pruning,PART_useMDLcorrection,PART_confidenceFactorValue,J48_useLaplace,JRip_minNo,JRip_checkErrorRate,JRip_folds,J48_minNumObj,J48_collapseTree,J48_pruning,DecisionTable_useIBk,JRip_optimizations"
26,90,0.53074597,0.74114163,0.83559728,0.86328125,0.83730159,0037,0034,0055,0.17207329,"Aggregator,SimpleCart,J48,SimpleCart_heuristic,JRip,SimpleCart_minNumObj,DecisionTable,PART,DecisionTable_search,GreedyStepwise_searchBackwards,SimpleCart_usePrune,J48_binarySplits,DecisionTable_evaluationMeasure,SimpleCart_useOneSE,GreedyStepwise_conservativeForwardSelection,BestFirst_direction,SimpleCart_numFoldsPruning,DecisionTable_useIBk,PART_useMDLcorrection,J48_doNotMakeSplitPointActualValue,BestFirst_searchTermination,PART_minNumObj,DecisionTable_crossVal,JRip_usePruning,PART_doNotMakeSplitPointActualValue,PART_pruning,PART_binarySplits,PART_numFolds,JRip_optimizations,J48_collapseTree,J48_useMDLcorrection,JRip_folds,J48_useLaplace,J48_minNumObj,JRip_checkErrorRate,PART_confidenceFactorValue,J48_pruning,JRip_minNo,J48_numFolds,J48_subtreeRaising,J48_confidenceFactorValue"
27,90,0.57772177,0.73610761,0.83559728,0.86328125,0.83730159,0044,0070,0055,0.17207329,"DecisionTable,JRip,Aggregator,DecisionTable_search,J48,DecisionTable_evaluationMeasure,PART,SimpleCart,BestFirst_direction,GreedyStepwise_conservativeForwardSelection,GreedyStepwise_searchBackwards,J48_binarySplits,SimpleCart_usePrune,SimpleCart_minNumObj,SimpleCart_heuristic,SimpleCart_numFoldsPruning,SimpleCart_useOneSE,PART_numFolds,J48_numFolds,J48_confidenceFactorValue,J48_subtreeRaising,PART_useMDLcorrection,J48_collapseTree,JRip_minNo,J48_useMDLcorrection,JRip_checkErrorRate,BestFirst_searchTermination,J48_doNotMakeSplitPointActualValue,PART_minNumObj,DecisionTable_crossVal,JRip_usePruning,PART_doNotMakeSplitPointActualValue,PART_binarySplits,PART_pruning,PART_confidenceFactorValue,JRip_optimizations,J48_minNumObj,JRip_folds,DecisionTable_useIBk,J48_useLaplace,J48_pruning"
28,90,0.61931704,0.72930948,0.83559728,0.86328125,0.83730159,0040,0034,0050,0.20215153,"DecisionTable,SimpleCart,DecisionTable_evaluationMeasure,DecisionTable_crossVal,J48,JRip,J48_binarySplits,SimpleCart_minNumObj,Aggregator,PART,SimpleCart_usePrune,SimpleCart_heuristic,PART_doNotMakeSplitPointActualValue,JRip_usePruning,J48_doNotMakeSplitPointActualValue,SimpleCart_numFoldsPruning,SimpleCart_useOneSE,PART_useMDLcorrection,PART_minNumObj,JRip_optimizations,JRip_folds,J48_minNumObj,J48_useMDLcorrection,JRip_minNo,DecisionTable_search,GreedyStepwise_conservativeForwardSelection,BestFirst_direction,GreedyStepwise_searchBackwards,BestFirst_searchTermination,JRip_checkErrorRate,PART_pruning,J48_useLaplace,J48_collapseTree,DecisionTable_useIBk,J48_pruning,J48_subtreeRaising,J48_numFolds,PART_confidenceFactorValue,PART_numFolds,J48_confidenceFactorValue,PART_binarySplits"
29,90,0.53669355,0.72879914,0.83559728,0.86328125,0.83730159,0043,0282,0050,0.20215153,"PART,SimpleCart,PART_minNumObj,JRip,SimpleCart_usePrune,J48,DecisionTable,DecisionTable_evaluationMeasure,SimpleCart_heuristic,DecisionTable_crossVal,PART_useMDLcorrection,PART_doNotMakeSplitPointActualValue,Aggregator,JRip_usePruning,SimpleCart_numFoldsPruning,SimpleCart_minNumObj,J48_binarySplits,SimpleCart_useOneSE,J48_doNotMakeSplitPointActualValue,J48_minNumObj,DecisionTable_search,GreedyStepwise_searchBackwards,BestFirst_direction,GreedyStepwise_conservativeForwardSelection,JRip_folds,PART_confidenceFactorValue,J48_useMDLcorrection,PART_binarySplits,DecisionTable_useIBk,J48_useLaplace,JRip_checkErrorRate,BestFirst_searchTermination,JRip_optimizations,J48_pruning,PART_pruning,PART_numFolds,J48_collapseTree,J48_confidenceFactorValue,JRip_minNo,J48_numFolds,J48_subtreeRaising"
30,90,0.56280242,0.73198715,0.83559728,0.86328125,0.83730159,0038,0034,0050,0.20215153,"PART,JRip,J48,PART_doNotMakeSplitPointActualValue,SimpleCart,PART_useMDLcorrection,PART_minNumObj,Aggregator,DecisionTable,SimpleCart_usePrune,J48_doNotMakeSplitPointActualValue,J48_binarySplits,JRip_usePruning,SimpleCart_heuristic,DecisionTable_evaluationMeasure,SimpleCart_numFoldsPruning,SimpleCart_useOneSE,SimpleCart_minNumObj,DecisionTable_crossVal,J48_useMDLcorrection,JRip_optimizations,DecisionTable_search,GreedyStepwise_conservativeForwardSelection,BestFirst_direction,GreedyStepwise_searchBackwards,JRip_minNo,PART_binarySplits,DecisionTable_useIBk,JRip_folds,J48_pruning,J48_subtreeRaising,J48_numFolds,J48_confidenceFactorValue,J48_useLaplace,JRip_checkErrorRate,BestFirst_searchTermination,PART_pruning,PART_numFolds,J48_collapseTree,PART_confidenceFactorValue,J48_minNumObj"
31,90,0.58121220,0.73543347,0.83559728,0.86328125,0.83730159,0048,0034,0040,0.27112869,"PART,PART_useMDLcorrection,PART_minNumObj,JRip,DecisionTable,JRip_usePruning,JRip_minNo,Aggregator,PART_pruning,PART_doNotMakeSplitPointActualValue,J48,DecisionTable_useIBk,PART_numFolds,SimpleCart,SimpleCart_heuristic,SimpleCart_minNumObj,J48_pruning,DecisionTable_crossVal,JRip_checkErrorRate,DecisionTable_evaluationMeasure,J48_useLaplace,JRip_optimizations,J48_binarySplits,J48_subtreeRaising,SimpleCart_usePrune,J48_confidenceFactorValue,J48_minNumObj,SimpleCart_useOneSE,J48_collapseTree,J48_doNotMakeSplitPointActualValue,J48_numFolds,SimpleCart_numFoldsPruning,JRip_folds,PART_binarySplits,DecisionTable_search,PART_confidenceFactorValue,BestFirst_direction,GreedyStepwise_conservativeForwardSelection,J48_useMDLcorrection,BestFirst_searchTermination,GreedyStepwise_searchBackwards"
32,90,0.55267137,0.73359375,0.83559728,0.86328125,0.83730159,0042,0034,0040,0.27112869,"Aggregator,J48,PART,DecisionTable,J48_doNotMakeSplitPointActualValue,J48_useLaplace,DecisionTable_crossVal,SimpleCart,J48_pruning,PART_doNotMakeSplitPointActualValue,JRip,DecisionTable_evaluationMeasure,J48_numFolds,SimpleCart_usePrune,JRip_minNo,SimpleCart_useOneSE,SimpleCart_heuristic,PART_useMDLcorrection,J48_collapseTree,J48_subtreeRaising,DecisionTable_useIBk,J48_binarySplits,PART_pruning,J48_minNumObj,J48_confidenceFactorValue,PART_minNumObj,SimpleCart_minNumObj,JRip_checkErrorRate,SimpleCart_numFoldsPruning,JRip_usePruning,PART_numFolds,JRip_optimizations,PART_confidenceFactorValue,DecisionTable_search,PART_binarySplits,GreedyStepwise_searchBackwards,JRip_folds,J48_useMDLcorrection,BestFirst_direction,BestFirst_searchTermination,GreedyStepwise_conservativeForwardSelection"
33,90,0.65822833,0.73429940,0.83559728,0.86328125,0.83730159,0034,0034,0040,0.27112869,"J48,Aggregator,DecisionTable,J48_minNumObj,J48_doNotMakeSplitPointActualValue,J48_collapseTree,DecisionTable_evaluationMeasure,J48_pruning,J48_confidenceFactorValue,DecisionTable_useIBk,J48_useLaplace,SimpleCart,JRip,PART,J48_numFolds,J48_subtreeRaising,J48_binarySplits,PART_minNumObj,SimpleCart_minNumObj,PART_useMDLcorrection,JRip_minNo,DecisionTable_crossVal,SimpleCart_heuristic,JRip_usePruning,JRip_optimizations,SimpleCart_usePrune,JRip_checkErrorRate,PART_pruning,PART_doNotMakeSplitPointActualValue,PART_numFolds,SimpleCart_useOneSE,SimpleCart_numFoldsPruning,GreedyStepwise_searchBackwards,BestFirst_direction,GreedyStepwise_conservativeForwardSelection,BestFirst_searchTermination,PART_binarySplits,JRip_folds,PART_confidenceFactorValue,DecisionTable_search,J48_useMDLcorrection"
34,90,0.63494204,0.73332283,0.83559728,0.86328125,0.83730159,0050,0034,0040,0.27112869,"DecisionTable,SimpleCart,DecisionTable_useIBk,SimpleCart_minNumObj,JRip,SimpleCart_heuristic,SimpleCart_usePrune,JRip_usePruning,SimpleCart_useOneSE,JRip_optimizations,PART,JRip_checkErrorRate,Aggregator,PART_minNumObj,PART_useMDLcorrection,DecisionTable_evaluationMeasure,J48,SimpleCart_numFoldsPruning,DecisionTable_crossVal,JRip_minNo,J48_binarySplits,J48_useLaplace,J48_doNotMakeSplitPointActualValue,J48_collapseTree,PART_doNotMakeSplitPointActualValue,J48_pruning,J48_minNumObj,J48_subtreeRaising,PART_pruning,J48_confidenceFactorValue,J48_numFolds,PART_numFolds,PART_confidenceFactorValue,PART_binarySplits,J48_useMDLcorrection,JRip_folds,DecisionTable_search,GreedyStepwise_conservativeForwardSelection,BestFirst_direction,GreedyStepwise_searchBackwards,BestFirst_searchTermination"
35,90,0.62898185,0.73862147,0.83559728,0.86328125,0.83730159,0046,0034,0040,0.27112869,"Aggregator,SimpleCart,J48,J48_doNotMakeSplitPointActualValue,J48_minNumObj,J48_collapseTree,SimpleCart_usePrune,PART,SimpleCart_heuristic,J48_pruning,SimpleCart_minNumObj,PART_pruning,SimpleCart_numFoldsPruning,JRip,DecisionTable,JRip_usePruning,JRip_minNo,PART_doNotMakeSplitPointActualValue,SimpleCart_useOneSE,PART_minNumObj,J48_useLaplace,PART_useMDLcorrection,J48_binarySplits,JRip_checkErrorRate,J48_subtreeRaising,JRip_optimizations,J48_confidenceFactorValue,PART_numFolds,DecisionTable_useIBk,J48_numFolds,DecisionTable_evaluationMeasure,DecisionTable_crossVal,DecisionTable_search,BestFirst_direction,PART_confidenceFactorValue,J48_useMDLcorrection,PART_binarySplits,GreedyStepwise_conservativeForwardSelection,BestFirst_searchTermination,GreedyStepwise_searchBackwards,JRip_folds"
36,90,0.60312500,0.73276210,0.83559728,0.86328125,0.83730159,0035,0034,0040,0.27112869,"J48,J48_collapseTree,J48_binarySplits,J48_useLaplace,DecisionTable,DecisionTable_crossVal,SimpleCart,DecisionTable_useIBk,J48_pruning,DecisionTable_evaluationMeasure,J48_doNotMakeSplitPointActualValue,Aggregator,J48_confidenceFactorValue,JRip,PART,SimpleCart_usePrune,PART_minNumObj,J48_minNumObj,PART_pruning,SimpleCart_minNumObj,SimpleCart_useOneSE,PART_numFolds,J48_subtreeRaising,JRip_checkErrorRate,PART_useMDLcorrection,PART_doNotMakeSplitPointActualValue,SimpleCart_heuristic,JRip_usePruning,J48_numFolds,JRip_minNo,JRip_optimizations,SimpleCart_numFoldsPruning,BestFirst_direction,BestFirst_searchTermination,GreedyStepwise_searchBackwards,GreedyStepwise_conservativeForwardSelection,DecisionTable_search,PART_confidenceFactorValue,PART_binarySplits,JRip_folds,J48_useMDLcorrection"
37,90,0.56823337,0.73599420,0.83559728,0.86328125,0.83730159,0037,0034,0040,0.27112869,"JRip,JRip_checkErrorRate,JRip_minNo,Aggregator,DecisionTable,DecisionTable_useIBk,J48,J48_minNumObj,J48_useLaplace,SimpleCart,SimpleCart_usePrune,J48_pruning,SimpleCart_minNumObj,SimpleCart_numFoldsPruning,J48_binarySplits,PART,JRip_usePruning,PART_useMDLcorrection,J48_numFolds,PART_doNotMakeSplitPointActualValue,SimpleCart_heuristic,DecisionTable_crossVal,J48_confidenceFactorValue,J48_collapseTree,J48_doNotMakeSplitPointActualValue,J48_subtreeRaising,DecisionTable_evaluationMeasure,SimpleCart_useOneSE,PART_pruning,PART_minNumObj,JRip_optimizations,PART_numFolds,DecisionTable_search,BestFirst_searchTermination,PART_confidenceFactorValue,PART_binarySplits,J48_useMDLcorrection,GreedyStepwise_searchBackwards,GreedyStepwise_conservativeForwardSelection,BestFirst_direction,JRip_folds"
38,90,0.54637097,0.73549017,0.83559728,0.86328125,0.83730159,0044,0034,0040,0.27112869,"DecisionTable,PART,PART_pruning,JRip,PART_useMDLcorrection,JRip_minNo,DecisionTable_crossVal,Aggregator,J48,JRip_checkErrorRate,SimpleCart,DecisionTable_useIBk,J48_binarySplits,PART_minNumObj,SimpleCart_heuristic,J48_collapseTree,J48_pruning,PART_doNotMakeSplitPointActualValue,J48_minNumObj,J48_subtreeRaising,DecisionTable_evaluationMeasure,PART_numFolds,J48_confidenceFactorValue,J48_numFolds,SimpleCart_usePrune,SimpleCart_useOneSE,JRip_usePruning,J48_doNotMakeSplitPointActualValue,JRip_optimizations,J48_useLaplace,SimpleCart_minNumObj,SimpleCart_numFoldsPruning,DecisionTable_search,GreedyStepwise_searchBackwards,BestFirst_direction,PART_confidenceFactorValue,J48_useMDLcorrection,BestFirst_searchTermination,GreedyStepwise_conservativeForwardSelection,JRip_folds,PART_binarySplits"
39,90,0.59057460,0.73055066,0.83559728,0.86328125,0.83730159,0028,0034,0040,0.27112869,"DecisionTable,DecisionTable_useIBk,PART,JRip,PART_minNumObj,SimpleCart,DecisionTable_evaluationMeasure,JRip_checkErrorRate,PART_doNotMakeSplitPointActualValue,J48,SimpleCart_minNumObj,DecisionTable_crossVal,PART_useMDLcorrection,Aggregator,JRip_minNo,J48_doNotMakeSplitPointActualValue,J48_minNumObj,J48_binarySplits,JRip_usePruning,SimpleCart_usePrune,J48_useLaplace,PART_pruning,JRip_optimizations,SimpleCart_useOneSE,SimpleCart_heuristic,SimpleCart_numFoldsPruning,J48_collapseTree,J48_pruning,PART_numFolds,J48_numFolds,J48_subtreeRaising,J48_confidenceFactorValue,BestFirst_searchTermination,GreedyStepwise_searchBackwards,BestFirst_direction,GreedyStepwise_conservativeForwardSelection,PART_binarySplits,J48_useMDLcorrection,JRip_folds,PART_confidenceFactorValue,DecisionTable_search"
40,90,0.61078629,0.73469632,0.83559728,0.86328125,0.83730159,0031,0034,0040,0.27112869,"Aggregator,PART,J48,PART_doNotMakeSplitPointActualValue,J48_binarySplits,J48_pruning,SimpleCart,PART_minNumObj,J48_subtreeRaising,JRip,DecisionTable,PART_pruning,JRip_usePruning,J48_useLaplace,J48_confidenceFactorValue,JRip_minNo,PART_useMDLcorrection,J48_doNotMakeSplitPointActualValue,DecisionTable_crossVal,J48_minNumObj,SimpleCart_minNumObj,J48_collapseTree,J48_numFolds,DecisionTable_useIBk,SimpleCart_heuristic,JRip_checkErrorRate,SimpleCart_usePrune,SimpleCart_useOneSE,DecisionTable_evaluationMeasure,PART_numFolds,JRip_optimizations,SimpleCart_numFoldsPruning,BestFirst_searchTermination,GreedyStepwise_conservativeForwardSelection,GreedyStepwise_searchBackwards,BestFirst_direction,PART_confidenceFactorValue,J48_useMDLcorrection,JRip_folds,PART_binarySplits,DecisionTable_search"
41,90,0.53074597,0.73829385,0.83559728,0.86328125,0.83730159,0028,0034,0040,0.27112869,"SimpleCart,Aggregator,DecisionTable,JRip,SimpleCart_heuristic,SimpleCart_usePrune,SimpleCart_minNumObj,J48,SimpleCart_useOneSE,JRip_minNo,J48_useLaplace,J48_binarySplits,DecisionTable_useIBk,SimpleCart_numFoldsPruning,DecisionTable_evaluationMeasure,J48_minNumObj,JRip_usePruning,J48_pruning,PART,DecisionTable_crossVal,J48_subtreeRaising,J48_doNotMakeSplitPointActualValue,J48_confidenceFactorValue,JRip_checkErrorRate,J48_collapseTree,PART_minNumObj,J48_numFolds,JRip_optimizations,PART_pruning,PART_numFolds,PART_useMDLcorrection,PART_doNotMakeSplitPointActualValue,BestFirst_direction,GreedyStepwise_conservativeForwardSelection,GreedyStepwise_searchBackwards,BestFirst_searchTermination,PART_confidenceFactorValue,PART_binarySplits,J48_useMDLcorrection,DecisionTable_search,JRip_folds"
42,90,0.48437500,0.73109879,0.83559728,0.86328125,0.83730159,0031,0034,0040,0.27112869,"PART,PART_useMDLcorrection,JRip,PART_doNotMakeSplitPointActualValue,DecisionTable,SimpleCart,Aggregator,J48,PART_pruning,J48_collapseTree,J48_useLaplace,PART_numFolds,JRip_checkErrorRate,SimpleCart_heuristic,PART_minNumObj,DecisionTable_useIBk,SimpleCart_minNumObj,J48_doNotMakeSplitPointActualValue,J48_minNumObj,JRip_usePruning,JRip_minNo,J48_pruning,SimpleCart_usePrune,J48_binarySplits,DecisionTable_evaluationMeasure,DecisionTable_crossVal,J48_subtreeRaising,JRip_optimizations,J48_numFolds,J48_confidenceFactorValue,SimpleCart_useOneSE,SimpleCart_numFoldsPruning,GreedyStepwise_searchBackwards,GreedyStepwise_conservativeForwardSelection,BestFirst_searchTermination,BestFirst_direction,JRip_folds,PART_binarySplits,DecisionTable_search,PART_confidenceFactorValue,J48_useMDLcorrection"
43,90,0.58864667,0.72790449,0.83559728,0.86328125,0.83730159,0030,0034,0040,0.27112869,"SimpleCart,JRip,PART,PART_minNumObj,JRip_checkErrorRate,SimpleCart_heuristic,DecisionTable,J48,JRip_minNo,PART_useMDLcorrection,J48_pruning,DecisionTable_evaluationMeasure,PART_pruning,J48_subtreeRaising,PART_doNotMakeSplitPointActualValue,Aggregator,SimpleCart_usePrune,SimpleCart_minNumObj,JRip_usePruning,J48_doNotMakeSplitPointActualValue,SimpleCart_useOneSE,DecisionTable_useIBk,J48_collapseTree,DecisionTable_crossVal,J48_confidenceFactorValue,J48_binarySplits,SimpleCart_numFoldsPruning,J48_useLaplace,PART_numFolds,JRip_optimizations,J48_minNumObj,J48_numFolds,BestFirst_searchTermination,BestFirst_direction,GreedyStepwise_conservativeForwardSelection,GreedyStepwise_searchBackwards,PART_confidenceFactorValue,J48_useMDLcorrection,JRip_folds,PART_binarySplits,DecisionTable_search"
44,90,0.60197833,0.73732359,0.83559728,0.86328125,0.83730159,0032,0034,0040,0.27112869,"PART,DecisionTable,J48,PART_pruning,SimpleCart,Aggregator,PART_minNumObj,PART_doNotMakeSplitPointActualValue,DecisionTable_evaluationMeasure,PART_numFolds,J48_binarySplits,JRip,J48_useLaplace,DecisionTable_crossVal,SimpleCart_minNumObj,PART_useMDLcorrection,J48_pruning,DecisionTable_useIBk,SimpleCart_usePrune,J48_subtreeRaising,J48_collapseTree,J48_doNotMakeSplitPointActualValue,J48_numFolds,J48_minNumObj,SimpleCart_heuristic,JRip_minNo,JRip_usePruning,JRip_checkErrorRate,JRip_optimizations,SimpleCart_numFoldsPruning,SimpleCart_useOneSE,J48_confidenceFactorValue,BestFirst_direction,GreedyStepwise_searchBackwards,GreedyStepwise_conservativeForwardSelection,BestFirst_searchTermination,JRip_folds,DecisionTable_search,PART_confidenceFactorValue,PART_binarySplits,J48_useMDLcorrection"
45,90,0.57061492,0.73228957,0.83559728,0.86328125,0.83730159,0033,0034,0040,0.27112869,"SimpleCart,DecisionTable,DecisionTable_useIBk,SimpleCart_minNumObj,J48,J48_binarySplits,DecisionTable_evaluationMeasure,Aggregator,JRip,J48_useLaplace,DecisionTable_crossVal,SimpleCart_heuristic,SimpleCart_usePrune,SimpleCart_useOneSE,PART,JRip_minNo,J48_collapseTree,SimpleCart_numFoldsPruning,JRip_checkErrorRate,JRip_usePruning,PART_pruning,J48_minNumObj,PART_useMDLcorrection,J48_doNotMakeSplitPointActualValue,J48_pruning,PART_minNumObj,PART_doNotMakeSplitPointActualValue,J48_numFolds,J48_subtreeRaising,PART_numFolds,JRip_optimizations,J48_confidenceFactorValue,PART_confidenceFactorValue,JRip_folds,DecisionTable_search,PART_binarySplits,J48_useMDLcorrection,GreedyStepwise_conservativeForwardSelection,BestFirst_direction,BestFirst_searchTermination,GreedyStepwise_searchBackwards"
46,90,0.60889617,0.73639743,0.83559728,0.86328125,0.83730159,0026,0034,0040,0.27112869,"SimpleCart,Aggregator,J48,J48_useLaplace,SimpleCart_heuristic,DecisionTable,J48_minNumObj,JRip,SimpleCart_usePrune,PART,J48_binarySplits,JRip_minNo,SimpleCart_minNumObj,PART_useMDLcorrection,SimpleCart_useOneSE,DecisionTable_evaluationMeasure,J48_pruning,J48_doNotMakeSplitPointActualValue,JRip_usePruning,PART_minNumObj,J48_subtreeRaising,PART_doNotMakeSplitPointActualValue,J48_confidenceFactorValue,SimpleCart_numFoldsPruning,DecisionTable_useIBk,JRip_checkErrorRate,DecisionTable_crossVal,J48_collapseTree,PART_pruning,J48_numFolds,PART_numFolds,JRip_optimizations,JRip_folds,PART_confidenceFactorValue,J48_useMDLcorrection,PART_binarySplits,DecisionTable_search,GreedyStepwise_searchBackwards,BestFirst_direction,BestFirst_searchTermination,GreedyStepwise_conservativeForwardSelection"
47,90,0.56121472,0.73491683,0.83559728,0.86328125,0.83730159,0028,0034,0040,0.27112869,"SimpleCart,PART,J48,JRip,JRip_minNo,JRip_checkErrorRate,PART_doNotMakeSplitPointActualValue,Aggregator,SimpleCart_heuristic,J48_binarySplits,PART_useMDLcorrection,J48_pruning,DecisionTable,DecisionTable_evaluationMeasure,SimpleCart_minNumObj,J48_confidenceFactorValue,DecisionTable_useIBk,J48_doNotMakeSplitPointActualValue,J48_subtreeRaising,J48_useLaplace,J48_minNumObj,JRip_usePruning,SimpleCart_usePrune,PART_minNumObj,PART_pruning,J48_collapseTree,SimpleCart_useOneSE,J48_numFolds,JRip_optimizations,PART_numFolds,DecisionTable_crossVal,SimpleCart_numFoldsPruning,PART_confidenceFactorValue,J48_useMDLcorrection,JRip_folds,PART_binarySplits,DecisionTable_search,BestFirst_direction,GreedyStepwise_conservativeForwardSelection,GreedyStepwise_searchBackwards,BestFirst_searchTermination"
48,90,0.51980847,0.73242188,0.83559728,0.86328125,0.83730159,0027,0034,0040,0.27112869,"PART,DecisionTable,Aggregator,PART_doNotMakeSplitPointActualValue,PART_minNumObj,JRip,DecisionTable_useIBk,SimpleCart,SimpleCart_heuristic,SimpleCart_usePrune,PART_useMDLcorrection,DecisionTable_evaluationMeasure,JRip_minNo,PART_pruning,SimpleCart_useOneSE,J48,DecisionTable_crossVal,J48_useLaplace,J48_pruning,J48_subtreeRaising,J48_collapseTree,JRip_checkErrorRate,JRip_usePruning,J48_numFolds,SimpleCart_numFoldsPruning,SimpleCart_minNumObj,J48_doNotMakeSplitPointActualValue,J48_minNumObj,PART_numFolds,J48_binarySplits,J48_confidenceFactorValue,JRip_optimizations,GreedyStepwise_searchBackwards,BestFirst_direction,GreedyStepwise_conservativeForwardSelection,BestFirst_searchTermination,J48_useMDLcorrection,PART_binarySplits,JRip_folds,DecisionTable_search,PART_confidenceFactorValue"
49,90,0.52058972,0.72829511,0.83559728,0.86328125,0.83730159,0028,0034,0040,0.27112869,"PART,Aggregator,PART_useMDLcorrection,JRip,JRip_checkErrorRate,J48,PART_pruning,PART_minNumObj,PART_numFolds,SimpleCart,DecisionTable,PART_doNotMakeSplitPointActualValue,J48_binarySplits,DecisionTable_evaluationMeasure,SimpleCart_minNumObj,SimpleCart_usePrune,DecisionTable_crossVal,SimpleCart_heuristic,JRip_usePruning,J48_minNumObj,J48_collapseTree,SimpleCart_useOneSE,J48_pruning,JRip_minNo,J48_subtreeRaising,J48_doNotMakeSplitPointActualValue,DecisionTable_useIBk,SimpleCart_numFoldsPruning,J48_useLaplace,J48_numFolds,J48_confidenceFactorValue,JRip_optimizations,GreedyStepwise_searchBackwards,BestFirst_searchTermination,BestFirst_direction,GreedyStepwise_conservativeForwardSelection,PART_binarySplits,JRip_folds,PART_confidenceFactorValue,DecisionTable_search,J48_useMDLcorrection"
50,90,0.61054688,0.73942792,0.83559728,0.86328125,0.83730159,0032,0034,0040,0.27112869,"J48,SimpleCart,J48_pruning,J48_collapseTree,J48_useLaplace,SimpleCart_minNumObj,PART,J48_binarySplits,J48_doNotMakeSplitPointActualValue,PART_minNumObj,DecisionTable,J48_subtreeRaising,DecisionTable_useIBk,J48_confidenceFactorValue,Aggregator,JRip,J48_minNumObj,SimpleCart_usePrune,J48_numFolds,JRip_usePruning,SimpleCart_heuristic,DecisionTable_crossVal,PART_doNotMakeSplitPointActualValue,DecisionTable_evaluationMeasure,PART_useMDLcorrection,PART_pruning,JRip_optimizations,PART_numFolds,SimpleCart_useOneSE,SimpleCart_numFoldsPruning,JRip_checkErrorRate,JRip_minNo,DecisionTable_search,GreedyStepwise_searchBackwards,GreedyStepwise_conservativeForwardSelection,BestFirst_searchTermination,PART_confidenceFactorValue,BestFirst_direction,JRip_folds,PART_binarySplits,J48_useMDLcorrection"
51,90,0.56595262,0.72929057,0.83559728,0.86328125,0.83730159,0031,0034,0040,0.27112869,"J48,SimpleCart,J48_pruning,J48_minNumObj,J48_collapseTree,J48_doNotMakeSplitPointActualValue,PART,SimpleCart_minNumObj,PART_minNumObj,J48_numFolds,J48_useLaplace,PART_pruning,DecisionTable,DecisionTable_useIBk,Aggregator,SimpleCart_heuristic,PART_numFolds,DecisionTable_crossVal,JRip,SimpleCart_usePrune,PART_doNotMakeSplitPointActualValue,J48_binarySplits,J48_confidenceFactorValue,J48_subtreeRaising,SimpleCart_useOneSE,DecisionTable_evaluationMeasure,SimpleCart_numFoldsPruning,PART_useMDLcorrection,JRip_usePruning,JRip_checkErrorRate,JRip_minNo,JRip_optimizations,BestFirst_searchTermination,GreedyStepwise_conservativeForwardSelection,GreedyStepwise_searchBackwards,BestFirst_direction,PART_confidenceFactorValue,DecisionTable_search,J48_useMDLcorrection,JRip_folds,PART_binarySplits"
52,90,0.64697581,0.73899320,0.83559728,0.86328125,0.83730159,0033,0034,0040,0.27112869,"JRip,SimpleCart,J48,J48_binarySplits,JRip_checkErrorRate,JRip_minNo,J48_minNumObj,PART,PART_minNumObj,JRip_usePruning,J48_doNotMakeSplitPointActualValue,SimpleCart_heuristic,PART_doNotMakeSplitPointActualValue,J48_pruning,SimpleCart_usePrune,Aggregator,DecisionTable,J48_confidenceFactorValue,J48_subtreeRaising,J48_collapseTree,DecisionTable_useIBk,SimpleCart_minNumObj,J48_useLaplace,DecisionTable_evaluationMeasure,SimpleCart_numFoldsPruning,SimpleCart_useOneSE,PART_pruning,JRip_optimizations,PART_useMDLcorrection,J48_numFolds,DecisionTable_crossVal,PART_numFolds,PART_binarySplits,JRip_folds,DecisionTable_search,PART_confidenceFactorValue,GreedyStepwise_conservativeForwardSelection,BestFirst_direction,J48_useMDLcorrection,BestFirst_searchTermination,GreedyStepwise_searchBackwards"
53,90,0.63140121,0.73239037,0.83559728,0.86328125,0.83730159,0031,0034,0040,0.27112869,"Aggregator,JRip,JRip_usePruning,JRip_minNo,JRip_optimizations,J48,SimpleCart,J48_binarySplits,J48_useLaplace,DecisionTable,PART,DecisionTable_crossVal,SimpleCart_usePrune,J48_collapseTree,PART_minNumObj,J48_pruning,J48_minNumObj,DecisionTable_useIBk,JRip_checkErrorRate,SimpleCart_useOneSE,PART_pruning,SimpleCart_numFoldsPruning,PART_numFolds,DecisionTable_evaluationMeasure,J48_doNotMakeSplitPointActualValue,SimpleCart_minNumObj,PART_useMDLcorrection,J48_subtreeRaising,SimpleCart_heuristic,PART_doNotMakeSplitPointActualValue,J48_numFolds,J48_confidenceFactorValue,BestFirst_direction,GreedyStepwise_conservativeForwardSelection,GreedyStepwise_searchBackwards,BestFirst_searchTermination,J48_useMDLcorrection,JRip_folds,DecisionTable_search,PART_confidenceFactorValue,PART_binarySplits"
54,90,0.58916331,0.74179688,0.83559728,0.86328125,0.83730159,0034,0034,0040,0.27112869,"PART,PART_minNumObj,JRip,JRip_checkErrorRate,Aggregator,DecisionTable,JRip_usePruning,SimpleCart,DecisionTable_evaluationMeasure,SimpleCart_minNumObj,PART_pruning,JRip_optimizations,PART_doNotMakeSplitPointActualValue,PART_numFolds,J48,SimpleCart_heuristic,PART_useMDLcorrection,SimpleCart_usePrune,DecisionTable_crossVal,SimpleCart_useOneSE,J48_pruning,DecisionTable_useIBk,J48_numFolds,JRip_minNo,J48_minNumObj,J48_doNotMakeSplitPointActualValue,J48_collapseTree,J48_binarySplits,J48_useLaplace,J48_subtreeRaising,SimpleCart_numFoldsPruning,J48_confidenceFactorValue,JRip_folds,PART_confidenceFactorValue,PART_binarySplits,J48_useMDLcorrection,DecisionTable_search,BestFirst_direction,GreedyStepwise_searchBackwards,BestFirst_searchTermination,GreedyStepwise_conservativeForwardSelection"
55,90,0.64841230,0.73510585,0.83559728,0.86328125,0.83730159,0034,0034,0040,0.27112869,"J48,Aggregator,J48_pruning,J48_minNumObj,J48_binarySplits,J48_confidenceFactorValue,JRip,DecisionTable,PART,PART_useMDLcorrection,DecisionTable_crossVal,PART_minNumObj,PART_pruning,J48_subtreeRaising,SimpleCart,J48_collapseTree,J48_useLaplace,J48_doNotMakeSplitPointActualValue,DecisionTable_useIBk,SimpleCart_minNumObj,JRip_checkErrorRate,J48_numFolds,JRip_usePruning,JRip_minNo,PART_doNotMakeSplitPointActualValue,SimpleCart_usePrune,DecisionTable_evaluationMeasure,PART_numFolds,SimpleCart_numFoldsPruning,JRip_optimizations,SimpleCart_heuristic,SimpleCart_useOneSE,BestFirst_direction,BestFirst_searchTermination,GreedyStepwise_searchBackwards,GreedyStepwise_conservativeForwardSelection,JRip_folds,PART_binarySplits,DecisionTable_search,PART_confidenceFactorValue,J48_useMDLcorrection"
56,90,0.53104839,0.73311492,0.83559728,0.86328125,0.83730159,0032,0034,0040,0.27112869,"JRip,DecisionTable,Aggregator,SimpleCart,SimpleCart_minNumObj,JRip_checkErrorRate,J48,JRip_minNo,DecisionTable_crossVal,J48_doNotMakeSplitPointActualValue,JRip_usePruning,J48_useLaplace,J48_minNumObj,PART,DecisionTable_useIBk,J48_pruning,DecisionTable_evaluationMeasure,SimpleCart_heuristic,PART_doNotMakeSplitPointActualValue,JRip_optimizations,J48_subtreeRaising,J48_numFolds,SimpleCart_usePrune,J48_collapseTree,J48_binarySplits,PART_useMDLcorrection,PART_pruning,J48_confidenceFactorValue,PART_minNumObj,SimpleCart_useOneSE,SimpleCart_numFoldsPruning,PART_numFolds,BestFirst_direction,GreedyStepwise_searchBackwards,GreedyStepwise_conservativeForwardSelection,BestFirst_searchTermination,PART_binarySplits,PART_confidenceFactorValue,JRip_folds,J48_useMDLcorrection,DecisionTable_search"
57,90,0.56115171,0.73557208,0.83559728,0.86328125,0.83730159,0033,0034,0040,0.27112869,"PART,J48,J48_pruning,JRip,J48_binarySplits,DecisionTable,J48_collapseTree,J48_subtreeRaising,DecisionTable_evaluationMeasure,PART_doNotMakeSplitPointActualValue,J48_minNumObj,Aggregator,JRip_minNo,J48_useLaplace,SimpleCart,SimpleCart_usePrune,PART_pruning,PART_numFolds,DecisionTable_crossVal,JRip_checkErrorRate,J48_numFolds,PART_useMDLcorrection,DecisionTable_useIBk,PART_minNumObj,J48_doNotMakeSplitPointActualValue,JRip_usePruning,J48_confidenceFactorValue,SimpleCart_minNumObj,JRip_optimizations,SimpleCart_numFoldsPruning,SimpleCart_useOneSE,SimpleCart_heuristic,GreedyStepwise_searchBackwards,BestFirst_direction,GreedyStepwise_conservativeForwardSelection,BestFirst_searchTermination,PART_confidenceFactorValue,PART_binarySplits,DecisionTable_search,JRip_folds,J48_useMDLcorrection"
58,90,0.61562500,0.73430570,0.83559728,0.86328125,0.83730159,0027,0034,0040,0.27112869,"DecisionTable,Aggregator,SimpleCart,DecisionTable_crossVal,SimpleCart_heuristic,J48,J48_useLaplace,JRip,DecisionTable_evaluationMeasure,JRip_usePruning,PART,DecisionTable_useIBk,PART_pruning,J48_collapseTree,SimpleCart_usePrune,SimpleCart_minNumObj,J48_binarySplits,J48_minNumObj,J48_doNotMakeSplitPointActualValue,PART_numFolds,JRip_checkErrorRate,PART_useMDLcorrection,J48_pruning,JRip_minNo,PART_minNumObj,JRip_optimizations,PART_doNotMakeSplitPointActualValue,J48_subtreeRaising,SimpleCart_numFoldsPruning,SimpleCart_useOneSE,J48_numFolds,J48_confidenceFactorValue,GreedyStepwise_searchBackwards,BestFirst_searchTermination,GreedyStepwise_conservativeForwardSelection,BestFirst_direction,PART_confidenceFactorValue,J48_useMDLcorrection,PART_binarySplits,JRip_folds,DecisionTable_search"
59,90,0.60529234,0.74370590,0.83559728,0.86328125,0.83730159,0032,0034,0040,0.27112869,"PART,PART_minNumObj,PART_useMDLcorrection,Aggregator,DecisionTable,SimpleCart,JRip,JRip_checkErrorRate,JRip_usePruning,DecisionTable_crossVal,PART_doNotMakeSplitPointActualValue,DecisionTable_useIBk,SimpleCart_minNumObj,J48,J48_collapseTree,DecisionTable_evaluationMeasure,JRip_minNo,J48_pruning,PART_pruning,PART_numFolds,SimpleCart_usePrune,SimpleCart_useOneSE,SimpleCart_heuristic,J48_minNumObj,J48_doNotMakeSplitPointActualValue,J48_binarySplits,JRip_optimizations,J48_confidenceFactorValue,J48_subtreeRaising,J48_useLaplace,SimpleCart_numFoldsPruning,J48_numFolds,J48_useMDLcorrection,DecisionTable_search,PART_confidenceFactorValue,PART_binarySplits,BestFirst_searchTermination,GreedyStepwise_searchBackwards,JRip_folds,GreedyStepwise_conservativeForwardSelection,BestFirst_direction"
60,90,0.63342994,0.73245968,0.83559728,0.86328125,0.83730159,0033,0034,0040,0.27112869,"PART,PART_minNumObj,DecisionTable,PART_useMDLcorrection,Aggregator,PART_pruning,PART_doNotMakeSplitPointActualValue,SimpleCart,J48,JRip,PART_numFolds,DecisionTable_useIBk,SimpleCart_heuristic,J48_pruning,DecisionTable_evaluationMeasure,JRip_minNo,J48_numFolds,J48_binarySplits,J48_doNotMakeSplitPointActualValue,J48_minNumObj,JRip_checkErrorRate,SimpleCart_minNumObj,DecisionTable_crossVal,SimpleCart_usePrune,SimpleCart_numFoldsPruning,JRip_usePruning,J48_collapseTree,J48_confidenceFactorValue,J48_useLaplace,J48_subtreeRaising,JRip_optimizations,SimpleCart_useOneSE,GreedyStepwise_searchBackwards,BestFirst_searchTermination,BestFirst_direction,GreedyStepwise_conservativeForwardSelection,J48_useMDLcorrection,PART_binarySplits,PART_confidenceFactorValue,JRip_folds,DecisionTable_search"
61,90,0.57733115,0.73068296,0.83559728,0.86328125,0.83730159,0028,0034,0040,0.27112869,"J48,J48_useLaplace,J48_minNumObj,SimpleCart,J48_binarySplits,J48_pruning,JRip,JRip_minNo,J48_doNotMakeSplitPointActualValue,J48_confidenceFactorValue,SimpleCart_minNumObj,JRip_usePruning,JRip_optimizations,DecisionTable,Aggregator,J48_collapseTree,PART,SimpleCart_usePrune,PART_minNumObj,SimpleCart_heuristic,DecisionTable_crossVal,JRip_checkErrorRate,PART_doNotMakeSplitPointActualValue,J48_numFolds,PART_useMDLcorrection,J48_subtreeRaising,DecisionTable_useIBk,SimpleCart_useOneSE,DecisionTable_evaluationMeasure,PART_pruning,SimpleCart_numFoldsPruning,PART_numFolds,BestFirst_direction,GreedyStepwise_conservativeForwardSelection,BestFirst_searchTermination,GreedyStepwise_searchBackwards,J48_useMDLcorrection,PART_confidenceFactorValue,DecisionTable_search,PART_binarySplits,JRip_folds"
62,90,0.54344758,0.73223916,0.83559728,0.86328125,0.83730159,0035,0034,0040,0.27112869,"JRip,JRip_usePruning,SimpleCart,J48,SimpleCart_usePrune,PART,Aggregator,JRip_minNo,J48_pruning,PART_useMDLcorrection,J48_subtreeRaising,SimpleCart_heuristic,J48_confidenceFactorValue,J48_numFolds,J48_useLaplace,J48_minNumObj,DecisionTable,J48_collapseTree,PART_minNumObj,SimpleCart_useOneSE,J48_binarySplits,SimpleCart_numFoldsPruning,J48_doNotMakeSplitPointActualValue,JRip_optimizations,DecisionTable_useIBk,JRip_checkErrorRate,PART_pruning,SimpleCart_minNumObj,PART_doNotMakeSplitPointActualValue,DecisionTable_crossVal,DecisionTable_evaluationMeasure,PART_numFolds,J48_useMDLcorrection,JRip_folds,DecisionTable_search,PART_confidenceFactorValue,GreedyStepwise_searchBackwards,GreedyStepwise_conservativeForwardSelection,PART_binarySplits,BestFirst_searchTermination,BestFirst_direction"
63,90,0.62171119,0.73574219,0.83559728,0.86328125,0.83730159,0028,0034,0040,0.27112869,"J48,SimpleCart,Aggregator,DecisionTable,SimpleCart_heuristic,SimpleCart_minNumObj,J48_binarySplits,SimpleCart_usePrune,J48_minNumObj,PART,SimpleCart_useOneSE,J48_collapseTree,JRip,SimpleCart_numFoldsPruning,JRip_minNo,DecisionTable_crossVal,PART_pruning,J48_pruning,DecisionTable_useIBk,J48_doNotMakeSplitPointActualValue,JRip_usePruning,J48_useLaplace,PART_minNumObj,DecisionTable_evaluationMeasure,JRip_optimizations,PART_numFolds,J48_subtreeRaising,PART_doNotMakeSplitPointActualValue,PART_useMDLcorrection,JRip_checkErrorRate,J48_numFolds,J48_confidenceFactorValue,DecisionTable_search,GreedyStepwise_conservativeForwardSelection,BestFirst_direction,BestFirst_searchTermination,PART_confidenceFactorValue,JRip_folds,GreedyStepwise_searchBackwards,PART_binarySplits,J48_useMDLcorrection"
64,90,0.58528226,0.74233241,0.83559728,0.86328125,0.83730159,0031,0034,0040,0.27112869,"PART,Aggregator,PART_pruning,PART_numFolds,J48,DecisionTable,SimpleCart,PART_minNumObj,PART_doNotMakeSplitPointActualValue,PART_useMDLcorrection,J48_pruning,SimpleCart_heuristic,J48_numFolds,JRip,J48_doNotMakeSplitPointActualValue,J48_binarySplits,J48_minNumObj,SimpleCart_minNumObj,DecisionTable_evaluationMeasure,DecisionTable_useIBk,SimpleCart_usePrune,J48_collapseTree,JRip_checkErrorRate,J48_confidenceFactorValue,JRip_minNo,J48_subtreeRaising,J48_useLaplace,DecisionTable_crossVal,JRip_usePruning,JRip_optimizations,SimpleCart_useOneSE,SimpleCart_numFoldsPruning,JRip_folds,DecisionTable_search,GreedyStepwise_conservativeForwardSelection,GreedyStepwise_searchBackwards,BestFirst_searchTermination,PART_confidenceFactorValue,J48_useMDLcorrection,BestFirst_direction,PART_binarySplits"
65,90,0.53074597,0.73239667,0.83559728,0.86328125,0.83730159,0026,0034,0040,0.27112869,"SimpleCart,J48,DecisionTable,J48_collapseTree,JRip,J48_useLaplace,PART,J48_minNumObj,PART_pruning,JRip_checkErrorRate,J48_binarySplits,SimpleCart_heuristic,Aggregator,SimpleCart_minNumObj,J48_pruning,JRip_usePruning,SimpleCart_usePrune,PART_numFolds,J48_confidenceFactorValue,PART_minNumObj,DecisionTable_evaluationMeasure,DecisionTable_useIBk,J48_doNotMakeSplitPointActualValue,J48_numFolds,PART_doNotMakeSplitPointActualValue,JRip_optimizations,PART_useMDLcorrection,DecisionTable_crossVal,JRip_minNo,J48_subtreeRaising,SimpleCart_useOneSE,SimpleCart_numFoldsPruning,BestFirst_direction,GreedyStepwise_conservativeForwardSelection,GreedyStepwise_searchBackwards,BestFirst_searchTermination,DecisionTable_search,PART_confidenceFactorValue,PART_binarySplits,J48_useMDLcorrection,JRip_folds"
66,90,0.59162046,0.73118700,0.83559728,0.86328125,0.83730159,0026,0034,0040,0.27112869,"JRip,Aggregator,PART,JRip_minNo,DecisionTable,J48,SimpleCart,SimpleCart_usePrune,PART_minNumObj,J48_pruning,JRip_usePruning,JRip_checkErrorRate,JRip_optimizations,PART_useMDLcorrection,SimpleCart_useOneSE,J48_doNotMakeSplitPointActualValue,J48_collapseTree,PART_pruning,PART_doNotMakeSplitPointActualValue,J48_binarySplits,PART_numFolds,J48_useLaplace,J48_confidenceFactorValue,J48_numFolds,DecisionTable_useIBk,SimpleCart_heuristic,DecisionTable_evaluationMeasure,DecisionTable_crossVal,SimpleCart_numFoldsPruning,SimpleCart_minNumObj,J48_minNumObj,J48_subtreeRaising,JRip_folds,PART_confidenceFactorValue,J48_useMDLcorrection,PART_binarySplits,DecisionTable_search,BestFirst_direction,GreedyStepwise_searchBackwards,BestFirst_searchTermination,GreedyStepwise_conservativeForwardSelection"
67,90,0.55418347,0.73202495,0.83559728,0.86328125,0.83730159,0027,0034,0040,0.27112869,"Aggregator,PART,SimpleCart,PART_useMDLcorrection,PART_doNotMakeSplitPointActualValue,PART_pruning,SimpleCart_heuristic,DecisionTable,DecisionTable_evaluationMeasure,DecisionTable_crossVal,JRip,DecisionTable_useIBk,SimpleCart_usePrune,J48,SimpleCart_useOneSE,J48_pruning,PART_numFolds,J48_minNumObj,SimpleCart_minNumObj,JRip_usePruning,PART_minNumObj,J48_useLaplace,SimpleCart_numFoldsPruning,J48_collapseTree,JRip_minNo,J48_binarySplits,JRip_optimizations,JRip_checkErrorRate,J48_doNotMakeSplitPointActualValue,J48_confidenceFactorValue,J48_subtreeRaising,J48_numFolds,BestFirst_searchTermination,GreedyStepwise_searchBackwards,GreedyStepwise_conservativeForwardSelection,BestFirst_direction,PART_confidenceFactorValue,DecisionTable_search,PART_binarySplits,JRip_folds,J48_useMDLcorrection"
68,90,0.55594758,0.73622732,0.83559728,0.86328125,0.83730159,0027,0034,0040,0.27112869,"J48,JRip,J48_pruning,DecisionTable,JRip_checkErrorRate,Aggregator,SimpleCart,PART,SimpleCart_minNumObj,PART_doNotMakeSplitPointActualValue,J48_numFolds,J48_doNotMakeSplitPointActualValue,DecisionTable_crossVal,JRip_minNo,J48_binarySplits,J48_useLaplace,J48_subtreeRaising,J48_confidenceFactorValue,DecisionTable_evaluationMeasure,J48_collapseTree,DecisionTable_useIBk,J48_minNumObj,PART_minNumObj,PART_pruning,JRip_usePruning,SimpleCart_usePrune,SimpleCart_heuristic,PART_useMDLcorrection,JRip_optimizations,PART_numFolds,SimpleCart_useOneSE,SimpleCart_numFoldsPruning,PART_binarySplits,DecisionTable_search,PART_confidenceFactorValue,GreedyStepwise_searchBackwards,GreedyStepwise_conservativeForwardSelection,BestFirst_direction,BestFirst_searchTermination,JRip_folds,J48_useMDLcorrection"
69,90,0.58583669,0.74022807,0.83559728,0.86328125,0.83730159,0023,0034,0040,0.27112869,"PART,J48,PART_pruning,J48_binarySplits,J48_doNotMakeSplitPointActualValue,J48_minNumObj,DecisionTable,J48_pruning,J48_collapseTree,PART_doNotMakeSplitPointActualValue,SimpleCart,J48_confidenceFactorValue,J48_numFolds,PART_minNumObj,Aggregator,DecisionTable_useIBk,SimpleCart_usePrune,SimpleCart_heuristic,JRip,J48_useLaplace,PART_numFolds,PART_useMDLcorrection,DecisionTable_crossVal,J48_subtreeRaising,SimpleCart_minNumObj,DecisionTable_evaluationMeasure,SimpleCart_numFoldsPruning,JRip_minNo,JRip_usePruning,SimpleCart_useOneSE,JRip_checkErrorRate,JRip_optimizations,J48_useMDLcorrection,DecisionTable_search,GreedyStepwise_searchBackwards,GreedyStepwise_conservativeForwardSelection,PART_confidenceFactorValue,JRip_folds,BestFirst_direction,BestFirst_searchTermination,PART_binarySplits"
70,90,0.58121220,0.72746346,0.83559728,0.86328125,0.83730159,0029,0034,0040,0.27112869,"Aggregator,J48,JRip,J48_pruning,SimpleCart,SimpleCart_usePrune,PART,SimpleCart_minNumObj,PART_doNotMakeSplitPointActualValue,DecisionTable,J48_minNumObj,DecisionTable_crossVal,DecisionTable_useIBk,PART_minNumObj,JRip_usePruning,PART_pruning,J48_numFolds,J48_useLaplace,J48_confidenceFactorValue,J48_doNotMakeSplitPointActualValue,DecisionTable_evaluationMeasure,PART_numFolds,SimpleCart_heuristic,J48_binarySplits,SimpleCart_numFoldsPruning,JRip_minNo,J48_collapseTree,JRip_checkErrorRate,JRip_optimizations,PART_useMDLcorrection,J48_subtreeRaising,SimpleCart_useOneSE,PART_binarySplits,JRip_folds,PART_confidenceFactorValue,J48_useMDLcorrection,DecisionTable_search,BestFirst_direction,GreedyStepwise_conservativeForwardSelection,GreedyStepwise_searchBackwards,BestFirst_searchTermination"
71,90,0.61388609,0.73467742,0.83559728,0.86328125,0.83730159,0026,0034,0040,0.27112869,"Aggregator,J48,PART,J48_pruning,SimpleCart,DecisionTable,J48_useLaplace,JRip,PART_useMDLcorrection,JRip_usePruning,J48_confidenceFactorValue,DecisionTable_crossVal,J48_collapseTree,SimpleCart_usePrune,J48_doNotMakeSplitPointActualValue,SimpleCart_useOneSE,PART_minNumObj,PART_pruning,SimpleCart_heuristic,DecisionTable_evaluationMeasure,JRip_optimizations,JRip_minNo,J48_numFolds,J48_minNumObj,J48_subtreeRaising,PART_numFolds,J48_binarySplits,PART_doNotMakeSplitPointActualValue,DecisionTable_useIBk,JRip_checkErrorRate,SimpleCart_minNumObj,SimpleCart_numFoldsPruning,JRip_folds,PART_binarySplits,DecisionTable_search,PART_confidenceFactorValue,BestFirst_searchTermination,BestFirst_direction,J48_useMDLcorrection,GreedyStepwise_conservativeForwardSelection,GreedyStepwise_searchBackwards"
72,90,0.61742692,0.73306452,0.83559728,0.86328125,0.83730159,0024,0034,0040,0.27112869,"JRip,DecisionTable,DecisionTable_evaluationMeasure,J48,Aggregator,JRip_minNo,JRip_checkErrorRate,J48_pruning,J48_minNumObj,SimpleCart,J48_doNotMakeSplitPointActualValue,DecisionTable_crossVal,J48_binarySplits,J48_collapseTree,DecisionTable_useIBk,PART,PART_useMDLcorrection,SimpleCart_minNumObj,SimpleCart_usePrune,JRip_usePruning,J48_useLaplace,JRip_optimizations,J48_subtreeRaising,SimpleCart_heuristic,PART_pruning,J48_numFolds,J48_confidenceFactorValue,SimpleCart_numFoldsPruning,PART_minNumObj,PART_doNotMakeSplitPointActualValue,SimpleCart_useOneSE,PART_numFolds,JRip_folds,PART_confidenceFactorValue,J48_useMDLcorrection,DecisionTable_search,PART_binarySplits,BestFirst_direction,GreedyStepwise_searchBackwards,BestFirst_searchTermination,GreedyStepwise_conservativeForwardSelection"
73,90,0.60926159,0.73703377,0.83559728,0.86328125,0.83730159,0021,0034,0040,0.27112869,"Aggregator,SimpleCart,PART,J48,SimpleCart_minNumObj,J48_minNumObj,J48_collapseTree,DecisionTable,DecisionTable_evaluationMeasure,PART_pruning,JRip,PART_useMDLcorrection,J48_doNotMakeSplitPointActualValue,JRip_usePruning,JRip_minNo,J48_useLaplace,SimpleCart_heuristic,PART_doNotMakeSplitPointActualValue,SimpleCart_usePrune,SimpleCart_useOneSE,JRip_checkErrorRate,J48_binarySplits,DecisionTable_crossVal,PART_minNumObj,J48_pruning,PART_numFolds,J48_confidenceFactorValue,SimpleCart_numFoldsPruning,JRip_optimizations,DecisionTable_useIBk,J48_subtreeRaising,J48_numFolds,BestFirst_searchTermination,GreedyStepwise_searchBackwards,GreedyStepwise_conservativeForwardSelection,BestFirst_direction,PART_binarySplits,PART_confidenceFactorValue,DecisionTable_search,J48_useMDLcorrection,JRip_folds"
74,90,0.56108871,0.73641633,0.83559728,0.86328125,0.83730159,0020,0034,0040,0.27112869,"J48,Aggregator,PART,J48_pruning,PART_useMDLcorrection,PART_doNotMakeSplitPointActualValue,JRip,J48_doNotMakeSplitPointActualValue,PART_pruning,JRip_checkErrorRate,DecisionTable,J48_collapseTree,JRip_usePruning,J48_binarySplits,J48_useLaplace,SimpleCart,JRip_optimizations,SimpleCart_usePrune,J48_minNumObj,PART_numFolds,J48_confidenceFactorValue,PART_minNumObj,DecisionTable_useIBk,J48_numFolds,J48_subtreeRaising,JRip_minNo,SimpleCart_numFoldsPruning,DecisionTable_evaluationMeasure,DecisionTable_crossVal,SimpleCart_heuristic,SimpleCart_minNumObj,SimpleCart_useOneSE,J48_useMDLcorrection,PART_confidenceFactorValue,PART_binarySplits,DecisionTable_search,JRip_folds,GreedyStepwise_searchBackwards,GreedyStepwise_conservativeForwardSelection,BestFirst_direction,BestFirst_searchTermination"
75,90,0.58288810,0.73489793,0.83559728,0.86328125,0.83730159,0025,0034,0040,0.27112869,"Aggregator,PART,DecisionTable,DecisionTable_useIBk,PART_useMDLcorrection,DecisionTable_crossVal,J48,JRip,PART_doNotMakeSplitPointActualValue,DecisionTable_evaluationMeasure,PART_minNumObj,SimpleCart,JRip_minNo,PART_pruning,PART_numFolds,JRip_checkErrorRate,J48_useLaplace,J48_pruning,J48_collapseTree,J48_doNotMakeSplitPointActualValue,J48_minNumObj,J48_binarySplits,JRip_usePruning,SimpleCart_minNumObj,J48_subtreeRaising,J48_numFolds,SimpleCart_heuristic,J48_confidenceFactorValue,SimpleCart_usePrune,JRip_optimizations,SimpleCart_numFoldsPruning,SimpleCart_useOneSE,GreedyStepwise_searchBackwards,GreedyStepwise_conservativeForwardSelection,BestFirst_direction,BestFirst_searchTermination,J48_useMDLcorrection,DecisionTable_search,PART_confidenceFactorValue,JRip_folds,PART_binarySplits"
76,90,0.59800907,0.73927041,0.83559728,0.86328125,0.83730159,0023,0034,0040,0.27112869,"JRip,SimpleCart,SimpleCart_usePrune,PART,PART_pruning,JRip_minNo,PART_doNotMakeSplitPointActualValue,PART_numFolds,JRip_usePruning,JRip_checkErrorRate,DecisionTable,PART_minNumObj,Aggregator,J48,SimpleCart_heuristic,SimpleCart_useOneSE,PART_useMDLcorrection,JRip_optimizations,J48_pruning,SimpleCart_minNumObj,J48_useLaplace,SimpleCart_numFoldsPruning,J48_doNotMakeSplitPointActualValue,J48_subtreeRaising,J48_minNumObj,DecisionTable_evaluationMeasure,J48_binarySplits,J48_numFolds,DecisionTable_crossVal,DecisionTable_useIBk,J48_collapseTree,J48_confidenceFactorValue,PART_binarySplits,JRip_folds,PART_confidenceFactorValue,J48_useMDLcorrection,DecisionTable_search,GreedyStepwise_searchBackwards,BestFirst_searchTermination,GreedyStepwise_conservativeForwardSelection,BestFirst_direction"
77,90,0.59695060,0.73532006,0.83559728,0.86328125,0.83730159,0021,0034,0040,0.27112869,"PART,SimpleCart,Aggregator,SimpleCart_heuristic,SimpleCart_minNumObj,J48,PART_doNotMakeSplitPointActualValue,J48_doNotMakeSplitPointActualValue,JRip,J48_collapseTree,PART_useMDLcorrection,PART_minNumObj,DecisionTable,J48_pruning,PART_pruning,J48_binarySplits,SimpleCart_usePrune,JRip_minNo,J48_confidenceFactorValue,SimpleCart_numFoldsPruning,SimpleCart_useOneSE,JRip_usePruning,JRip_checkErrorRate,J48_subtreeRaising,J48_useLaplace,J48_minNumObj,PART_numFolds,DecisionTable_crossVal,DecisionTable_evaluationMeasure,DecisionTable_useIBk,JRip_optimizations,J48_numFolds,DecisionTable_search,PART_confidenceFactorValue,J48_useMDLcorrection,PART_binarySplits,JRip_folds,GreedyStepwise_conservativeForwardSelection,GreedyStepwise_searchBackwards,BestFirst_searchTermination,BestFirst_direction"
78,90,0.60947581,0.73634703,0.83559728,0.86328125,0.83730159,0022,0034,0040,0.27112869,"PART,J48,PART_minNumObj,J48_useLaplace,J48_pruning,JRip,J48_subtreeRaising,J48_collapseTree,PART_useMDLcorrection,SimpleCart,JRip_usePruning,PART_pruning,PART_doNotMakeSplitPointActualValue,DecisionTable,Aggregator,JRip_checkErrorRate,J48_binarySplits,J48_minNumObj,SimpleCart_heuristic,J48_doNotMakeSplitPointActualValue,J48_numFolds,DecisionTable_evaluationMeasure,DecisionTable_useIBk,DecisionTable_crossVal,SimpleCart_minNumObj,PART_numFolds,JRip_optimizations,SimpleCart_usePrune,J48_confidenceFactorValue,SimpleCart_useOneSE,JRip_minNo,SimpleCart_numFoldsPruning,J48_useMDLcorrection,PART_confidenceFactorValue,PART_binarySplits,JRip_folds,DecisionTable_search,BestFirst_direction,BestFirst_searchTermination,GreedyStepwise_searchBackwards,GreedyStepwise_conservativeForwardSelection"
79,90,0.59497228,0.73386782,0.83559728,0.86328125,0.83730159,0020,0034,0040,0.27112869,"PART,Aggregator,SimpleCart,J48,JRip,J48_binarySplits,SimpleCart_heuristic,DecisionTable,JRip_checkErrorRate,J48_minNumObj,PART_pruning,J48_doNotMakeSplitPointActualValue,SimpleCart_usePrune,SimpleCart_minNumObj,PART_doNotMakeSplitPointActualValue,PART_minNumObj,J48_collapseTree,JRip_minNo,PART_useMDLcorrection,JRip_usePruning,J48_pruning,DecisionTable_crossVal,J48_useLaplace,J48_confidenceFactorValue,DecisionTable_useIBk,SimpleCart_useOneSE,DecisionTable_evaluationMeasure,SimpleCart_numFoldsPruning,PART_numFolds,JRip_optimizations,J48_subtreeRaising,J48_numFolds,BestFirst_direction,GreedyStepwise_conservativeForwardSelection,GreedyStepwise_searchBackwards,BestFirst_searchTermination,DecisionTable_search,PART_confidenceFactorValue,JRip_folds,PART_binarySplits,J48_useMDLcorrection"
80,90,0.61108871,0.73581149,0.83559728,0.86328125,0.83730159,0017,0034,0040,0.27112869,"DecisionTable,J48,Aggregator,J48_useLaplace,PART,DecisionTable_useIBk,SimpleCart,SimpleCart_usePrune,PART_pruning,JRip,DecisionTable_evaluationMeasure,DecisionTable_crossVal,PART_useMDLcorrection,J48_collapseTree,J48_binarySplits,J48_pruning,J48_doNotMakeSplitPointActualValue,SimpleCart_numFoldsPruning,J48_minNumObj,SimpleCart_heuristic,PART_numFolds,JRip_minNo,PART_doNotMakeSplitPointActualValue,SimpleCart_minNumObj,J48_confidenceFactorValue,SimpleCart_useOneSE,JRip_checkErrorRate,PART_minNumObj,J48_numFolds,JRip_usePruning,J48_subtreeRaising,JRip_optimizations,BestFirst_direction,GreedyStepwise_searchBackwards,GreedyStepwise_conservativeForwardSelection,BestFirst_searchTermination,PART_binarySplits,PART_confidenceFactorValue,JRip_folds,DecisionTable_search,J48_useMDLcorrection"
81,90,0.61799395,0.73493574,0.83559728,0.86328125,0.83730159,0018,0034,0040,0.27112869,"PART,JRip,PART_pruning,J48,DecisionTable,PART_useMDLcorrection,DecisionTable_useIBk,SimpleCart,Aggregator,DecisionTable_evaluationMeasure,J48_doNotMakeSplitPointActualValue,JRip_usePruning,PART_numFolds,J48_binarySplits,J48_minNumObj,J48_pruning,J48_collapseTree,JRip_minNo,J48_useLaplace,PART_minNumObj,PART_doNotMakeSplitPointActualValue,DecisionTable_crossVal,JRip_checkErrorRate,JRip_optimizations,J48_confidenceFactorValue,SimpleCart_usePrune,SimpleCart_minNumObj,SimpleCart_heuristic,J48_numFolds,SimpleCart_useOneSE,J48_subtreeRaising,SimpleCart_numFoldsPruning,BestFirst_searchTermination,GreedyStepwise_searchBackwards,GreedyStepwise_conservativeForwardSelection,BestFirst_direction,JRip_folds,DecisionTable_search,PART_confidenceFactorValue,J48_useMDLcorrection,PART_binarySplits"
82,90,0.66848538,0.73991305,0.83559728,0.86328125,0.83730159,0018,0034,0040,0.27112869,"J48,DecisionTable,J48_minNumObj,J48_useLaplace,J48_pruning,PART,J48_subtreeRaising,J48_numFolds,J48_doNotMakeSplitPointActualValue,SimpleCart,PART_doNotMakeSplitPointActualValue,DecisionTable_evaluationMeasure,JRip,J48_binarySplits,JRip_minNo,J48_confidenceFactorValue,PART_useMDLcorrection,DecisionTable_crossVal,DecisionTable_useIBk,SimpleCart_usePrune,J48_collapseTree,Aggregator,SimpleCart_numFoldsPruning,PART_minNumObj,SimpleCart_heuristic,JRip_usePruning,PART_pruning,JRip_checkErrorRate,JRip_optimizations,SimpleCart_minNumObj,SimpleCart_useOneSE,PART_numFolds,DecisionTable_search,GreedyStepwise_searchBackwards,PART_confidenceFactorValue,BestFirst_searchTermination,BestFirst_direction,GreedyStepwise_conservativeForwardSelection,J48_useMDLcorrection,PART_binarySplits,JRip_folds"
83,90,0.62436996,0.72733745,0.83559728,0.86328125,0.83730159,0020,0034,0040,0.27112869,"SimpleCart,JRip,JRip_checkErrorRate,PART,JRip_minNo,JRip_usePruning,Aggregator,PART_pruning,SimpleCart_heuristic,PART_minNumObj,SimpleCart_usePrune,DecisionTable,J48,PART_doNotMakeSplitPointActualValue,J48_minNumObj,SimpleCart_minNumObj,PART_numFolds,J48_collapseTree,J48_useLaplace,PART_useMDLcorrection,J48_doNotMakeSplitPointActualValue,J48_pruning,SimpleCart_numFoldsPruning,DecisionTable_evaluationMeasure,JRip_optimizations,SimpleCart_useOneSE,J48_numFolds,DecisionTable_crossVal,J48_confidenceFactorValue,J48_binarySplits,J48_subtreeRaising,DecisionTable_useIBk,PART_binarySplits,JRip_folds,PART_confidenceFactorValue,DecisionTable_search,GreedyStepwise_conservativeForwardSelection,GreedyStepwise_searchBackwards,BestFirst_direction,J48_useMDLcorrection,BestFirst_searchTermination"
84,90,0.53104839,0.73351184,0.83559728,0.86328125,0.83730159,0021,0034,0040,0.27112869,"JRip,JRip_checkErrorRate,SimpleCart,JRip_usePruning,Aggregator,DecisionTable,J48,DecisionTable_crossVal,J48_binarySplits,J48_collapseTree,J48_minNumObj,PART,JRip_minNo,J48_useLaplace,DecisionTable_useIBk,J48_pruning,J48_confidenceFactorValue,DecisionTable_evaluationMeasure,SimpleCart_usePrune,JRip_optimizations,SimpleCart_minNumObj,J48_doNotMakeSplitPointActualValue,SimpleCart_useOneSE,SimpleCart_heuristic,PART_doNotMakeSplitPointActualValue,PART_minNumObj,PART_pruning,J48_numFolds,PART_numFolds,PART_useMDLcorrection,J48_subtreeRaising,SimpleCart_numFoldsPruning,J48_useMDLcorrection,PART_confidenceFactorValue,PART_binarySplits,DecisionTable_search,BestFirst_searchTermination,JRip_folds,BestFirst_direction,GreedyStepwise_searchBackwards,GreedyStepwise_conservativeForwardSelection"
85,90,0.56154234,0.73528856,0.83559728,0.86328125,0.83730159,0018,0034,0040,0.27112869,"PART,PART_pruning,PART_doNotMakeSplitPointActualValue,J48,J48_useLaplace,Aggregator,PART_numFolds,J48_collapseTree,PART_minNumObj,DecisionTable,PART_useMDLcorrection,J48_binarySplits,JRip,J48_minNumObj,SimpleCart,JRip_minNo,SimpleCart_minNumObj,J48_doNotMakeSplitPointActualValue,DecisionTable_crossVal,DecisionTable_useIBk,SimpleCart_heuristic,J48_pruning,J48_confidenceFactorValue,SimpleCart_usePrune,JRip_usePruning,SimpleCart_useOneSE,JRip_checkErrorRate,DecisionTable_evaluationMeasure,J48_subtreeRaising,J48_numFolds,JRip_optimizations,SimpleCart_numFoldsPruning,PART_binarySplits,JRip_folds,J48_useMDLcorrection,PART_confidenceFactorValue,DecisionTable_search,GreedyStepwise_searchBackwards,BestFirst_searchTermination,BestFirst_direction,GreedyStepwise_conservativeForwardSelection"
86,90,0.57769657,0.73444430,0.83559728,0.86328125,0.83730159,0022,0034,0040,0.27112869,"J48,J48_doNotMakeSplitPointActualValue,DecisionTable,DecisionTable_useIBk,JRip,J48_pruning,Aggregator,JRip_usePruning,J48_minNumObj,J48_binarySplits,DecisionTable_evaluationMeasure,JRip_checkErrorRate,J48_useLaplace,J48_confidenceFactorValue,SimpleCart,J48_collapseTree,J48_numFolds,SimpleCart_usePrune,PART,JRip_optimizations,SimpleCart_heuristic,J48_subtreeRaising,SimpleCart_useOneSE,DecisionTable_crossVal,JRip_minNo,SimpleCart_minNumObj,SimpleCart_numFoldsPruning,PART_pruning,PART_useMDLcorrection,PART_doNotMakeSplitPointActualValue,PART_minNumObj,PART_numFolds,PART_confidenceFactorValue,PART_binarySplits,DecisionTable_search,BestFirst_searchTermination,GreedyStepwise_conservativeForwardSelection,JRip_folds,GreedyStepwise_searchBackwards,BestFirst_direction,J48_useMDLcorrection"
87,90,0.56500756,0.73937122,0.83559728,0.86328125,0.83730159,0021,0034,0040,0.27112869,"DecisionTable,Aggregator,DecisionTable_crossVal,J48,JRip,JRip_usePruning,DecisionTable_useIBk,SimpleCart,JRip_optimizations,DecisionTable_evaluationMeasure,J48_binarySplits,J48_collapseTree,PART,J48_minNumObj,PART_doNotMakeSplitPointActualValue,SimpleCart_heuristic,JRip_checkErrorRate,PART_pruning,PART_useMDLcorrection,PART_numFolds,SimpleCart_minNumObj,JRip_minNo,J48_pruning,J48_numFolds,J48_doNotMakeSplitPointActualValue,SimpleCart_usePrune,J48_useLaplace,PART_minNumObj,J48_confidenceFactorValue,J48_subtreeRaising,SimpleCart_numFoldsPruning,SimpleCart_useOneSE,DecisionTable_search,PART_confidenceFactorValue,BestFirst_searchTermination,BestFirst_direction,PART_binarySplits,J48_useMDLcorrection,GreedyStepwise_conservativeForwardSelection,GreedyStepwise_searchBackwards,JRip_folds"
88,90,0.62917087,0.73089088,0.83559728,0.86328125,0.83730159,0019,0034,0040,0.27112869,"J48,J48_binarySplits,J48_minNumObj,J48_collapseTree,J48_doNotMakeSplitPointActualValue,Aggregator,DecisionTable,PART,SimpleCart,DecisionTable_evaluationMeasure,PART_useMDLcorrection,J48_pruning,SimpleCart_usePrune,JRip,DecisionTable_useIBk,J48_useLaplace,JRip_usePruning,PART_minNumObj,DecisionTable_crossVal,JRip_optimizations,PART_doNotMakeSplitPointActualValue,JRip_minNo,PART_pruning,J48_numFolds,SimpleCart_minNumObj,PART_numFolds,SimpleCart_numFoldsPruning,SimpleCart_heuristic,J48_subtreeRaising,SimpleCart_useOneSE,J48_confidenceFactorValue,JRip_checkErrorRate,BestFirst_searchTermination,BestFirst_direction,GreedyStepwise_searchBackwards,GreedyStepwise_conservativeForwardSelection,DecisionTable_search,PART_confidenceFactorValue,JRip_folds,J48_useMDLcorrection,PART_binarySplits"
89,90,0.56347026,0.72551033,0.83559728,0.86328125,0.83730159,0018,0034,0040,0.27112869,"PART,Aggregator,SimpleCart,SimpleCart_minNumObj,J48,PART_useMDLcorrection,DecisionTable,JRip,J48_minNumObj,DecisionTable_crossVal,J48_useLaplace,DecisionTable_evaluationMeasure,JRip_usePruning,PART_doNotMakeSplitPointActualValue,J48_doNotMakeSplitPointActualValue,JRip_optimizations,PART_minNumObj,SimpleCart_heuristic,JRip_checkErrorRate,J48_collapseTree,PART_pruning,SimpleCart_usePrune,J48_binarySplits,DecisionTable_useIBk,J48_pruning,JRip_minNo,SimpleCart_numFoldsPruning,SimpleCart_useOneSE,J48_confidenceFactorValue,J48_subtreeRaising,PART_numFolds,J48_numFolds,GreedyStepwise_searchBackwards,BestFirst_searchTermination,GreedyStepwise_conservativeForwardSelection,BestFirst_direction,JRip_folds,DecisionTable_search,PART_confidenceFactorValue,J48_useMDLcorrection,PART_binarySplits"
90,90,0.62618448,0.73658014,0.83559728,0.86328125,0.83730159,0017,0034,0040,0.27112869,"DecisionTable,PART,DecisionTable_evaluationMeasure,PART_useMDLcorrection,J48,SimpleCart,SimpleCart_usePrune,J48_minNumObj,DecisionTable_crossVal,SimpleCart_minNumObj,PART_minNumObj,SimpleCart_numFoldsPruning,JRip,SimpleCart_heuristic,JRip_minNo,PART_doNotMakeSplitPointActualValue,PART_pruning,JRip_checkErrorRate,DecisionTable_useIBk,Aggregator,J48_useLaplace,J48_binarySplits,JRip_usePruning,J48_doNotMakeSplitPointActualValue,J48_pruning,J48_collapseTree,J48_numFolds,J48_confidenceFactorValue,SimpleCart_useOneSE,PART_numFolds,JRip_optimizations,J48_subtreeRaising,J48_useMDLcorrection,PART_binarySplits,JRip_folds,DecisionTable_search,PART_confidenceFactorValue,BestFirst_direction,BestFirst_searchTermination,GreedyStepwise_conservativeForwardSelection,GreedyStepwise_searchBackwards"
91,90,0.63873488,0.73347719,0.83559728,0.86328125,0.83730159,0018,0034,0040,0.27112869,"Aggregator,PART,PART_useMDLcorrection,PART_doNotMakeSplitPointActualValue,JRip,JRip_minNo,JRip_checkErrorRate,J48,PART_minNumObj,SimpleCart,J48_minNumObj,SimpleCart_minNumObj,DecisionTable,JRip_usePruning,SimpleCart_usePrune,J48_doNotMakeSplitPointActualValue,PART_pruning,J48_pruning,J48_useLaplace,J48_collapseTree,J48_binarySplits,J48_numFolds,SimpleCart_heuristic,PART_numFolds,SimpleCart_numFoldsPruning,DecisionTable_evaluationMeasure,DecisionTable_crossVal,JRip_optimizations,DecisionTable_useIBk,SimpleCart_useOneSE,J48_confidenceFactorValue,J48_subtreeRaising,DecisionTable_search,PART_confidenceFactorValue,BestFirst_direction,BestFirst_searchTermination,GreedyStepwise_searchBackwards,J48_useMDLcorrection,PART_binarySplits,GreedyStepwise_conservativeForwardSelection,JRip_folds"
92,90,0.61430192,0.73734879,0.83559728,0.86328125,0.83730159,0018,0034,0040,0.27112869,"JRip,JRip_usePruning,Aggregator,SimpleCart,SimpleCart_usePrune,SimpleCart_numFoldsPruning,SimpleCart_minNumObj,DecisionTable,DecisionTable_crossVal,SimpleCart_useOneSE,J48,J48_binarySplits,J48_collapseTree,JRip_checkErrorRate,JRip_minNo,JRip_optimizations,SimpleCart_heuristic,PART,J48_pruning,J48_minNumObj,PART_useMDLcorrection,DecisionTable_useIBk,PART_doNotMakeSplitPointActualValue,J48_doNotMakeSplitPointActualValue,DecisionTable_evaluationMeasure,J48_numFolds,PART_minNumObj,J48_useLaplace,J48_subtreeRaising,PART_pruning,J48_confidenceFactorValue,PART_numFolds,JRip_folds,J48_useMDLcorrection,PART_confidenceFactorValue,DecisionTable_search,PART_binarySplits,BestFirst_searchTermination,BestFirst_direction,GreedyStepwise_conservativeForwardSelection,GreedyStepwise_searchBackwards"
93,90,0.56171875,0.73401588,0.83559728,0.86328125,0.83730159,0014,0034,0040,0.27112869,"J48,J48_doNotMakeSplitPointActualValue,Aggregator,DecisionTable,DecisionTable_crossVal,J48_collapseTree,J48_binarySplits,J48_useLaplace,J48_minNumObj,SimpleCart,PART,J48_pruning,PART_minNumObj,JRip,SimpleCart_usePrune,DecisionTable_evaluationMeasure,J48_numFolds,SimpleCart_heuristic,DecisionTable_useIBk,PART_doNotMakeSplitPointActualValue,JRip_minNo,SimpleCart_useOneSE,JRip_checkErrorRate,PART_pruning,J48_subtreeRaising,JRip_usePruning,SimpleCart_minNumObj,JRip_optimizations,SimpleCart_numFoldsPruning,J48_confidenceFactorValue,PART_useMDLcorrection,PART_numFolds,GreedyStepwise_conservativeForwardSelection,BestFirst_direction,BestFirst_searchTermination,GreedyStepwise_searchBackwards,JRip_folds,PART_confidenceFactorValue,DecisionTable_search,J48_useMDLcorrection,PART_binarySplits"
94,90,0.56532258,0.73729209,0.83559728,0.86328125,0.83730159,0012,0034,0040,0.27112869,"PART,DecisionTable,PART_doNotMakeSplitPointActualValue,J48,SimpleCart,DecisionTable_crossVal,J48_minNumObj,Aggregator,JRip,JRip_minNo,PART_pruning,PART_minNumObj,J48_pruning,J48_numFolds,J48_doNotMakeSplitPointActualValue,SimpleCart_minNumObj,J48_binarySplits,PART_useMDLcorrection,DecisionTable_evaluationMeasure,JRip_checkErrorRate,DecisionTable_useIBk,SimpleCart_usePrune,J48_useLaplace,J48_collapseTree,JRip_usePruning,SimpleCart_heuristic,J48_confidenceFactorValue,J48_subtreeRaising,PART_numFolds,SimpleCart_numFoldsPruning,SimpleCart_useOneSE,JRip_optimizations,GreedyStepwise_searchBackwards,BestFirst_searchTermination,GreedyStepwise_conservativeForwardSelection,BestFirst_direction,PART_confidenceFactorValue,JRip_folds,J48_useMDLcorrection,PART_binarySplits,DecisionTable_search"
95,90,0.55394405,0.73198085,0.83559728,0.86328125,0.83730159,0012,0034,0040,0.27112869,"PART,SimpleCart,SimpleCart_heuristic,PART_doNotMakeSplitPointActualValue,Aggregator,SimpleCart_minNumObj,J48,PART_minNumObj,PART_useMDLcorrection,J48_minNumObj,DecisionTable,SimpleCart_usePrune,PART_pruning,JRip,J48_collapseTree,JRip_checkErrorRate,PART_numFolds,DecisionTable_useIBk,SimpleCart_numFoldsPruning,DecisionTable_crossVal,SimpleCart_useOneSE,JRip_usePruning,JRip_minNo,J48_binarySplits,J48_doNotMakeSplitPointActualValue,DecisionTable_evaluationMeasure,JRip_optimizations,J48_pruning,J48_useLaplace,J48_subtreeRaising,J48_numFolds,J48_confidenceFactorValue,GreedyStepwise_searchBackwards,BestFirst_searchTermination,BestFirst_direction,GreedyStepwise_conservativeForwardSelection,J48_useMDLcorrection,PART_binarySplits,DecisionTable_search,PART_confidenceFactorValue,JRip_folds"
96,90,0.62183720,0.73029864,0.83559728,0.86328125,0.83730159,0016,0034,0040,0.27112869,"DecisionTable,Aggregator,DecisionTable_useIBk,JRip,J48,JRip_minNo,J48_minNumObj,J48_doNotMakeSplitPointActualValue,J48_collapseTree,SimpleCart,PART,DecisionTable_crossVal,JRip_usePruning,JRip_optimizations,SimpleCart_usePrune,DecisionTable_evaluationMeasure,J48_useLaplace,J48_pruning,PART_pruning,J48_binarySplits,SimpleCart_useOneSE,SimpleCart_minNumObj,JRip_checkErrorRate,SimpleCart_numFoldsPruning,PART_minNumObj,J48_subtreeRaising,J48_numFolds,PART_doNotMakeSplitPointActualValue,PART_useMDLcorrection,SimpleCart_heuristic,J48_confidenceFactorValue,PART_numFolds,J48_useMDLcorrection,JRip_folds,PART_binarySplits,DecisionTable_search,PART_confidenceFactorValue,GreedyStepwise_searchBackwards,BestFirst_direction,BestFirst_searchTermination,GreedyStepwise_conservativeForwardSelection"
97,90,0.61188256,0.73264239,0.83559728,0.86328125,0.83730159,0018,0034,0040,0.27112869,"JRip,Aggregator,PART,DecisionTable,PART_minNumObj,JRip_minNo,PART_pruning,PART_doNotMakeSplitPointActualValue,DecisionTable_crossVal,JRip_checkErrorRate,PART_useMDLcorrection,J48,SimpleCart,DecisionTable_evaluationMeasure,SimpleCart_heuristic,DecisionTable_useIBk,SimpleCart_usePrune,J48_useLaplace,JRip_usePruning,PART_numFolds,SimpleCart_minNumObj,J48_binarySplits,J48_pruning,J48_subtreeRaising,SimpleCart_useOneSE,J48_minNumObj,SimpleCart_numFoldsPruning,J48_confidenceFactorValue,J48_collapseTree,J48_numFolds,JRip_optimizations,J48_doNotMakeSplitPointActualValue,BestFirst_searchTermination,GreedyStepwise_conservativeForwardSelection,GreedyStepwise_searchBackwards,BestFirst_direction,JRip_folds,PART_confidenceFactorValue,DecisionTable_search,J48_useMDLcorrection,PART_binarySplits"
98,90,0.55604839,0.73450101,0.83559728,0.86328125,0.83730159,0016,0034,0040,0.27112869,"J48,DecisionTable,PART,J48_pruning,J48_confidenceFactorValue,PART_doNotMakeSplitPointActualValue,J48_subtreeRaising,PART_useMDLcorrection,DecisionTable_evaluationMeasure,J48_minNumObj,JRip,J48_useLaplace,JRip_minNo,J48_binarySplits,Aggregator,SimpleCart,JRip_usePruning,J48_doNotMakeSplitPointActualValue,PART_minNumObj,PART_pruning,JRip_checkErrorRate,DecisionTable_useIBk,J48_collapseTree,DecisionTable_crossVal,J48_numFolds,SimpleCart_minNumObj,SimpleCart_heuristic,JRip_optimizations,SimpleCart_usePrune,PART_numFolds,SimpleCart_useOneSE,SimpleCart_numFoldsPruning,GreedyStepwise_searchBackwards,BestFirst_searchTermination,GreedyStepwise_conservativeForwardSelection,BestFirst_direction,JRip_folds,DecisionTable_search,PART_confidenceFactorValue,J48_useMDLcorrection,PART_binarySplits"
99,90,0.55519153,0.73709047,0.83559728,0.86328125,0.83730159,0016,0034,0040,0.27112869,"J48,J48_binarySplits,PART,Aggregator,SimpleCart,J48_useLaplace,JRip,PART_useMDLcorrection,JRip_minNo,JRip_checkErrorRate,DecisionTable,J48_collapseTree,DecisionTable_evaluationMeasure,SimpleCart_usePrune,J48_pruning,J48_minNumObj,J48_doNotMakeSplitPointActualValue,PART_minNumObj,SimpleCart_numFoldsPruning,PART_pruning,JRip_usePruning,PART_numFolds,DecisionTable_useIBk,SimpleCart_heuristic,J48_subtreeRaising,SimpleCart_minNumObj,PART_doNotMakeSplitPointActualValue,SimpleCart_useOneSE,DecisionTable_crossVal,J48_numFolds,J48_confidenceFactorValue,JRip_optimizations,BestFirst_direction,BestFirst_searchTermination,GreedyStepwise_searchBackwards,GreedyStepwise_conservativeForwardSelection,PART_binarySplits,J48_useMDLcorrection,DecisionTable_search,PART_confidenceFactorValue,JRip_folds"
