gen,nevals,min,median,max,currentGenBestValFitness,currentGenBestTestFitness,lap time (seconds),discarded individuals (including burn-in),GM connections,GM mean heuristic,sampling order
0,100,0.91870446,0.96353257,0.98871796,0.95545735,1.00000000,0010,0034,0035,0.00000000,"DecisionTable,Aggregator,PART,PART_pruning,DecisionTable_crossVal,J48,PART_doNotMakeSplitPointActualValue,J48_doNotMakeSplitPointActualValue,DecisionTable_useIBk,PART_useMDLcorrection,J48_pruning,J48_numFolds,JRip,J48_subtreeRaising,PART_minNumObj,DecisionTable_evaluationMeasure,J48_useLaplace,DecisionTable_search,J48_minNumObj,J48_confidenceFactorValue,J48_useMDLcorrection,GreedyStepwise_conservativeForwardSelection,J48_collapseTree,JRip_usePruning,SimpleCart,PART_binarySplits,J48_binarySplits,JRip_optimizations,PART_confidenceFactorValue,PART_numFolds,SimpleCart_minNumObj,JRip_minNo,SimpleCart_usePrune,JRip_checkErrorRate,JRip_folds,BestFirst_direction,BestFirst_searchTermination,GreedyStepwise_searchBackwards,SimpleCart_numFoldsPruning,SimpleCart_heuristic,SimpleCart_useOneSE"
1,90,0.90671604,0.96104446,0.98871796,0.95545735,1.00000000,0009,0034,0035,0.00000000,"JRip,Aggregator,PART,JRip_usePruning,SimpleCart,DecisionTable,DecisionTable_evaluationMeasure,JRip_optimizations,PART_minNumObj,SimpleCart_usePrune,SimpleCart_numFoldsPruning,PART_pruning,JRip_minNo,PART_useMDLcorrection,PART_doNotMakeSplitPointActualValue,JRip_checkErrorRate,DecisionTable_useIBk,J48,SimpleCart_useOneSE,J48_useLaplace,J48_pruning,PART_binarySplits,SimpleCart_minNumObj,J48_useMDLcorrection,PART_numFolds,JRip_folds,J48_confidenceFactorValue,DecisionTable_crossVal,J48_numFolds,J48_binarySplits,PART_confidenceFactorValue,SimpleCart_heuristic,DecisionTable_search,J48_minNumObj,J48_collapseTree,BestFirst_direction,J48_subtreeRaising,GreedyStepwise_searchBackwards,J48_doNotMakeSplitPointActualValue,BestFirst_searchTermination,GreedyStepwise_conservativeForwardSelection"
2,90,0.91021480,0.96299600,0.99118920,0.98040591,1.00000000,0010,0034,0035,0.00000000,"Aggregator,JRip,JRip_usePruning,PART,JRip_optimizations,SimpleCart,PART_pruning,SimpleCart_minNumObj,DecisionTable,PART_doNotMakeSplitPointActualValue,JRip_minNo,SimpleCart_heuristic,PART_confidenceFactorValue,DecisionTable_search,PART_minNumObj,GreedyStepwise_conservativeForwardSelection,DecisionTable_crossVal,J48,BestFirst_direction,DecisionTable_useIBk,SimpleCart_usePrune,SimpleCart_useOneSE,BestFirst_searchTermination,J48_binarySplits,J48_useLaplace,JRip_checkErrorRate,PART_binarySplits,J48_minNumObj,J48_collapseTree,PART_numFolds,JRip_folds,GreedyStepwise_searchBackwards,PART_useMDLcorrection,DecisionTable_evaluationMeasure,J48_useMDLcorrection,J48_doNotMakeSplitPointActualValue,J48_pruning,J48_confidenceFactorValue,SimpleCart_numFoldsPruning,J48_subtreeRaising,J48_numFolds"
3,90,0.92353443,0.96425933,0.99165998,0.97044920,1.00000000,0009,0034,0035,0.00000000,"JRip,JRip_checkErrorRate,JRip_usePruning,J48,DecisionTable,J48_doNotMakeSplitPointActualValue,SimpleCart,Aggregator,J48_useLaplace,JRip_minNo,DecisionTable_search,PART,J48_minNumObj,J48_useMDLcorrection,PART_binarySplits,PART_doNotMakeSplitPointActualValue,J48_collapseTree,BestFirst_direction,SimpleCart_usePrune,SimpleCart_heuristic,JRip_optimizations,SimpleCart_minNumObj,SimpleCart_useOneSE,J48_binarySplits,BestFirst_searchTermination,JRip_folds,DecisionTable_useIBk,DecisionTable_evaluationMeasure,J48_pruning,J48_subtreeRaising,DecisionTable_crossVal,GreedyStepwise_conservativeForwardSelection,SimpleCart_numFoldsPruning,GreedyStepwise_searchBackwards,PART_useMDLcorrection,PART_minNumObj,PART_pruning,PART_numFolds,J48_numFolds,J48_confidenceFactorValue,PART_confidenceFactorValue"
4,90,0.91895593,0.97538342,0.99290369,0.92780049,0.99567100,0012,0164,0073,0.55047336,"DecisionTable,PART,PART_useMDLcorrection,DecisionTable_crossVal,PART_minNumObj,SimpleCart_minNumObj,DecisionTable_useIBk,J48_doNotMakeSplitPointActualValue,J48_confidenceFactorValue,JRip_optimizations,J48_useLaplace,J48_useMDLcorrection,J48_pruning,J48_subtreeRaising,PART_numFolds,DecisionTable_search,GreedyStepwise_searchBackwards,BestFirst_direction,JRip_checkErrorRate,SimpleCart_useOneSE,SimpleCart_heuristic,JRip_folds,SimpleCart_usePrune,PART_confidenceFactorValue,JRip,J48,PART_doNotMakeSplitPointActualValue,SimpleCart,J48_binarySplits,GreedyStepwise_conservativeForwardSelection,SimpleCart_numFoldsPruning,JRip_usePruning,J48_numFolds,DecisionTable_evaluationMeasure,Aggregator,J48_collapseTree,JRip_minNo,J48_minNumObj,PART_binarySplits,BestFirst_searchTermination,PART_pruning"
5,90,0.92227874,0.97835321,0.99537493,0.97802496,1.00000000,0009,0034,0073,0.55047336,"DecisionTable,PART,PART_binarySplits,PART_doNotMakeSplitPointActualValue,DecisionTable_evaluationMeasure,DecisionTable_search,GreedyStepwise_searchBackwards,BestFirst_searchTermination,PART_pruning,BestFirst_direction,DecisionTable_crossVal,JRip_folds,SimpleCart_heuristic,J48_doNotMakeSplitPointActualValue,SimpleCart_minNumObj,DecisionTable_useIBk,SimpleCart_usePrune,PART_confidenceFactorValue,J48,PART_useMDLcorrection,JRip,SimpleCart,J48_useLaplace,J48_useMDLcorrection,J48_collapseTree,J48_binarySplits,JRip_usePruning,JRip_optimizations,PART_numFolds,JRip_checkErrorRate,J48_pruning,SimpleCart_useOneSE,J48_confidenceFactorValue,J48_subtreeRaising,SimpleCart_numFoldsPruning,JRip_minNo,J48_minNumObj,J48_numFolds,Aggregator,PART_minNumObj,GreedyStepwise_conservativeForwardSelection"
6,90,0.91753997,0.97396967,0.99751238,0.98830902,1.00000000,0009,0034,0073,0.55047336,"PART,DecisionTable,PART_doNotMakeSplitPointActualValue,PART_useMDLcorrection,DecisionTable_evaluationMeasure,DecisionTable_search,GreedyStepwise_searchBackwards,PART_binarySplits,GreedyStepwise_conservativeForwardSelection,PART_minNumObj,BestFirst_direction,DecisionTable_useIBk,DecisionTable_crossVal,PART_pruning,BestFirst_searchTermination,PART_confidenceFactorValue,JRip,SimpleCart,J48,J48_doNotMakeSplitPointActualValue,SimpleCart_minNumObj,SimpleCart_heuristic,SimpleCart_usePrune,JRip_minNo,J48_minNumObj,SimpleCart_numFoldsPruning,JRip_usePruning,JRip_optimizations,JRip_folds,J48_useLaplace,PART_numFolds,J48_binarySplits,J48_useMDLcorrection,J48_pruning,SimpleCart_useOneSE,JRip_checkErrorRate,J48_numFolds,J48_confidenceFactorValue,J48_collapseTree,Aggregator,J48_subtreeRaising"
7,90,0.92511901,0.97995171,0.99751238,0.98830902,1.00000000,0009,0089,0065,0.49064551,"DecisionTable,DecisionTable_evaluationMeasure,DecisionTable_search,GreedyStepwise_conservativeForwardSelection,GreedyStepwise_searchBackwards,BestFirst_direction,JRip,JRip_usePruning,JRip_optimizations,JRip_checkErrorRate,JRip_minNo,J48,J48_useLaplace,J48_useMDLcorrection,J48_doNotMakeSplitPointActualValue,J48_collapseTree,PART_pruning,J48_subtreeRaising,JRip_folds,PART,Aggregator,PART_binarySplits,PART_doNotMakeSplitPointActualValue,PART_minNumObj,PART_numFolds,J48_pruning,PART_confidenceFactorValue,SimpleCart,J48_minNumObj,SimpleCart_heuristic,DecisionTable_crossVal,BestFirst_searchTermination,SimpleCart_usePrune,J48_numFolds,SimpleCart_numFoldsPruning,SimpleCart_minNumObj,SimpleCart_useOneSE,PART_useMDLcorrection,DecisionTable_useIBk,J48_binarySplits,J48_confidenceFactorValue"
8,90,0.91134004,0.97499408,0.99751238,0.98830902,1.00000000,0008,0034,0065,0.49064551,"DecisionTable,DecisionTable_evaluationMeasure,DecisionTable_useIBk,DecisionTable_search,GreedyStepwise_searchBackwards,GreedyStepwise_conservativeForwardSelection,BestFirst_direction,JRip,JRip_usePruning,JRip_optimizations,JRip_folds,PART,PART_binarySplits,PART_pruning,PART_doNotMakeSplitPointActualValue,PART_useMDLcorrection,PART_minNumObj,PART_numFolds,JRip_minNo,PART_confidenceFactorValue,J48,SimpleCart,J48_useMDLcorrection,J48_useLaplace,J48_pruning,SimpleCart_usePrune,SimpleCart_numFoldsPruning,SimpleCart_heuristic,J48_minNumObj,SimpleCart_minNumObj,SimpleCart_useOneSE,DecisionTable_crossVal,J48_numFolds,BestFirst_searchTermination,J48_binarySplits,J48_confidenceFactorValue,J48_collapseTree,J48_doNotMakeSplitPointActualValue,J48_subtreeRaising,JRip_checkErrorRate,Aggregator"
9,90,0.90705169,0.97400893,0.99751238,0.98830902,1.00000000,0007,0034,0065,0.49064551,"DecisionTable,DecisionTable_evaluationMeasure,DecisionTable_search,GreedyStepwise_conservativeForwardSelection,GreedyStepwise_searchBackwards,BestFirst_searchTermination,DecisionTable_useIBk,DecisionTable_crossVal,BestFirst_direction,JRip,JRip_usePruning,JRip_minNo,J48,J48_useLaplace,J48_useMDLcorrection,J48_minNumObj,J48_pruning,J48_numFolds,J48_confidenceFactorValue,J48_binarySplits,J48_subtreeRaising,JRip_folds,JRip_checkErrorRate,Aggregator,PART,PART_doNotMakeSplitPointActualValue,PART_minNumObj,JRip_optimizations,PART_useMDLcorrection,PART_binarySplits,PART_pruning,PART_numFolds,PART_confidenceFactorValue,SimpleCart,SimpleCart_usePrune,SimpleCart_heuristic,SimpleCart_useOneSE,SimpleCart_numFoldsPruning,SimpleCart_minNumObj,J48_collapseTree,J48_doNotMakeSplitPointActualValue"
10,90,0.86944556,0.97036585,0.99751238,0.98830902,1.00000000,0008,0034,0048,0.48942435,"JRip,DecisionTable,DecisionTable_useIBk,JRip_checkErrorRate,SimpleCart,SimpleCart_heuristic,SimpleCart_minNumObj,DecisionTable_evaluationMeasure,JRip_usePruning,SimpleCart_usePrune,SimpleCart_useOneSE,SimpleCart_numFoldsPruning,JRip_folds,JRip_minNo,DecisionTable_search,GreedyStepwise_conservativeForwardSelection,BestFirst_direction,GreedyStepwise_searchBackwards,DecisionTable_crossVal,JRip_optimizations,BestFirst_searchTermination,PART_minNumObj,PART_pruning,PART_numFolds,PART_confidenceFactorValue,PART_useMDLcorrection,PART_doNotMakeSplitPointActualValue,J48,J48_useLaplace,J48_pruning,J48_confidenceFactorValue,J48_useMDLcorrection,J48_doNotMakeSplitPointActualValue,J48_subtreeRaising,J48_collapseTree,J48_binarySplits,J48_minNumObj,J48_numFolds,PART_binarySplits,Aggregator,PART"
11,90,0.92274436,0.96368031,0.99751238,0.98830902,1.00000000,0008,0034,0048,0.48942435,"SimpleCart,DecisionTable,SimpleCart_heuristic,SimpleCart_minNumObj,SimpleCart_usePrune,SimpleCart_numFoldsPruning,DecisionTable_useIBk,JRip,JRip_checkErrorRate,DecisionTable_evaluationMeasure,SimpleCart_useOneSE,JRip_usePruning,J48_pruning,J48_numFolds,J48_subtreeRaising,J48_confidenceFactorValue,JRip_optimizations,DecisionTable_crossVal,JRip_folds,JRip_minNo,DecisionTable_search,GreedyStepwise_conservativeForwardSelection,BestFirst_direction,GreedyStepwise_searchBackwards,BestFirst_searchTermination,PART_useMDLcorrection,PART_minNumObj,PART_pruning,PART_confidenceFactorValue,PART_numFolds,J48_binarySplits,J48_useLaplace,J48_useMDLcorrection,J48_doNotMakeSplitPointActualValue,J48_collapseTree,PART_binarySplits,J48_minNumObj,Aggregator,PART,PART_doNotMakeSplitPointActualValue,J48"
12,90,0.88488898,0.96872465,0.99751238,0.98830902,1.00000000,0007,0136,0048,0.48942435,"SimpleCart,SimpleCart_usePrune,DecisionTable,SimpleCart_heuristic,SimpleCart_numFoldsPruning,JRip,JRip_checkErrorRate,SimpleCart_minNumObj,SimpleCart_useOneSE,DecisionTable_evaluationMeasure,DecisionTable_useIBk,JRip_usePruning,J48_useLaplace,J48_numFolds,J48_binarySplits,J48_collapseTree,J48_confidenceFactorValue,PART_binarySplits,J48_doNotMakeSplitPointActualValue,J48_subtreeRaising,BestFirst_direction,GreedyStepwise_searchBackwards,J48_useMDLcorrection,J48_pruning,PART_confidenceFactorValue,GreedyStepwise_conservativeForwardSelection,J48_minNumObj,PART_numFolds,JRip_folds,JRip_minNo,DecisionTable_search,PART_minNumObj,DecisionTable_crossVal,JRip_optimizations,PART_useMDLcorrection,PART_pruning,BestFirst_searchTermination,PART,Aggregator,PART_doNotMakeSplitPointActualValue,J48"
13,90,0.90616377,0.96900418,0.99751238,0.98830902,1.00000000,0007,0034,0046,0.43020049,"SimpleCart,SimpleCart_usePrune,DecisionTable,SimpleCart_useOneSE,J48,J48_minNumObj,JRip,SimpleCart_minNumObj,J48_useMDLcorrection,J48_doNotMakeSplitPointActualValue,SimpleCart_heuristic,J48_pruning,DecisionTable_evaluationMeasure,J48_numFolds,J48_collapseTree,JRip_usePruning,SimpleCart_numFoldsPruning,DecisionTable_useIBk,J48_confidenceFactorValue,J48_useLaplace,J48_subtreeRaising,J48_binarySplits,JRip_checkErrorRate,JRip_folds,JRip_minNo,DecisionTable_crossVal,JRip_optimizations,Aggregator,DecisionTable_search,GreedyStepwise_searchBackwards,GreedyStepwise_conservativeForwardSelection,BestFirst_searchTermination,PART,PART_pruning,PART_numFolds,PART_doNotMakeSplitPointActualValue,PART_useMDLcorrection,PART_minNumObj,PART_binarySplits,BestFirst_direction,PART_confidenceFactorValue"
14,90,0.91193719,0.96681375,0.99751238,0.98830902,1.00000000,0007,0039,0046,0.43020049,"SimpleCart,SimpleCart_usePrune,SimpleCart_useOneSE,SimpleCart_numFoldsPruning,SimpleCart_heuristic,JRip,DecisionTable,J48,SimpleCart_minNumObj,DecisionTable_useIBk,J48_binarySplits,J48_pruning,J48_numFolds,JRip_checkErrorRate,JRip_usePruning,J48_useMDLcorrection,J48_confidenceFactorValue,J48_collapseTree,J48_useLaplace,JRip_folds,DecisionTable_evaluationMeasure,J48_doNotMakeSplitPointActualValue,J48_minNumObj,J48_subtreeRaising,JRip_minNo,JRip_optimizations,Aggregator,GreedyStepwise_searchBackwards,PART_numFolds,PART_useMDLcorrection,GreedyStepwise_conservativeForwardSelection,BestFirst_searchTermination,PART_doNotMakeSplitPointActualValue,DecisionTable_crossVal,DecisionTable_search,PART,PART_pruning,PART_minNumObj,PART_binarySplits,BestFirst_direction,PART_confidenceFactorValue"
15,90,0.91193719,0.96873814,0.99751238,0.98830902,1.00000000,0008,0034,0046,0.43020049,"JRip,DecisionTable,SimpleCart,JRip_usePruning,J48,JRip_folds,DecisionTable_useIBk,J48_collapseTree,DecisionTable_evaluationMeasure,J48_minNumObj,J48_doNotMakeSplitPointActualValue,JRip_checkErrorRate,SimpleCart_usePrune,SimpleCart_minNumObj,SimpleCart_numFoldsPruning,J48_binarySplits,J48_useMDLcorrection,SimpleCart_heuristic,J48_pruning,J48_useLaplace,J48_numFolds,J48_subtreeRaising,SimpleCart_useOneSE,J48_confidenceFactorValue,JRip_optimizations,Aggregator,DecisionTable_search,BestFirst_searchTermination,GreedyStepwise_searchBackwards,PART,GreedyStepwise_conservativeForwardSelection,DecisionTable_crossVal,JRip_minNo,PART_doNotMakeSplitPointActualValue,PART_useMDLcorrection,PART_pruning,PART_numFolds,PART_binarySplits,PART_confidenceFactorValue,PART_minNumObj,BestFirst_direction"
16,90,0.89622942,0.96430905,0.99751238,0.98830902,1.00000000,0009,0037,0045,0.39720891,"J48,J48_useMDLcorrection,SimpleCart,J48_minNumObj,Aggregator,J48_pruning,J48_collapseTree,J48_confidenceFactorValue,SimpleCart_heuristic,SimpleCart_minNumObj,J48_subtreeRaising,J48_useLaplace,J48_doNotMakeSplitPointActualValue,JRip,DecisionTable,J48_numFolds,J48_binarySplits,DecisionTable_evaluationMeasure,DecisionTable_useIBk,SimpleCart_usePrune,SimpleCart_numFoldsPruning,JRip_usePruning,SimpleCart_useOneSE,JRip_folds,JRip_checkErrorRate,JRip_minNo,DecisionTable_crossVal,PART,PART_minNumObj,DecisionTable_search,GreedyStepwise_searchBackwards,PART_pruning,PART_doNotMakeSplitPointActualValue,PART_numFolds,PART_useMDLcorrection,PART_confidenceFactorValue,PART_binarySplits,GreedyStepwise_conservativeForwardSelection,BestFirst_direction,BestFirst_searchTermination,JRip_optimizations"
17,90,0.91193719,0.97013891,0.99751238,0.98830902,1.00000000,0008,0056,0045,0.39720891,"JRip,DecisionTable,J48,J48_useLaplace,J48_collapseTree,J48_doNotMakeSplitPointActualValue,SimpleCart,Aggregator,JRip_usePruning,J48_binarySplits,SimpleCart_heuristic,DecisionTable_evaluationMeasure,DecisionTable_useIBk,J48_minNumObj,J48_useMDLcorrection,J48_pruning,SimpleCart_usePrune,SimpleCart_minNumObj,J48_numFolds,SimpleCart_numFoldsPruning,SimpleCart_useOneSE,J48_confidenceFactorValue,J48_subtreeRaising,PART_numFolds,PART_useMDLcorrection,GreedyStepwise_searchBackwards,PART_minNumObj,PART_doNotMakeSplitPointActualValue,GreedyStepwise_conservativeForwardSelection,PART_confidenceFactorValue,PART_pruning,JRip_optimizations,JRip_checkErrorRate,JRip_folds,JRip_minNo,DecisionTable_crossVal,PART,PART_binarySplits,DecisionTable_search,BestFirst_searchTermination,BestFirst_direction"
18,90,0.88662833,0.96989651,0.99751238,0.98830902,1.00000000,0008,0034,0045,0.39720891,"J48,J48_collapseTree,J48_pruning,J48_useLaplace,JRip,DecisionTable,SimpleCart,DecisionTable_useIBk,J48_minNumObj,J48_useMDLcorrection,J48_binarySplits,J48_confidenceFactorValue,JRip_usePruning,J48_doNotMakeSplitPointActualValue,J48_numFolds,Aggregator,J48_subtreeRaising,SimpleCart_usePrune,SimpleCart_numFoldsPruning,DecisionTable_evaluationMeasure,SimpleCart_useOneSE,SimpleCart_minNumObj,SimpleCart_heuristic,PART_doNotMakeSplitPointActualValue,PART_pruning,PART_confidenceFactorValue,PART_numFolds,GreedyStepwise_searchBackwards,PART_minNumObj,GreedyStepwise_conservativeForwardSelection,PART_useMDLcorrection,JRip_folds,JRip_checkErrorRate,JRip_minNo,DecisionTable_crossVal,DecisionTable_search,PART,PART_binarySplits,BestFirst_direction,JRip_optimizations,BestFirst_searchTermination"
19,90,0.91193719,0.97041519,0.99751238,0.98830902,1.00000000,0008,0036,0044,0.63681724,"JRip,SimpleCart,JRip_usePruning,DecisionTable,Aggregator,J48,SimpleCart_heuristic,SimpleCart_usePrune,DecisionTable_evaluationMeasure,J48_pruning,SimpleCart_minNumObj,J48_subtreeRaising,J48_useLaplace,J48_doNotMakeSplitPointActualValue,DecisionTable_useIBk,J48_numFolds,J48_useMDLcorrection,SimpleCart_useOneSE,J48_collapseTree,J48_binarySplits,J48_minNumObj,SimpleCart_numFoldsPruning,J48_confidenceFactorValue,PART_useMDLcorrection,PART_pruning,PART_numFolds,PART_confidenceFactorValue,DecisionTable_search,GreedyStepwise_conservativeForwardSelection,GreedyStepwise_searchBackwards,JRip_folds,JRip_minNo,DecisionTable_crossVal,JRip_optimizations,JRip_checkErrorRate,BestFirst_direction,BestFirst_searchTermination,PART,PART_minNumObj,PART_doNotMakeSplitPointActualValue,PART_binarySplits"
20,90,0.91193719,0.96934180,0.99751238,0.98830902,1.00000000,0007,0034,0044,0.63681724,"SimpleCart,SimpleCart_usePrune,SimpleCart_heuristic,SimpleCart_minNumObj,Aggregator,SimpleCart_useOneSE,JRip,DecisionTable,J48,JRip_usePruning,SimpleCart_numFoldsPruning,J48_binarySplits,DecisionTable_evaluationMeasure,J48_collapseTree,J48_useMDLcorrection,J48_minNumObj,DecisionTable_useIBk,J48_doNotMakeSplitPointActualValue,J48_useLaplace,J48_pruning,J48_numFolds,J48_confidenceFactorValue,J48_subtreeRaising,JRip_folds,DecisionTable_search,GreedyStepwise_conservativeForwardSelection,GreedyStepwise_searchBackwards,BestFirst_searchTermination,BestFirst_direction,DecisionTable_crossVal,JRip_minNo,JRip_optimizations,JRip_checkErrorRate,PART,PART_doNotMakeSplitPointActualValue,PART_binarySplits,PART_useMDLcorrection,PART_minNumObj,PART_pruning,PART_confidenceFactorValue,PART_numFolds"
21,90,0.90096638,0.96751139,0.99751238,0.98830902,1.00000000,0008,0035,0044,0.63681724,"JRip,Aggregator,J48,J48_doNotMakeSplitPointActualValue,SimpleCart,DecisionTable,J48_useLaplace,DecisionTable_evaluationMeasure,J48_binarySplits,SimpleCart_heuristic,JRip_usePruning,SimpleCart_minNumObj,J48_minNumObj,J48_pruning,J48_useMDLcorrection,J48_collapseTree,SimpleCart_usePrune,SimpleCart_numFoldsPruning,J48_subtreeRaising,J48_numFolds,DecisionTable_useIBk,SimpleCart_useOneSE,J48_confidenceFactorValue,JRip_minNo,JRip_optimizations,DecisionTable_crossVal,DecisionTable_search,JRip_folds,GreedyStepwise_conservativeForwardSelection,GreedyStepwise_searchBackwards,BestFirst_searchTermination,BestFirst_direction,JRip_checkErrorRate,PART,PART_useMDLcorrection,PART_minNumObj,PART_doNotMakeSplitPointActualValue,PART_pruning,PART_confidenceFactorValue,PART_binarySplits,PART_numFolds"
22,90,0.91193719,0.97079361,0.99751238,0.98830902,1.00000000,0007,0034,0042,0.66716353,"SimpleCart,JRip,DecisionTable,J48,JRip_usePruning,J48_doNotMakeSplitPointActualValue,J48_pruning,SimpleCart_minNumObj,Aggregator,J48_useMDLcorrection,SimpleCart_usePrune,SimpleCart_useOneSE,SimpleCart_heuristic,SimpleCart_numFoldsPruning,J48_collapseTree,J48_binarySplits,J48_subtreeRaising,J48_numFolds,DecisionTable_useIBk,DecisionTable_evaluationMeasure,J48_minNumObj,J48_confidenceFactorValue,J48_useLaplace,GreedyStepwise_conservativeForwardSelection,GreedyStepwise_searchBackwards,PART_binarySplits,PART_minNumObj,PART_pruning,PART_confidenceFactorValue,PART_numFolds,BestFirst_searchTermination,BestFirst_direction,PART_useMDLcorrection,PART_doNotMakeSplitPointActualValue,JRip_optimizations,JRip_checkErrorRate,DecisionTable_crossVal,JRip_minNo,PART,DecisionTable_search,JRip_folds"
23,90,0.91028124,0.96765981,0.99751238,0.98830902,1.00000000,0008,0035,0042,0.66716353,"SimpleCart,JRip,JRip_usePruning,DecisionTable,J48,Aggregator,J48_pruning,J48_collapseTree,SimpleCart_minNumObj,SimpleCart_heuristic,DecisionTable_useIBk,SimpleCart_usePrune,J48_confidenceFactorValue,J48_binarySplits,SimpleCart_useOneSE,J48_subtreeRaising,J48_useLaplace,J48_doNotMakeSplitPointActualValue,J48_useMDLcorrection,J48_numFolds,DecisionTable_evaluationMeasure,J48_minNumObj,SimpleCart_numFoldsPruning,JRip_optimizations,JRip_checkErrorRate,PART,JRip_folds,PART_minNumObj,PART_doNotMakeSplitPointActualValue,PART_useMDLcorrection,JRip_minNo,DecisionTable_search,DecisionTable_crossVal,BestFirst_direction,PART_binarySplits,BestFirst_searchTermination,PART_pruning,PART_numFolds,GreedyStepwise_conservativeForwardSelection,PART_confidenceFactorValue,GreedyStepwise_searchBackwards"
24,90,0.91193719,0.96735323,0.99751238,0.98830902,1.00000000,0008,0034,0042,0.66716353,"JRip,JRip_usePruning,DecisionTable,J48,J48_useLaplace,J48_minNumObj,J48_binarySplits,DecisionTable_useIBk,DecisionTable_evaluationMeasure,J48_useMDLcorrection,SimpleCart,Aggregator,J48_collapseTree,SimpleCart_minNumObj,SimpleCart_usePrune,J48_pruning,J48_doNotMakeSplitPointActualValue,J48_confidenceFactorValue,SimpleCart_heuristic,J48_subtreeRaising,J48_numFolds,SimpleCart_useOneSE,SimpleCart_numFoldsPruning,DecisionTable_crossVal,JRip_checkErrorRate,JRip_minNo,PART,PART_pruning,DecisionTable_search,JRip_optimizations,PART_useMDLcorrection,GreedyStepwise_conservativeForwardSelection,PART_numFolds,PART_doNotMakeSplitPointActualValue,GreedyStepwise_searchBackwards,PART_binarySplits,PART_minNumObj,PART_confidenceFactorValue,BestFirst_searchTermination,JRip_folds,BestFirst_direction"
25,90,0.90616377,0.96443506,0.99751238,0.98830902,1.00000000,0007,0034,0042,0.66716353,"JRip,J48,DecisionTable,SimpleCart,SimpleCart_heuristic,J48_useMDLcorrection,SimpleCart_minNumObj,J48_minNumObj,J48_binarySplits,JRip_usePruning,DecisionTable_useIBk,J48_collapseTree,SimpleCart_usePrune,DecisionTable_evaluationMeasure,SimpleCart_useOneSE,Aggregator,J48_pruning,J48_useLaplace,J48_doNotMakeSplitPointActualValue,J48_confidenceFactorValue,J48_numFolds,SimpleCart_numFoldsPruning,J48_subtreeRaising,JRip_folds,JRip_minNo,DecisionTable_search,BestFirst_direction,GreedyStepwise_searchBackwards,GreedyStepwise_conservativeForwardSelection,BestFirst_searchTermination,JRip_optimizations,DecisionTable_crossVal,JRip_checkErrorRate,PART,PART_minNumObj,PART_doNotMakeSplitPointActualValue,PART_binarySplits,PART_pruning,PART_useMDLcorrection,PART_confidenceFactorValue,PART_numFolds"
26,90,0.90575973,0.96857244,0.99751238,0.98830902,1.00000000,0006,0069,0042,0.66716353,"J48,J48_minNumObj,DecisionTable,J48_doNotMakeSplitPointActualValue,DecisionTable_useIBk,JRip,J48_useMDLcorrection,J48_pruning,JRip_usePruning,J48_useLaplace,J48_collapseTree,J48_confidenceFactorValue,J48_binarySplits,DecisionTable_evaluationMeasure,Aggregator,SimpleCart,SimpleCart_heuristic,SimpleCart_usePrune,J48_numFolds,J48_subtreeRaising,SimpleCart_numFoldsPruning,SimpleCart_useOneSE,SimpleCart_minNumObj,BestFirst_direction,GreedyStepwise_searchBackwards,PART_doNotMakeSplitPointActualValue,PART_confidenceFactorValue,PART_useMDLcorrection,PART_binarySplits,PART_numFolds,GreedyStepwise_conservativeForwardSelection,PART_pruning,BestFirst_searchTermination,PART_minNumObj,JRip_folds,JRip_minNo,JRip_checkErrorRate,PART,DecisionTable_crossVal,DecisionTable_search,JRip_optimizations"
27,90,0.90439654,0.97047275,0.99751238,0.98830902,1.00000000,0007,0034,0042,0.66716353,"J48,JRip,J48_useMDLcorrection,SimpleCart,J48_binarySplits,JRip_usePruning,J48_minNumObj,DecisionTable,J48_pruning,DecisionTable_evaluationMeasure,J48_subtreeRaising,J48_confidenceFactorValue,DecisionTable_useIBk,Aggregator,J48_useLaplace,SimpleCart_usePrune,J48_collapseTree,SimpleCart_minNumObj,SimpleCart_heuristic,J48_numFolds,J48_doNotMakeSplitPointActualValue,SimpleCart_numFoldsPruning,SimpleCart_useOneSE,BestFirst_searchTermination,PART_doNotMakeSplitPointActualValue,BestFirst_direction,PART_minNumObj,PART_useMDLcorrection,PART_pruning,PART_numFolds,PART_confidenceFactorValue,GreedyStepwise_conservativeForwardSelection,PART_binarySplits,GreedyStepwise_searchBackwards,JRip_folds,JRip_optimizations,JRip_checkErrorRate,JRip_minNo,DecisionTable_search,DecisionTable_crossVal,PART"
28,90,0.89781224,0.96799450,0.99751238,0.98830902,1.00000000,0006,0034,0042,0.66716353,"DecisionTable,Aggregator,DecisionTable_evaluationMeasure,J48,J48_collapseTree,JRip,J48_minNumObj,J48_useLaplace,DecisionTable_useIBk,JRip_usePruning,J48_useMDLcorrection,J48_pruning,J48_confidenceFactorValue,J48_binarySplits,SimpleCart,J48_subtreeRaising,J48_doNotMakeSplitPointActualValue,J48_numFolds,SimpleCart_heuristic,SimpleCart_usePrune,SimpleCart_minNumObj,SimpleCart_useOneSE,SimpleCart_numFoldsPruning,JRip_folds,JRip_checkErrorRate,PART,PART_doNotMakeSplitPointActualValue,PART_pruning,DecisionTable_crossVal,JRip_minNo,PART_numFolds,DecisionTable_search,GreedyStepwise_searchBackwards,PART_confidenceFactorValue,PART_binarySplits,JRip_optimizations,PART_minNumObj,BestFirst_direction,GreedyStepwise_conservativeForwardSelection,PART_useMDLcorrection,BestFirst_searchTermination"
29,90,0.88918626,0.97087034,0.99751238,0.98830902,1.00000000,0006,0052,0042,0.66716353,"JRip,SimpleCart,SimpleCart_usePrune,SimpleCart_heuristic,J48,J48_useMDLcorrection,J48_minNumObj,DecisionTable,Aggregator,SimpleCart_minNumObj,J48_doNotMakeSplitPointActualValue,J48_binarySplits,J48_useLaplace,SimpleCart_numFoldsPruning,J48_pruning,J48_numFolds,SimpleCart_useOneSE,JRip_usePruning,J48_collapseTree,DecisionTable_evaluationMeasure,DecisionTable_useIBk,J48_subtreeRaising,J48_confidenceFactorValue,GreedyStepwise_conservativeForwardSelection,PART_confidenceFactorValue,PART_binarySplits,PART_pruning,PART_numFolds,BestFirst_direction,BestFirst_searchTermination,GreedyStepwise_searchBackwards,PART_doNotMakeSplitPointActualValue,PART_minNumObj,PART_useMDLcorrection,JRip_folds,DecisionTable_search,JRip_optimizations,JRip_minNo,JRip_checkErrorRate,DecisionTable_crossVal,PART"
30,90,0.87355015,0.96937457,0.99751238,0.98830902,1.00000000,0007,0048,0042,0.66716353,"Aggregator,J48,J48_collapseTree,DecisionTable,JRip,J48_useLaplace,J48_doNotMakeSplitPointActualValue,J48_useMDLcorrection,J48_pruning,SimpleCart,DecisionTable_evaluationMeasure,SimpleCart_minNumObj,J48_binarySplits,J48_minNumObj,DecisionTable_useIBk,JRip_usePruning,SimpleCart_heuristic,J48_confidenceFactorValue,J48_numFolds,SimpleCart_usePrune,J48_subtreeRaising,SimpleCart_numFoldsPruning,SimpleCart_useOneSE,PART_confidenceFactorValue,PART_pruning,PART_numFolds,PART_doNotMakeSplitPointActualValue,BestFirst_direction,PART_minNumObj,PART_binarySplits,BestFirst_searchTermination,PART_useMDLcorrection,GreedyStepwise_conservativeForwardSelection,GreedyStepwise_searchBackwards,JRip_optimizations,DecisionTable_search,JRip_minNo,JRip_folds,DecisionTable_crossVal,JRip_checkErrorRate,PART"
31,90,0.91193719,0.96859652,0.99751238,0.98830902,1.00000000,0007,0035,0042,0.66716353,"J48,J48_binarySplits,DecisionTable,J48_minNumObj,JRip,JRip_usePruning,J48_useMDLcorrection,J48_pruning,J48_doNotMakeSplitPointActualValue,DecisionTable_evaluationMeasure,J48_confidenceFactorValue,SimpleCart,J48_useLaplace,Aggregator,J48_collapseTree,J48_subtreeRaising,SimpleCart_usePrune,DecisionTable_useIBk,J48_numFolds,SimpleCart_numFoldsPruning,SimpleCart_heuristic,SimpleCart_minNumObj,SimpleCart_useOneSE,PART_minNumObj,GreedyStepwise_searchBackwards,PART_pruning,PART_confidenceFactorValue,PART_numFolds,PART_binarySplits,PART_useMDLcorrection,BestFirst_searchTermination,BestFirst_direction,PART_doNotMakeSplitPointActualValue,GreedyStepwise_conservativeForwardSelection,JRip_folds,JRip_checkErrorRate,DecisionTable_search,PART,JRip_optimizations,DecisionTable_crossVal,JRip_minNo"
32,90,0.91112028,0.96860646,0.99751238,0.98830902,1.00000000,0007,0073,0042,0.66716353,"JRip,SimpleCart,SimpleCart_heuristic,Aggregator,SimpleCart_minNumObj,JRip_usePruning,J48,DecisionTable,SimpleCart_usePrune,J48_binarySplits,J48_collapseTree,J48_minNumObj,SimpleCart_useOneSE,J48_useMDLcorrection,J48_useLaplace,J48_doNotMakeSplitPointActualValue,DecisionTable_useIBk,SimpleCart_numFoldsPruning,J48_pruning,DecisionTable_evaluationMeasure,J48_numFolds,J48_subtreeRaising,J48_confidenceFactorValue,BestFirst_direction,PART_binarySplits,PART_numFolds,PART_confidenceFactorValue,PART_doNotMakeSplitPointActualValue,BestFirst_searchTermination,PART_pruning,GreedyStepwise_searchBackwards,PART_minNumObj,GreedyStepwise_conservativeForwardSelection,PART_useMDLcorrection,JRip_checkErrorRate,JRip_optimizations,JRip_minNo,DecisionTable_crossVal,JRip_folds,DecisionTable_search,PART"
33,90,0.88177885,0.97056649,0.99751238,0.98830902,1.00000000,0006,0065,0042,0.66716353,"JRip,J48,J48_useMDLcorrection,J48_pruning,DecisionTable,Aggregator,J48_numFolds,J48_useLaplace,SimpleCart,SimpleCart_usePrune,SimpleCart_heuristic,J48_minNumObj,J48_binarySplits,SimpleCart_useOneSE,SimpleCart_minNumObj,JRip_usePruning,J48_doNotMakeSplitPointActualValue,J48_subtreeRaising,SimpleCart_numFoldsPruning,J48_collapseTree,DecisionTable_useIBk,J48_confidenceFactorValue,DecisionTable_evaluationMeasure,PART_useMDLcorrection,PART_confidenceFactorValue,GreedyStepwise_conservativeForwardSelection,PART_binarySplits,BestFirst_direction,GreedyStepwise_searchBackwards,PART_doNotMakeSplitPointActualValue,PART_numFolds,PART_minNumObj,PART_pruning,BestFirst_searchTermination,JRip_minNo,DecisionTable_search,DecisionTable_crossVal,JRip_checkErrorRate,PART,JRip_folds,JRip_optimizations"
34,90,0.83074371,0.97264153,0.99751238,0.98830902,1.00000000,0006,0051,0042,0.66716353,"Aggregator,SimpleCart,DecisionTable,JRip,DecisionTable_evaluationMeasure,SimpleCart_heuristic,J48,SimpleCart_usePrune,J48_useLaplace,DecisionTable_useIBk,J48_doNotMakeSplitPointActualValue,J48_collapseTree,SimpleCart_minNumObj,J48_minNumObj,SimpleCart_numFoldsPruning,J48_binarySplits,J48_pruning,JRip_usePruning,SimpleCart_useOneSE,J48_useMDLcorrection,J48_confidenceFactorValue,J48_subtreeRaising,J48_numFolds,GreedyStepwise_searchBackwards,BestFirst_searchTermination,PART_binarySplits,PART_minNumObj,PART_confidenceFactorValue,PART_pruning,PART_numFolds,PART_doNotMakeSplitPointActualValue,BestFirst_direction,PART_useMDLcorrection,GreedyStepwise_conservativeForwardSelection,JRip_optimizations,DecisionTable_search,DecisionTable_crossVal,JRip_checkErrorRate,JRip_folds,PART,JRip_minNo"
35,90,0.88401045,0.96622104,0.99751238,0.98830902,1.00000000,0007,0048,0042,0.66716353,"JRip,J48,J48_doNotMakeSplitPointActualValue,Aggregator,SimpleCart,J48_pruning,SimpleCart_usePrune,DecisionTable,J48_collapseTree,J48_subtreeRaising,J48_useMDLcorrection,J48_binarySplits,DecisionTable_useIBk,JRip_usePruning,SimpleCart_minNumObj,J48_useLaplace,J48_confidenceFactorValue,SimpleCart_numFoldsPruning,J48_minNumObj,DecisionTable_evaluationMeasure,J48_numFolds,SimpleCart_heuristic,SimpleCart_useOneSE,PART_minNumObj,PART_doNotMakeSplitPointActualValue,PART_confidenceFactorValue,PART_useMDLcorrection,GreedyStepwise_searchBackwards,GreedyStepwise_conservativeForwardSelection,BestFirst_searchTermination,PART_pruning,PART_numFolds,JRip_checkErrorRate,DecisionTable_search,BestFirst_direction,JRip_minNo,PART,DecisionTable_crossVal,JRip_optimizations,JRip_folds,PART_binarySplits"
36,90,0.88527029,0.96723837,0.99751238,0.98830902,1.00000000,0006,0034,0042,0.66716353,"SimpleCart,J48,SimpleCart_minNumObj,Aggregator,DecisionTable,J48_collapseTree,J48_doNotMakeSplitPointActualValue,SimpleCart_usePrune,SimpleCart_heuristic,J48_pruning,J48_subtreeRaising,J48_binarySplits,J48_numFolds,JRip,SimpleCart_numFoldsPruning,DecisionTable_evaluationMeasure,J48_useLaplace,J48_useMDLcorrection,J48_minNumObj,SimpleCart_useOneSE,J48_confidenceFactorValue,DecisionTable_useIBk,JRip_usePruning,JRip_folds,JRip_optimizations,DecisionTable_crossVal,JRip_checkErrorRate,PART,DecisionTable_search,PART_minNumObj,PART_useMDLcorrection,PART_binarySplits,BestFirst_direction,PART_doNotMakeSplitPointActualValue,GreedyStepwise_conservativeForwardSelection,BestFirst_searchTermination,GreedyStepwise_searchBackwards,PART_pruning,JRip_minNo,PART_confidenceFactorValue,PART_numFolds"
37,90,0.91193719,0.97320698,0.99751238,0.98830902,1.00000000,0006,0075,0042,0.66716353,"Aggregator,SimpleCart,DecisionTable,SimpleCart_heuristic,J48,J48_useMDLcorrection,J48_binarySplits,JRip,J48_minNumObj,J48_useLaplace,J48_collapseTree,J48_pruning,J48_subtreeRaising,SimpleCart_minNumObj,J48_confidenceFactorValue,JRip_usePruning,DecisionTable_useIBk,J48_doNotMakeSplitPointActualValue,J48_numFolds,DecisionTable_evaluationMeasure,SimpleCart_usePrune,SimpleCart_numFoldsPruning,SimpleCart_useOneSE,BestFirst_searchTermination,PART_numFolds,PART_confidenceFactorValue,PART_useMDLcorrection,BestFirst_direction,PART_pruning,PART_doNotMakeSplitPointActualValue,GreedyStepwise_conservativeForwardSelection,PART_minNumObj,GreedyStepwise_searchBackwards,PART_binarySplits,JRip_optimizations,JRip_minNo,DecisionTable_search,JRip_checkErrorRate,DecisionTable_crossVal,JRip_folds,PART"
38,90,0.91193719,0.96990787,0.99751238,0.98830902,1.00000000,0006,0034,0042,0.66716353,"DecisionTable,J48,J48_doNotMakeSplitPointActualValue,JRip,DecisionTable_useIBk,DecisionTable_evaluationMeasure,SimpleCart,JRip_usePruning,Aggregator,SimpleCart_heuristic,J48_collapseTree,J48_binarySplits,J48_useMDLcorrection,J48_pruning,J48_useLaplace,J48_minNumObj,SimpleCart_minNumObj,SimpleCart_usePrune,J48_subtreeRaising,J48_numFolds,J48_confidenceFactorValue,SimpleCart_numFoldsPruning,SimpleCart_useOneSE,GreedyStepwise_searchBackwards,PART_binarySplits,PART_useMDLcorrection,PART_pruning,PART_confidenceFactorValue,PART_numFolds,PART_minNumObj,BestFirst_direction,PART_doNotMakeSplitPointActualValue,GreedyStepwise_conservativeForwardSelection,BestFirst_searchTermination,JRip_folds,JRip_optimizations,JRip_checkErrorRate,JRip_minNo,PART,DecisionTable_crossVal,DecisionTable_search"
39,90,0.90575973,0.96979584,0.99751238,0.98830902,1.00000000,0006,0034,0042,0.66716353,"JRip,SimpleCart,SimpleCart_minNumObj,DecisionTable,J48,J48_minNumObj,Aggregator,J48_pruning,J48_confidenceFactorValue,J48_numFolds,JRip_usePruning,J48_useLaplace,J48_subtreeRaising,SimpleCart_heuristic,J48_useMDLcorrection,J48_collapseTree,J48_binarySplits,SimpleCart_usePrune,J48_doNotMakeSplitPointActualValue,SimpleCart_numFoldsPruning,DecisionTable_useIBk,DecisionTable_evaluationMeasure,SimpleCart_useOneSE,PART_pruning,PART_confidenceFactorValue,PART_numFolds,BestFirst_direction,PART_useMDLcorrection,BestFirst_searchTermination,PART_binarySplits,GreedyStepwise_conservativeForwardSelection,GreedyStepwise_searchBackwards,PART_minNumObj,PART_doNotMakeSplitPointActualValue,DecisionTable_crossVal,JRip_checkErrorRate,JRip_folds,JRip_optimizations,DecisionTable_search,JRip_minNo,PART"
40,90,0.90084247,0.97008297,0.99751238,0.98830902,1.00000000,0007,0067,0042,0.66716353,"Aggregator,SimpleCart,DecisionTable,SimpleCart_usePrune,SimpleCart_minNumObj,JRip,SimpleCart_numFoldsPruning,SimpleCart_useOneSE,J48,JRip_usePruning,SimpleCart_heuristic,J48_pruning,J48_minNumObj,J48_subtreeRaising,J48_useLaplace,DecisionTable_useIBk,DecisionTable_evaluationMeasure,J48_useMDLcorrection,J48_collapseTree,J48_numFolds,J48_confidenceFactorValue,J48_binarySplits,J48_doNotMakeSplitPointActualValue,PART_useMDLcorrection,PART_binarySplits,BestFirst_searchTermination,PART_numFolds,GreedyStepwise_conservativeForwardSelection,GreedyStepwise_searchBackwards,BestFirst_direction,PART_confidenceFactorValue,PART_doNotMakeSplitPointActualValue,PART_pruning,PART_minNumObj,DecisionTable_search,JRip_checkErrorRate,DecisionTable_crossVal,JRip_optimizations,JRip_folds,JRip_minNo,PART"
41,90,0.83546915,0.96497815,0.99751238,0.98830902,1.00000000,0006,0034,0042,0.66716353,"SimpleCart,Aggregator,SimpleCart_heuristic,J48,J48_useLaplace,SimpleCart_minNumObj,DecisionTable,J48_doNotMakeSplitPointActualValue,JRip,J48_collapseTree,SimpleCart_usePrune,JRip_usePruning,J48_useMDLcorrection,J48_binarySplits,J48_minNumObj,J48_pruning,DecisionTable_useIBk,J48_numFolds,J48_confidenceFactorValue,J48_subtreeRaising,SimpleCart_numFoldsPruning,DecisionTable_evaluationMeasure,SimpleCart_useOneSE,DecisionTable_crossVal,JRip_checkErrorRate,JRip_minNo,DecisionTable_search,JRip_folds,GreedyStepwise_conservativeForwardSelection,BestFirst_searchTermination,BestFirst_direction,JRip_optimizations,PART,PART_useMDLcorrection,PART_doNotMakeSplitPointActualValue,PART_pruning,GreedyStepwise_searchBackwards,PART_confidenceFactorValue,PART_binarySplits,PART_minNumObj,PART_numFolds"
42,90,0.90405209,0.97288718,0.99751238,0.98830902,1.00000000,0006,0035,0042,0.66716353,"JRip,Aggregator,DecisionTable,JRip_usePruning,DecisionTable_evaluationMeasure,DecisionTable_useIBk,SimpleCart,J48,J48_minNumObj,J48_doNotMakeSplitPointActualValue,J48_binarySplits,SimpleCart_usePrune,J48_collapseTree,SimpleCart_heuristic,SimpleCart_useOneSE,J48_useLaplace,SimpleCart_minNumObj,J48_pruning,SimpleCart_numFoldsPruning,J48_useMDLcorrection,J48_numFolds,J48_subtreeRaising,J48_confidenceFactorValue,PART_pruning,PART_numFolds,PART_confidenceFactorValue,BestFirst_direction,PART_doNotMakeSplitPointActualValue,PART_useMDLcorrection,GreedyStepwise_searchBackwards,PART_minNumObj,BestFirst_searchTermination,PART_binarySplits,GreedyStepwise_conservativeForwardSelection,JRip_folds,DecisionTable_search,JRip_minNo,JRip_optimizations,JRip_checkErrorRate,DecisionTable_crossVal,PART"
43,90,0.91193719,0.96591904,0.99751238,0.98830902,1.00000000,0007,0034,0042,0.66716353,"JRip,Aggregator,SimpleCart,J48,DecisionTable,J48_binarySplits,J48_minNumObj,DecisionTable_useIBk,SimpleCart_usePrune,SimpleCart_minNumObj,J48_doNotMakeSplitPointActualValue,JRip_usePruning,SimpleCart_heuristic,DecisionTable_evaluationMeasure,J48_useLaplace,J48_pruning,SimpleCart_useOneSE,J48_useMDLcorrection,J48_collapseTree,SimpleCart_numFoldsPruning,J48_confidenceFactorValue,J48_numFolds,J48_subtreeRaising,JRip_checkErrorRate,DecisionTable_search,JRip_minNo,GreedyStepwise_searchBackwards,PART,DecisionTable_crossVal,JRip_optimizations,BestFirst_direction,JRip_folds,BestFirst_searchTermination,GreedyStepwise_conservativeForwardSelection,PART_useMDLcorrection,PART_binarySplits,PART_pruning,PART_doNotMakeSplitPointActualValue,PART_minNumObj,PART_numFolds,PART_confidenceFactorValue"
44,90,0.90481812,0.97030715,0.99751238,0.98830902,1.00000000,0006,0071,0042,0.66716353,"DecisionTable,DecisionTable_useIBk,DecisionTable_evaluationMeasure,J48,J48_minNumObj,J48_pruning,SimpleCart,J48_useLaplace,J48_collapseTree,JRip,Aggregator,J48_useMDLcorrection,J48_doNotMakeSplitPointActualValue,J48_subtreeRaising,JRip_usePruning,J48_numFolds,J48_confidenceFactorValue,J48_binarySplits,SimpleCart_minNumObj,SimpleCart_heuristic,SimpleCart_usePrune,SimpleCart_useOneSE,SimpleCart_numFoldsPruning,PART_binarySplits,GreedyStepwise_searchBackwards,PART_doNotMakeSplitPointActualValue,PART_numFolds,PART_confidenceFactorValue,BestFirst_direction,BestFirst_searchTermination,GreedyStepwise_conservativeForwardSelection,PART_pruning,PART_useMDLcorrection,PART_minNumObj,JRip_checkErrorRate,DecisionTable_search,DecisionTable_crossVal,JRip_folds,PART,JRip_optimizations,JRip_minNo"
45,90,0.91028124,0.96785035,0.99751238,0.98830902,1.00000000,0006,0034,0042,0.66716353,"SimpleCart,DecisionTable,JRip,DecisionTable_useIBk,DecisionTable_evaluationMeasure,SimpleCart_heuristic,J48,SimpleCart_usePrune,Aggregator,J48_pruning,J48_useLaplace,J48_binarySplits,SimpleCart_minNumObj,J48_confidenceFactorValue,JRip_usePruning,J48_useMDLcorrection,J48_doNotMakeSplitPointActualValue,J48_collapseTree,J48_minNumObj,SimpleCart_numFoldsPruning,J48_numFolds,J48_subtreeRaising,SimpleCart_useOneSE,PART_doNotMakeSplitPointActualValue,PART_pruning,PART_numFolds,PART_confidenceFactorValue,BestFirst_searchTermination,GreedyStepwise_conservativeForwardSelection,PART_useMDLcorrection,PART_binarySplits,GreedyStepwise_searchBackwards,PART_minNumObj,BestFirst_direction,JRip_optimizations,JRip_folds,DecisionTable_search,JRip_minNo,JRip_checkErrorRate,DecisionTable_crossVal,PART"
46,90,0.90441735,0.97051317,0.99751238,0.98830902,1.00000000,0006,0034,0042,0.66716353,"Aggregator,SimpleCart,SimpleCart_minNumObj,SimpleCart_heuristic,DecisionTable,J48,J48_doNotMakeSplitPointActualValue,J48_pruning,J48_binarySplits,SimpleCart_usePrune,J48_collapseTree,DecisionTable_evaluationMeasure,J48_confidenceFactorValue,JRip,SimpleCart_useOneSE,JRip_usePruning,DecisionTable_useIBk,J48_useMDLcorrection,J48_useLaplace,J48_minNumObj,J48_subtreeRaising,SimpleCart_numFoldsPruning,J48_numFolds,PART_binarySplits,PART_useMDLcorrection,PART_pruning,PART_confidenceFactorValue,PART_numFolds,BestFirst_searchTermination,PART_doNotMakeSplitPointActualValue,PART_minNumObj,GreedyStepwise_searchBackwards,BestFirst_direction,GreedyStepwise_conservativeForwardSelection,DecisionTable_crossVal,JRip_checkErrorRate,JRip_minNo,JRip_folds,DecisionTable_search,JRip_optimizations,PART"
47,90,0.89805966,0.96761493,0.99751238,0.98830902,1.00000000,0007,0035,0042,0.66716353,"J48,J48_useLaplace,Aggregator,J48_pruning,SimpleCart,J48_minNumObj,SimpleCart_usePrune,J48_doNotMakeSplitPointActualValue,J48_numFolds,J48_binarySplits,J48_subtreeRaising,J48_useMDLcorrection,JRip,SimpleCart_useOneSE,DecisionTable,J48_confidenceFactorValue,DecisionTable_useIBk,JRip_usePruning,SimpleCart_numFoldsPruning,SimpleCart_minNumObj,J48_collapseTree,SimpleCart_heuristic,DecisionTable_evaluationMeasure,JRip_checkErrorRate,JRip_minNo,DecisionTable_search,BestFirst_searchTermination,GreedyStepwise_searchBackwards,DecisionTable_crossVal,JRip_optimizations,PART,JRip_folds,GreedyStepwise_conservativeForwardSelection,PART_binarySplits,BestFirst_direction,PART_minNumObj,PART_pruning,PART_useMDLcorrection,PART_doNotMakeSplitPointActualValue,PART_numFolds,PART_confidenceFactorValue"
48,90,0.90616377,0.96568565,0.99751238,0.98830902,1.00000000,0006,0035,0042,0.66716353,"J48,J48_doNotMakeSplitPointActualValue,DecisionTable,SimpleCart,J48_useLaplace,J48_binarySplits,SimpleCart_minNumObj,SimpleCart_usePrune,J48_pruning,Aggregator,DecisionTable_evaluationMeasure,J48_minNumObj,SimpleCart_heuristic,SimpleCart_numFoldsPruning,J48_useMDLcorrection,JRip,J48_collapseTree,DecisionTable_useIBk,J48_confidenceFactorValue,SimpleCart_useOneSE,J48_subtreeRaising,J48_numFolds,JRip_usePruning,DecisionTable_crossVal,JRip_checkErrorRate,JRip_optimizations,JRip_folds,DecisionTable_search,PART,JRip_minNo,PART_binarySplits,BestFirst_direction,PART_useMDLcorrection,PART_minNumObj,PART_doNotMakeSplitPointActualValue,BestFirst_searchTermination,PART_pruning,GreedyStepwise_searchBackwards,GreedyStepwise_conservativeForwardSelection,PART_confidenceFactorValue,PART_numFolds"
49,90,0.89635977,0.97172925,0.99751238,0.98830902,1.00000000,0006,0070,0042,0.66716353,"JRip,SimpleCart,J48,Aggregator,J48_useLaplace,DecisionTable,J48_useMDLcorrection,SimpleCart_heuristic,J48_pruning,SimpleCart_minNumObj,JRip_usePruning,DecisionTable_evaluationMeasure,J48_confidenceFactorValue,SimpleCart_usePrune,J48_collapseTree,J48_doNotMakeSplitPointActualValue,J48_minNumObj,J48_subtreeRaising,J48_binarySplits,DecisionTable_useIBk,J48_numFolds,SimpleCart_numFoldsPruning,SimpleCart_useOneSE,BestFirst_direction,BestFirst_searchTermination,PART_useMDLcorrection,PART_confidenceFactorValue,PART_numFolds,PART_minNumObj,PART_doNotMakeSplitPointActualValue,GreedyStepwise_searchBackwards,GreedyStepwise_conservativeForwardSelection,PART_binarySplits,PART_pruning,DecisionTable_search,DecisionTable_crossVal,JRip_checkErrorRate,JRip_optimizations,PART,JRip_minNo,JRip_folds"
50,90,0.90575973,0.97035558,0.99751238,0.98830902,1.00000000,0007,0057,0042,0.66716353,"DecisionTable,Aggregator,JRip,DecisionTable_useIBk,SimpleCart,J48,DecisionTable_evaluationMeasure,SimpleCart_heuristic,J48_collapseTree,SimpleCart_usePrune,J48_binarySplits,SimpleCart_numFoldsPruning,J48_useLaplace,J48_pruning,JRip_usePruning,SimpleCart_minNumObj,J48_subtreeRaising,J48_doNotMakeSplitPointActualValue,J48_numFolds,J48_confidenceFactorValue,SimpleCart_useOneSE,J48_minNumObj,J48_useMDLcorrection,PART_confidenceFactorValue,PART_doNotMakeSplitPointActualValue,PART_pruning,PART_numFolds,GreedyStepwise_searchBackwards,BestFirst_direction,PART_useMDLcorrection,PART_minNumObj,BestFirst_searchTermination,PART_binarySplits,GreedyStepwise_conservativeForwardSelection,JRip_folds,JRip_minNo,JRip_optimizations,DecisionTable_search,DecisionTable_crossVal,JRip_checkErrorRate,PART"
51,90,0.90532791,0.96962620,0.99751238,0.98830902,1.00000000,0008,0034,0042,0.66716353,"JRip,SimpleCart,J48,SimpleCart_usePrune,J48_binarySplits,SimpleCart_useOneSE,Aggregator,J48_doNotMakeSplitPointActualValue,JRip_usePruning,J48_useLaplace,J48_useMDLcorrection,DecisionTable,J48_pruning,J48_minNumObj,SimpleCart_numFoldsPruning,DecisionTable_useIBk,SimpleCart_minNumObj,SimpleCart_heuristic,J48_collapseTree,J48_confidenceFactorValue,J48_numFolds,J48_subtreeRaising,DecisionTable_evaluationMeasure,PART_binarySplits,GreedyStepwise_searchBackwards,PART_useMDLcorrection,BestFirst_searchTermination,PART_doNotMakeSplitPointActualValue,BestFirst_direction,GreedyStepwise_conservativeForwardSelection,PART_pruning,PART_confidenceFactorValue,PART_numFolds,PART_minNumObj,JRip_optimizations,DecisionTable_crossVal,JRip_checkErrorRate,DecisionTable_search,JRip_folds,PART,JRip_minNo"
52,90,0.90096638,0.97129586,0.99751238,0.98830902,1.00000000,0007,0034,0042,0.66716353,"SimpleCart,SimpleCart_usePrune,SimpleCart_useOneSE,SimpleCart_heuristic,SimpleCart_numFoldsPruning,SimpleCart_minNumObj,DecisionTable,DecisionTable_evaluationMeasure,JRip,J48,J48_binarySplits,Aggregator,J48_collapseTree,JRip_usePruning,J48_doNotMakeSplitPointActualValue,J48_useMDLcorrection,J48_pruning,DecisionTable_useIBk,J48_minNumObj,J48_confidenceFactorValue,J48_useLaplace,J48_subtreeRaising,J48_numFolds,PART_binarySplits,PART_useMDLcorrection,PART_doNotMakeSplitPointActualValue,PART_pruning,PART_numFolds,PART_confidenceFactorValue,GreedyStepwise_searchBackwards,BestFirst_direction,BestFirst_searchTermination,PART_minNumObj,GreedyStepwise_conservativeForwardSelection,JRip_folds,DecisionTable_search,JRip_optimizations,DecisionTable_crossVal,JRip_checkErrorRate,PART,JRip_minNo"
53,90,0.90439654,0.97046266,0.99751238,0.98830902,1.00000000,0007,0054,0042,0.66716353,"SimpleCart,SimpleCart_usePrune,SimpleCart_heuristic,J48,J48_doNotMakeSplitPointActualValue,SimpleCart_numFoldsPruning,SimpleCart_minNumObj,J48_pruning,J48_numFolds,J48_subtreeRaising,JRip,JRip_usePruning,J48_binarySplits,DecisionTable,Aggregator,SimpleCart_useOneSE,J48_useMDLcorrection,J48_collapseTree,J48_useLaplace,J48_minNumObj,J48_confidenceFactorValue,DecisionTable_useIBk,DecisionTable_evaluationMeasure,PART_binarySplits,PART_minNumObj,PART_numFolds,BestFirst_direction,BestFirst_searchTermination,PART_pruning,PART_confidenceFactorValue,PART_doNotMakeSplitPointActualValue,GreedyStepwise_conservativeForwardSelection,PART_useMDLcorrection,GreedyStepwise_searchBackwards,JRip_minNo,DecisionTable_crossVal,JRip_checkErrorRate,PART,JRip_optimizations,JRip_folds,DecisionTable_search"
54,90,0.90990148,0.96727204,0.99751238,0.98830902,1.00000000,0008,0043,0042,0.66716353,"SimpleCart,Aggregator,SimpleCart_minNumObj,J48,JRip,J48_useMDLcorrection,J48_minNumObj,J48_useLaplace,J48_collapseTree,DecisionTable,J48_binarySplits,J48_pruning,JRip_usePruning,J48_doNotMakeSplitPointActualValue,DecisionTable_evaluationMeasure,SimpleCart_usePrune,SimpleCart_heuristic,DecisionTable_useIBk,J48_numFolds,SimpleCart_useOneSE,J48_confidenceFactorValue,J48_subtreeRaising,SimpleCart_numFoldsPruning,PART_numFolds,PART_pruning,PART_confidenceFactorValue,GreedyStepwise_searchBackwards,PART_useMDLcorrection,PART_doNotMakeSplitPointActualValue,BestFirst_searchTermination,GreedyStepwise_conservativeForwardSelection,PART_minNumObj,BestFirst_direction,PART_binarySplits,JRip_optimizations,JRip_checkErrorRate,PART,DecisionTable_search,DecisionTable_crossVal,JRip_minNo,JRip_folds"
55,90,0.92020460,0.96888810,0.99751238,0.98830902,1.00000000,0006,0071,0042,0.66716353,"JRip,SimpleCart,JRip_usePruning,DecisionTable,SimpleCart_usePrune,J48,J48_useLaplace,Aggregator,SimpleCart_numFoldsPruning,J48_doNotMakeSplitPointActualValue,DecisionTable_evaluationMeasure,SimpleCart_minNumObj,J48_useMDLcorrection,J48_pruning,J48_minNumObj,DecisionTable_useIBk,J48_numFolds,SimpleCart_heuristic,SimpleCart_useOneSE,J48_confidenceFactorValue,J48_collapseTree,J48_binarySplits,J48_subtreeRaising,PART_useMDLcorrection,PART_doNotMakeSplitPointActualValue,PART_numFolds,BestFirst_direction,BestFirst_searchTermination,PART_confidenceFactorValue,PART_minNumObj,PART_binarySplits,GreedyStepwise_searchBackwards,GreedyStepwise_conservativeForwardSelection,PART_pruning,JRip_checkErrorRate,PART,DecisionTable_crossVal,JRip_minNo,DecisionTable_search,JRip_optimizations,JRip_folds"
56,90,0.91193719,0.97010119,0.99751238,0.98830902,1.00000000,0006,0036,0042,0.66716353,"Aggregator,J48,J48_useMDLcorrection,J48_useLaplace,J48_collapseTree,J48_pruning,J48_numFolds,DecisionTable,JRip,DecisionTable_useIBk,SimpleCart,J48_binarySplits,J48_subtreeRaising,J48_minNumObj,SimpleCart_heuristic,J48_doNotMakeSplitPointActualValue,DecisionTable_evaluationMeasure,JRip_usePruning,J48_confidenceFactorValue,SimpleCart_minNumObj,SimpleCart_usePrune,SimpleCart_useOneSE,SimpleCart_numFoldsPruning,PART_pruning,PART_confidenceFactorValue,PART_numFolds,PART_doNotMakeSplitPointActualValue,PART_useMDLcorrection,BestFirst_searchTermination,PART_minNumObj,PART_binarySplits,GreedyStepwise_conservativeForwardSelection,BestFirst_direction,GreedyStepwise_searchBackwards,JRip_folds,JRip_minNo,JRip_checkErrorRate,DecisionTable_crossVal,DecisionTable_search,JRip_optimizations,PART"
57,90,0.89323480,0.97007781,0.99751238,0.98830902,1.00000000,0007,0048,0042,0.66716353,"SimpleCart,SimpleCart_heuristic,Aggregator,SimpleCart_usePrune,SimpleCart_minNumObj,SimpleCart_numFoldsPruning,SimpleCart_useOneSE,J48,DecisionTable,JRip,J48_collapseTree,J48_useLaplace,J48_doNotMakeSplitPointActualValue,DecisionTable_useIBk,J48_minNumObj,JRip_usePruning,J48_binarySplits,J48_useMDLcorrection,J48_pruning,DecisionTable_evaluationMeasure,J48_subtreeRaising,J48_numFolds,J48_confidenceFactorValue,GreedyStepwise_conservativeForwardSelection,PART_binarySplits,PART_useMDLcorrection,PART_doNotMakeSplitPointActualValue,BestFirst_direction,PART_minNumObj,PART_confidenceFactorValue,BestFirst_searchTermination,PART_pruning,PART_numFolds,GreedyStepwise_searchBackwards,DecisionTable_crossVal,JRip_checkErrorRate,DecisionTable_search,JRip_folds,JRip_optimizations,PART,JRip_minNo"
58,90,0.88984122,0.97001530,0.99751238,0.98830902,1.00000000,0007,0034,0042,0.66716353,"J48,J48_useMDLcorrection,J48_collapseTree,J48_doNotMakeSplitPointActualValue,JRip,J48_useLaplace,Aggregator,J48_binarySplits,J48_minNumObj,DecisionTable,SimpleCart,J48_pruning,SimpleCart_minNumObj,J48_subtreeRaising,DecisionTable_evaluationMeasure,SimpleCart_heuristic,SimpleCart_usePrune,J48_confidenceFactorValue,JRip_usePruning,DecisionTable_useIBk,SimpleCart_useOneSE,J48_numFolds,SimpleCart_numFoldsPruning,DecisionTable_search,BestFirst_direction,GreedyStepwise_conservativeForwardSelection,BestFirst_searchTermination,GreedyStepwise_searchBackwards,DecisionTable_crossVal,JRip_checkErrorRate,JRip_minNo,JRip_optimizations,PART,PART_minNumObj,JRip_folds,PART_binarySplits,PART_doNotMakeSplitPointActualValue,PART_pruning,PART_numFolds,PART_confidenceFactorValue,PART_useMDLcorrection"
59,90,0.90439654,0.96663516,0.99751238,0.98830902,1.00000000,0007,0034,0042,0.66716353,"SimpleCart,J48,Aggregator,J48_useMDLcorrection,SimpleCart_usePrune,J48_collapseTree,J48_binarySplits,DecisionTable,SimpleCart_useOneSE,J48_pruning,J48_useLaplace,JRip,J48_subtreeRaising,J48_doNotMakeSplitPointActualValue,SimpleCart_numFoldsPruning,SimpleCart_heuristic,J48_minNumObj,SimpleCart_minNumObj,J48_confidenceFactorValue,J48_numFolds,DecisionTable_evaluationMeasure,DecisionTable_useIBk,JRip_usePruning,BestFirst_searchTermination,PART_pruning,PART_numFolds,PART_confidenceFactorValue,JRip_optimizations,JRip_minNo,DecisionTable_crossVal,JRip_checkErrorRate,DecisionTable_search,GreedyStepwise_conservativeForwardSelection,BestFirst_direction,PART,GreedyStepwise_searchBackwards,JRip_folds,PART_binarySplits,PART_useMDLcorrection,PART_doNotMakeSplitPointActualValue,PART_minNumObj"
60,90,0.91193719,0.96375355,0.99751238,0.98830902,1.00000000,0007,0034,0042,0.66716353,"DecisionTable,SimpleCart,DecisionTable_useIBk,Aggregator,SimpleCart_heuristic,J48,DecisionTable_evaluationMeasure,SimpleCart_minNumObj,J48_binarySplits,JRip,J48_useMDLcorrection,J48_collapseTree,JRip_usePruning,J48_minNumObj,SimpleCart_usePrune,J48_pruning,J48_useLaplace,J48_doNotMakeSplitPointActualValue,SimpleCart_numFoldsPruning,SimpleCart_useOneSE,J48_confidenceFactorValue,J48_subtreeRaising,J48_numFolds,JRip_folds,DecisionTable_search,GreedyStepwise_searchBackwards,BestFirst_searchTermination,GreedyStepwise_conservativeForwardSelection,BestFirst_direction,JRip_optimizations,JRip_checkErrorRate,JRip_minNo,DecisionTable_crossVal,PART,PART_doNotMakeSplitPointActualValue,PART_minNumObj,PART_binarySplits,PART_pruning,PART_useMDLcorrection,PART_confidenceFactorValue,PART_numFolds"
61,90,0.91193719,0.96282658,0.99751238,0.98830902,1.00000000,0007,0034,0044,0.72052461,"DecisionTable,J48,DecisionTable_useIBk,J48_useLaplace,J48_binarySplits,DecisionTable_evaluationMeasure,J48_collapseTree,SimpleCart,JRip,J48_pruning,SimpleCart_minNumObj,J48_minNumObj,J48_useMDLcorrection,J48_doNotMakeSplitPointActualValue,J48_subtreeRaising,SimpleCart_heuristic,JRip_usePruning,SimpleCart_usePrune,SimpleCart_numFoldsPruning,J48_numFolds,SimpleCart_useOneSE,J48_confidenceFactorValue,JRip_folds,DecisionTable_search,GreedyStepwise_conservativeForwardSelection,BestFirst_direction,GreedyStepwise_searchBackwards,BestFirst_searchTermination,JRip_checkErrorRate,PART,PART_useMDLcorrection,PART_minNumObj,PART_binarySplits,PART_doNotMakeSplitPointActualValue,PART_pruning,DecisionTable_crossVal,Aggregator,PART_numFolds,PART_confidenceFactorValue,JRip_minNo,JRip_optimizations"
62,90,0.85835912,0.96257285,0.99751238,0.98830902,1.00000000,0006,0034,0044,0.72052461,"JRip,DecisionTable,J48,J48_doNotMakeSplitPointActualValue,SimpleCart,DecisionTable_evaluationMeasure,DecisionTable_useIBk,J48_collapseTree,JRip_usePruning,J48_minNumObj,SimpleCart_usePrune,J48_useLaplace,J48_pruning,SimpleCart_heuristic,J48_useMDLcorrection,J48_binarySplits,SimpleCart_minNumObj,J48_subtreeRaising,SimpleCart_useOneSE,J48_numFolds,SimpleCart_numFoldsPruning,J48_confidenceFactorValue,JRip_minNo,JRip_folds,JRip_optimizations,DecisionTable_crossVal,JRip_checkErrorRate,PART,PART_doNotMakeSplitPointActualValue,PART_useMDLcorrection,PART_pruning,Aggregator,PART_binarySplits,PART_minNumObj,PART_confidenceFactorValue,DecisionTable_search,PART_numFolds,BestFirst_direction,GreedyStepwise_searchBackwards,GreedyStepwise_conservativeForwardSelection,BestFirst_searchTermination"
63,90,0.86308190,0.96203356,0.99751238,0.98830902,1.00000000,0005,0035,0044,0.72052461,"J48,SimpleCart,DecisionTable,SimpleCart_usePrune,J48_doNotMakeSplitPointActualValue,SimpleCart_minNumObj,SimpleCart_heuristic,J48_useMDLcorrection,JRip,DecisionTable_useIBk,DecisionTable_evaluationMeasure,SimpleCart_useOneSE,J48_binarySplits,J48_pruning,J48_confidenceFactorValue,SimpleCart_numFoldsPruning,J48_useLaplace,J48_numFolds,J48_collapseTree,J48_minNumObj,J48_subtreeRaising,JRip_usePruning,DecisionTable_search,BestFirst_searchTermination,BestFirst_direction,GreedyStepwise_searchBackwards,GreedyStepwise_conservativeForwardSelection,JRip_checkErrorRate,PART,PART_useMDLcorrection,PART_binarySplits,PART_doNotMakeSplitPointActualValue,PART_pruning,PART_numFolds,DecisionTable_crossVal,PART_confidenceFactorValue,Aggregator,PART_minNumObj,JRip_folds,JRip_minNo,JRip_optimizations"
64,90,0.90063527,0.96412197,0.99751238,0.98830902,1.00000000,0005,0035,0039,0.66716353,"PART,JRip,J48,PART_minNumObj,J48_minNumObj,PART_doNotMakeSplitPointActualValue,DecisionTable,J48_useLaplace,DecisionTable_useIBk,JRip_checkErrorRate,PART_binarySplits,PART_useMDLcorrection,JRip_usePruning,J48_binarySplits,SimpleCart,PART_pruning,J48_useMDLcorrection,J48_pruning,DecisionTable_evaluationMeasure,J48_doNotMakeSplitPointActualValue,J48_collapseTree,DecisionTable_search,GreedyStepwise_searchBackwards,DecisionTable_crossVal,SimpleCart_heuristic,PART_confidenceFactorValue,GreedyStepwise_conservativeForwardSelection,SimpleCart_usePrune,BestFirst_direction,BestFirst_searchTermination,J48_numFolds,SimpleCart_minNumObj,PART_numFolds,SimpleCart_numFoldsPruning,J48_subtreeRaising,J48_confidenceFactorValue,SimpleCart_useOneSE,JRip_folds,JRip_optimizations,JRip_minNo,Aggregator"
65,90,0.91193719,0.96449289,0.99751238,0.98830902,1.00000000,0007,0034,0039,0.66716353,"J48,J48_binarySplits,PART,J48_collapseTree,SimpleCart,JRip,J48_minNumObj,PART_minNumObj,DecisionTable,JRip_checkErrorRate,DecisionTable_crossVal,J48_pruning,J48_confidenceFactorValue,SimpleCart_minNumObj,DecisionTable_evaluationMeasure,J48_doNotMakeSplitPointActualValue,J48_subtreeRaising,J48_useMDLcorrection,PART_useMDLcorrection,J48_useLaplace,J48_numFolds,DecisionTable_search,GreedyStepwise_conservativeForwardSelection,PART_binarySplits,BestFirst_searchTermination,PART_pruning,PART_doNotMakeSplitPointActualValue,SimpleCart_heuristic,JRip_usePruning,PART_numFolds,DecisionTable_useIBk,SimpleCart_usePrune,GreedyStepwise_searchBackwards,BestFirst_direction,SimpleCart_useOneSE,PART_confidenceFactorValue,SimpleCart_numFoldsPruning,JRip_folds,JRip_minNo,JRip_optimizations,Aggregator"
66,90,0.89781224,0.96104961,0.99751238,0.98830902,1.00000000,0006,0034,0039,0.66716353,"JRip,DecisionTable,DecisionTable_useIBk,SimpleCart,PART,PART_doNotMakeSplitPointActualValue,J48,DecisionTable_crossVal,DecisionTable_search,J48_collapseTree,DecisionTable_evaluationMeasure,J48_doNotMakeSplitPointActualValue,JRip_usePruning,J48_useMDLcorrection,J48_binarySplits,SimpleCart_usePrune,BestFirst_searchTermination,SimpleCart_useOneSE,J48_minNumObj,JRip_checkErrorRate,PART_binarySplits,PART_minNumObj,GreedyStepwise_conservativeForwardSelection,PART_useMDLcorrection,PART_pruning,GreedyStepwise_searchBackwards,SimpleCart_minNumObj,SimpleCart_heuristic,SimpleCart_numFoldsPruning,J48_useLaplace,J48_pruning,J48_subtreeRaising,BestFirst_direction,PART_numFolds,J48_numFolds,PART_confidenceFactorValue,J48_confidenceFactorValue,JRip_minNo,JRip_optimizations,JRip_folds,Aggregator"
67,90,0.88551754,0.96472629,0.99751238,0.98830902,1.00000000,0007,0034,0039,0.66716353,"PART,PART_pruning,JRip,PART_binarySplits,JRip_checkErrorRate,PART_numFolds,PART_minNumObj,J48,PART_doNotMakeSplitPointActualValue,JRip_usePruning,DecisionTable,PART_confidenceFactorValue,J48_collapseTree,DecisionTable_search,BestFirst_direction,SimpleCart,GreedyStepwise_searchBackwards,PART_useMDLcorrection,J48_binarySplits,GreedyStepwise_conservativeForwardSelection,J48_doNotMakeSplitPointActualValue,SimpleCart_heuristic,DecisionTable_evaluationMeasure,J48_minNumObj,BestFirst_searchTermination,J48_pruning,J48_numFolds,J48_confidenceFactorValue,DecisionTable_useIBk,J48_useMDLcorrection,J48_useLaplace,DecisionTable_crossVal,SimpleCart_minNumObj,SimpleCart_usePrune,J48_subtreeRaising,SimpleCart_useOneSE,SimpleCart_numFoldsPruning,JRip_optimizations,JRip_folds,JRip_minNo,Aggregator"
68,90,0.87179668,0.96322771,0.99751238,0.98830902,1.00000000,0006,0034,0039,0.66716353,"SimpleCart,DecisionTable,J48,DecisionTable_crossVal,DecisionTable_search,J48_collapseTree,J48_useLaplace,SimpleCart_heuristic,DecisionTable_evaluationMeasure,BestFirst_direction,J48_pruning,JRip,SimpleCart_minNumObj,J48_confidenceFactorValue,DecisionTable_useIBk,PART,J48_minNumObj,GreedyStepwise_searchBackwards,J48_binarySplits,J48_numFolds,J48_useMDLcorrection,J48_doNotMakeSplitPointActualValue,PART_useMDLcorrection,J48_subtreeRaising,SimpleCart_usePrune,SimpleCart_useOneSE,GreedyStepwise_conservativeForwardSelection,BestFirst_searchTermination,PART_doNotMakeSplitPointActualValue,PART_pruning,JRip_checkErrorRate,PART_minNumObj,JRip_usePruning,PART_confidenceFactorValue,SimpleCart_numFoldsPruning,PART_binarySplits,PART_numFolds,JRip_folds,JRip_minNo,JRip_optimizations,Aggregator"
69,90,0.86091705,0.96574816,0.99751238,0.98830902,1.00000000,0007,0034,0039,0.66716353,"SimpleCart,DecisionTable,DecisionTable_search,JRip,SimpleCart_usePrune,J48,JRip_checkErrorRate,PART,SimpleCart_heuristic,J48_doNotMakeSplitPointActualValue,J48_collapseTree,JRip_usePruning,GreedyStepwise_searchBackwards,J48_useMDLcorrection,PART_pruning,SimpleCart_useOneSE,GreedyStepwise_conservativeForwardSelection,BestFirst_direction,PART_doNotMakeSplitPointActualValue,BestFirst_searchTermination,SimpleCart_minNumObj,J48_binarySplits,SimpleCart_numFoldsPruning,DecisionTable_useIBk,DecisionTable_crossVal,DecisionTable_evaluationMeasure,J48_pruning,PART_numFolds,J48_useLaplace,PART_useMDLcorrection,J48_minNumObj,J48_numFolds,PART_minNumObj,PART_binarySplits,PART_confidenceFactorValue,J48_subtreeRaising,J48_confidenceFactorValue,JRip_minNo,JRip_optimizations,JRip_folds,Aggregator"
70,90,0.90439654,0.96318089,0.99751238,0.98830902,1.00000000,0007,0036,0039,0.66716353,"SimpleCart,DecisionTable,PART,PART_doNotMakeSplitPointActualValue,SimpleCart_usePrune,SimpleCart_heuristic,PART_useMDLcorrection,DecisionTable_search,DecisionTable_useIBk,JRip,DecisionTable_crossVal,SimpleCart_useOneSE,SimpleCart_minNumObj,SimpleCart_numFoldsPruning,GreedyStepwise_searchBackwards,GreedyStepwise_conservativeForwardSelection,J48,BestFirst_direction,PART_binarySplits,PART_pruning,DecisionTable_evaluationMeasure,J48_minNumObj,PART_numFolds,PART_minNumObj,JRip_usePruning,BestFirst_searchTermination,JRip_checkErrorRate,J48_binarySplits,J48_pruning,J48_collapseTree,J48_subtreeRaising,J48_doNotMakeSplitPointActualValue,J48_useMDLcorrection,J48_useLaplace,PART_confidenceFactorValue,J48_numFolds,J48_confidenceFactorValue,JRip_optimizations,JRip_folds,Aggregator,JRip_minNo"
71,90,0.87179668,0.95780042,0.99751238,0.98830902,1.00000000,0006,0034,0039,0.66716353,"JRip,JRip_checkErrorRate,PART,PART_binarySplits,PART_useMDLcorrection,J48,JRip_usePruning,SimpleCart,PART_doNotMakeSplitPointActualValue,J48_useLaplace,SimpleCart_minNumObj,DecisionTable,J48_useMDLcorrection,PART_pruning,DecisionTable_evaluationMeasure,PART_minNumObj,PART_confidenceFactorValue,J48_minNumObj,J48_pruning,J48_binarySplits,J48_collapseTree,SimpleCart_heuristic,SimpleCart_usePrune,PART_numFolds,J48_numFolds,J48_doNotMakeSplitPointActualValue,SimpleCart_numFoldsPruning,SimpleCart_useOneSE,DecisionTable_useIBk,DecisionTable_crossVal,DecisionTable_search,J48_subtreeRaising,J48_confidenceFactorValue,BestFirst_direction,GreedyStepwise_conservativeForwardSelection,GreedyStepwise_searchBackwards,BestFirst_searchTermination,JRip_minNo,JRip_optimizations,JRip_folds,Aggregator"
72,90,0.90070812,0.96091778,0.99751238,0.98830902,1.00000000,0007,0035,0039,0.66716353,"SimpleCart,DecisionTable,DecisionTable_evaluationMeasure,SimpleCart_minNumObj,J48,SimpleCart_usePrune,PART,PART_binarySplits,J48_binarySplits,J48_useMDLcorrection,J48_doNotMakeSplitPointActualValue,DecisionTable_useIBk,PART_pruning,PART_numFolds,SimpleCart_numFoldsPruning,J48_minNumObj,J48_pruning,JRip,JRip_checkErrorRate,PART_doNotMakeSplitPointActualValue,J48_useLaplace,SimpleCart_heuristic,DecisionTable_search,SimpleCart_useOneSE,PART_useMDLcorrection,DecisionTable_crossVal,PART_confidenceFactorValue,J48_collapseTree,BestFirst_searchTermination,PART_minNumObj,GreedyStepwise_searchBackwards,JRip_usePruning,GreedyStepwise_conservativeForwardSelection,J48_subtreeRaising,J48_numFolds,J48_confidenceFactorValue,BestFirst_direction,JRip_minNo,JRip_folds,JRip_optimizations,Aggregator"
73,90,0.91193719,0.96263188,0.99751238,0.98830902,1.00000000,0007,0034,0039,0.66716353,"J48,JRip,PART,PART_pruning,J48_minNumObj,J48_useMDLcorrection,JRip_checkErrorRate,JRip_usePruning,J48_collapseTree,PART_confidenceFactorValue,J48_binarySplits,DecisionTable,DecisionTable_search,BestFirst_searchTermination,J48_useLaplace,J48_pruning,J48_doNotMakeSplitPointActualValue,PART_numFolds,PART_binarySplits,PART_minNumObj,PART_doNotMakeSplitPointActualValue,SimpleCart,PART_useMDLcorrection,SimpleCart_minNumObj,J48_numFolds,GreedyStepwise_conservativeForwardSelection,SimpleCart_usePrune,GreedyStepwise_searchBackwards,DecisionTable_evaluationMeasure,DecisionTable_crossVal,SimpleCart_useOneSE,DecisionTable_useIBk,BestFirst_direction,J48_subtreeRaising,SimpleCart_numFoldsPruning,J48_confidenceFactorValue,SimpleCart_heuristic,JRip_minNo,JRip_folds,JRip_optimizations,Aggregator"
74,90,0.90616377,0.96204415,0.99751238,0.98830902,1.00000000,0007,0034,0039,0.66716353,"J48,J48_useMDLcorrection,JRip,PART,SimpleCart,J48_useLaplace,SimpleCart_minNumObj,SimpleCart_heuristic,PART_useMDLcorrection,DecisionTable,JRip_checkErrorRate,PART_pruning,J48_collapseTree,JRip_usePruning,PART_numFolds,PART_binarySplits,PART_doNotMakeSplitPointActualValue,J48_minNumObj,J48_binarySplits,J48_doNotMakeSplitPointActualValue,PART_minNumObj,DecisionTable_useIBk,DecisionTable_evaluationMeasure,J48_pruning,SimpleCart_usePrune,J48_confidenceFactorValue,DecisionTable_crossVal,J48_subtreeRaising,J48_numFolds,PART_confidenceFactorValue,DecisionTable_search,BestFirst_direction,SimpleCart_useOneSE,SimpleCart_numFoldsPruning,GreedyStepwise_searchBackwards,GreedyStepwise_conservativeForwardSelection,BestFirst_searchTermination,JRip_optimizations,Aggregator,JRip_folds,JRip_minNo"
75,90,0.85690370,0.96156083,0.99751238,0.98830902,1.00000000,0009,0034,0039,0.66716353,"J48,J48_minNumObj,J48_collapseTree,DecisionTable,JRip,J48_useMDLcorrection,DecisionTable_search,J48_pruning,DecisionTable_useIBk,JRip_usePruning,J48_numFolds,PART,JRip_checkErrorRate,J48_subtreeRaising,BestFirst_searchTermination,BestFirst_direction,GreedyStepwise_searchBackwards,DecisionTable_evaluationMeasure,DecisionTable_crossVal,J48_useLaplace,J48_doNotMakeSplitPointActualValue,SimpleCart,SimpleCart_heuristic,J48_binarySplits,PART_pruning,GreedyStepwise_conservativeForwardSelection,PART_binarySplits,J48_confidenceFactorValue,PART_numFolds,PART_doNotMakeSplitPointActualValue,PART_minNumObj,PART_useMDLcorrection,SimpleCart_minNumObj,SimpleCart_usePrune,PART_confidenceFactorValue,SimpleCart_numFoldsPruning,SimpleCart_useOneSE,JRip_minNo,JRip_optimizations,JRip_folds,Aggregator"
76,90,0.81775387,0.96054853,0.99751238,0.98830902,1.00000000,0007,0035,0039,0.66716353,"J48,J48_minNumObj,DecisionTable,J48_binarySplits,J48_collapseTree,DecisionTable_search,J48_pruning,J48_doNotMakeSplitPointActualValue,J48_useLaplace,GreedyStepwise_searchBackwards,BestFirst_direction,JRip,DecisionTable_evaluationMeasure,SimpleCart,PART,PART_useMDLcorrection,PART_binarySplits,J48_useMDLcorrection,DecisionTable_useIBk,PART_pruning,PART_minNumObj,JRip_usePruning,SimpleCart_minNumObj,J48_confidenceFactorValue,GreedyStepwise_conservativeForwardSelection,BestFirst_searchTermination,J48_subtreeRaising,SimpleCart_usePrune,DecisionTable_crossVal,PART_confidenceFactorValue,PART_numFolds,J48_numFolds,SimpleCart_heuristic,JRip_checkErrorRate,SimpleCart_numFoldsPruning,PART_doNotMakeSplitPointActualValue,SimpleCart_useOneSE,JRip_optimizations,JRip_folds,JRip_minNo,Aggregator"
77,90,0.91052107,0.96628275,0.99751238,0.98830902,1.00000000,0008,0035,0039,0.66716353,"DecisionTable,SimpleCart,SimpleCart_usePrune,SimpleCart_minNumObj,PART,J48,PART_binarySplits,SimpleCart_useOneSE,PART_minNumObj,PART_doNotMakeSplitPointActualValue,DecisionTable_useIBk,JRip,SimpleCart_heuristic,DecisionTable_search,J48_doNotMakeSplitPointActualValue,J48_binarySplits,J48_collapseTree,J48_useMDLcorrection,DecisionTable_crossVal,PART_useMDLcorrection,J48_minNumObj,DecisionTable_evaluationMeasure,BestFirst_searchTermination,PART_pruning,GreedyStepwise_conservativeForwardSelection,SimpleCart_numFoldsPruning,PART_numFolds,GreedyStepwise_searchBackwards,J48_pruning,JRip_checkErrorRate,J48_useLaplace,JRip_usePruning,BestFirst_direction,PART_confidenceFactorValue,J48_confidenceFactorValue,J48_subtreeRaising,J48_numFolds,JRip_minNo,JRip_folds,JRip_optimizations,Aggregator"
78,90,0.90787256,0.96479978,0.99751238,0.98830902,1.00000000,0007,0036,0039,0.66716353,"PART,PART_pruning,PART_binarySplits,J48,JRip,DecisionTable,DecisionTable_useIBk,SimpleCart,J48_collapseTree,SimpleCart_minNumObj,PART_minNumObj,JRip_checkErrorRate,SimpleCart_usePrune,SimpleCart_useOneSE,PART_useMDLcorrection,PART_doNotMakeSplitPointActualValue,PART_numFolds,J48_useMDLcorrection,J48_minNumObj,PART_confidenceFactorValue,DecisionTable_crossVal,SimpleCart_heuristic,J48_binarySplits,J48_pruning,J48_confidenceFactorValue,JRip_usePruning,DecisionTable_evaluationMeasure,J48_useLaplace,J48_doNotMakeSplitPointActualValue,DecisionTable_search,GreedyStepwise_searchBackwards,SimpleCart_numFoldsPruning,BestFirst_direction,GreedyStepwise_conservativeForwardSelection,J48_numFolds,BestFirst_searchTermination,J48_subtreeRaising,JRip_optimizations,JRip_minNo,Aggregator,JRip_folds"
79,90,0.90439654,0.96393173,0.99751238,0.98830902,1.00000000,0007,0034,0039,0.66716353,"J48,J48_useLaplace,J48_doNotMakeSplitPointActualValue,J48_pruning,J48_collapseTree,J48_minNumObj,PART,PART_binarySplits,JRip,JRip_checkErrorRate,J48_useMDLcorrection,J48_binarySplits,SimpleCart,J48_subtreeRaising,DecisionTable,SimpleCart_heuristic,PART_pruning,PART_useMDLcorrection,DecisionTable_crossVal,JRip_usePruning,J48_confidenceFactorValue,PART_numFolds,SimpleCart_usePrune,SimpleCart_minNumObj,J48_numFolds,PART_minNumObj,PART_doNotMakeSplitPointActualValue,DecisionTable_useIBk,PART_confidenceFactorValue,SimpleCart_useOneSE,SimpleCart_numFoldsPruning,DecisionTable_search,DecisionTable_evaluationMeasure,GreedyStepwise_searchBackwards,BestFirst_direction,GreedyStepwise_conservativeForwardSelection,BestFirst_searchTermination,JRip_minNo,JRip_optimizations,JRip_folds,Aggregator"
80,90,0.90108062,0.96514738,0.99751238,0.98830902,1.00000000,0007,0034,0039,0.66716353,"J48,J48_minNumObj,SimpleCart,SimpleCart_usePrune,J48_pruning,J48_useMDLcorrection,SimpleCart_heuristic,SimpleCart_minNumObj,J48_useLaplace,JRip,J48_numFolds,J48_subtreeRaising,J48_binarySplits,SimpleCart_numFoldsPruning,SimpleCart_useOneSE,PART,JRip_usePruning,J48_confidenceFactorValue,J48_doNotMakeSplitPointActualValue,J48_collapseTree,PART_useMDLcorrection,DecisionTable,PART_minNumObj,DecisionTable_evaluationMeasure,PART_doNotMakeSplitPointActualValue,PART_pruning,PART_binarySplits,DecisionTable_search,JRip_checkErrorRate,DecisionTable_crossVal,DecisionTable_useIBk,PART_numFolds,GreedyStepwise_conservativeForwardSelection,BestFirst_searchTermination,GreedyStepwise_searchBackwards,PART_confidenceFactorValue,BestFirst_direction,JRip_folds,JRip_optimizations,JRip_minNo,Aggregator"
81,90,0.86450570,0.96054853,0.99751238,0.98830902,1.00000000,0006,0034,0039,0.66716353,"JRip,JRip_usePruning,J48,PART,J48_doNotMakeSplitPointActualValue,J48_collapseTree,DecisionTable,PART_useMDLcorrection,PART_binarySplits,SimpleCart,DecisionTable_search,SimpleCart_heuristic,DecisionTable_crossVal,DecisionTable_evaluationMeasure,JRip_checkErrorRate,GreedyStepwise_conservativeForwardSelection,DecisionTable_useIBk,BestFirst_searchTermination,BestFirst_direction,J48_useMDLcorrection,PART_doNotMakeSplitPointActualValue,SimpleCart_usePrune,J48_binarySplits,J48_pruning,J48_useLaplace,PART_pruning,SimpleCart_numFoldsPruning,PART_minNumObj,SimpleCart_useOneSE,J48_minNumObj,PART_confidenceFactorValue,SimpleCart_minNumObj,GreedyStepwise_searchBackwards,J48_confidenceFactorValue,PART_numFolds,J48_subtreeRaising,J48_numFolds,JRip_folds,JRip_minNo,JRip_optimizations,Aggregator"
82,90,0.89936552,0.96631893,0.99751238,0.98830902,1.00000000,0006,0035,0039,0.57975468,"JRip,SimpleCart,PART,JRip_usePruning,DecisionTable,PART_useMDLcorrection,DecisionTable_evaluationMeasure,DecisionTable_crossVal,SimpleCart_minNumObj,PART_minNumObj,J48,J48_useLaplace,DecisionTable_search,JRip_checkErrorRate,PART_doNotMakeSplitPointActualValue,J48_doNotMakeSplitPointActualValue,PART_binarySplits,J48_minNumObj,BestFirst_searchTermination,PART_pruning,J48_binarySplits,SimpleCart_heuristic,SimpleCart_usePrune,SimpleCart_numFoldsPruning,J48_useMDLcorrection,J48_pruning,DecisionTable_useIBk,SimpleCart_useOneSE,BestFirst_direction,GreedyStepwise_conservativeForwardSelection,J48_collapseTree,J48_confidenceFactorValue,PART_confidenceFactorValue,J48_numFolds,GreedyStepwise_searchBackwards,PART_numFolds,J48_subtreeRaising,JRip_optimizations,JRip_minNo,JRip_folds,Aggregator"
83,90,0.90432913,0.96136835,0.99751238,0.98830902,1.00000000,0007,0034,0039,0.57975468,"J48,JRip,J48_doNotMakeSplitPointActualValue,JRip_checkErrorRate,PART,PART_binarySplits,PART_minNumObj,J48_minNumObj,PART_pruning,J48_pruning,J48_useMDLcorrection,JRip_usePruning,SimpleCart,PART_confidenceFactorValue,SimpleCart_minNumObj,J48_collapseTree,DecisionTable,J48_binarySplits,PART_doNotMakeSplitPointActualValue,J48_useLaplace,J48_numFolds,DecisionTable_search,BestFirst_direction,PART_numFolds,J48_subtreeRaising,PART_useMDLcorrection,SimpleCart_usePrune,DecisionTable_evaluationMeasure,J48_confidenceFactorValue,SimpleCart_heuristic,GreedyStepwise_conservativeForwardSelection,DecisionTable_crossVal,SimpleCart_useOneSE,DecisionTable_useIBk,BestFirst_searchTermination,GreedyStepwise_searchBackwards,SimpleCart_numFoldsPruning,JRip_minNo,JRip_optimizations,JRip_folds,Aggregator"
84,90,0.87965983,0.96755667,0.99751238,0.98830902,1.00000000,0008,0035,0039,0.57975468,"PART,PART_pruning,SimpleCart,PART_minNumObj,SimpleCart_minNumObj,J48,PART_doNotMakeSplitPointActualValue,DecisionTable,PART_useMDLcorrection,PART_binarySplits,SimpleCart_usePrune,J48_useMDLcorrection,J48_pruning,SimpleCart_useOneSE,J48_doNotMakeSplitPointActualValue,DecisionTable_evaluationMeasure,JRip,DecisionTable_useIBk,J48_subtreeRaising,PART_numFolds,J48_useLaplace,DecisionTable_crossVal,JRip_usePruning,J48_binarySplits,PART_confidenceFactorValue,SimpleCart_heuristic,DecisionTable_search,J48_minNumObj,SimpleCart_numFoldsPruning,J48_collapseTree,BestFirst_searchTermination,J48_numFolds,J48_confidenceFactorValue,GreedyStepwise_searchBackwards,JRip_checkErrorRate,BestFirst_direction,GreedyStepwise_conservativeForwardSelection,JRip_optimizations,JRip_minNo,Aggregator,JRip_folds"
85,90,0.89355014,0.96495258,0.99751238,0.98830902,1.00000000,0007,0034,0035,0.00000000,"PART,PART_minNumObj,PART_doNotMakeSplitPointActualValue,DecisionTable,Aggregator,JRip,PART_useMDLcorrection,DecisionTable_search,JRip_minNo,DecisionTable_useIBk,JRip_usePruning,GreedyStepwise_conservativeForwardSelection,BestFirst_direction,BestFirst_searchTermination,PART_binarySplits,GreedyStepwise_searchBackwards,SimpleCart,PART_pruning,J48,JRip_optimizations,J48_pruning,DecisionTable_crossVal,J48_numFolds,J48_binarySplits,SimpleCart_minNumObj,J48_subtreeRaising,PART_numFolds,SimpleCart_usePrune,DecisionTable_evaluationMeasure,JRip_checkErrorRate,JRip_folds,J48_confidenceFactorValue,J48_doNotMakeSplitPointActualValue,SimpleCart_numFoldsPruning,J48_useMDLcorrection,SimpleCart_useOneSE,SimpleCart_heuristic,J48_collapseTree,J48_minNumObj,PART_confidenceFactorValue,J48_useLaplace"
86,90,0.90575973,0.96468911,0.99751238,0.98830902,1.00000000,0007,0034,0035,0.00000000,"SimpleCart,SimpleCart_usePrune,SimpleCart_heuristic,DecisionTable,DecisionTable_search,BestFirst_direction,Aggregator,J48,J48_pruning,GreedyStepwise_searchBackwards,PART,GreedyStepwise_conservativeForwardSelection,SimpleCart_minNumObj,DecisionTable_useIBk,BestFirst_searchTermination,JRip,J48_confidenceFactorValue,SimpleCart_useOneSE,J48_useLaplace,DecisionTable_crossVal,J48_doNotMakeSplitPointActualValue,SimpleCart_numFoldsPruning,DecisionTable_evaluationMeasure,PART_pruning,J48_binarySplits,J48_useMDLcorrection,PART_numFolds,J48_collapseTree,J48_numFolds,PART_minNumObj,J48_minNumObj,J48_subtreeRaising,PART_doNotMakeSplitPointActualValue,PART_binarySplits,PART_useMDLcorrection,JRip_checkErrorRate,PART_confidenceFactorValue,JRip_usePruning,JRip_minNo,JRip_optimizations,JRip_folds"
87,90,0.84299963,0.96054853,0.99751238,0.98830902,1.00000000,0008,0035,0035,0.00000000,"Aggregator,JRip,JRip_usePruning,JRip_checkErrorRate,JRip_folds,PART,PART_binarySplits,JRip_optimizations,J48,DecisionTable,SimpleCart,SimpleCart_usePrune,PART_doNotMakeSplitPointActualValue,J48_collapseTree,PART_minNumObj,DecisionTable_useIBk,J48_doNotMakeSplitPointActualValue,SimpleCart_useOneSE,J48_useMDLcorrection,JRip_minNo,SimpleCart_minNumObj,PART_pruning,SimpleCart_heuristic,PART_numFolds,PART_useMDLcorrection,DecisionTable_search,J48_binarySplits,J48_pruning,DecisionTable_evaluationMeasure,J48_useLaplace,J48_numFolds,DecisionTable_crossVal,J48_minNumObj,SimpleCart_numFoldsPruning,BestFirst_searchTermination,J48_confidenceFactorValue,J48_subtreeRaising,BestFirst_direction,PART_confidenceFactorValue,GreedyStepwise_conservativeForwardSelection,GreedyStepwise_searchBackwards"
88,90,0.83740009,0.96277823,0.99751238,0.98830902,1.00000000,0007,0034,0035,0.00000000,"DecisionTable,Aggregator,JRip,PART,JRip_minNo,PART_minNumObj,JRip_usePruning,DecisionTable_crossVal,JRip_checkErrorRate,JRip_optimizations,DecisionTable_search,SimpleCart,J48,DecisionTable_useIBk,PART_useMDLcorrection,DecisionTable_evaluationMeasure,J48_useMDLcorrection,JRip_folds,J48_collapseTree,PART_pruning,J48_doNotMakeSplitPointActualValue,PART_doNotMakeSplitPointActualValue,SimpleCart_usePrune,PART_binarySplits,GreedyStepwise_conservativeForwardSelection,J48_useLaplace,BestFirst_direction,GreedyStepwise_searchBackwards,SimpleCart_heuristic,SimpleCart_minNumObj,BestFirst_searchTermination,J48_pruning,J48_subtreeRaising,SimpleCart_useOneSE,J48_binarySplits,SimpleCart_numFoldsPruning,PART_numFolds,J48_minNumObj,PART_confidenceFactorValue,J48_numFolds,J48_confidenceFactorValue"
89,90,0.91193719,0.96503102,0.99751238,0.98830902,1.00000000,0008,0034,0035,0.00000000,"Aggregator,J48,J48_collapseTree,J48_doNotMakeSplitPointActualValue,SimpleCart,SimpleCart_heuristic,J48_useLaplace,J48_useMDLcorrection,DecisionTable,PART,SimpleCart_minNumObj,DecisionTable_useIBk,PART_minNumObj,JRip,SimpleCart_usePrune,J48_binarySplits,J48_pruning,J48_numFolds,PART_doNotMakeSplitPointActualValue,J48_minNumObj,DecisionTable_evaluationMeasure,DecisionTable_search,J48_subtreeRaising,BestFirst_direction,GreedyStepwise_conservativeForwardSelection,BestFirst_searchTermination,JRip_minNo,JRip_checkErrorRate,J48_confidenceFactorValue,DecisionTable_crossVal,PART_binarySplits,GreedyStepwise_searchBackwards,PART_pruning,JRip_usePruning,SimpleCart_numFoldsPruning,PART_useMDLcorrection,SimpleCart_useOneSE,JRip_folds,PART_confidenceFactorValue,PART_numFolds,JRip_optimizations"
90,90,0.87065653,0.96276264,0.99751238,0.98830902,1.00000000,0007,0036,0035,0.00000000,"J48,J48_pruning,J48_numFolds,J48_collapseTree,J48_subtreeRaising,PART,J48_binarySplits,J48_useMDLcorrection,PART_binarySplits,JRip,J48_minNumObj,J48_useLaplace,Aggregator,PART_doNotMakeSplitPointActualValue,SimpleCart,J48_doNotMakeSplitPointActualValue,JRip_minNo,JRip_checkErrorRate,DecisionTable,J48_confidenceFactorValue,SimpleCart_usePrune,SimpleCart_heuristic,PART_minNumObj,PART_useMDLcorrection,SimpleCart_numFoldsPruning,PART_pruning,DecisionTable_crossVal,PART_numFolds,SimpleCart_minNumObj,DecisionTable_evaluationMeasure,DecisionTable_search,GreedyStepwise_searchBackwards,JRip_usePruning,JRip_optimizations,PART_confidenceFactorValue,GreedyStepwise_conservativeForwardSelection,DecisionTable_useIBk,JRip_folds,BestFirst_direction,SimpleCart_useOneSE,BestFirst_searchTermination"
91,90,0.88082838,0.96334834,0.99751238,0.98830902,1.00000000,0007,0035,0035,0.00000000,"DecisionTable,SimpleCart,JRip,PART,Aggregator,PART_binarySplits,DecisionTable_useIBk,DecisionTable_search,J48,BestFirst_searchTermination,JRip_checkErrorRate,DecisionTable_evaluationMeasure,PART_pruning,JRip_minNo,J48_collapseTree,PART_doNotMakeSplitPointActualValue,J48_minNumObj,J48_doNotMakeSplitPointActualValue,J48_pruning,DecisionTable_crossVal,J48_subtreeRaising,SimpleCart_heuristic,JRip_usePruning,SimpleCart_usePrune,SimpleCart_minNumObj,GreedyStepwise_conservativeForwardSelection,PART_useMDLcorrection,PART_minNumObj,PART_confidenceFactorValue,J48_numFolds,J48_binarySplits,J48_useLaplace,BestFirst_direction,JRip_folds,J48_useMDLcorrection,JRip_optimizations,GreedyStepwise_searchBackwards,J48_confidenceFactorValue,PART_numFolds,SimpleCart_useOneSE,SimpleCart_numFoldsPruning"
92,90,0.83910354,0.96518403,0.99751238,0.98830902,1.00000000,0008,0034,0035,0.00000000,"DecisionTable,PART,J48,J48_minNumObj,J48_useMDLcorrection,JRip,DecisionTable_evaluationMeasure,J48_useLaplace,J48_collapseTree,Aggregator,DecisionTable_search,BestFirst_direction,DecisionTable_crossVal,JRip_usePruning,SimpleCart,PART_doNotMakeSplitPointActualValue,JRip_folds,PART_useMDLcorrection,DecisionTable_useIBk,PART_binarySplits,GreedyStepwise_conservativeForwardSelection,JRip_checkErrorRate,PART_minNumObj,SimpleCart_usePrune,JRip_minNo,PART_pruning,PART_confidenceFactorValue,J48_pruning,SimpleCart_numFoldsPruning,J48_doNotMakeSplitPointActualValue,J48_confidenceFactorValue,J48_binarySplits,JRip_optimizations,BestFirst_searchTermination,GreedyStepwise_searchBackwards,SimpleCart_heuristic,SimpleCart_minNumObj,PART_numFolds,J48_subtreeRaising,SimpleCart_useOneSE,J48_numFolds"
93,90,0.89752060,0.96202515,0.99751238,0.98830902,1.00000000,0006,0034,0035,0.00000000,"J48,SimpleCart,Aggregator,J48_collapseTree,SimpleCart_usePrune,J48_useLaplace,SimpleCart_minNumObj,J48_pruning,SimpleCart_heuristic,SimpleCart_numFoldsPruning,DecisionTable,JRip,DecisionTable_useIBk,DecisionTable_evaluationMeasure,J48_binarySplits,PART,JRip_usePruning,DecisionTable_crossVal,J48_doNotMakeSplitPointActualValue,J48_minNumObj,J48_subtreeRaising,PART_binarySplits,PART_pruning,PART_doNotMakeSplitPointActualValue,J48_useMDLcorrection,JRip_folds,J48_numFolds,J48_confidenceFactorValue,PART_minNumObj,DecisionTable_search,SimpleCart_useOneSE,JRip_minNo,JRip_checkErrorRate,PART_numFolds,GreedyStepwise_conservativeForwardSelection,PART_useMDLcorrection,JRip_optimizations,PART_confidenceFactorValue,BestFirst_searchTermination,GreedyStepwise_searchBackwards,BestFirst_direction"
94,90,0.90439654,0.96311060,0.99751238,0.98830902,1.00000000,0007,0035,0035,0.00000000,"SimpleCart,Aggregator,SimpleCart_usePrune,SimpleCart_useOneSE,PART,JRip,DecisionTable,DecisionTable_search,SimpleCart_numFoldsPruning,PART_pruning,JRip_checkErrorRate,DecisionTable_crossVal,SimpleCart_minNumObj,J48,SimpleCart_heuristic,PART_minNumObj,J48_minNumObj,GreedyStepwise_searchBackwards,GreedyStepwise_conservativeForwardSelection,J48_useLaplace,J48_binarySplits,PART_doNotMakeSplitPointActualValue,PART_useMDLcorrection,J48_collapseTree,PART_numFolds,PART_binarySplits,J48_doNotMakeSplitPointActualValue,JRip_usePruning,BestFirst_direction,BestFirst_searchTermination,DecisionTable_useIBk,DecisionTable_evaluationMeasure,J48_useMDLcorrection,JRip_minNo,JRip_optimizations,PART_confidenceFactorValue,JRip_folds,J48_pruning,J48_confidenceFactorValue,J48_numFolds,J48_subtreeRaising"
95,90,0.84267231,0.96324322,0.99751238,0.98830902,1.00000000,0007,0034,0035,0.00000000,"J48,J48_pruning,SimpleCart,JRip,J48_confidenceFactorValue,J48_subtreeRaising,JRip_checkErrorRate,Aggregator,J48_useMDLcorrection,J48_doNotMakeSplitPointActualValue,SimpleCart_usePrune,PART,JRip_minNo,J48_useLaplace,PART_binarySplits,J48_binarySplits,DecisionTable,J48_minNumObj,SimpleCart_numFoldsPruning,SimpleCart_minNumObj,J48_collapseTree,J48_numFolds,PART_pruning,JRip_usePruning,SimpleCart_heuristic,PART_minNumObj,DecisionTable_evaluationMeasure,JRip_folds,DecisionTable_search,SimpleCart_useOneSE,GreedyStepwise_conservativeForwardSelection,DecisionTable_useIBk,PART_useMDLcorrection,PART_numFolds,PART_doNotMakeSplitPointActualValue,DecisionTable_crossVal,PART_confidenceFactorValue,JRip_optimizations,BestFirst_direction,GreedyStepwise_searchBackwards,BestFirst_searchTermination"
96,90,0.90616377,0.96560874,0.99751238,0.98830902,1.00000000,0007,0034,0035,0.00000000,"Aggregator,PART,PART_binarySplits,PART_doNotMakeSplitPointActualValue,DecisionTable,JRip,SimpleCart,JRip_minNo,PART_pruning,SimpleCart_usePrune,SimpleCart_numFoldsPruning,PART_minNumObj,J48,DecisionTable_crossVal,J48_doNotMakeSplitPointActualValue,PART_useMDLcorrection,J48_binarySplits,SimpleCart_minNumObj,DecisionTable_evaluationMeasure,J48_pruning,J48_numFolds,SimpleCart_heuristic,JRip_usePruning,DecisionTable_search,PART_confidenceFactorValue,GreedyStepwise_searchBackwards,JRip_checkErrorRate,J48_useLaplace,J48_useMDLcorrection,J48_subtreeRaising,DecisionTable_useIBk,GreedyStepwise_conservativeForwardSelection,SimpleCart_useOneSE,PART_numFolds,J48_collapseTree,J48_minNumObj,JRip_folds,BestFirst_searchTermination,JRip_optimizations,J48_confidenceFactorValue,BestFirst_direction"
97,90,0.88908070,0.96246135,0.99751238,0.98830902,1.00000000,0007,0034,0035,0.00000000,"J48,DecisionTable,Aggregator,J48_binarySplits,J48_useLaplace,DecisionTable_crossVal,PART,DecisionTable_evaluationMeasure,J48_minNumObj,J48_pruning,SimpleCart,SimpleCart_heuristic,J48_confidenceFactorValue,J48_useMDLcorrection,JRip,J48_collapseTree,SimpleCart_minNumObj,PART_minNumObj,SimpleCart_usePrune,DecisionTable_search,J48_doNotMakeSplitPointActualValue,J48_numFolds,DecisionTable_useIBk,JRip_minNo,PART_pruning,PART_doNotMakeSplitPointActualValue,PART_useMDLcorrection,PART_binarySplits,SimpleCart_numFoldsPruning,PART_numFolds,GreedyStepwise_searchBackwards,GreedyStepwise_conservativeForwardSelection,J48_subtreeRaising,SimpleCart_useOneSE,BestFirst_direction,PART_confidenceFactorValue,JRip_usePruning,BestFirst_searchTermination,JRip_checkErrorRate,JRip_optimizations,JRip_folds"
98,90,0.91193719,0.96463987,0.99751238,0.98830902,1.00000000,0006,0034,0035,0.00000000,"Aggregator,SimpleCart,JRip,PART,DecisionTable,PART_useMDLcorrection,DecisionTable_useIBk,PART_minNumObj,JRip_minNo,J48,J48_binarySplits,PART_pruning,J48_pruning,JRip_usePruning,SimpleCart_heuristic,DecisionTable_search,J48_minNumObj,DecisionTable_crossVal,SimpleCart_usePrune,GreedyStepwise_searchBackwards,BestFirst_direction,GreedyStepwise_conservativeForwardSelection,JRip_folds,PART_confidenceFactorValue,PART_binarySplits,J48_numFolds,SimpleCart_minNumObj,J48_collapseTree,JRip_checkErrorRate,J48_useMDLcorrection,DecisionTable_evaluationMeasure,PART_doNotMakeSplitPointActualValue,J48_subtreeRaising,SimpleCart_numFoldsPruning,J48_doNotMakeSplitPointActualValue,J48_confidenceFactorValue,J48_useLaplace,SimpleCart_useOneSE,PART_numFolds,JRip_optimizations,BestFirst_searchTermination"
99,90,0.90979333,0.96497806,0.99835395,0.98040591,0.99104137,0005,0035,0035,0.00000000,"PART,Aggregator,PART_minNumObj,JRip,SimpleCart,DecisionTable,J48,JRip_usePruning,J48_doNotMakeSplitPointActualValue,DecisionTable_evaluationMeasure,DecisionTable_search,DecisionTable_crossVal,JRip_folds,PART_pruning,J48_minNumObj,J48_pruning,J48_binarySplits,SimpleCart_usePrune,PART_confidenceFactorValue,JRip_checkErrorRate,PART_doNotMakeSplitPointActualValue,J48_collapseTree,SimpleCart_minNumObj,PART_useMDLcorrection,GreedyStepwise_conservativeForwardSelection,PART_binarySplits,SimpleCart_heuristic,BestFirst_searchTermination,SimpleCart_numFoldsPruning,JRip_minNo,JRip_optimizations,J48_useLaplace,J48_subtreeRaising,J48_useMDLcorrection,GreedyStepwise_searchBackwards,DecisionTable_useIBk,PART_numFolds,BestFirst_direction,SimpleCart_useOneSE,J48_confidenceFactorValue,J48_numFolds"
