gen,nevals,min,median,max,currentGenBestValFitness,currentGenBestTestFitness,lap time (seconds),discarded individuals (including burn-in),GM connections,GM mean heuristic,sampling order
0,100,0.81081527,0.93703791,0.96729435,0.96904025,0.96195652,0039,0034,0035,0.00000000,"J48,Aggregator,J48_useLaplace,SimpleCart,J48_collapseTree,PART,J48_binarySplits,PART_doNotMakeSplitPointActualValue,JRip,SimpleCart_heuristic,PART_useMDLcorrection,J48_minNumObj,J48_useMDLcorrection,JRip_checkErrorRate,J48_pruning,DecisionTable,PART_binarySplits,JRip_usePruning,PART_minNumObj,SimpleCart_minNumObj,J48_confidenceFactorValue,J48_doNotMakeSplitPointActualValue,DecisionTable_crossVal,DecisionTable_evaluationMeasure,SimpleCart_usePrune,J48_subtreeRaising,PART_pruning,PART_numFolds,JRip_minNo,JRip_folds,J48_numFolds,DecisionTable_useIBk,DecisionTable_search,PART_confidenceFactorValue,SimpleCart_useOneSE,JRip_optimizations,SimpleCart_numFoldsPruning,GreedyStepwise_conservativeForwardSelection,GreedyStepwise_searchBackwards,BestFirst_direction,BestFirst_searchTermination"
1,90,0.84565048,0.94124479,0.96729435,0.96904025,0.96195652,0039,0034,0035,0.00000000,"PART,PART_pruning,PART_useMDLcorrection,JRip,JRip_usePruning,SimpleCart,J48,J48_useLaplace,PART_confidenceFactorValue,PART_numFolds,J48_pruning,J48_confidenceFactorValue,PART_binarySplits,SimpleCart_minNumObj,J48_collapseTree,PART_minNumObj,SimpleCart_heuristic,DecisionTable,J48_doNotMakeSplitPointActualValue,PART_doNotMakeSplitPointActualValue,DecisionTable_search,GreedyStepwise_searchBackwards,SimpleCart_usePrune,Aggregator,GreedyStepwise_conservativeForwardSelection,JRip_checkErrorRate,J48_minNumObj,J48_subtreeRaising,JRip_folds,J48_binarySplits,SimpleCart_numFoldsPruning,J48_useMDLcorrection,JRip_optimizations,JRip_minNo,DecisionTable_crossVal,BestFirst_searchTermination,DecisionTable_evaluationMeasure,J48_numFolds,DecisionTable_useIBk,SimpleCart_useOneSE,BestFirst_direction"
2,90,0.86298606,0.94437884,0.96729435,0.96904025,0.96195652,0035,0034,0035,0.00000000,"JRip,JRip_minNo,DecisionTable,SimpleCart,JRip_usePruning,DecisionTable_crossVal,J48,J48_binarySplits,Aggregator,JRip_optimizations,PART,J48_pruning,SimpleCart_usePrune,DecisionTable_useIBk,J48_useMDLcorrection,SimpleCart_numFoldsPruning,J48_doNotMakeSplitPointActualValue,PART_minNumObj,DecisionTable_evaluationMeasure,DecisionTable_search,GreedyStepwise_conservativeForwardSelection,J48_useLaplace,JRip_checkErrorRate,JRip_folds,SimpleCart_heuristic,J48_minNumObj,PART_binarySplits,J48_subtreeRaising,J48_numFolds,PART_doNotMakeSplitPointActualValue,BestFirst_direction,J48_collapseTree,PART_useMDLcorrection,SimpleCart_minNumObj,SimpleCart_useOneSE,J48_confidenceFactorValue,GreedyStepwise_searchBackwards,PART_pruning,BestFirst_searchTermination,PART_confidenceFactorValue,PART_numFolds"
3,90,0.86657250,0.94181684,0.96729435,0.96904025,0.96195652,0038,0034,0035,0.00000000,"Aggregator,JRip,SimpleCart,JRip_minNo,DecisionTable,DecisionTable_evaluationMeasure,J48,SimpleCart_minNumObj,DecisionTable_crossVal,J48_pruning,PART,PART_doNotMakeSplitPointActualValue,JRip_checkErrorRate,J48_doNotMakeSplitPointActualValue,J48_collapseTree,JRip_usePruning,SimpleCart_heuristic,J48_minNumObj,J48_confidenceFactorValue,PART_minNumObj,J48_binarySplits,PART_binarySplits,SimpleCart_usePrune,PART_useMDLcorrection,DecisionTable_search,J48_numFolds,J48_useLaplace,DecisionTable_useIBk,JRip_optimizations,J48_useMDLcorrection,J48_subtreeRaising,PART_pruning,SimpleCart_numFoldsPruning,JRip_folds,GreedyStepwise_searchBackwards,GreedyStepwise_conservativeForwardSelection,BestFirst_searchTermination,SimpleCart_useOneSE,BestFirst_direction,PART_confidenceFactorValue,PART_numFolds"
4,90,0.84285190,0.94212327,0.96729435,0.96904025,0.96195652,0060,0045,0074,0.46699003,"J48,DecisionTable,J48_pruning,PART_numFolds,J48_doNotMakeSplitPointActualValue,JRip_optimizations,PART,SimpleCart,J48_confidenceFactorValue,DecisionTable_useIBk,SimpleCart_heuristic,DecisionTable_search,PART_useMDLcorrection,J48_collapseTree,PART_pruning,PART_binarySplits,J48_minNumObj,DecisionTable_crossVal,GreedyStepwise_conservativeForwardSelection,PART_confidenceFactorValue,Aggregator,SimpleCart_usePrune,J48_useLaplace,J48_useMDLcorrection,SimpleCart_numFoldsPruning,BestFirst_searchTermination,SimpleCart_minNumObj,PART_minNumObj,J48_numFolds,SimpleCart_useOneSE,DecisionTable_evaluationMeasure,GreedyStepwise_searchBackwards,J48_binarySplits,JRip,BestFirst_direction,PART_doNotMakeSplitPointActualValue,JRip_minNo,J48_subtreeRaising,JRip_checkErrorRate,JRip_usePruning,JRip_folds"
5,90,0.85553825,0.94235496,0.97055652,0.95743034,0.96195652,0055,0034,0074,0.46699003,"J48,DecisionTable,J48_pruning,JRip_optimizations,PART,SimpleCart,DecisionTable_search,J48_useLaplace,J48_subtreeRaising,PART_binarySplits,DecisionTable_useIBk,BestFirst_searchTermination,BestFirst_direction,J48_useMDLcorrection,SimpleCart_heuristic,J48_collapseTree,J48_numFolds,J48_binarySplits,J48_doNotMakeSplitPointActualValue,SimpleCart_usePrune,SimpleCart_numFoldsPruning,SimpleCart_minNumObj,J48_confidenceFactorValue,DecisionTable_evaluationMeasure,J48_minNumObj,PART_minNumObj,PART_useMDLcorrection,PART_pruning,GreedyStepwise_searchBackwards,JRip,JRip_usePruning,SimpleCart_useOneSE,PART_doNotMakeSplitPointActualValue,PART_numFolds,JRip_folds,DecisionTable_crossVal,JRip_checkErrorRate,GreedyStepwise_conservativeForwardSelection,JRip_minNo,Aggregator,PART_confidenceFactorValue"
6,90,0.79698820,0.94520801,0.97055652,0.95743034,0.96195652,0076,0153,0074,0.46699003,"J48,DecisionTable,DecisionTable_search,BestFirst_searchTermination,BestFirst_direction,DecisionTable_crossVal,Aggregator,PART_confidenceFactorValue,J48_useMDLcorrection,SimpleCart_usePrune,J48_doNotMakeSplitPointActualValue,DecisionTable_useIBk,GreedyStepwise_conservativeForwardSelection,J48_useLaplace,J48_minNumObj,SimpleCart_useOneSE,GreedyStepwise_searchBackwards,J48_collapseTree,J48_pruning,J48_confidenceFactorValue,J48_numFolds,J48_binarySplits,SimpleCart_numFoldsPruning,DecisionTable_evaluationMeasure,JRip,JRip_minNo,J48_subtreeRaising,JRip_usePruning,JRip_optimizations,JRip_folds,PART,PART_useMDLcorrection,SimpleCart,PART_pruning,PART_numFolds,SimpleCart_heuristic,PART_minNumObj,SimpleCart_minNumObj,PART_doNotMakeSplitPointActualValue,PART_binarySplits,JRip_checkErrorRate"
7,90,0.81891168,0.94266697,0.97076013,0.95820433,0.93478261,0048,0066,0066,0.52550279,"DecisionTable,PART,DecisionTable_search,BestFirst_direction,GreedyStepwise_conservativeForwardSelection,GreedyStepwise_searchBackwards,PART_pruning,PART_numFolds,DecisionTable_useIBk,PART_useMDLcorrection,PART_doNotMakeSplitPointActualValue,PART_minNumObj,DecisionTable_crossVal,PART_binarySplits,PART_confidenceFactorValue,BestFirst_searchTermination,Aggregator,DecisionTable_evaluationMeasure,JRip_usePruning,JRip_optimizations,JRip_folds,J48_minNumObj,SimpleCart_numFoldsPruning,J48_numFolds,SimpleCart,JRip,JRip_checkErrorRate,SimpleCart_heuristic,J48,J48_binarySplits,J48_doNotMakeSplitPointActualValue,J48_useLaplace,J48_useMDLcorrection,J48_pruning,J48_confidenceFactorValue,JRip_minNo,J48_collapseTree,J48_subtreeRaising,SimpleCart_minNumObj,SimpleCart_usePrune,SimpleCart_useOneSE"
8,90,0.84618830,0.94335529,0.97091181,0.95743034,0.92753623,0047,0056,0066,0.52550279,"DecisionTable,PART,DecisionTable_search,GreedyStepwise_conservativeForwardSelection,GreedyStepwise_searchBackwards,BestFirst_direction,BestFirst_searchTermination,Aggregator,PART_minNumObj,DecisionTable_crossVal,DecisionTable_evaluationMeasure,PART_doNotMakeSplitPointActualValue,PART_pruning,PART_numFolds,PART_confidenceFactorValue,PART_useMDLcorrection,PART_binarySplits,DecisionTable_useIBk,JRip_usePruning,JRip_folds,JRip_optimizations,J48_minNumObj,SimpleCart_numFoldsPruning,J48_binarySplits,J48_doNotMakeSplitPointActualValue,J48_numFolds,SimpleCart,SimpleCart_heuristic,JRip,JRip_checkErrorRate,J48,J48_useLaplace,J48_useMDLcorrection,SimpleCart_minNumObj,SimpleCart_usePrune,SimpleCart_useOneSE,J48_collapseTree,JRip_minNo,J48_pruning,J48_confidenceFactorValue,J48_subtreeRaising"
9,90,0.84765727,0.94416978,0.97091181,0.95743034,0.92753623,0059,0049,0066,0.52550279,"DecisionTable,PART,DecisionTable_evaluationMeasure,PART_doNotMakeSplitPointActualValue,DecisionTable_crossVal,PART_minNumObj,DecisionTable_search,BestFirst_direction,GreedyStepwise_conservativeForwardSelection,GreedyStepwise_searchBackwards,BestFirst_searchTermination,Aggregator,DecisionTable_useIBk,PART_binarySplits,PART_pruning,PART_numFolds,PART_confidenceFactorValue,PART_useMDLcorrection,J48_minNumObj,JRip_usePruning,JRip_folds,JRip_optimizations,J48_numFolds,JRip,SimpleCart,JRip_checkErrorRate,SimpleCart_heuristic,J48,J48_useMDLcorrection,J48_useLaplace,JRip_minNo,J48_collapseTree,J48_pruning,J48_confidenceFactorValue,J48_subtreeRaising,SimpleCart_minNumObj,SimpleCart_usePrune,SimpleCart_useOneSE,SimpleCart_numFoldsPruning,J48_binarySplits,J48_doNotMakeSplitPointActualValue"
10,90,0.84944407,0.94167941,0.97091181,0.95743034,0.92753623,0046,0034,0060,0.57550817,"DecisionTable,SimpleCart,DecisionTable_search,DecisionTable_evaluationMeasure,GreedyStepwise_searchBackwards,PART,GreedyStepwise_conservativeForwardSelection,Aggregator,BestFirst_direction,PART_useMDLcorrection,BestFirst_searchTermination,DecisionTable_useIBk,PART_doNotMakeSplitPointActualValue,PART_minNumObj,DecisionTable_crossVal,SimpleCart_usePrune,SimpleCart_useOneSE,SimpleCart_numFoldsPruning,JRip,PART_pruning,SimpleCart_minNumObj,J48,J48_useLaplace,J48_pruning,J48_collapseTree,J48_doNotMakeSplitPointActualValue,PART_numFolds,J48_binarySplits,J48_subtreeRaising,J48_confidenceFactorValue,J48_numFolds,JRip_usePruning,JRip_optimizations,JRip_folds,J48_useMDLcorrection,JRip_minNo,PART_confidenceFactorValue,JRip_checkErrorRate,J48_minNumObj,SimpleCart_heuristic,PART_binarySplits"
11,90,0.89554352,0.94233636,0.97091181,0.95743034,0.92753623,0045,0034,0060,0.57550817,"SimpleCart,Aggregator,PART,DecisionTable,DecisionTable_evaluationMeasure,DecisionTable_search,GreedyStepwise_searchBackwards,BestFirst_direction,GreedyStepwise_conservativeForwardSelection,BestFirst_searchTermination,PART_pruning,PART_numFolds,SimpleCart_minNumObj,SimpleCart_usePrune,PART_useMDLcorrection,PART_minNumObj,DecisionTable_useIBk,SimpleCart_numFoldsPruning,DecisionTable_crossVal,JRip,J48,J48_useLaplace,J48_collapseTree,SimpleCart_useOneSE,J48_doNotMakeSplitPointActualValue,J48_binarySplits,J48_pruning,J48_subtreeRaising,PART_doNotMakeSplitPointActualValue,J48_confidenceFactorValue,J48_numFolds,JRip_usePruning,JRip_optimizations,JRip_folds,JRip_minNo,J48_minNumObj,PART_confidenceFactorValue,SimpleCart_heuristic,JRip_checkErrorRate,J48_useMDLcorrection,PART_binarySplits"
12,90,0.85787775,0.94054972,0.97264620,0.97755418,0.94746377,0048,0053,0060,0.57550817,"PART,SimpleCart,DecisionTable,Aggregator,DecisionTable_evaluationMeasure,DecisionTable_search,GreedyStepwise_searchBackwards,BestFirst_direction,GreedyStepwise_conservativeForwardSelection,J48_confidenceFactorValue,JRip_optimizations,PART_numFolds,J48_subtreeRaising,J48_numFolds,JRip_folds,J48_collapseTree,SimpleCart_usePrune,DecisionTable_crossVal,SimpleCart_numFoldsPruning,SimpleCart_minNumObj,JRip,SimpleCart_useOneSE,BestFirst_searchTermination,J48,PART_minNumObj,J48_useLaplace,PART_useMDLcorrection,PART_doNotMakeSplitPointActualValue,J48_binarySplits,J48_pruning,PART_pruning,J48_doNotMakeSplitPointActualValue,SimpleCart_heuristic,J48_useMDLcorrection,PART_confidenceFactorValue,JRip_checkErrorRate,PART_binarySplits,DecisionTable_useIBk,JRip_minNo,JRip_usePruning,J48_minNumObj"
13,90,0.84568063,0.93927011,0.97264620,0.97755418,0.94746377,0053,0034,0049,0.42261435,"Aggregator,PART,SimpleCart,PART_doNotMakeSplitPointActualValue,PART_useMDLcorrection,PART_minNumObj,PART_pruning,PART_binarySplits,DecisionTable,PART_numFolds,DecisionTable_evaluationMeasure,DecisionTable_search,GreedyStepwise_conservativeForwardSelection,DecisionTable_useIBk,PART_confidenceFactorValue,GreedyStepwise_searchBackwards,BestFirst_direction,SimpleCart_heuristic,J48,J48_useLaplace,J48_minNumObj,J48_doNotMakeSplitPointActualValue,SimpleCart_minNumObj,J48_collapseTree,BestFirst_searchTermination,SimpleCart_usePrune,J48_pruning,J48_subtreeRaising,J48_binarySplits,SimpleCart_useOneSE,J48_useMDLcorrection,JRip,J48_confidenceFactorValue,J48_numFolds,SimpleCart_numFoldsPruning,JRip_usePruning,JRip_checkErrorRate,JRip_minNo,JRip_optimizations,DecisionTable_crossVal,JRip_folds"
14,90,0.90677417,0.93710336,0.97264620,0.97755418,0.94746377,0042,0075,0049,0.42261435,"SimpleCart,Aggregator,DecisionTable,PART,DecisionTable_search,PART_useMDLcorrection,GreedyStepwise_searchBackwards,BestFirst_direction,PART_binarySplits,DecisionTable_evaluationMeasure,PART_minNumObj,GreedyStepwise_conservativeForwardSelection,DecisionTable_useIBk,PART_doNotMakeSplitPointActualValue,PART_pruning,PART_numFolds,PART_confidenceFactorValue,JRip_folds,SimpleCart_useOneSE,JRip_checkErrorRate,J48_confidenceFactorValue,J48_doNotMakeSplitPointActualValue,JRip_minNo,JRip_optimizations,J48_subtreeRaising,J48_numFolds,J48_useLaplace,SimpleCart_heuristic,J48,J48_minNumObj,SimpleCart_minNumObj,SimpleCart_usePrune,J48_pruning,J48_collapseTree,J48_binarySplits,J48_useMDLcorrection,JRip,SimpleCart_numFoldsPruning,JRip_usePruning,DecisionTable_crossVal,BestFirst_searchTermination"
15,90,0.84017888,0.93848125,0.97264620,0.97755418,0.94746377,0052,0034,0049,0.42261435,"Aggregator,SimpleCart,DecisionTable,DecisionTable_evaluationMeasure,DecisionTable_search,PART,DecisionTable_useIBk,PART_doNotMakeSplitPointActualValue,GreedyStepwise_searchBackwards,PART_pruning,GreedyStepwise_conservativeForwardSelection,BestFirst_direction,PART_binarySplits,PART_useMDLcorrection,PART_minNumObj,PART_confidenceFactorValue,PART_numFolds,SimpleCart_usePrune,JRip,SimpleCart_useOneSE,JRip_usePruning,JRip_minNo,JRip_checkErrorRate,JRip_folds,JRip_optimizations,DecisionTable_crossVal,BestFirst_searchTermination,SimpleCart_minNumObj,SimpleCart_heuristic,J48,J48_pruning,J48_numFolds,J48_doNotMakeSplitPointActualValue,J48_collapseTree,J48_subtreeRaising,J48_useMDLcorrection,J48_minNumObj,J48_confidenceFactorValue,J48_useLaplace,J48_binarySplits,SimpleCart_numFoldsPruning"
16,90,0.79309963,0.93846738,0.97264620,0.97755418,0.94746377,0039,0034,0035,0.00000000,"Aggregator,SimpleCart,PART,PART_doNotMakeSplitPointActualValue,PART_binarySplits,SimpleCart_heuristic,J48,SimpleCart_usePrune,J48_useLaplace,PART_useMDLcorrection,JRip,DecisionTable,JRip_minNo,SimpleCart_useOneSE,JRip_checkErrorRate,J48_pruning,J48_doNotMakeSplitPointActualValue,J48_subtreeRaising,PART_minNumObj,JRip_usePruning,J48_minNumObj,SimpleCart_minNumObj,J48_binarySplits,JRip_optimizations,DecisionTable_crossVal,SimpleCart_numFoldsPruning,PART_pruning,PART_numFolds,J48_useMDLcorrection,DecisionTable_search,DecisionTable_useIBk,J48_collapseTree,DecisionTable_evaluationMeasure,J48_numFolds,GreedyStepwise_conservativeForwardSelection,PART_confidenceFactorValue,JRip_folds,J48_confidenceFactorValue,BestFirst_searchTermination,GreedyStepwise_searchBackwards,BestFirst_direction"
17,90,0.88653337,0.94017036,0.97264620,0.97755418,0.94746377,0042,0034,0035,0.00000000,"JRip,JRip_checkErrorRate,SimpleCart,SimpleCart_heuristic,JRip_minNo,PART,PART_minNumObj,JRip_usePruning,DecisionTable,PART_pruning,SimpleCart_usePrune,J48,PART_doNotMakeSplitPointActualValue,J48_collapseTree,DecisionTable_search,Aggregator,SimpleCart_numFoldsPruning,J48_useLaplace,PART_confidenceFactorValue,J48_pruning,PART_useMDLcorrection,DecisionTable_evaluationMeasure,JRip_folds,DecisionTable_useIBk,J48_subtreeRaising,GreedyStepwise_conservativeForwardSelection,SimpleCart_minNumObj,JRip_optimizations,J48_useMDLcorrection,BestFirst_searchTermination,J48_minNumObj,DecisionTable_crossVal,PART_binarySplits,J48_binarySplits,PART_numFolds,SimpleCart_useOneSE,GreedyStepwise_searchBackwards,J48_numFolds,BestFirst_direction,J48_doNotMakeSplitPointActualValue,J48_confidenceFactorValue"
18,90,0.85187258,0.93890348,0.97264620,0.97755418,0.94746377,0049,0034,0035,0.00000000,"Aggregator,J48,SimpleCart,J48_minNumObj,J48_useLaplace,J48_pruning,J48_binarySplits,DecisionTable,J48_doNotMakeSplitPointActualValue,SimpleCart_usePrune,SimpleCart_heuristic,DecisionTable_crossVal,PART,J48_useMDLcorrection,J48_collapseTree,JRip,JRip_minNo,JRip_checkErrorRate,J48_confidenceFactorValue,DecisionTable_evaluationMeasure,SimpleCart_minNumObj,PART_doNotMakeSplitPointActualValue,PART_binarySplits,SimpleCart_numFoldsPruning,DecisionTable_search,J48_numFolds,BestFirst_direction,DecisionTable_useIBk,J48_subtreeRaising,SimpleCart_useOneSE,BestFirst_searchTermination,PART_useMDLcorrection,PART_minNumObj,PART_pruning,JRip_usePruning,GreedyStepwise_searchBackwards,GreedyStepwise_conservativeForwardSelection,JRip_folds,PART_numFolds,PART_confidenceFactorValue,JRip_optimizations"
19,90,0.87494147,0.94169561,0.97264620,0.97755418,0.94746377,0045,0034,0035,0.00000000,"J48,PART,J48_pruning,J48_doNotMakeSplitPointActualValue,J48_useMDLcorrection,J48_confidenceFactorValue,J48_minNumObj,PART_useMDLcorrection,J48_numFolds,J48_binarySplits,J48_subtreeRaising,SimpleCart,DecisionTable,SimpleCart_usePrune,DecisionTable_search,GreedyStepwise_searchBackwards,PART_pruning,PART_doNotMakeSplitPointActualValue,DecisionTable_useIBk,Aggregator,SimpleCart_useOneSE,BestFirst_searchTermination,PART_minNumObj,JRip,J48_useLaplace,BestFirst_direction,DecisionTable_crossVal,PART_numFolds,J48_collapseTree,PART_binarySplits,PART_confidenceFactorValue,SimpleCart_numFoldsPruning,SimpleCart_heuristic,JRip_checkErrorRate,DecisionTable_evaluationMeasure,SimpleCart_minNumObj,JRip_usePruning,JRip_minNo,GreedyStepwise_conservativeForwardSelection,JRip_optimizations,JRip_folds"
20,90,0.86713784,0.93718366,0.97264620,0.97755418,0.94746377,0043,0034,0035,0.00000000,"JRip,J48,Aggregator,DecisionTable,JRip_minNo,J48_useLaplace,JRip_usePruning,J48_useMDLcorrection,J48_binarySplits,J48_collapseTree,JRip_checkErrorRate,PART,SimpleCart,SimpleCart_minNumObj,SimpleCart_usePrune,J48_minNumObj,J48_doNotMakeSplitPointActualValue,DecisionTable_search,J48_pruning,SimpleCart_useOneSE,DecisionTable_useIBk,DecisionTable_crossVal,PART_useMDLcorrection,JRip_folds,JRip_optimizations,PART_binarySplits,J48_subtreeRaising,DecisionTable_evaluationMeasure,PART_pruning,BestFirst_searchTermination,GreedyStepwise_searchBackwards,BestFirst_direction,SimpleCart_numFoldsPruning,PART_doNotMakeSplitPointActualValue,J48_numFolds,SimpleCart_heuristic,PART_minNumObj,J48_confidenceFactorValue,PART_numFolds,PART_confidenceFactorValue,GreedyStepwise_conservativeForwardSelection"
21,90,0.82751204,0.94096311,0.97264620,0.97755418,0.94746377,0052,0034,0035,0.00000000,"J48,PART,J48_pruning,J48_confidenceFactorValue,J48_useLaplace,DecisionTable,J48_useMDLcorrection,PART_useMDLcorrection,PART_pruning,J48_subtreeRaising,SimpleCart,DecisionTable_evaluationMeasure,PART_confidenceFactorValue,Aggregator,PART_doNotMakeSplitPointActualValue,SimpleCart_minNumObj,JRip,PART_minNumObj,J48_collapseTree,SimpleCart_usePrune,PART_numFolds,JRip_usePruning,PART_binarySplits,DecisionTable_crossVal,J48_minNumObj,DecisionTable_useIBk,J48_doNotMakeSplitPointActualValue,SimpleCart_heuristic,SimpleCart_useOneSE,J48_binarySplits,J48_numFolds,JRip_checkErrorRate,SimpleCart_numFoldsPruning,DecisionTable_search,JRip_minNo,BestFirst_searchTermination,BestFirst_direction,JRip_optimizations,GreedyStepwise_conservativeForwardSelection,JRip_folds,GreedyStepwise_searchBackwards"
22,90,0.84373065,0.94117795,0.97264620,0.97755418,0.94746377,0045,0034,0035,0.00000000,"PART,Aggregator,J48,PART_doNotMakeSplitPointActualValue,JRip,JRip_usePruning,JRip_checkErrorRate,JRip_folds,J48_useMDLcorrection,DecisionTable,PART_useMDLcorrection,J48_binarySplits,J48_collapseTree,J48_minNumObj,J48_useLaplace,DecisionTable_crossVal,J48_doNotMakeSplitPointActualValue,DecisionTable_evaluationMeasure,SimpleCart,SimpleCart_minNumObj,PART_minNumObj,DecisionTable_search,JRip_minNo,JRip_optimizations,PART_binarySplits,PART_pruning,PART_numFolds,J48_pruning,DecisionTable_useIBk,SimpleCart_usePrune,J48_subtreeRaising,J48_confidenceFactorValue,GreedyStepwise_searchBackwards,SimpleCart_heuristic,SimpleCart_useOneSE,SimpleCart_numFoldsPruning,BestFirst_direction,BestFirst_searchTermination,J48_numFolds,PART_confidenceFactorValue,GreedyStepwise_conservativeForwardSelection"
23,90,0.81509207,0.94162904,0.97264620,0.97755418,0.94746377,0040,0034,0035,0.00000000,"J48,SimpleCart,J48_minNumObj,J48_pruning,J48_collapseTree,J48_useMDLcorrection,SimpleCart_minNumObj,J48_useLaplace,J48_doNotMakeSplitPointActualValue,SimpleCart_heuristic,PART,JRip,DecisionTable,PART_doNotMakeSplitPointActualValue,PART_useMDLcorrection,SimpleCart_usePrune,J48_confidenceFactorValue,JRip_usePruning,J48_binarySplits,PART_minNumObj,Aggregator,J48_subtreeRaising,J48_numFolds,JRip_folds,DecisionTable_search,PART_pruning,JRip_minNo,DecisionTable_crossVal,JRip_checkErrorRate,PART_numFolds,BestFirst_direction,SimpleCart_useOneSE,PART_confidenceFactorValue,DecisionTable_evaluationMeasure,DecisionTable_useIBk,PART_binarySplits,SimpleCart_numFoldsPruning,JRip_optimizations,GreedyStepwise_searchBackwards,BestFirst_searchTermination,GreedyStepwise_conservativeForwardSelection"
24,90,0.87730994,0.93910340,0.97264620,0.97755418,0.94746377,0062,0034,0035,0.00000000,"PART,J48,J48_pruning,J48_numFolds,PART_binarySplits,J48_useLaplace,PART_useMDLcorrection,J48_collapseTree,PART_pruning,Aggregator,J48_useMDLcorrection,DecisionTable,PART_doNotMakeSplitPointActualValue,SimpleCart,DecisionTable_evaluationMeasure,J48_doNotMakeSplitPointActualValue,J48_binarySplits,DecisionTable_crossVal,PART_minNumObj,JRip,JRip_minNo,J48_confidenceFactorValue,PART_numFolds,PART_confidenceFactorValue,DecisionTable_useIBk,J48_minNumObj,DecisionTable_search,J48_subtreeRaising,BestFirst_direction,BestFirst_searchTermination,GreedyStepwise_conservativeForwardSelection,SimpleCart_usePrune,JRip_checkErrorRate,GreedyStepwise_searchBackwards,SimpleCart_minNumObj,SimpleCart_heuristic,SimpleCart_useOneSE,JRip_usePruning,JRip_folds,SimpleCart_numFoldsPruning,JRip_optimizations"
25,90,0.75241422,0.93789707,0.97264620,0.97755418,0.94746377,0051,0034,0035,0.00000000,"Aggregator,PART,PART_pruning,PART_binarySplits,PART_confidenceFactorValue,J48,DecisionTable,SimpleCart,SimpleCart_heuristic,JRip,DecisionTable_crossVal,PART_minNumObj,J48_useMDLcorrection,PART_doNotMakeSplitPointActualValue,SimpleCart_usePrune,J48_pruning,J48_useLaplace,J48_confidenceFactorValue,J48_doNotMakeSplitPointActualValue,J48_collapseTree,DecisionTable_evaluationMeasure,DecisionTable_useIBk,JRip_usePruning,PART_useMDLcorrection,JRip_minNo,PART_numFolds,DecisionTable_search,BestFirst_direction,JRip_folds,J48_minNumObj,J48_binarySplits,SimpleCart_minNumObj,JRip_checkErrorRate,SimpleCart_useOneSE,J48_subtreeRaising,J48_numFolds,SimpleCart_numFoldsPruning,JRip_optimizations,GreedyStepwise_searchBackwards,BestFirst_searchTermination,GreedyStepwise_conservativeForwardSelection"
26,90,0.83501403,0.94028167,0.97264620,0.97755418,0.94746377,0046,0034,0035,0.00000000,"DecisionTable,DecisionTable_search,GreedyStepwise_conservativeForwardSelection,DecisionTable_useIBk,J48,BestFirst_searchTermination,JRip,DecisionTable_evaluationMeasure,BestFirst_direction,JRip_checkErrorRate,PART,J48_pruning,Aggregator,J48_confidenceFactorValue,SimpleCart,J48_minNumObj,J48_useLaplace,DecisionTable_crossVal,GreedyStepwise_searchBackwards,J48_collapseTree,J48_numFolds,PART_useMDLcorrection,PART_doNotMakeSplitPointActualValue,PART_pruning,SimpleCart_minNumObj,JRip_minNo,J48_binarySplits,J48_subtreeRaising,PART_minNumObj,SimpleCart_heuristic,J48_doNotMakeSplitPointActualValue,J48_useMDLcorrection,PART_binarySplits,JRip_usePruning,PART_numFolds,SimpleCart_usePrune,JRip_optimizations,JRip_folds,PART_confidenceFactorValue,SimpleCart_useOneSE,SimpleCart_numFoldsPruning"
27,90,0.89893812,0.93799280,0.97264620,0.97755418,0.94746377,0046,0034,0035,0.00000000,"JRip,J48,J48_binarySplits,PART,J48_minNumObj,PART_doNotMakeSplitPointActualValue,J48_useMDLcorrection,PART_binarySplits,SimpleCart,Aggregator,SimpleCart_heuristic,PART_minNumObj,DecisionTable,J48_pruning,J48_useLaplace,PART_useMDLcorrection,JRip_checkErrorRate,J48_doNotMakeSplitPointActualValue,J48_collapseTree,JRip_minNo,JRip_usePruning,PART_pruning,J48_subtreeRaising,J48_confidenceFactorValue,SimpleCart_usePrune,SimpleCart_numFoldsPruning,DecisionTable_useIBk,J48_numFolds,JRip_optimizations,SimpleCart_minNumObj,JRip_folds,DecisionTable_evaluationMeasure,DecisionTable_search,BestFirst_direction,DecisionTable_crossVal,BestFirst_searchTermination,PART_confidenceFactorValue,PART_numFolds,SimpleCart_useOneSE,GreedyStepwise_conservativeForwardSelection,GreedyStepwise_searchBackwards"
28,90,0.90390921,0.94107075,0.97264620,0.97755418,0.94746377,0045,0034,0035,0.00000000,"DecisionTable,DecisionTable_search,J48,J48_pruning,GreedyStepwise_searchBackwards,J48_collapseTree,J48_binarySplits,J48_doNotMakeSplitPointActualValue,SimpleCart,J48_confidenceFactorValue,GreedyStepwise_conservativeForwardSelection,SimpleCart_heuristic,J48_minNumObj,SimpleCart_minNumObj,JRip,DecisionTable_useIBk,PART,SimpleCart_usePrune,Aggregator,J48_useMDLcorrection,DecisionTable_evaluationMeasure,SimpleCart_useOneSE,BestFirst_searchTermination,SimpleCart_numFoldsPruning,J48_numFolds,J48_subtreeRaising,DecisionTable_crossVal,PART_minNumObj,BestFirst_direction,PART_useMDLcorrection,J48_useLaplace,PART_doNotMakeSplitPointActualValue,JRip_minNo,JRip_checkErrorRate,JRip_usePruning,PART_pruning,PART_binarySplits,PART_confidenceFactorValue,JRip_folds,JRip_optimizations,PART_numFolds"
29,90,0.83943058,0.94034889,0.97264620,0.97755418,0.94746377,0053,0034,0035,0.00000000,"PART,PART_binarySplits,SimpleCart,SimpleCart_heuristic,DecisionTable,JRip,DecisionTable_evaluationMeasure,SimpleCart_minNumObj,DecisionTable_crossVal,SimpleCart_usePrune,DecisionTable_useIBk,PART_useMDLcorrection,J48,J48_collapseTree,J48_pruning,J48_useMDLcorrection,J48_doNotMakeSplitPointActualValue,SimpleCart_numFoldsPruning,DecisionTable_search,JRip_minNo,Aggregator,J48_binarySplits,J48_confidenceFactorValue,PART_doNotMakeSplitPointActualValue,PART_minNumObj,GreedyStepwise_searchBackwards,J48_numFolds,JRip_checkErrorRate,J48_subtreeRaising,JRip_usePruning,PART_pruning,SimpleCart_useOneSE,BestFirst_searchTermination,PART_confidenceFactorValue,J48_minNumObj,J48_useLaplace,GreedyStepwise_conservativeForwardSelection,BestFirst_direction,JRip_optimizations,PART_numFolds,JRip_folds"
30,90,0.82455528,0.93981903,0.97264620,0.97755418,0.94746377,0045,0034,0035,0.00000000,"DecisionTable,SimpleCart,J48,DecisionTable_crossVal,J48_useLaplace,DecisionTable_search,Aggregator,JRip,JRip_minNo,J48_minNumObj,DecisionTable_evaluationMeasure,DecisionTable_useIBk,JRip_usePruning,J48_collapseTree,JRip_optimizations,JRip_folds,J48_pruning,J48_useMDLcorrection,SimpleCart_usePrune,JRip_checkErrorRate,GreedyStepwise_conservativeForwardSelection,SimpleCart_heuristic,PART,SimpleCart_minNumObj,PART_binarySplits,J48_confidenceFactorValue,J48_binarySplits,GreedyStepwise_searchBackwards,J48_doNotMakeSplitPointActualValue,BestFirst_direction,BestFirst_searchTermination,J48_subtreeRaising,SimpleCart_useOneSE,PART_minNumObj,J48_numFolds,PART_doNotMakeSplitPointActualValue,SimpleCart_numFoldsPruning,PART_pruning,PART_useMDLcorrection,PART_confidenceFactorValue,PART_numFolds"
31,90,0.81957172,0.93996831,0.97264620,0.97755418,0.94746377,0047,0034,0035,0.00000000,"JRip,J48,SimpleCart,J48_collapseTree,SimpleCart_usePrune,PART,JRip_minNo,JRip_checkErrorRate,J48_pruning,JRip_usePruning,PART_doNotMakeSplitPointActualValue,J48_useMDLcorrection,J48_confidenceFactorValue,Aggregator,SimpleCart_minNumObj,DecisionTable,J48_minNumObj,PART_useMDLcorrection,J48_useLaplace,JRip_optimizations,SimpleCart_heuristic,J48_numFolds,PART_binarySplits,SimpleCart_useOneSE,J48_binarySplits,J48_doNotMakeSplitPointActualValue,SimpleCart_numFoldsPruning,PART_minNumObj,PART_pruning,DecisionTable_evaluationMeasure,DecisionTable_search,J48_subtreeRaising,JRip_folds,DecisionTable_useIBk,GreedyStepwise_searchBackwards,DecisionTable_crossVal,GreedyStepwise_conservativeForwardSelection,PART_numFolds,PART_confidenceFactorValue,BestFirst_direction,BestFirst_searchTermination"
32,90,0.84967476,0.93831801,0.97264620,0.97755418,0.94746377,0045,0034,0035,0.00000000,"SimpleCart,Aggregator,DecisionTable,JRip,J48,PART,PART_binarySplits,PART_pruning,J48_minNumObj,PART_confidenceFactorValue,SimpleCart_heuristic,J48_useLaplace,DecisionTable_crossVal,J48_binarySplits,J48_doNotMakeSplitPointActualValue,SimpleCart_usePrune,SimpleCart_numFoldsPruning,DecisionTable_useIBk,PART_numFolds,DecisionTable_evaluationMeasure,JRip_checkErrorRate,JRip_usePruning,DecisionTable_search,SimpleCart_minNumObj,J48_pruning,PART_minNumObj,J48_collapseTree,JRip_minNo,SimpleCart_useOneSE,J48_useMDLcorrection,PART_useMDLcorrection,PART_doNotMakeSplitPointActualValue,BestFirst_direction,J48_confidenceFactorValue,BestFirst_searchTermination,J48_numFolds,J48_subtreeRaising,JRip_folds,GreedyStepwise_searchBackwards,JRip_optimizations,GreedyStepwise_conservativeForwardSelection"
33,90,0.75934200,0.94003655,0.97264620,0.97755418,0.94746377,0050,0034,0035,0.00000000,"PART,PART_binarySplits,PART_pruning,PART_minNumObj,JRip,PART_numFolds,Aggregator,PART_doNotMakeSplitPointActualValue,JRip_minNo,JRip_usePruning,J48,SimpleCart,PART_useMDLcorrection,DecisionTable,J48_pruning,JRip_checkErrorRate,J48_subtreeRaising,PART_confidenceFactorValue,J48_collapseTree,DecisionTable_search,J48_useMDLcorrection,J48_useLaplace,JRip_folds,J48_minNumObj,DecisionTable_evaluationMeasure,BestFirst_searchTermination,J48_numFolds,SimpleCart_heuristic,J48_doNotMakeSplitPointActualValue,GreedyStepwise_conservativeForwardSelection,BestFirst_direction,J48_confidenceFactorValue,JRip_optimizations,J48_binarySplits,GreedyStepwise_searchBackwards,DecisionTable_useIBk,DecisionTable_crossVal,SimpleCart_minNumObj,SimpleCart_usePrune,SimpleCart_useOneSE,SimpleCart_numFoldsPruning"
34,90,0.84888384,0.94104822,0.97264620,0.97755418,0.94746377,0045,0034,0035,0.00000000,"J48,PART,Aggregator,DecisionTable,J48_minNumObj,JRip,SimpleCart,SimpleCart_heuristic,PART_binarySplits,DecisionTable_useIBk,DecisionTable_crossVal,J48_binarySplits,DecisionTable_search,SimpleCart_minNumObj,JRip_checkErrorRate,J48_useLaplace,DecisionTable_evaluationMeasure,PART_pruning,J48_useMDLcorrection,PART_doNotMakeSplitPointActualValue,SimpleCart_usePrune,PART_numFolds,PART_minNumObj,GreedyStepwise_conservativeForwardSelection,J48_doNotMakeSplitPointActualValue,J48_collapseTree,PART_useMDLcorrection,J48_pruning,JRip_usePruning,BestFirst_searchTermination,JRip_minNo,BestFirst_direction,J48_confidenceFactorValue,SimpleCart_useOneSE,GreedyStepwise_searchBackwards,PART_confidenceFactorValue,J48_subtreeRaising,SimpleCart_numFoldsPruning,JRip_folds,JRip_optimizations,J48_numFolds"
35,90,0.85228984,0.93775324,0.97264620,0.97755418,0.94746377,0048,0034,0035,0.00000000,"PART,Aggregator,JRip,PART_useMDLcorrection,PART_binarySplits,PART_doNotMakeSplitPointActualValue,DecisionTable,J48,JRip_checkErrorRate,PART_minNumObj,JRip_usePruning,JRip_minNo,DecisionTable_useIBk,J48_collapseTree,J48_doNotMakeSplitPointActualValue,PART_pruning,J48_useLaplace,PART_confidenceFactorValue,SimpleCart,JRip_optimizations,J48_useMDLcorrection,J48_minNumObj,J48_binarySplits,J48_pruning,PART_numFolds,SimpleCart_usePrune,J48_subtreeRaising,DecisionTable_evaluationMeasure,DecisionTable_search,DecisionTable_crossVal,SimpleCart_minNumObj,JRip_folds,J48_confidenceFactorValue,GreedyStepwise_searchBackwards,SimpleCart_heuristic,BestFirst_searchTermination,J48_numFolds,SimpleCart_numFoldsPruning,SimpleCart_useOneSE,BestFirst_direction,GreedyStepwise_conservativeForwardSelection"
36,90,0.83601033,0.93986619,0.97264620,0.97755418,0.94746377,0049,0034,0035,0.00000000,"SimpleCart,Aggregator,SimpleCart_minNumObj,SimpleCart_usePrune,DecisionTable,J48,JRip,J48_collapseTree,DecisionTable_crossVal,J48_useLaplace,PART,SimpleCart_numFoldsPruning,SimpleCart_useOneSE,DecisionTable_evaluationMeasure,DecisionTable_search,J48_doNotMakeSplitPointActualValue,BestFirst_searchTermination,GreedyStepwise_searchBackwards,PART_doNotMakeSplitPointActualValue,DecisionTable_useIBk,JRip_usePruning,SimpleCart_heuristic,PART_pruning,JRip_checkErrorRate,JRip_folds,PART_useMDLcorrection,J48_pruning,J48_binarySplits,PART_binarySplits,GreedyStepwise_conservativeForwardSelection,J48_confidenceFactorValue,J48_minNumObj,PART_numFolds,JRip_minNo,PART_minNumObj,JRip_optimizations,J48_useMDLcorrection,BestFirst_direction,J48_subtreeRaising,J48_numFolds,PART_confidenceFactorValue"
37,90,0.81972351,0.93826867,0.97264620,0.97755418,0.94746377,0040,0034,0035,0.00000000,"J48,J48_pruning,J48_doNotMakeSplitPointActualValue,J48_binarySplits,J48_numFolds,SimpleCart,J48_minNumObj,Aggregator,JRip,PART,PART_pruning,J48_collapseTree,SimpleCart_minNumObj,J48_useMDLcorrection,PART_minNumObj,DecisionTable,J48_useLaplace,J48_subtreeRaising,DecisionTable_crossVal,JRip_usePruning,DecisionTable_evaluationMeasure,SimpleCart_heuristic,JRip_minNo,PART_doNotMakeSplitPointActualValue,PART_confidenceFactorValue,SimpleCart_usePrune,PART_numFolds,J48_confidenceFactorValue,DecisionTable_search,DecisionTable_useIBk,PART_binarySplits,JRip_optimizations,JRip_checkErrorRate,PART_useMDLcorrection,JRip_folds,SimpleCart_useOneSE,GreedyStepwise_searchBackwards,SimpleCart_numFoldsPruning,BestFirst_direction,BestFirst_searchTermination,GreedyStepwise_conservativeForwardSelection"
38,90,0.85096147,0.93773908,0.97264620,0.97755418,0.94746377,0043,0034,0035,0.00000000,"Aggregator,SimpleCart,SimpleCart_heuristic,J48,DecisionTable,J48_collapseTree,J48_minNumObj,DecisionTable_search,BestFirst_searchTermination,J48_doNotMakeSplitPointActualValue,BestFirst_direction,JRip,PART,PART_useMDLcorrection,GreedyStepwise_searchBackwards,PART_doNotMakeSplitPointActualValue,J48_useLaplace,DecisionTable_evaluationMeasure,SimpleCart_usePrune,J48_useMDLcorrection,DecisionTable_crossVal,DecisionTable_useIBk,PART_pruning,J48_pruning,SimpleCart_minNumObj,PART_binarySplits,J48_binarySplits,JRip_checkErrorRate,J48_numFolds,JRip_minNo,GreedyStepwise_conservativeForwardSelection,SimpleCart_useOneSE,J48_subtreeRaising,PART_minNumObj,JRip_usePruning,J48_confidenceFactorValue,PART_confidenceFactorValue,JRip_optimizations,SimpleCart_numFoldsPruning,PART_numFolds,JRip_folds"
39,90,0.90553535,0.94178140,0.97264620,0.97755418,0.94746377,0046,0034,0035,0.00000000,"PART,JRip,Aggregator,DecisionTable,DecisionTable_evaluationMeasure,PART_minNumObj,SimpleCart,PART_binarySplits,DecisionTable_useIBk,PART_useMDLcorrection,JRip_usePruning,PART_doNotMakeSplitPointActualValue,SimpleCart_usePrune,JRip_checkErrorRate,SimpleCart_heuristic,J48,PART_pruning,SimpleCart_useOneSE,JRip_optimizations,J48_useMDLcorrection,SimpleCart_minNumObj,J48_binarySplits,DecisionTable_crossVal,JRip_minNo,J48_doNotMakeSplitPointActualValue,DecisionTable_search,GreedyStepwise_searchBackwards,J48_useLaplace,J48_pruning,J48_minNumObj,SimpleCart_numFoldsPruning,J48_collapseTree,BestFirst_searchTermination,PART_confidenceFactorValue,JRip_folds,J48_subtreeRaising,PART_numFolds,BestFirst_direction,GreedyStepwise_conservativeForwardSelection,J48_confidenceFactorValue,J48_numFolds"
40,90,0.89204173,0.94033158,0.97264620,0.97755418,0.94746377,0051,0034,0035,0.00000000,"DecisionTable,JRip,JRip_minNo,DecisionTable_crossVal,DecisionTable_search,J48,J48_minNumObj,SimpleCart,J48_useLaplace,JRip_checkErrorRate,GreedyStepwise_searchBackwards,J48_collapseTree,Aggregator,PART,GreedyStepwise_conservativeForwardSelection,JRip_usePruning,DecisionTable_useIBk,PART_pruning,DecisionTable_evaluationMeasure,PART_binarySplits,J48_pruning,J48_useMDLcorrection,PART_numFolds,J48_confidenceFactorValue,J48_doNotMakeSplitPointActualValue,BestFirst_searchTermination,JRip_folds,SimpleCart_usePrune,PART_confidenceFactorValue,J48_numFolds,BestFirst_direction,PART_useMDLcorrection,SimpleCart_minNumObj,PART_doNotMakeSplitPointActualValue,J48_binarySplits,J48_subtreeRaising,SimpleCart_heuristic,PART_minNumObj,JRip_optimizations,SimpleCart_numFoldsPruning,SimpleCart_useOneSE"
41,90,0.84982166,0.94385341,0.97264620,0.97755418,0.94746377,0059,0034,0035,0.00000000,"DecisionTable,DecisionTable_useIBk,Aggregator,PART,J48,J48_collapseTree,DecisionTable_search,PART_binarySplits,J48_useMDLcorrection,J48_useLaplace,PART_minNumObj,PART_useMDLcorrection,BestFirst_direction,PART_doNotMakeSplitPointActualValue,BestFirst_searchTermination,DecisionTable_crossVal,GreedyStepwise_searchBackwards,GreedyStepwise_conservativeForwardSelection,DecisionTable_evaluationMeasure,PART_pruning,PART_confidenceFactorValue,SimpleCart,J48_minNumObj,JRip,J48_doNotMakeSplitPointActualValue,J48_pruning,J48_binarySplits,SimpleCart_heuristic,SimpleCart_usePrune,J48_numFolds,J48_confidenceFactorValue,JRip_minNo,JRip_usePruning,PART_numFolds,J48_subtreeRaising,JRip_checkErrorRate,SimpleCart_minNumObj,SimpleCart_numFoldsPruning,SimpleCart_useOneSE,JRip_optimizations,JRip_folds"
42,90,0.84435947,0.93987439,0.97264620,0.97755418,0.94746377,0054,0034,0035,0.00000000,"JRip,JRip_checkErrorRate,SimpleCart,PART,PART_useMDLcorrection,SimpleCart_heuristic,SimpleCart_usePrune,SimpleCart_minNumObj,SimpleCart_useOneSE,PART_doNotMakeSplitPointActualValue,JRip_minNo,DecisionTable,JRip_usePruning,J48,JRip_optimizations,PART_pruning,JRip_folds,DecisionTable_crossVal,J48_doNotMakeSplitPointActualValue,PART_confidenceFactorValue,Aggregator,PART_minNumObj,DecisionTable_useIBk,SimpleCart_numFoldsPruning,PART_binarySplits,PART_numFolds,J48_pruning,J48_binarySplits,DecisionTable_evaluationMeasure,J48_collapseTree,J48_useMDLcorrection,J48_minNumObj,J48_subtreeRaising,DecisionTable_search,J48_useLaplace,J48_numFolds,J48_confidenceFactorValue,BestFirst_direction,GreedyStepwise_searchBackwards,BestFirst_searchTermination,GreedyStepwise_conservativeForwardSelection"
43,90,0.87808743,0.93781153,0.97264620,0.97755418,0.94746377,0062,0034,0035,0.00000000,"JRip,JRip_minNo,JRip_usePruning,JRip_folds,Aggregator,DecisionTable,DecisionTable_evaluationMeasure,PART,DecisionTable_crossVal,SimpleCart,PART_pruning,JRip_checkErrorRate,J48,PART_useMDLcorrection,PART_confidenceFactorValue,DecisionTable_search,PART_minNumObj,SimpleCart_heuristic,J48_binarySplits,JRip_optimizations,GreedyStepwise_searchBackwards,PART_numFolds,J48_minNumObj,J48_pruning,J48_collapseTree,DecisionTable_useIBk,J48_doNotMakeSplitPointActualValue,SimpleCart_minNumObj,PART_binarySplits,J48_numFolds,J48_confidenceFactorValue,PART_doNotMakeSplitPointActualValue,GreedyStepwise_conservativeForwardSelection,BestFirst_searchTermination,J48_useLaplace,J48_useMDLcorrection,SimpleCart_usePrune,J48_subtreeRaising,SimpleCart_numFoldsPruning,BestFirst_direction,SimpleCart_useOneSE"
44,90,0.87052395,0.93991989,0.97264620,0.97755418,0.94746377,0048,0034,0035,0.00000000,"DecisionTable,DecisionTable_crossVal,J48,J48_collapseTree,DecisionTable_useIBk,J48_minNumObj,J48_pruning,J48_binarySplits,PART,J48_subtreeRaising,Aggregator,JRip,SimpleCart,DecisionTable_search,J48_confidenceFactorValue,JRip_checkErrorRate,PART_binarySplits,DecisionTable_evaluationMeasure,GreedyStepwise_conservativeForwardSelection,J48_doNotMakeSplitPointActualValue,J48_numFolds,J48_useMDLcorrection,PART_useMDLcorrection,J48_useLaplace,JRip_minNo,PART_pruning,GreedyStepwise_searchBackwards,PART_minNumObj,BestFirst_searchTermination,PART_doNotMakeSplitPointActualValue,BestFirst_direction,SimpleCart_minNumObj,SimpleCart_heuristic,SimpleCart_usePrune,PART_numFolds,JRip_usePruning,SimpleCart_numFoldsPruning,PART_confidenceFactorValue,JRip_folds,SimpleCart_useOneSE,JRip_optimizations"
45,90,0.85793129,0.93549479,0.97264620,0.97755418,0.94746377,0042,0034,0035,0.00000000,"J48,J48_collapseTree,PART,J48_pruning,PART_useMDLcorrection,PART_pruning,J48_confidenceFactorValue,J48_useLaplace,PART_confidenceFactorValue,DecisionTable,Aggregator,JRip,J48_minNumObj,J48_doNotMakeSplitPointActualValue,JRip_usePruning,PART_binarySplits,SimpleCart,JRip_folds,JRip_optimizations,DecisionTable_crossVal,J48_useMDLcorrection,J48_binarySplits,JRip_checkErrorRate,DecisionTable_useIBk,J48_numFolds,DecisionTable_search,PART_numFolds,SimpleCart_minNumObj,PART_doNotMakeSplitPointActualValue,J48_subtreeRaising,BestFirst_direction,PART_minNumObj,JRip_minNo,SimpleCart_heuristic,DecisionTable_evaluationMeasure,SimpleCart_usePrune,SimpleCart_numFoldsPruning,BestFirst_searchTermination,SimpleCart_useOneSE,GreedyStepwise_searchBackwards,GreedyStepwise_conservativeForwardSelection"
46,90,0.85497146,0.94062057,0.97264620,0.97755418,0.94746377,0041,0034,0035,0.00000000,"SimpleCart,SimpleCart_heuristic,J48,J48_useLaplace,Aggregator,J48_minNumObj,DecisionTable,J48_binarySplits,J48_useMDLcorrection,SimpleCart_minNumObj,JRip,DecisionTable_useIBk,PART,PART_pruning,JRip_checkErrorRate,SimpleCart_usePrune,JRip_usePruning,PART_binarySplits,PART_numFolds,PART_confidenceFactorValue,PART_useMDLcorrection,J48_pruning,J48_doNotMakeSplitPointActualValue,J48_collapseTree,SimpleCart_useOneSE,DecisionTable_search,DecisionTable_crossVal,DecisionTable_evaluationMeasure,GreedyStepwise_searchBackwards,JRip_minNo,JRip_folds,PART_doNotMakeSplitPointActualValue,JRip_optimizations,J48_subtreeRaising,PART_minNumObj,BestFirst_direction,SimpleCart_numFoldsPruning,GreedyStepwise_conservativeForwardSelection,J48_confidenceFactorValue,J48_numFolds,BestFirst_searchTermination"
47,90,0.87948970,0.94102605,0.97264620,0.97755418,0.94746377,0045,0034,0035,0.00000000,"JRip,SimpleCart,DecisionTable,SimpleCart_minNumObj,Aggregator,DecisionTable_evaluationMeasure,J48,SimpleCart_usePrune,J48_useMDLcorrection,DecisionTable_search,JRip_usePruning,SimpleCart_numFoldsPruning,GreedyStepwise_searchBackwards,SimpleCart_heuristic,JRip_checkErrorRate,J48_minNumObj,PART,J48_pruning,J48_doNotMakeSplitPointActualValue,BestFirst_direction,GreedyStepwise_conservativeForwardSelection,JRip_minNo,PART_useMDLcorrection,DecisionTable_crossVal,JRip_folds,J48_collapseTree,DecisionTable_useIBk,J48_subtreeRaising,J48_useLaplace,PART_minNumObj,JRip_optimizations,SimpleCart_useOneSE,J48_binarySplits,BestFirst_searchTermination,PART_binarySplits,PART_pruning,PART_doNotMakeSplitPointActualValue,J48_numFolds,J48_confidenceFactorValue,PART_confidenceFactorValue,PART_numFolds"
48,90,0.82044467,0.93943004,0.97264620,0.97755418,0.94746377,0042,0034,0035,0.00000000,"J48,JRip,PART,SimpleCart,Aggregator,J48_doNotMakeSplitPointActualValue,JRip_usePruning,PART_binarySplits,PART_doNotMakeSplitPointActualValue,SimpleCart_heuristic,JRip_optimizations,DecisionTable,DecisionTable_search,BestFirst_direction,SimpleCart_minNumObj,GreedyStepwise_searchBackwards,J48_useLaplace,SimpleCart_usePrune,J48_useMDLcorrection,J48_pruning,J48_collapseTree,JRip_folds,J48_numFolds,J48_binarySplits,JRip_checkErrorRate,J48_minNumObj,PART_pruning,PART_useMDLcorrection,JRip_minNo,DecisionTable_useIBk,GreedyStepwise_conservativeForwardSelection,PART_numFolds,DecisionTable_crossVal,SimpleCart_useOneSE,PART_minNumObj,DecisionTable_evaluationMeasure,BestFirst_searchTermination,J48_subtreeRaising,PART_confidenceFactorValue,SimpleCart_numFoldsPruning,J48_confidenceFactorValue"
49,90,0.85652385,0.93911894,0.97264620,0.97755418,0.94746377,0040,0034,0035,0.00000000,"J48,J48_useMDLcorrection,J48_binarySplits,J48_doNotMakeSplitPointActualValue,DecisionTable,SimpleCart,J48_collapseTree,DecisionTable_useIBk,J48_useLaplace,SimpleCart_heuristic,J48_minNumObj,DecisionTable_search,GreedyStepwise_searchBackwards,DecisionTable_evaluationMeasure,JRip,SimpleCart_minNumObj,DecisionTable_crossVal,PART,J48_pruning,Aggregator,GreedyStepwise_conservativeForwardSelection,PART_binarySplits,SimpleCart_usePrune,SimpleCart_numFoldsPruning,PART_useMDLcorrection,PART_pruning,PART_minNumObj,JRip_checkErrorRate,BestFirst_searchTermination,PART_numFolds,JRip_minNo,BestFirst_direction,J48_confidenceFactorValue,J48_subtreeRaising,PART_doNotMakeSplitPointActualValue,JRip_usePruning,PART_confidenceFactorValue,J48_numFolds,SimpleCart_useOneSE,JRip_optimizations,JRip_folds"
50,90,0.82717578,0.93902098,0.97264620,0.97755418,0.94746377,0044,0034,0035,0.00000000,"Aggregator,PART,J48,J48_pruning,PART_minNumObj,JRip,SimpleCart,J48_confidenceFactorValue,PART_doNotMakeSplitPointActualValue,J48_collapseTree,JRip_usePruning,DecisionTable,JRip_minNo,JRip_folds,J48_useLaplace,J48_binarySplits,DecisionTable_evaluationMeasure,J48_useMDLcorrection,DecisionTable_search,DecisionTable_useIBk,DecisionTable_crossVal,PART_binarySplits,J48_numFolds,SimpleCart_heuristic,SimpleCart_usePrune,SimpleCart_minNumObj,JRip_optimizations,SimpleCart_useOneSE,BestFirst_searchTermination,J48_doNotMakeSplitPointActualValue,GreedyStepwise_conservativeForwardSelection,J48_subtreeRaising,PART_pruning,PART_numFolds,J48_minNumObj,JRip_checkErrorRate,PART_useMDLcorrection,BestFirst_direction,GreedyStepwise_searchBackwards,PART_confidenceFactorValue,SimpleCart_numFoldsPruning"
51,90,0.82927696,0.94135782,0.97264620,0.97755418,0.94746377,0038,0034,0035,0.00000000,"J48,JRip,J48_binarySplits,SimpleCart,SimpleCart_minNumObj,DecisionTable,J48_minNumObj,J48_useMDLcorrection,J48_doNotMakeSplitPointActualValue,DecisionTable_crossVal,JRip_checkErrorRate,J48_pruning,JRip_minNo,DecisionTable_search,BestFirst_searchTermination,J48_useLaplace,Aggregator,PART,SimpleCart_heuristic,JRip_usePruning,J48_collapseTree,J48_numFolds,PART_pruning,J48_confidenceFactorValue,BestFirst_direction,SimpleCart_usePrune,PART_numFolds,PART_binarySplits,DecisionTable_evaluationMeasure,DecisionTable_useIBk,J48_subtreeRaising,PART_doNotMakeSplitPointActualValue,PART_confidenceFactorValue,GreedyStepwise_searchBackwards,JRip_folds,JRip_optimizations,SimpleCart_numFoldsPruning,PART_minNumObj,GreedyStepwise_conservativeForwardSelection,PART_useMDLcorrection,SimpleCart_useOneSE"
52,90,0.83081452,0.94003779,0.97264620,0.97755418,0.94746377,0037,0034,0035,0.00000000,"J48,J48_minNumObj,J48_useMDLcorrection,JRip,JRip_minNo,J48_collapseTree,J48_binarySplits,DecisionTable,J48_useLaplace,SimpleCart,SimpleCart_minNumObj,DecisionTable_evaluationMeasure,PART,Aggregator,J48_doNotMakeSplitPointActualValue,PART_minNumObj,J48_pruning,SimpleCart_heuristic,PART_useMDLcorrection,J48_numFolds,PART_binarySplits,SimpleCart_usePrune,DecisionTable_crossVal,JRip_checkErrorRate,DecisionTable_search,J48_confidenceFactorValue,PART_pruning,JRip_usePruning,DecisionTable_useIBk,SimpleCart_numFoldsPruning,PART_numFolds,GreedyStepwise_conservativeForwardSelection,PART_doNotMakeSplitPointActualValue,J48_subtreeRaising,SimpleCart_useOneSE,PART_confidenceFactorValue,JRip_folds,BestFirst_searchTermination,BestFirst_direction,GreedyStepwise_searchBackwards,JRip_optimizations"
53,90,0.84274392,0.94114401,0.97264620,0.97755418,0.94746377,0039,0034,0035,0.00000000,"DecisionTable,J48,PART,PART_pruning,J48_binarySplits,JRip,PART_doNotMakeSplitPointActualValue,PART_minNumObj,JRip_checkErrorRate,J48_minNumObj,PART_numFolds,J48_doNotMakeSplitPointActualValue,PART_confidenceFactorValue,PART_binarySplits,DecisionTable_evaluationMeasure,SimpleCart,Aggregator,J48_collapseTree,PART_useMDLcorrection,J48_pruning,J48_useLaplace,JRip_minNo,SimpleCart_usePrune,SimpleCart_heuristic,DecisionTable_useIBk,SimpleCart_numFoldsPruning,DecisionTable_crossVal,DecisionTable_search,JRip_usePruning,J48_useMDLcorrection,J48_numFolds,JRip_optimizations,BestFirst_direction,GreedyStepwise_searchBackwards,J48_subtreeRaising,J48_confidenceFactorValue,JRip_folds,SimpleCart_useOneSE,SimpleCart_minNumObj,GreedyStepwise_conservativeForwardSelection,BestFirst_searchTermination"
54,90,0.77983150,0.94320409,0.97264620,0.97755418,0.94746377,0038,0034,0035,0.00000000,"DecisionTable,JRip,DecisionTable_search,SimpleCart,DecisionTable_useIBk,DecisionTable_evaluationMeasure,BestFirst_searchTermination,SimpleCart_minNumObj,DecisionTable_crossVal,Aggregator,GreedyStepwise_conservativeForwardSelection,PART,J48,SimpleCart_heuristic,JRip_usePruning,BestFirst_direction,GreedyStepwise_searchBackwards,PART_minNumObj,JRip_minNo,J48_minNumObj,PART_useMDLcorrection,J48_pruning,J48_doNotMakeSplitPointActualValue,JRip_checkErrorRate,PART_doNotMakeSplitPointActualValue,J48_confidenceFactorValue,PART_pruning,PART_binarySplits,J48_collapseTree,JRip_optimizations,J48_binarySplits,SimpleCart_usePrune,J48_useLaplace,J48_numFolds,J48_useMDLcorrection,SimpleCart_numFoldsPruning,SimpleCart_useOneSE,PART_confidenceFactorValue,JRip_folds,J48_subtreeRaising,PART_numFolds"
55,90,0.84460967,0.94014824,0.97264620,0.97755418,0.94746377,0038,0034,0035,0.00000000,"J48,J48_minNumObj,DecisionTable,SimpleCart,Aggregator,J48_doNotMakeSplitPointActualValue,SimpleCart_usePrune,J48_useLaplace,DecisionTable_crossVal,DecisionTable_search,GreedyStepwise_searchBackwards,SimpleCart_heuristic,GreedyStepwise_conservativeForwardSelection,PART,DecisionTable_useIBk,PART_minNumObj,JRip,BestFirst_searchTermination,SimpleCart_numFoldsPruning,J48_useMDLcorrection,JRip_usePruning,SimpleCart_useOneSE,J48_binarySplits,DecisionTable_evaluationMeasure,J48_collapseTree,SimpleCart_minNumObj,J48_pruning,PART_pruning,PART_useMDLcorrection,J48_numFolds,JRip_minNo,JRip_checkErrorRate,PART_binarySplits,BestFirst_direction,PART_numFolds,JRip_folds,J48_confidenceFactorValue,J48_subtreeRaising,PART_doNotMakeSplitPointActualValue,PART_confidenceFactorValue,JRip_optimizations"
56,90,0.84064946,0.94093766,0.97264620,0.97755418,0.94746377,0041,0034,0035,0.00000000,"PART,PART_binarySplits,PART_doNotMakeSplitPointActualValue,PART_useMDLcorrection,Aggregator,DecisionTable,PART_pruning,PART_minNumObj,JRip,J48,DecisionTable_search,SimpleCart,GreedyStepwise_conservativeForwardSelection,DecisionTable_useIBk,J48_pruning,BestFirst_direction,DecisionTable_evaluationMeasure,J48_confidenceFactorValue,J48_numFolds,SimpleCart_heuristic,JRip_minNo,GreedyStepwise_searchBackwards,J48_minNumObj,J48_subtreeRaising,PART_numFolds,SimpleCart_usePrune,DecisionTable_crossVal,J48_useMDLcorrection,J48_binarySplits,PART_confidenceFactorValue,J48_useLaplace,JRip_usePruning,SimpleCart_minNumObj,JRip_checkErrorRate,J48_collapseTree,J48_doNotMakeSplitPointActualValue,BestFirst_searchTermination,JRip_folds,SimpleCart_useOneSE,SimpleCart_numFoldsPruning,JRip_optimizations"
57,90,0.83953087,0.93871216,0.97264620,0.97755418,0.94746377,0041,0034,0035,0.00000000,"DecisionTable,DecisionTable_evaluationMeasure,JRip,SimpleCart,PART,JRip_minNo,Aggregator,DecisionTable_search,PART_useMDLcorrection,GreedyStepwise_searchBackwards,JRip_usePruning,JRip_folds,PART_minNumObj,DecisionTable_crossVal,SimpleCart_heuristic,J48,JRip_optimizations,JRip_checkErrorRate,DecisionTable_useIBk,J48_pruning,J48_useLaplace,SimpleCart_minNumObj,PART_pruning,PART_doNotMakeSplitPointActualValue,J48_minNumObj,PART_numFolds,SimpleCart_usePrune,J48_subtreeRaising,J48_binarySplits,PART_confidenceFactorValue,J48_confidenceFactorValue,J48_doNotMakeSplitPointActualValue,GreedyStepwise_conservativeForwardSelection,BestFirst_searchTermination,BestFirst_direction,PART_binarySplits,J48_useMDLcorrection,SimpleCart_numFoldsPruning,J48_collapseTree,J48_numFolds,SimpleCart_useOneSE"
58,90,0.81042081,0.94161472,0.97264620,0.97755418,0.94746377,0041,0034,0035,0.00000000,"SimpleCart,PART,SimpleCart_minNumObj,JRip,JRip_minNo,DecisionTable,SimpleCart_heuristic,DecisionTable_search,DecisionTable_useIBk,PART_minNumObj,Aggregator,PART_binarySplits,SimpleCart_usePrune,J48,GreedyStepwise_conservativeForwardSelection,J48_useLaplace,DecisionTable_crossVal,SimpleCart_useOneSE,JRip_usePruning,PART_pruning,JRip_checkErrorRate,SimpleCart_numFoldsPruning,DecisionTable_evaluationMeasure,PART_numFolds,J48_collapseTree,PART_useMDLcorrection,PART_doNotMakeSplitPointActualValue,J48_doNotMakeSplitPointActualValue,PART_confidenceFactorValue,J48_useMDLcorrection,J48_minNumObj,GreedyStepwise_searchBackwards,J48_binarySplits,BestFirst_direction,BestFirst_searchTermination,J48_pruning,JRip_optimizations,JRip_folds,J48_subtreeRaising,J48_confidenceFactorValue,J48_numFolds"
59,90,0.80785281,0.93718742,0.97264620,0.97755418,0.94746377,0039,0034,0035,0.00000000,"J48,SimpleCart,JRip,PART,PART_useMDLcorrection,Aggregator,JRip_usePruning,J48_collapseTree,DecisionTable,JRip_optimizations,PART_pruning,SimpleCart_usePrune,SimpleCart_heuristic,SimpleCart_useOneSE,J48_pruning,J48_minNumObj,DecisionTable_search,JRip_minNo,J48_subtreeRaising,PART_confidenceFactorValue,J48_binarySplits,J48_useLaplace,DecisionTable_crossVal,DecisionTable_useIBk,PART_doNotMakeSplitPointActualValue,SimpleCart_minNumObj,J48_doNotMakeSplitPointActualValue,PART_binarySplits,BestFirst_direction,JRip_checkErrorRate,PART_numFolds,J48_numFolds,J48_confidenceFactorValue,J48_useMDLcorrection,JRip_folds,GreedyStepwise_searchBackwards,PART_minNumObj,DecisionTable_evaluationMeasure,SimpleCart_numFoldsPruning,GreedyStepwise_conservativeForwardSelection,BestFirst_searchTermination"
60,90,0.84938774,0.93823097,0.97264620,0.97755418,0.94746377,0036,0034,0035,0.00000000,"PART,JRip,Aggregator,PART_pruning,PART_minNumObj,PART_numFolds,PART_doNotMakeSplitPointActualValue,SimpleCart,SimpleCart_heuristic,SimpleCart_minNumObj,PART_confidenceFactorValue,PART_binarySplits,PART_useMDLcorrection,JRip_usePruning,J48,SimpleCart_usePrune,DecisionTable,JRip_checkErrorRate,JRip_minNo,DecisionTable_useIBk,SimpleCart_numFoldsPruning,J48_useLaplace,J48_pruning,DecisionTable_crossVal,J48_doNotMakeSplitPointActualValue,J48_minNumObj,J48_binarySplits,J48_numFolds,JRip_folds,JRip_optimizations,DecisionTable_search,BestFirst_direction,SimpleCart_useOneSE,DecisionTable_evaluationMeasure,J48_confidenceFactorValue,J48_useMDLcorrection,BestFirst_searchTermination,J48_collapseTree,GreedyStepwise_conservativeForwardSelection,J48_subtreeRaising,GreedyStepwise_searchBackwards"
61,90,0.79340579,0.93814333,0.97264620,0.97755418,0.94746377,0040,0034,0035,0.00000000,"Aggregator,DecisionTable,DecisionTable_crossVal,SimpleCart,SimpleCart_heuristic,PART,JRip,J48,JRip_checkErrorRate,DecisionTable_evaluationMeasure,DecisionTable_useIBk,JRip_usePruning,J48_minNumObj,PART_doNotMakeSplitPointActualValue,J48_pruning,PART_minNumObj,JRip_optimizations,SimpleCart_minNumObj,J48_confidenceFactorValue,PART_binarySplits,J48_collapseTree,SimpleCart_usePrune,DecisionTable_search,PART_useMDLcorrection,PART_pruning,SimpleCart_numFoldsPruning,JRip_minNo,PART_confidenceFactorValue,J48_useMDLcorrection,J48_useLaplace,JRip_folds,BestFirst_direction,J48_numFolds,J48_doNotMakeSplitPointActualValue,J48_binarySplits,SimpleCart_useOneSE,J48_subtreeRaising,GreedyStepwise_conservativeForwardSelection,BestFirst_searchTermination,PART_numFolds,GreedyStepwise_searchBackwards"
62,90,0.90262384,0.94024072,0.97264620,0.97755418,0.94746377,0026,0034,0035,0.00000000,"SimpleCart,Aggregator,SimpleCart_usePrune,J48,SimpleCart_heuristic,J48_useMDLcorrection,J48_pruning,SimpleCart_minNumObj,SimpleCart_numFoldsPruning,J48_minNumObj,J48_confidenceFactorValue,J48_subtreeRaising,DecisionTable,PART,DecisionTable_search,SimpleCart_useOneSE,J48_numFolds,J48_collapseTree,DecisionTable_crossVal,J48_useLaplace,J48_doNotMakeSplitPointActualValue,BestFirst_searchTermination,JRip,GreedyStepwise_conservativeForwardSelection,GreedyStepwise_searchBackwards,PART_doNotMakeSplitPointActualValue,PART_minNumObj,DecisionTable_useIBk,PART_pruning,J48_binarySplits,PART_useMDLcorrection,PART_binarySplits,DecisionTable_evaluationMeasure,BestFirst_direction,JRip_checkErrorRate,JRip_usePruning,JRip_minNo,PART_confidenceFactorValue,JRip_folds,PART_numFolds,JRip_optimizations"
63,90,0.89091503,0.93886814,0.97264620,0.97755418,0.94746377,0035,0034,0035,0.00000000,"J48,PART,DecisionTable,SimpleCart,PART_useMDLcorrection,J48_doNotMakeSplitPointActualValue,DecisionTable_search,PART_minNumObj,DecisionTable_crossVal,GreedyStepwise_searchBackwards,J48_useLaplace,J48_collapseTree,Aggregator,PART_pruning,PART_doNotMakeSplitPointActualValue,J48_minNumObj,BestFirst_direction,J48_useMDLcorrection,SimpleCart_heuristic,J48_pruning,J48_confidenceFactorValue,SimpleCart_usePrune,DecisionTable_evaluationMeasure,DecisionTable_useIBk,BestFirst_searchTermination,JRip,J48_binarySplits,SimpleCart_minNumObj,PART_binarySplits,PART_confidenceFactorValue,J48_subtreeRaising,PART_numFolds,SimpleCart_numFoldsPruning,GreedyStepwise_conservativeForwardSelection,JRip_checkErrorRate,JRip_minNo,JRip_usePruning,SimpleCart_useOneSE,J48_numFolds,JRip_optimizations,JRip_folds"
64,90,0.81555953,0.94166277,0.97264620,0.97755418,0.94746377,0038,0034,0035,0.00000000,"SimpleCart,SimpleCart_minNumObj,Aggregator,SimpleCart_heuristic,JRip,SimpleCart_usePrune,SimpleCart_numFoldsPruning,J48,DecisionTable,PART,JRip_minNo,PART_pruning,PART_minNumObj,J48_doNotMakeSplitPointActualValue,PART_useMDLcorrection,JRip_checkErrorRate,JRip_usePruning,PART_doNotMakeSplitPointActualValue,SimpleCart_useOneSE,DecisionTable_crossVal,J48_useLaplace,JRip_optimizations,PART_binarySplits,DecisionTable_useIBk,J48_pruning,DecisionTable_evaluationMeasure,J48_minNumObj,J48_useMDLcorrection,J48_numFolds,DecisionTable_search,J48_collapseTree,PART_numFolds,J48_binarySplits,J48_confidenceFactorValue,GreedyStepwise_searchBackwards,BestFirst_direction,GreedyStepwise_conservativeForwardSelection,JRip_folds,PART_confidenceFactorValue,J48_subtreeRaising,BestFirst_searchTermination"
65,90,0.84875860,0.94104086,0.97264620,0.97755418,0.94746377,0027,0034,0035,0.00000000,"Aggregator,JRip,JRip_usePruning,JRip_checkErrorRate,SimpleCart,PART,JRip_folds,PART_minNumObj,J48,PART_pruning,JRip_optimizations,DecisionTable,J48_pruning,JRip_minNo,DecisionTable_search,SimpleCart_minNumObj,J48_subtreeRaising,BestFirst_searchTermination,PART_doNotMakeSplitPointActualValue,J48_confidenceFactorValue,J48_binarySplits,J48_useMDLcorrection,SimpleCart_heuristic,SimpleCart_usePrune,J48_numFolds,DecisionTable_evaluationMeasure,PART_binarySplits,DecisionTable_useIBk,DecisionTable_crossVal,PART_useMDLcorrection,PART_confidenceFactorValue,J48_doNotMakeSplitPointActualValue,PART_numFolds,BestFirst_direction,J48_collapseTree,J48_useLaplace,GreedyStepwise_searchBackwards,J48_minNumObj,GreedyStepwise_conservativeForwardSelection,SimpleCart_numFoldsPruning,SimpleCart_useOneSE"
66,90,0.82398005,0.93862589,0.97264620,0.97755418,0.94746377,0021,0034,0035,0.00000000,"SimpleCart,J48,J48_doNotMakeSplitPointActualValue,Aggregator,J48_useMDLcorrection,SimpleCart_usePrune,J48_binarySplits,J48_pruning,SimpleCart_useOneSE,SimpleCart_numFoldsPruning,DecisionTable,SimpleCart_heuristic,PART,J48_collapseTree,SimpleCart_minNumObj,DecisionTable_search,JRip,J48_useLaplace,J48_subtreeRaising,PART_doNotMakeSplitPointActualValue,JRip_usePruning,J48_numFolds,J48_minNumObj,GreedyStepwise_searchBackwards,PART_useMDLcorrection,PART_pruning,JRip_checkErrorRate,J48_confidenceFactorValue,JRip_minNo,DecisionTable_evaluationMeasure,JRip_folds,PART_binarySplits,BestFirst_direction,PART_minNumObj,JRip_optimizations,DecisionTable_crossVal,BestFirst_searchTermination,DecisionTable_useIBk,GreedyStepwise_conservativeForwardSelection,PART_confidenceFactorValue,PART_numFolds"
67,90,0.84421327,0.94102127,0.97264620,0.97755418,0.94746377,0023,0034,0035,0.00000000,"SimpleCart,JRip,PART,PART_binarySplits,SimpleCart_minNumObj,SimpleCart_usePrune,Aggregator,DecisionTable,J48,JRip_checkErrorRate,PART_pruning,J48_doNotMakeSplitPointActualValue,DecisionTable_useIBk,DecisionTable_search,PART_doNotMakeSplitPointActualValue,J48_minNumObj,J48_pruning,PART_minNumObj,SimpleCart_heuristic,JRip_usePruning,PART_confidenceFactorValue,PART_useMDLcorrection,J48_binarySplits,JRip_minNo,DecisionTable_evaluationMeasure,JRip_optimizations,J48_numFolds,J48_subtreeRaising,JRip_folds,J48_useLaplace,SimpleCart_useOneSE,J48_collapseTree,SimpleCart_numFoldsPruning,DecisionTable_crossVal,J48_useMDLcorrection,PART_numFolds,GreedyStepwise_conservativeForwardSelection,GreedyStepwise_searchBackwards,BestFirst_searchTermination,BestFirst_direction,J48_confidenceFactorValue"
68,90,0.80570498,0.93814626,0.97264620,0.97755418,0.94746377,0021,0034,0035,0.00000000,"PART,J48,J48_minNumObj,PART_binarySplits,PART_minNumObj,Aggregator,JRip,J48_doNotMakeSplitPointActualValue,PART_useMDLcorrection,J48_binarySplits,SimpleCart,J48_useLaplace,SimpleCart_minNumObj,DecisionTable,J48_pruning,PART_pruning,J48_collapseTree,PART_confidenceFactorValue,PART_doNotMakeSplitPointActualValue,DecisionTable_useIBk,J48_useMDLcorrection,SimpleCart_heuristic,JRip_minNo,JRip_usePruning,JRip_checkErrorRate,DecisionTable_crossVal,SimpleCart_usePrune,J48_confidenceFactorValue,PART_numFolds,JRip_optimizations,J48_numFolds,DecisionTable_evaluationMeasure,DecisionTable_search,GreedyStepwise_conservativeForwardSelection,J48_subtreeRaising,SimpleCart_numFoldsPruning,GreedyStepwise_searchBackwards,BestFirst_direction,JRip_folds,SimpleCart_useOneSE,BestFirst_searchTermination"
69,90,0.86381149,0.93673582,0.97264620,0.97755418,0.94746377,0023,0034,0035,0.00000000,"J48,JRip,J48_pruning,J48_confidenceFactorValue,SimpleCart,J48_binarySplits,DecisionTable,J48_doNotMakeSplitPointActualValue,DecisionTable_useIBk,JRip_checkErrorRate,SimpleCart_usePrune,J48_useLaplace,J48_subtreeRaising,JRip_minNo,PART,J48_numFolds,DecisionTable_evaluationMeasure,Aggregator,J48_useMDLcorrection,J48_collapseTree,SimpleCart_heuristic,PART_binarySplits,JRip_usePruning,J48_minNumObj,PART_doNotMakeSplitPointActualValue,PART_useMDLcorrection,SimpleCart_minNumObj,DecisionTable_crossVal,DecisionTable_search,GreedyStepwise_searchBackwards,PART_minNumObj,SimpleCart_numFoldsPruning,JRip_folds,SimpleCart_useOneSE,PART_pruning,BestFirst_searchTermination,BestFirst_direction,JRip_optimizations,GreedyStepwise_conservativeForwardSelection,PART_numFolds,PART_confidenceFactorValue"
70,90,0.87609563,0.93793500,0.97264620,0.97755418,0.94746377,0021,0034,0035,0.00000000,"PART,PART_useMDLcorrection,PART_binarySplits,DecisionTable,DecisionTable_crossVal,SimpleCart,SimpleCart_heuristic,JRip,DecisionTable_evaluationMeasure,PART_minNumObj,J48,J48_binarySplits,J48_doNotMakeSplitPointActualValue,Aggregator,J48_minNumObj,SimpleCart_usePrune,JRip_checkErrorRate,DecisionTable_useIBk,PART_pruning,JRip_usePruning,J48_useMDLcorrection,SimpleCart_minNumObj,PART_doNotMakeSplitPointActualValue,J48_pruning,J48_useLaplace,SimpleCart_useOneSE,JRip_optimizations,PART_numFolds,JRip_minNo,J48_confidenceFactorValue,DecisionTable_search,J48_collapseTree,SimpleCart_numFoldsPruning,PART_confidenceFactorValue,GreedyStepwise_searchBackwards,JRip_folds,GreedyStepwise_conservativeForwardSelection,J48_subtreeRaising,J48_numFolds,BestFirst_searchTermination,BestFirst_direction"
71,90,0.83631977,0.94058461,0.97264620,0.97755418,0.94746377,0020,0034,0035,0.00000000,"PART,JRip,PART_minNumObj,J48,J48_doNotMakeSplitPointActualValue,Aggregator,PART_useMDLcorrection,JRip_minNo,J48_binarySplits,J48_minNumObj,JRip_checkErrorRate,DecisionTable,PART_doNotMakeSplitPointActualValue,DecisionTable_evaluationMeasure,PART_binarySplits,SimpleCart,DecisionTable_useIBk,J48_collapseTree,JRip_usePruning,JRip_optimizations,J48_useLaplace,J48_useMDLcorrection,JRip_folds,PART_pruning,J48_pruning,DecisionTable_search,J48_subtreeRaising,GreedyStepwise_conservativeForwardSelection,J48_numFolds,J48_confidenceFactorValue,SimpleCart_minNumObj,BestFirst_searchTermination,DecisionTable_crossVal,GreedyStepwise_searchBackwards,SimpleCart_usePrune,SimpleCart_heuristic,SimpleCart_useOneSE,PART_confidenceFactorValue,BestFirst_direction,PART_numFolds,SimpleCart_numFoldsPruning"
72,90,0.86101049,0.93919416,0.97264620,0.97755418,0.94746377,0015,0034,0035,0.00000000,"DecisionTable,PART,DecisionTable_evaluationMeasure,PART_doNotMakeSplitPointActualValue,Aggregator,PART_pruning,DecisionTable_search,DecisionTable_useIBk,SimpleCart,PART_numFolds,JRip,J48,J48_minNumObj,DecisionTable_crossVal,BestFirst_searchTermination,J48_useMDLcorrection,J48_binarySplits,GreedyStepwise_conservativeForwardSelection,JRip_usePruning,PART_useMDLcorrection,PART_binarySplits,J48_collapseTree,SimpleCart_heuristic,SimpleCart_minNumObj,BestFirst_direction,PART_minNumObj,JRip_minNo,SimpleCart_usePrune,SimpleCart_useOneSE,JRip_checkErrorRate,J48_useLaplace,PART_confidenceFactorValue,GreedyStepwise_searchBackwards,JRip_folds,J48_pruning,J48_doNotMakeSplitPointActualValue,J48_confidenceFactorValue,JRip_optimizations,SimpleCart_numFoldsPruning,J48_numFolds,J48_subtreeRaising"
73,90,0.85763029,0.94268501,0.97264620,0.97755418,0.94746377,0021,0034,0035,0.00000000,"PART,SimpleCart,DecisionTable,PART_pruning,J48,JRip,DecisionTable_search,GreedyStepwise_searchBackwards,PART_doNotMakeSplitPointActualValue,BestFirst_searchTermination,PART_useMDLcorrection,J48_useLaplace,J48_useMDLcorrection,SimpleCart_heuristic,PART_minNumObj,PART_binarySplits,Aggregator,SimpleCart_minNumObj,PART_numFolds,SimpleCart_usePrune,DecisionTable_evaluationMeasure,J48_minNumObj,J48_collapseTree,DecisionTable_crossVal,J48_binarySplits,DecisionTable_useIBk,J48_doNotMakeSplitPointActualValue,BestFirst_direction,JRip_usePruning,JRip_minNo,J48_pruning,PART_confidenceFactorValue,J48_subtreeRaising,GreedyStepwise_conservativeForwardSelection,JRip_checkErrorRate,SimpleCart_useOneSE,SimpleCart_numFoldsPruning,JRip_optimizations,J48_numFolds,J48_confidenceFactorValue,JRip_folds"
74,90,0.85826679,0.94088622,0.97264620,0.97755418,0.94746377,0017,0034,0035,0.00000000,"PART,PART_pruning,PART_binarySplits,PART_confidenceFactorValue,DecisionTable,Aggregator,DecisionTable_useIBk,JRip,JRip_checkErrorRate,PART_numFolds,JRip_minNo,SimpleCart,J48,JRip_usePruning,DecisionTable_evaluationMeasure,PART_doNotMakeSplitPointActualValue,J48_doNotMakeSplitPointActualValue,PART_minNumObj,PART_useMDLcorrection,DecisionTable_crossVal,J48_useLaplace,DecisionTable_search,J48_pruning,J48_useMDLcorrection,SimpleCart_minNumObj,J48_minNumObj,J48_binarySplits,J48_subtreeRaising,J48_collapseTree,BestFirst_direction,SimpleCart_heuristic,JRip_optimizations,SimpleCart_usePrune,J48_confidenceFactorValue,JRip_folds,J48_numFolds,SimpleCart_useOneSE,GreedyStepwise_conservativeForwardSelection,SimpleCart_numFoldsPruning,GreedyStepwise_searchBackwards,BestFirst_searchTermination"
75,90,0.81730424,0.94020586,0.97264620,0.97755418,0.94746377,0015,0034,0035,0.00000000,"DecisionTable,DecisionTable_evaluationMeasure,JRip,JRip_usePruning,J48,J48_useMDLcorrection,J48_useLaplace,J48_pruning,J48_binarySplits,J48_collapseTree,JRip_checkErrorRate,JRip_folds,DecisionTable_crossVal,SimpleCart,DecisionTable_useIBk,J48_minNumObj,PART,Aggregator,DecisionTable_search,BestFirst_direction,BestFirst_searchTermination,SimpleCart_usePrune,JRip_minNo,J48_confidenceFactorValue,PART_minNumObj,JRip_optimizations,PART_useMDLcorrection,J48_subtreeRaising,SimpleCart_minNumObj,SimpleCart_useOneSE,PART_doNotMakeSplitPointActualValue,SimpleCart_numFoldsPruning,J48_numFolds,SimpleCart_heuristic,J48_doNotMakeSplitPointActualValue,PART_pruning,GreedyStepwise_conservativeForwardSelection,PART_confidenceFactorValue,PART_binarySplits,GreedyStepwise_searchBackwards,PART_numFolds"
76,90,0.77192681,0.94085951,0.97264620,0.97755418,0.94746377,0015,0034,0035,0.00000000,"SimpleCart,SimpleCart_heuristic,DecisionTable,J48,J48_useLaplace,SimpleCart_minNumObj,J48_minNumObj,PART,JRip,PART_useMDLcorrection,SimpleCart_usePrune,PART_minNumObj,DecisionTable_crossVal,J48_collapseTree,JRip_usePruning,Aggregator,DecisionTable_evaluationMeasure,PART_binarySplits,JRip_checkErrorRate,DecisionTable_search,J48_pruning,DecisionTable_useIBk,J48_binarySplits,J48_confidenceFactorValue,J48_doNotMakeSplitPointActualValue,PART_doNotMakeSplitPointActualValue,JRip_folds,J48_useMDLcorrection,JRip_minNo,SimpleCart_useOneSE,BestFirst_direction,J48_subtreeRaising,SimpleCart_numFoldsPruning,PART_pruning,PART_confidenceFactorValue,JRip_optimizations,GreedyStepwise_conservativeForwardSelection,BestFirst_searchTermination,GreedyStepwise_searchBackwards,J48_numFolds,PART_numFolds"
77,90,0.84150209,0.94202402,0.97264620,0.97755418,0.94746377,0017,0034,0035,0.00000000,"JRip,JRip_usePruning,DecisionTable,SimpleCart,J48,Aggregator,J48_collapseTree,J48_useMDLcorrection,JRip_checkErrorRate,JRip_folds,J48_minNumObj,JRip_minNo,JRip_optimizations,PART,DecisionTable_useIBk,SimpleCart_heuristic,PART_minNumObj,DecisionTable_evaluationMeasure,SimpleCart_usePrune,SimpleCart_minNumObj,DecisionTable_search,DecisionTable_crossVal,J48_doNotMakeSplitPointActualValue,PART_binarySplits,J48_binarySplits,J48_useLaplace,SimpleCart_useOneSE,J48_pruning,BestFirst_searchTermination,PART_doNotMakeSplitPointActualValue,J48_numFolds,PART_useMDLcorrection,GreedyStepwise_searchBackwards,PART_pruning,BestFirst_direction,SimpleCart_numFoldsPruning,GreedyStepwise_conservativeForwardSelection,J48_subtreeRaising,PART_confidenceFactorValue,J48_confidenceFactorValue,PART_numFolds"
78,90,0.85436576,0.93994055,0.97264620,0.97755418,0.94746377,0017,0034,0035,0.00000000,"J48,J48_minNumObj,DecisionTable,Aggregator,DecisionTable_evaluationMeasure,JRip,J48_useLaplace,PART,J48_doNotMakeSplitPointActualValue,J48_binarySplits,PART_pruning,JRip_minNo,PART_binarySplits,J48_pruning,SimpleCart,SimpleCart_minNumObj,DecisionTable_search,PART_minNumObj,DecisionTable_useIBk,J48_useMDLcorrection,J48_collapseTree,DecisionTable_crossVal,GreedyStepwise_conservativeForwardSelection,JRip_checkErrorRate,SimpleCart_usePrune,J48_numFolds,JRip_usePruning,PART_useMDLcorrection,J48_confidenceFactorValue,PART_doNotMakeSplitPointActualValue,SimpleCart_numFoldsPruning,PART_confidenceFactorValue,J48_subtreeRaising,GreedyStepwise_searchBackwards,BestFirst_searchTermination,JRip_folds,SimpleCart_heuristic,PART_numFolds,BestFirst_direction,SimpleCart_useOneSE,JRip_optimizations"
79,90,0.90152219,0.94018823,0.97264620,0.97755418,0.94746377,0015,0034,0035,0.00000000,"DecisionTable,DecisionTable_useIBk,PART,PART_binarySplits,JRip,DecisionTable_crossVal,PART_pruning,PART_numFolds,J48,DecisionTable_evaluationMeasure,SimpleCart,J48_doNotMakeSplitPointActualValue,DecisionTable_search,Aggregator,SimpleCart_minNumObj,J48_pruning,J48_minNumObj,PART_doNotMakeSplitPointActualValue,JRip_checkErrorRate,J48_collapseTree,SimpleCart_usePrune,PART_minNumObj,JRip_usePruning,J48_subtreeRaising,JRip_folds,J48_useMDLcorrection,SimpleCart_heuristic,J48_confidenceFactorValue,GreedyStepwise_conservativeForwardSelection,JRip_minNo,PART_useMDLcorrection,PART_confidenceFactorValue,J48_numFolds,JRip_optimizations,J48_binarySplits,J48_useLaplace,BestFirst_searchTermination,GreedyStepwise_searchBackwards,BestFirst_direction,SimpleCart_numFoldsPruning,SimpleCart_useOneSE"
80,90,0.82487380,0.93879816,0.97264620,0.97755418,0.94746377,0014,0034,0035,0.00000000,"PART,SimpleCart,SimpleCart_heuristic,PART_minNumObj,PART_binarySplits,J48,J48_useLaplace,J48_doNotMakeSplitPointActualValue,PART_pruning,SimpleCart_minNumObj,Aggregator,J48_pruning,J48_numFolds,J48_binarySplits,DecisionTable,JRip,DecisionTable_crossVal,J48_confidenceFactorValue,PART_useMDLcorrection,DecisionTable_evaluationMeasure,JRip_checkErrorRate,SimpleCart_usePrune,DecisionTable_useIBk,J48_minNumObj,PART_doNotMakeSplitPointActualValue,J48_collapseTree,J48_useMDLcorrection,JRip_usePruning,PART_confidenceFactorValue,SimpleCart_numFoldsPruning,JRip_minNo,JRip_optimizations,J48_subtreeRaising,PART_numFolds,DecisionTable_search,SimpleCart_useOneSE,BestFirst_direction,BestFirst_searchTermination,JRip_folds,GreedyStepwise_conservativeForwardSelection,GreedyStepwise_searchBackwards"
81,90,0.88438596,0.93816553,0.97264620,0.97755418,0.94746377,0017,0034,0035,0.00000000,"SimpleCart,PART,SimpleCart_minNumObj,SimpleCart_heuristic,DecisionTable,Aggregator,SimpleCart_usePrune,PART_minNumObj,DecisionTable_search,PART_doNotMakeSplitPointActualValue,SimpleCart_numFoldsPruning,BestFirst_direction,J48,BestFirst_searchTermination,J48_binarySplits,PART_binarySplits,JRip,DecisionTable_evaluationMeasure,GreedyStepwise_searchBackwards,PART_useMDLcorrection,DecisionTable_crossVal,SimpleCart_useOneSE,PART_pruning,PART_confidenceFactorValue,J48_useLaplace,J48_minNumObj,GreedyStepwise_conservativeForwardSelection,DecisionTable_useIBk,JRip_usePruning,PART_numFolds,JRip_checkErrorRate,J48_useMDLcorrection,J48_pruning,J48_collapseTree,J48_doNotMakeSplitPointActualValue,JRip_folds,J48_numFolds,J48_subtreeRaising,JRip_minNo,JRip_optimizations,J48_confidenceFactorValue"
82,90,0.89625731,0.94044682,0.97264620,0.97755418,0.94746377,0014,0034,0035,0.00000000,"Aggregator,JRip,SimpleCart,JRip_minNo,SimpleCart_minNumObj,DecisionTable,JRip_usePruning,PART,J48,DecisionTable_evaluationMeasure,J48_binarySplits,SimpleCart_heuristic,SimpleCart_usePrune,J48_useMDLcorrection,PART_useMDLcorrection,DecisionTable_crossVal,JRip_checkErrorRate,DecisionTable_search,JRip_optimizations,JRip_folds,J48_useLaplace,BestFirst_searchTermination,DecisionTable_useIBk,J48_doNotMakeSplitPointActualValue,J48_collapseTree,PART_pruning,PART_doNotMakeSplitPointActualValue,PART_minNumObj,PART_binarySplits,SimpleCart_useOneSE,J48_pruning,J48_minNumObj,GreedyStepwise_conservativeForwardSelection,SimpleCart_numFoldsPruning,J48_subtreeRaising,PART_numFolds,J48_confidenceFactorValue,BestFirst_direction,GreedyStepwise_searchBackwards,PART_confidenceFactorValue,J48_numFolds"
83,90,0.84818665,0.93918900,0.97264620,0.97755418,0.94746377,0014,0034,0035,0.00000000,"JRip,JRip_minNo,JRip_checkErrorRate,SimpleCart,Aggregator,DecisionTable,JRip_usePruning,PART,PART_useMDLcorrection,J48,J48_binarySplits,J48_doNotMakeSplitPointActualValue,SimpleCart_minNumObj,J48_useMDLcorrection,DecisionTable_useIBk,SimpleCart_heuristic,J48_pruning,J48_confidenceFactorValue,DecisionTable_evaluationMeasure,SimpleCart_usePrune,PART_doNotMakeSplitPointActualValue,DecisionTable_crossVal,PART_pruning,J48_collapseTree,SimpleCart_numFoldsPruning,DecisionTable_search,JRip_optimizations,PART_minNumObj,PART_numFolds,JRip_folds,PART_binarySplits,PART_confidenceFactorValue,J48_useLaplace,J48_numFolds,J48_minNumObj,J48_subtreeRaising,SimpleCart_useOneSE,GreedyStepwise_searchBackwards,GreedyStepwise_conservativeForwardSelection,BestFirst_direction,BestFirst_searchTermination"
84,90,0.81317628,0.94247447,0.97264620,0.97755418,0.94746377,0018,0034,0035,0.00000000,"J48,J48_minNumObj,PART,PART_binarySplits,Aggregator,J48_doNotMakeSplitPointActualValue,DecisionTable,PART_useMDLcorrection,DecisionTable_crossVal,PART_minNumObj,DecisionTable_useIBk,PART_pruning,JRip,SimpleCart,JRip_usePruning,J48_useLaplace,PART_doNotMakeSplitPointActualValue,J48_pruning,PART_numFolds,JRip_folds,J48_confidenceFactorValue,J48_binarySplits,J48_collapseTree,J48_useMDLcorrection,PART_confidenceFactorValue,JRip_optimizations,JRip_minNo,SimpleCart_minNumObj,DecisionTable_evaluationMeasure,DecisionTable_search,JRip_checkErrorRate,BestFirst_direction,SimpleCart_usePrune,J48_numFolds,SimpleCart_heuristic,J48_subtreeRaising,GreedyStepwise_conservativeForwardSelection,SimpleCart_useOneSE,GreedyStepwise_searchBackwards,BestFirst_searchTermination,SimpleCart_numFoldsPruning"
85,90,0.86783884,0.93716837,0.97264620,0.97755418,0.94746377,0016,0034,0035,0.00000000,"PART,DecisionTable,DecisionTable_search,Aggregator,PART_doNotMakeSplitPointActualValue,BestFirst_direction,J48,J48_useMDLcorrection,GreedyStepwise_conservativeForwardSelection,PART_pruning,JRip,JRip_minNo,J48_useLaplace,SimpleCart,JRip_usePruning,GreedyStepwise_searchBackwards,PART_numFolds,BestFirst_searchTermination,DecisionTable_useIBk,DecisionTable_crossVal,J48_pruning,DecisionTable_evaluationMeasure,PART_binarySplits,SimpleCart_heuristic,PART_useMDLcorrection,JRip_checkErrorRate,PART_minNumObj,J48_minNumObj,PART_confidenceFactorValue,J48_binarySplits,SimpleCart_usePrune,J48_confidenceFactorValue,J48_numFolds,SimpleCart_numFoldsPruning,J48_collapseTree,J48_doNotMakeSplitPointActualValue,SimpleCart_useOneSE,J48_subtreeRaising,SimpleCart_minNumObj,JRip_folds,JRip_optimizations"
86,90,0.89305733,0.93822852,0.97264620,0.97755418,0.94746377,0016,0034,0035,0.00000000,"PART,SimpleCart,SimpleCart_minNumObj,PART_binarySplits,J48,JRip,PART_pruning,PART_confidenceFactorValue,PART_doNotMakeSplitPointActualValue,J48_minNumObj,PART_useMDLcorrection,PART_numFolds,J48_pruning,J48_collapseTree,J48_subtreeRaising,JRip_minNo,Aggregator,JRip_usePruning,SimpleCart_heuristic,J48_doNotMakeSplitPointActualValue,DecisionTable,J48_numFolds,PART_minNumObj,J48_useLaplace,SimpleCart_usePrune,J48_binarySplits,J48_useMDLcorrection,JRip_checkErrorRate,DecisionTable_crossVal,DecisionTable_evaluationMeasure,J48_confidenceFactorValue,JRip_folds,SimpleCart_useOneSE,SimpleCart_numFoldsPruning,JRip_optimizations,DecisionTable_useIBk,DecisionTable_search,BestFirst_searchTermination,GreedyStepwise_conservativeForwardSelection,GreedyStepwise_searchBackwards,BestFirst_direction"
87,90,0.88134100,0.94158013,0.97264620,0.97755418,0.94746377,0018,0034,0035,0.00000000,"DecisionTable,DecisionTable_search,DecisionTable_evaluationMeasure,BestFirst_searchTermination,Aggregator,DecisionTable_crossVal,BestFirst_direction,GreedyStepwise_conservativeForwardSelection,SimpleCart,JRip,GreedyStepwise_searchBackwards,SimpleCart_minNumObj,SimpleCart_usePrune,JRip_checkErrorRate,JRip_minNo,PART,DecisionTable_useIBk,SimpleCart_heuristic,J48,SimpleCart_numFoldsPruning,PART_useMDLcorrection,JRip_usePruning,J48_useMDLcorrection,PART_doNotMakeSplitPointActualValue,PART_pruning,PART_binarySplits,JRip_optimizations,J48_minNumObj,JRip_folds,J48_pruning,SimpleCart_useOneSE,PART_confidenceFactorValue,J48_collapseTree,PART_minNumObj,J48_subtreeRaising,J48_useLaplace,PART_numFolds,J48_doNotMakeSplitPointActualValue,J48_binarySplits,J48_numFolds,J48_confidenceFactorValue"
88,90,0.84727807,0.94172885,0.97264620,0.97755418,0.94746377,0017,0034,0035,0.00000000,"SimpleCart,SimpleCart_heuristic,SimpleCart_minNumObj,J48,J48_pruning,SimpleCart_usePrune,J48_numFolds,SimpleCart_useOneSE,Aggregator,J48_confidenceFactorValue,DecisionTable,DecisionTable_crossVal,JRip,J48_useLaplace,PART,DecisionTable_evaluationMeasure,J48_binarySplits,J48_minNumObj,DecisionTable_useIBk,JRip_minNo,J48_collapseTree,PART_minNumObj,J48_doNotMakeSplitPointActualValue,SimpleCart_numFoldsPruning,PART_useMDLcorrection,J48_useMDLcorrection,J48_subtreeRaising,PART_binarySplits,DecisionTable_search,JRip_checkErrorRate,PART_doNotMakeSplitPointActualValue,BestFirst_direction,PART_pruning,JRip_usePruning,GreedyStepwise_searchBackwards,JRip_folds,PART_numFolds,BestFirst_searchTermination,PART_confidenceFactorValue,GreedyStepwise_conservativeForwardSelection,JRip_optimizations"
89,90,0.86428357,0.93966949,0.97264620,0.97755418,0.94746377,0018,0034,0035,0.00000000,"J48,J48_minNumObj,J48_collapseTree,DecisionTable,J48_pruning,DecisionTable_crossVal,Aggregator,J48_binarySplits,PART,SimpleCart,J48_useMDLcorrection,DecisionTable_useIBk,SimpleCart_heuristic,JRip,J48_useLaplace,DecisionTable_search,GreedyStepwise_conservativeForwardSelection,PART_useMDLcorrection,PART_pruning,J48_doNotMakeSplitPointActualValue,BestFirst_searchTermination,GreedyStepwise_searchBackwards,PART_binarySplits,PART_numFolds,DecisionTable_evaluationMeasure,PART_doNotMakeSplitPointActualValue,J48_subtreeRaising,J48_numFolds,JRip_usePruning,BestFirst_direction,J48_confidenceFactorValue,PART_minNumObj,SimpleCart_minNumObj,PART_confidenceFactorValue,SimpleCart_usePrune,JRip_checkErrorRate,JRip_minNo,JRip_folds,JRip_optimizations,SimpleCart_numFoldsPruning,SimpleCart_useOneSE"
90,90,0.86383449,0.93971755,0.97264620,0.97755418,0.94746377,0018,0034,0035,0.00000000,"SimpleCart,SimpleCart_heuristic,J48,JRip,Aggregator,PART,SimpleCart_minNumObj,J48_minNumObj,JRip_minNo,J48_useLaplace,J48_pruning,J48_confidenceFactorValue,PART_useMDLcorrection,J48_numFolds,DecisionTable,PART_minNumObj,PART_pruning,JRip_checkErrorRate,SimpleCart_usePrune,DecisionTable_useIBk,SimpleCart_useOneSE,J48_collapseTree,DecisionTable_search,J48_binarySplits,JRip_usePruning,J48_doNotMakeSplitPointActualValue,J48_useMDLcorrection,GreedyStepwise_conservativeForwardSelection,PART_doNotMakeSplitPointActualValue,BestFirst_direction,DecisionTable_crossVal,SimpleCart_numFoldsPruning,PART_binarySplits,PART_numFolds,J48_subtreeRaising,BestFirst_searchTermination,GreedyStepwise_searchBackwards,DecisionTable_evaluationMeasure,PART_confidenceFactorValue,JRip_optimizations,JRip_folds"
91,90,0.83235230,0.93984507,0.97264620,0.97755418,0.94746377,0022,0034,0035,0.00000000,"Aggregator,J48,SimpleCart,J48_doNotMakeSplitPointActualValue,DecisionTable,J48_minNumObj,DecisionTable_search,BestFirst_searchTermination,JRip,SimpleCart_usePrune,DecisionTable_crossVal,SimpleCart_heuristic,JRip_usePruning,JRip_minNo,DecisionTable_evaluationMeasure,PART,PART_doNotMakeSplitPointActualValue,J48_useLaplace,J48_useMDLcorrection,J48_collapseTree,DecisionTable_useIBk,J48_pruning,PART_pruning,JRip_checkErrorRate,GreedyStepwise_searchBackwards,SimpleCart_useOneSE,SimpleCart_minNumObj,GreedyStepwise_conservativeForwardSelection,J48_binarySplits,J48_confidenceFactorValue,SimpleCart_numFoldsPruning,PART_useMDLcorrection,PART_numFolds,JRip_optimizations,JRip_folds,BestFirst_direction,J48_numFolds,PART_binarySplits,PART_confidenceFactorValue,J48_subtreeRaising,PART_minNumObj"
92,90,0.80651267,0.93899564,0.97264620,0.97755418,0.94746377,0016,0034,0035,0.00000000,"DecisionTable,Aggregator,PART,DecisionTable_crossVal,PART_binarySplits,PART_minNumObj,J48,J48_useLaplace,SimpleCart,JRip,DecisionTable_useIBk,PART_pruning,J48_pruning,J48_useMDLcorrection,PART_doNotMakeSplitPointActualValue,PART_numFolds,J48_doNotMakeSplitPointActualValue,JRip_checkErrorRate,DecisionTable_evaluationMeasure,DecisionTable_search,GreedyStepwise_conservativeForwardSelection,J48_confidenceFactorValue,J48_binarySplits,SimpleCart_heuristic,J48_subtreeRaising,PART_confidenceFactorValue,PART_useMDLcorrection,SimpleCart_usePrune,JRip_usePruning,BestFirst_direction,JRip_minNo,SimpleCart_minNumObj,SimpleCart_useOneSE,J48_minNumObj,JRip_optimizations,J48_numFolds,J48_collapseTree,GreedyStepwise_searchBackwards,BestFirst_searchTermination,SimpleCart_numFoldsPruning,JRip_folds"
93,90,0.86700464,0.94021387,0.97264620,0.97755418,0.94746377,0017,0034,0035,0.00000000,"DecisionTable,J48,SimpleCart,J48_pruning,Aggregator,PART,DecisionTable_evaluationMeasure,PART_useMDLcorrection,DecisionTable_crossVal,JRip,PART_doNotMakeSplitPointActualValue,J48_confidenceFactorValue,J48_collapseTree,SimpleCart_minNumObj,JRip_minNo,J48_minNumObj,J48_useLaplace,J48_binarySplits,SimpleCart_heuristic,DecisionTable_search,PART_pruning,PART_numFolds,PART_binarySplits,GreedyStepwise_conservativeForwardSelection,DecisionTable_useIBk,BestFirst_searchTermination,PART_minNumObj,JRip_usePruning,PART_confidenceFactorValue,J48_useMDLcorrection,JRip_checkErrorRate,GreedyStepwise_searchBackwards,BestFirst_direction,J48_numFolds,JRip_folds,J48_doNotMakeSplitPointActualValue,J48_subtreeRaising,SimpleCart_usePrune,JRip_optimizations,SimpleCart_useOneSE,SimpleCart_numFoldsPruning"
94,90,0.83774617,0.94006474,0.97264620,0.97755418,0.94746377,0018,0034,0035,0.00000000,"PART,PART_doNotMakeSplitPointActualValue,J48,SimpleCart,SimpleCart_minNumObj,PART_minNumObj,J48_binarySplits,J48_doNotMakeSplitPointActualValue,J48_collapseTree,PART_pruning,PART_binarySplits,PART_useMDLcorrection,JRip,PART_confidenceFactorValue,J48_minNumObj,J48_pruning,SimpleCart_usePrune,DecisionTable,J48_useLaplace,JRip_usePruning,Aggregator,SimpleCart_numFoldsPruning,J48_numFolds,J48_useMDLcorrection,SimpleCart_heuristic,PART_numFolds,JRip_checkErrorRate,JRip_minNo,DecisionTable_crossVal,SimpleCart_useOneSE,DecisionTable_evaluationMeasure,JRip_optimizations,J48_subtreeRaising,J48_confidenceFactorValue,DecisionTable_search,DecisionTable_useIBk,JRip_folds,GreedyStepwise_searchBackwards,BestFirst_direction,BestFirst_searchTermination,GreedyStepwise_conservativeForwardSelection"
95,90,0.86037587,0.93871934,0.97264620,0.97755418,0.94746377,0016,0034,0035,0.00000000,"PART,PART_binarySplits,DecisionTable,PART_pruning,Aggregator,PART_doNotMakeSplitPointActualValue,DecisionTable_crossVal,PART_useMDLcorrection,JRip,PART_minNumObj,JRip_usePruning,SimpleCart,SimpleCart_minNumObj,PART_confidenceFactorValue,JRip_minNo,PART_numFolds,DecisionTable_evaluationMeasure,DecisionTable_useIBk,J48,J48_pruning,J48_numFolds,J48_confidenceFactorValue,JRip_checkErrorRate,DecisionTable_search,JRip_folds,J48_useMDLcorrection,J48_minNumObj,J48_useLaplace,GreedyStepwise_searchBackwards,SimpleCart_heuristic,JRip_optimizations,J48_binarySplits,GreedyStepwise_conservativeForwardSelection,J48_collapseTree,SimpleCart_usePrune,J48_doNotMakeSplitPointActualValue,BestFirst_direction,J48_subtreeRaising,SimpleCart_useOneSE,BestFirst_searchTermination,SimpleCart_numFoldsPruning"
96,90,0.77433044,0.94013540,0.97264620,0.97755418,0.94746377,0017,0034,0035,0.00000000,"DecisionTable,PART,PART_useMDLcorrection,SimpleCart,PART_pruning,JRip,PART_binarySplits,PART_numFolds,DecisionTable_useIBk,JRip_minNo,PART_doNotMakeSplitPointActualValue,Aggregator,DecisionTable_crossVal,PART_minNumObj,SimpleCart_heuristic,DecisionTable_evaluationMeasure,JRip_checkErrorRate,JRip_usePruning,DecisionTable_search,GreedyStepwise_searchBackwards,PART_confidenceFactorValue,BestFirst_searchTermination,J48,J48_binarySplits,SimpleCart_usePrune,SimpleCart_minNumObj,JRip_optimizations,SimpleCart_useOneSE,GreedyStepwise_conservativeForwardSelection,J48_doNotMakeSplitPointActualValue,J48_pruning,J48_useMDLcorrection,J48_useLaplace,JRip_folds,J48_numFolds,J48_collapseTree,BestFirst_direction,J48_subtreeRaising,SimpleCart_numFoldsPruning,J48_minNumObj,J48_confidenceFactorValue"
97,90,0.84565924,0.94159281,0.97264620,0.97755418,0.94746377,0015,0034,0035,0.00000000,"JRip,J48,DecisionTable,PART,J48_doNotMakeSplitPointActualValue,DecisionTable_search,BestFirst_direction,DecisionTable_useIBk,PART_minNumObj,PART_doNotMakeSplitPointActualValue,SimpleCart,Aggregator,J48_collapseTree,BestFirst_searchTermination,SimpleCart_minNumObj,SimpleCart_heuristic,PART_binarySplits,PART_pruning,JRip_checkErrorRate,J48_minNumObj,DecisionTable_evaluationMeasure,GreedyStepwise_searchBackwards,JRip_minNo,JRip_usePruning,DecisionTable_crossVal,SimpleCart_usePrune,GreedyStepwise_conservativeForwardSelection,SimpleCart_useOneSE,J48_useLaplace,PART_confidenceFactorValue,J48_pruning,J48_binarySplits,PART_useMDLcorrection,J48_useMDLcorrection,JRip_folds,JRip_optimizations,PART_numFolds,J48_numFolds,J48_confidenceFactorValue,SimpleCart_numFoldsPruning,J48_subtreeRaising"
