gen,nevals,min,median,max,currentGenBestValFitness,currentGenBestTestFitness,lap time (seconds),discarded individuals (including burn-in),GM connections,GM mean heuristic,sampling order
0,100,0.52074074,0.69208333,0.74564815,0.83148148,0.69375000,0025,0034,0035,0.00000000,"SimpleCart,SimpleCart_usePrune,JRip,SimpleCart_minNumObj,JRip_usePruning,DecisionTable,PART,PART_useMDLcorrection,DecisionTable_evaluationMeasure,PART_doNotMakeSplitPointActualValue,DecisionTable_search,BestFirst_direction,Aggregator,BestFirst_searchTermination,PART_pruning,JRip_minNo,J48,PART_binarySplits,DecisionTable_crossVal,PART_minNumObj,SimpleCart_useOneSE,GreedyStepwise_conservativeForwardSelection,JRip_folds,PART_numFolds,J48_useMDLcorrection,SimpleCart_numFoldsPruning,JRip_checkErrorRate,SimpleCart_heuristic,J48_binarySplits,J48_useLaplace,JRip_optimizations,J48_doNotMakeSplitPointActualValue,J48_minNumObj,DecisionTable_useIBk,PART_confidenceFactorValue,GreedyStepwise_searchBackwards,J48_pruning,J48_collapseTree,J48_confidenceFactorValue,J48_subtreeRaising,J48_numFolds"
1,90,0.59490741,0.69444444,0.74564815,0.83148148,0.69375000,0010,0034,0035,0.00000000,"DecisionTable,SimpleCart,SimpleCart_heuristic,DecisionTable_crossVal,SimpleCart_usePrune,DecisionTable_search,SimpleCart_minNumObj,Aggregator,BestFirst_direction,SimpleCart_useOneSE,DecisionTable_evaluationMeasure,JRip,JRip_usePruning,SimpleCart_numFoldsPruning,J48,PART,J48_pruning,PART_pruning,DecisionTable_useIBk,J48_numFolds,GreedyStepwise_conservativeForwardSelection,PART_numFolds,J48_doNotMakeSplitPointActualValue,J48_binarySplits,PART_minNumObj,JRip_folds,GreedyStepwise_searchBackwards,BestFirst_searchTermination,JRip_optimizations,JRip_checkErrorRate,JRip_minNo,J48_collapseTree,J48_minNumObj,J48_useMDLcorrection,PART_doNotMakeSplitPointActualValue,PART_useMDLcorrection,PART_binarySplits,PART_confidenceFactorValue,J48_subtreeRaising,J48_confidenceFactorValue,J48_useLaplace"
2,90,0.58231481,0.69777778,0.74564815,0.83148148,0.69375000,0010,0034,0035,0.00000000,"SimpleCart,J48,J48_useMDLcorrection,PART,SimpleCart_minNumObj,J48_binarySplits,JRip,DecisionTable,SimpleCart_usePrune,Aggregator,SimpleCart_useOneSE,J48_doNotMakeSplitPointActualValue,JRip_usePruning,J48_minNumObj,JRip_checkErrorRate,PART_useMDLcorrection,J48_pruning,J48_useLaplace,PART_binarySplits,PART_minNumObj,J48_numFolds,SimpleCart_heuristic,JRip_folds,J48_collapseTree,DecisionTable_useIBk,PART_pruning,DecisionTable_search,SimpleCart_numFoldsPruning,JRip_minNo,BestFirst_direction,PART_doNotMakeSplitPointActualValue,GreedyStepwise_searchBackwards,J48_confidenceFactorValue,JRip_optimizations,DecisionTable_evaluationMeasure,DecisionTable_crossVal,J48_subtreeRaising,GreedyStepwise_conservativeForwardSelection,PART_numFolds,BestFirst_searchTermination,PART_confidenceFactorValue"
3,90,0.46148148,0.69671296,0.74564815,0.83148148,0.69375000,0010,0034,0035,0.00000000,"PART,SimpleCart,PART_pruning,PART_useMDLcorrection,DecisionTable,PART_minNumObj,JRip,DecisionTable_search,Aggregator,PART_binarySplits,PART_confidenceFactorValue,DecisionTable_evaluationMeasure,PART_doNotMakeSplitPointActualValue,PART_numFolds,DecisionTable_useIBk,GreedyStepwise_searchBackwards,SimpleCart_usePrune,SimpleCart_heuristic,SimpleCart_minNumObj,J48,J48_doNotMakeSplitPointActualValue,JRip_usePruning,DecisionTable_crossVal,JRip_checkErrorRate,J48_pruning,J48_binarySplits,JRip_minNo,SimpleCart_useOneSE,SimpleCart_numFoldsPruning,BestFirst_direction,JRip_folds,GreedyStepwise_conservativeForwardSelection,BestFirst_searchTermination,J48_minNumObj,JRip_optimizations,J48_numFolds,J48_useLaplace,J48_collapseTree,J48_subtreeRaising,J48_confidenceFactorValue,J48_useMDLcorrection"
4,90,0.60203704,0.70388889,0.74564815,0.83148148,0.69375000,0011,0082,0073,0.59488176,"DecisionTable,PART,JRip,DecisionTable_search,GreedyStepwise_searchBackwards,BestFirst_searchTermination,DecisionTable_evaluationMeasure,PART_minNumObj,BestFirst_direction,JRip_usePruning,PART_pruning,GreedyStepwise_conservativeForwardSelection,PART_confidenceFactorValue,DecisionTable_useIBk,PART_numFolds,J48_useLaplace,J48_subtreeRaising,J48_confidenceFactorValue,SimpleCart_useOneSE,PART_useMDLcorrection,JRip_optimizations,PART_binarySplits,JRip_folds,JRip_checkErrorRate,PART_doNotMakeSplitPointActualValue,DecisionTable_crossVal,J48,J48_collapseTree,J48_binarySplits,J48_minNumObj,J48_doNotMakeSplitPointActualValue,J48_pruning,J48_numFolds,SimpleCart,SimpleCart_usePrune,SimpleCart_numFoldsPruning,Aggregator,SimpleCart_minNumObj,SimpleCart_heuristic,J48_useMDLcorrection,JRip_minNo"
5,90,0.58379630,0.70129630,0.74564815,0.83148148,0.69375000,0011,0034,0073,0.59488176,"PART,JRip,DecisionTable,PART_pruning,PART_confidenceFactorValue,DecisionTable_useIBk,DecisionTable_evaluationMeasure,PART_useMDLcorrection,DecisionTable_crossVal,J48,PART_doNotMakeSplitPointActualValue,J48_useLaplace,J48_collapseTree,PART_minNumObj,J48_doNotMakeSplitPointActualValue,PART_binarySplits,J48_useMDLcorrection,J48_pruning,J48_numFolds,SimpleCart,DecisionTable_search,GreedyStepwise_searchBackwards,SimpleCart_usePrune,BestFirst_searchTermination,GreedyStepwise_conservativeForwardSelection,BestFirst_direction,JRip_usePruning,J48_subtreeRaising,J48_confidenceFactorValue,SimpleCart_numFoldsPruning,PART_numFolds,JRip_minNo,J48_minNumObj,SimpleCart_minNumObj,JRip_optimizations,JRip_folds,SimpleCart_heuristic,Aggregator,SimpleCart_useOneSE,JRip_checkErrorRate,J48_binarySplits"
6,90,0.64555556,0.70699074,0.74564815,0.83148148,0.69375000,0011,0038,0073,0.59488176,"PART,JRip,DecisionTable,JRip_minNo,JRip_checkErrorRate,DecisionTable_search,JRip_usePruning,JRip_optimizations,PART_binarySplits,PART_minNumObj,BestFirst_direction,BestFirst_searchTermination,DecisionTable_useIBk,PART_useMDLcorrection,PART_doNotMakeSplitPointActualValue,GreedyStepwise_conservativeForwardSelection,DecisionTable_evaluationMeasure,DecisionTable_crossVal,PART_pruning,PART_confidenceFactorValue,J48,GreedyStepwise_searchBackwards,J48_useLaplace,J48_subtreeRaising,SimpleCart_numFoldsPruning,JRip_folds,J48_minNumObj,J48_binarySplits,J48_pruning,J48_useMDLcorrection,PART_numFolds,J48_collapseTree,J48_doNotMakeSplitPointActualValue,Aggregator,J48_confidenceFactorValue,J48_numFolds,SimpleCart,SimpleCart_usePrune,SimpleCart_minNumObj,SimpleCart_heuristic,SimpleCart_useOneSE"
7,90,0.60268519,0.70060185,0.74564815,0.83148148,0.69375000,0011,0147,0068,0.60082899,"PART,PART_useMDLcorrection,Aggregator,DecisionTable,PART_binarySplits,DecisionTable_search,GreedyStepwise_searchBackwards,DecisionTable_useIBk,BestFirst_direction,DecisionTable_crossVal,PART_minNumObj,J48_useLaplace,SimpleCart_minNumObj,BestFirst_searchTermination,PART_doNotMakeSplitPointActualValue,J48_useMDLcorrection,J48_numFolds,J48_minNumObj,J48_collapseTree,PART_confidenceFactorValue,DecisionTable_evaluationMeasure,SimpleCart_heuristic,SimpleCart_usePrune,SimpleCart_numFoldsPruning,JRip,JRip_usePruning,JRip_folds,JRip_optimizations,SimpleCart,JRip_minNo,PART_pruning,PART_numFolds,SimpleCart_useOneSE,J48,J48_doNotMakeSplitPointActualValue,J48_binarySplits,JRip_checkErrorRate,GreedyStepwise_conservativeForwardSelection,J48_pruning,J48_subtreeRaising,J48_confidenceFactorValue"
8,90,0.55981481,0.70050926,0.74564815,0.83148148,0.69375000,0010,0034,0068,0.60082899,"PART,DecisionTable,PART_useMDLcorrection,Aggregator,DecisionTable_evaluationMeasure,PART_doNotMakeSplitPointActualValue,DecisionTable_crossVal,PART_minNumObj,PART_pruning,PART_numFolds,PART_binarySplits,DecisionTable_search,BestFirst_direction,PART_confidenceFactorValue,BestFirst_searchTermination,GreedyStepwise_searchBackwards,DecisionTable_useIBk,GreedyStepwise_conservativeForwardSelection,JRip_folds,SimpleCart_usePrune,SimpleCart_numFoldsPruning,JRip,JRip_usePruning,JRip_checkErrorRate,SimpleCart_useOneSE,J48,J48_pruning,J48_confidenceFactorValue,J48_doNotMakeSplitPointActualValue,J48_useLaplace,J48_useMDLcorrection,J48_subtreeRaising,J48_numFolds,SimpleCart_heuristic,SimpleCart_minNumObj,J48_minNumObj,J48_collapseTree,JRip_minNo,JRip_optimizations,J48_binarySplits,SimpleCart"
9,90,0.59953704,0.70162037,0.74564815,0.83148148,0.69375000,0011,0096,0068,0.60082899,"Aggregator,PART,PART_useMDLcorrection,DecisionTable,JRip_usePruning,J48_subtreeRaising,PART_numFolds,J48_confidenceFactorValue,DecisionTable_useIBk,PART_pruning,PART_confidenceFactorValue,DecisionTable_evaluationMeasure,PART_binarySplits,DecisionTable_crossVal,PART_minNumObj,JRip_folds,JRip_optimizations,SimpleCart,SimpleCart_heuristic,SimpleCart_minNumObj,PART_doNotMakeSplitPointActualValue,SimpleCart_usePrune,SimpleCart_numFoldsPruning,JRip,DecisionTable_search,GreedyStepwise_searchBackwards,BestFirst_searchTermination,JRip_minNo,BestFirst_direction,GreedyStepwise_conservativeForwardSelection,JRip_checkErrorRate,SimpleCart_useOneSE,J48,J48_collapseTree,J48_minNumObj,J48_doNotMakeSplitPointActualValue,J48_useMDLcorrection,J48_useLaplace,J48_pruning,J48_numFolds,J48_binarySplits"
10,90,0.54074074,0.70453704,0.74564815,0.83148148,0.69375000,0013,0066,0069,0.45086216,"DecisionTable,J48,PART,PART_binarySplits,PART_pruning,DecisionTable_evaluationMeasure,DecisionTable_crossVal,J48_minNumObj,J48_useLaplace,J48_collapseTree,PART_minNumObj,DecisionTable_search,BestFirst_searchTermination,DecisionTable_useIBk,PART_doNotMakeSplitPointActualValue,BestFirst_direction,GreedyStepwise_searchBackwards,J48_binarySplits,Aggregator,JRip,JRip_usePruning,JRip_checkErrorRate,SimpleCart_minNumObj,J48_numFolds,SimpleCart_useOneSE,JRip_minNo,J48_useMDLcorrection,J48_pruning,J48_confidenceFactorValue,J48_subtreeRaising,PART_useMDLcorrection,PART_numFolds,JRip_optimizations,JRip_folds,GreedyStepwise_conservativeForwardSelection,J48_doNotMakeSplitPointActualValue,PART_confidenceFactorValue,SimpleCart,SimpleCart_usePrune,SimpleCart_numFoldsPruning,SimpleCart_heuristic"
11,90,0.61962963,0.71074074,0.74564815,0.83148148,0.69375000,0010,0071,0069,0.45086216,"J48,PART,DecisionTable,J48_minNumObj,DecisionTable_useIBk,DecisionTable_search,GreedyStepwise_searchBackwards,PART_pruning,BestFirst_direction,Aggregator,J48_collapseTree,J48_useMDLcorrection,PART_useMDLcorrection,J48_useLaplace,PART_numFolds,DecisionTable_crossVal,PART_binarySplits,BestFirst_searchTermination,PART_minNumObj,J48_binarySplits,DecisionTable_evaluationMeasure,PART_doNotMakeSplitPointActualValue,JRip,JRip_checkErrorRate,JRip_usePruning,SimpleCart_minNumObj,J48_numFolds,J48_subtreeRaising,SimpleCart_useOneSE,PART_confidenceFactorValue,SimpleCart,SimpleCart_usePrune,SimpleCart_numFoldsPruning,SimpleCart_heuristic,JRip_minNo,JRip_optimizations,JRip_folds,J48_pruning,J48_doNotMakeSplitPointActualValue,GreedyStepwise_conservativeForwardSelection,J48_confidenceFactorValue"
12,90,0.61425926,0.71000000,0.74564815,0.83148148,0.69375000,0010,0034,0069,0.45086216,"PART,DecisionTable,J48,DecisionTable_search,GreedyStepwise_searchBackwards,GreedyStepwise_conservativeForwardSelection,PART_doNotMakeSplitPointActualValue,JRip,JRip_usePruning,JRip_checkErrorRate,J48_doNotMakeSplitPointActualValue,DecisionTable_crossVal,J48_minNumObj,PART_pruning,BestFirst_direction,J48_collapseTree,DecisionTable_evaluationMeasure,Aggregator,PART_binarySplits,DecisionTable_useIBk,PART_minNumObj,J48_useLaplace,BestFirst_searchTermination,J48_binarySplits,JRip_optimizations,JRip_folds,J48_pruning,J48_confidenceFactorValue,J48_numFolds,PART_confidenceFactorValue,SimpleCart,SimpleCart_usePrune,SimpleCart_useOneSE,SimpleCart_heuristic,SimpleCart_minNumObj,SimpleCart_numFoldsPruning,JRip_minNo,J48_useMDLcorrection,PART_numFolds,PART_useMDLcorrection,J48_subtreeRaising"
13,90,0.61777778,0.69509259,0.74750000,0.84490741,0.75937500,0009,0034,0056,0.58467408,"DecisionTable,PART,PART_useMDLcorrection,PART_minNumObj,PART_binarySplits,DecisionTable_evaluationMeasure,J48,PART_pruning,PART_confidenceFactorValue,DecisionTable_useIBk,J48_useMDLcorrection,J48_doNotMakeSplitPointActualValue,J48_pruning,J48_numFolds,J48_subtreeRaising,PART_numFolds,J48_confidenceFactorValue,J48_useLaplace,PART_doNotMakeSplitPointActualValue,J48_binarySplits,DecisionTable_crossVal,J48_minNumObj,SimpleCart,SimpleCart_minNumObj,JRip,SimpleCart_usePrune,JRip_checkErrorRate,JRip_minNo,JRip_usePruning,SimpleCart_numFoldsPruning,JRip_folds,SimpleCart_useOneSE,JRip_optimizations,SimpleCart_heuristic,J48_collapseTree,DecisionTable_search,GreedyStepwise_searchBackwards,BestFirst_searchTermination,BestFirst_direction,GreedyStepwise_conservativeForwardSelection,Aggregator"
14,90,0.52657407,0.70152778,0.74750000,0.84490741,0.75937500,0013,0094,0056,0.58467408,"PART,PART_useMDLcorrection,DecisionTable,GreedyStepwise_searchBackwards,JRip_usePruning,JRip_optimizations,JRip_folds,J48_pruning,J48_confidenceFactorValue,J48_numFolds,J48_subtreeRaising,J48_doNotMakeSplitPointActualValue,J48_useMDLcorrection,SimpleCart_useOneSE,PART_confidenceFactorValue,GreedyStepwise_conservativeForwardSelection,JRip_minNo,PART_numFolds,SimpleCart_numFoldsPruning,JRip_checkErrorRate,DecisionTable_crossVal,PART_minNumObj,PART_binarySplits,PART_pruning,DecisionTable_evaluationMeasure,DecisionTable_useIBk,J48,J48_minNumObj,SimpleCart,SimpleCart_minNumObj,SimpleCart_usePrune,JRip,J48_useLaplace,PART_doNotMakeSplitPointActualValue,DecisionTable_search,BestFirst_searchTermination,J48_binarySplits,SimpleCart_heuristic,BestFirst_direction,J48_collapseTree,Aggregator"
15,90,0.60407407,0.70083333,0.74750000,0.84490741,0.75937500,0013,0098,0056,0.58467408,"PART,DecisionTable,PART_useMDLcorrection,JRip_optimizations,JRip_minNo,SimpleCart_useOneSE,J48_pruning,J48_subtreeRaising,J48_confidenceFactorValue,J48_numFolds,PART_numFolds,JRip_checkErrorRate,GreedyStepwise_searchBackwards,JRip_usePruning,JRip_folds,SimpleCart_numFoldsPruning,PART_confidenceFactorValue,J48_doNotMakeSplitPointActualValue,J48_useMDLcorrection,GreedyStepwise_conservativeForwardSelection,DecisionTable_evaluationMeasure,J48,DecisionTable_useIBk,PART_pruning,J48_binarySplits,PART_binarySplits,DecisionTable_crossVal,J48_minNumObj,PART_minNumObj,SimpleCart,SimpleCart_minNumObj,SimpleCart_usePrune,JRip,SimpleCart_heuristic,DecisionTable_search,BestFirst_searchTermination,J48_collapseTree,BestFirst_direction,Aggregator,J48_useLaplace,PART_doNotMakeSplitPointActualValue"
16,90,0.61185185,0.69708333,0.74750000,0.84490741,0.75937500,0013,0034,0063,0.51612750,"DecisionTable,PART,PART_binarySplits,J48,PART_useMDLcorrection,J48_binarySplits,J48_pruning,J48_confidenceFactorValue,J48_subtreeRaising,J48_numFolds,DecisionTable_search,GreedyStepwise_searchBackwards,JRip_optimizations,SimpleCart_numFoldsPruning,JRip_folds,JRip_minNo,SimpleCart_heuristic,SimpleCart_useOneSE,PART_doNotMakeSplitPointActualValue,BestFirst_searchTermination,J48_collapseTree,DecisionTable_evaluationMeasure,DecisionTable_useIBk,PART_minNumObj,PART_pruning,J48_useLaplace,SimpleCart,PART_confidenceFactorValue,PART_numFolds,J48_useMDLcorrection,J48_doNotMakeSplitPointActualValue,SimpleCart_minNumObj,J48_minNumObj,DecisionTable_crossVal,GreedyStepwise_conservativeForwardSelection,BestFirst_direction,SimpleCart_usePrune,JRip_checkErrorRate,JRip_usePruning,JRip,Aggregator"
17,90,0.59546296,0.69768519,0.74750000,0.84490741,0.75937500,0013,0034,0063,0.51612750,"PART,DecisionTable,PART_useMDLcorrection,PART_binarySplits,J48,J48_pruning,J48_binarySplits,J48_confidenceFactorValue,DecisionTable_crossVal,J48_minNumObj,PART_doNotMakeSplitPointActualValue,J48_collapseTree,PART_pruning,PART_numFolds,PART_confidenceFactorValue,J48_subtreeRaising,J48_numFolds,DecisionTable_search,GreedyStepwise_conservativeForwardSelection,BestFirst_searchTermination,DecisionTable_useIBk,BestFirst_direction,SimpleCart,PART_minNumObj,GreedyStepwise_searchBackwards,SimpleCart_heuristic,J48_useLaplace,DecisionTable_evaluationMeasure,SimpleCart_numFoldsPruning,SimpleCart_useOneSE,JRip_optimizations,JRip_minNo,JRip_folds,J48_doNotMakeSplitPointActualValue,J48_useMDLcorrection,JRip_usePruning,JRip_checkErrorRate,SimpleCart_usePrune,SimpleCart_minNumObj,Aggregator,JRip"
18,90,0.57555556,0.70000000,0.74750000,0.84490741,0.75937500,0012,0034,0063,0.51612750,"PART,J48,PART_useMDLcorrection,DecisionTable,J48_binarySplits,J48_pruning,PART_binarySplits,J48_confidenceFactorValue,DecisionTable_useIBk,DecisionTable_crossVal,J48_minNumObj,PART_doNotMakeSplitPointActualValue,DecisionTable_evaluationMeasure,J48_useMDLcorrection,J48_doNotMakeSplitPointActualValue,PART_pruning,PART_numFolds,PART_confidenceFactorValue,PART_minNumObj,J48_collapseTree,DecisionTable_search,J48_subtreeRaising,BestFirst_direction,J48_numFolds,GreedyStepwise_conservativeForwardSelection,BestFirst_searchTermination,GreedyStepwise_searchBackwards,J48_useLaplace,SimpleCart,SimpleCart_heuristic,SimpleCart_useOneSE,SimpleCart_numFoldsPruning,JRip_optimizations,JRip_minNo,JRip_folds,SimpleCart_usePrune,SimpleCart_minNumObj,JRip,Aggregator,JRip_usePruning,JRip_checkErrorRate"
19,90,0.61101852,0.70157407,0.74750000,0.84490741,0.75937500,0012,0034,0060,0.32362330,"DecisionTable,DecisionTable_useIBk,J48,J48_binarySplits,PART,J48_pruning,DecisionTable_evaluationMeasure,PART_useMDLcorrection,PART_pruning,J48_confidenceFactorValue,PART_numFolds,PART_confidenceFactorValue,J48_doNotMakeSplitPointActualValue,J48_collapseTree,J48_numFolds,PART_doNotMakeSplitPointActualValue,J48_useLaplace,J48_useMDLcorrection,J48_minNumObj,DecisionTable_crossVal,PART_minNumObj,J48_subtreeRaising,JRip,JRip_checkErrorRate,JRip_usePruning,PART_binarySplits,JRip_minNo,SimpleCart,JRip_folds,JRip_optimizations,SimpleCart_usePrune,SimpleCart_minNumObj,SimpleCart_numFoldsPruning,SimpleCart_useOneSE,DecisionTable_search,Aggregator,SimpleCart_heuristic,BestFirst_searchTermination,GreedyStepwise_searchBackwards,BestFirst_direction,GreedyStepwise_conservativeForwardSelection"
20,90,0.60731481,0.69375000,0.74879630,0.71805556,0.74375000,0012,0034,0060,0.32362330,"J48,DecisionTable,J48_pruning,DecisionTable_useIBk,PART,DecisionTable_evaluationMeasure,J48_confidenceFactorValue,PART_pruning,PART_useMDLcorrection,J48_binarySplits,PART_confidenceFactorValue,PART_numFolds,J48_doNotMakeSplitPointActualValue,J48_useMDLcorrection,PART_minNumObj,PART_doNotMakeSplitPointActualValue,J48_subtreeRaising,J48_minNumObj,JRip,JRip_checkErrorRate,SimpleCart,PART_binarySplits,J48_collapseTree,JRip_usePruning,JRip_minNo,JRip_folds,J48_useLaplace,JRip_optimizations,SimpleCart_usePrune,SimpleCart_minNumObj,J48_numFolds,SimpleCart_useOneSE,SimpleCart_heuristic,Aggregator,DecisionTable_search,SimpleCart_numFoldsPruning,DecisionTable_crossVal,BestFirst_direction,BestFirst_searchTermination,GreedyStepwise_searchBackwards,GreedyStepwise_conservativeForwardSelection"
21,90,0.47138889,0.69259259,0.74879630,0.71805556,0.74375000,0012,0034,0060,0.32362330,"DecisionTable,DecisionTable_useIBk,PART,J48,PART_pruning,J48_pruning,J48_confidenceFactorValue,J48_binarySplits,DecisionTable_evaluationMeasure,PART_confidenceFactorValue,PART_useMDLcorrection,PART_numFolds,J48_collapseTree,J48_useLaplace,J48_doNotMakeSplitPointActualValue,DecisionTable_search,GreedyStepwise_conservativeForwardSelection,GreedyStepwise_searchBackwards,BestFirst_searchTermination,DecisionTable_crossVal,PART_minNumObj,PART_binarySplits,PART_doNotMakeSplitPointActualValue,J48_minNumObj,J48_useMDLcorrection,J48_numFolds,BestFirst_direction,J48_subtreeRaising,JRip,JRip_usePruning,JRip_checkErrorRate,JRip_minNo,JRip_folds,SimpleCart,JRip_optimizations,SimpleCart_usePrune,SimpleCart_useOneSE,SimpleCart_numFoldsPruning,SimpleCart_heuristic,Aggregator,SimpleCart_minNumObj"
22,90,0.61250000,0.69675926,0.74879630,0.71805556,0.74375000,0010,0034,0055,0.51758180,"PART,PART_useMDLcorrection,DecisionTable,J48,Aggregator,DecisionTable_evaluationMeasure,PART_pruning,DecisionTable_search,DecisionTable_useIBk,GreedyStepwise_conservativeForwardSelection,J48_pruning,PART_confidenceFactorValue,J48_confidenceFactorValue,GreedyStepwise_searchBackwards,DecisionTable_crossVal,PART_numFolds,PART_binarySplits,J48_numFolds,J48_binarySplits,J48_doNotMakeSplitPointActualValue,J48_collapseTree,BestFirst_searchTermination,SimpleCart,SimpleCart_heuristic,SimpleCart_usePrune,SimpleCart_minNumObj,SimpleCart_useOneSE,PART_minNumObj,J48_minNumObj,PART_doNotMakeSplitPointActualValue,J48_useLaplace,J48_useMDLcorrection,J48_subtreeRaising,BestFirst_direction,SimpleCart_numFoldsPruning,JRip,JRip_usePruning,JRip_minNo,JRip_folds,JRip_optimizations,JRip_checkErrorRate"
23,90,0.55527778,0.69652778,0.74879630,0.71805556,0.74375000,0012,0034,0055,0.51758180,"PART,Aggregator,DecisionTable,DecisionTable_crossVal,J48,PART_useMDLcorrection,PART_pruning,DecisionTable_evaluationMeasure,DecisionTable_useIBk,DecisionTable_search,GreedyStepwise_searchBackwards,PART_numFolds,J48_pruning,PART_confidenceFactorValue,GreedyStepwise_conservativeForwardSelection,J48_confidenceFactorValue,SimpleCart_useOneSE,JRip_usePruning,SimpleCart_minNumObj,SimpleCart_heuristic,SimpleCart_usePrune,J48_useMDLcorrection,BestFirst_searchTermination,SimpleCart,PART_binarySplits,JRip_optimizations,PART_doNotMakeSplitPointActualValue,J48_minNumObj,PART_minNumObj,J48_doNotMakeSplitPointActualValue,J48_useLaplace,JRip_folds,SimpleCart_numFoldsPruning,J48_collapseTree,BestFirst_direction,J48_subtreeRaising,JRip,JRip_minNo,JRip_checkErrorRate,J48_numFolds,J48_binarySplits"
24,90,0.63805556,0.68967593,0.74879630,0.71805556,0.74375000,0012,0034,0055,0.51758180,"J48,J48_pruning,Aggregator,DecisionTable,J48_confidenceFactorValue,DecisionTable_search,PART,DecisionTable_useIBk,GreedyStepwise_searchBackwards,GreedyStepwise_conservativeForwardSelection,PART_pruning,DecisionTable_crossVal,DecisionTable_evaluationMeasure,PART_useMDLcorrection,PART_confidenceFactorValue,PART_numFolds,J48_numFolds,J48_binarySplits,J48_doNotMakeSplitPointActualValue,J48_subtreeRaising,J48_useLaplace,J48_useMDLcorrection,BestFirst_direction,J48_minNumObj,J48_collapseTree,PART_binarySplits,PART_minNumObj,BestFirst_searchTermination,SimpleCart,SimpleCart_minNumObj,SimpleCart_usePrune,SimpleCart_useOneSE,SimpleCart_heuristic,SimpleCart_numFoldsPruning,PART_doNotMakeSplitPointActualValue,JRip,JRip_usePruning,JRip_checkErrorRate,JRip_minNo,JRip_folds,JRip_optimizations"
25,90,0.60175926,0.69546296,0.74879630,0.71805556,0.74375000,0012,0034,0035,0.00000000,"Aggregator,JRip,PART,J48,J48_binarySplits,PART_useMDLcorrection,PART_doNotMakeSplitPointActualValue,SimpleCart,JRip_usePruning,J48_pruning,J48_collapseTree,PART_binarySplits,J48_useMDLcorrection,J48_doNotMakeSplitPointActualValue,DecisionTable,DecisionTable_search,GreedyStepwise_conservativeForwardSelection,J48_useLaplace,BestFirst_searchTermination,SimpleCart_heuristic,GreedyStepwise_searchBackwards,PART_pruning,JRip_checkErrorRate,JRip_minNo,PART_minNumObj,DecisionTable_useIBk,PART_numFolds,J48_minNumObj,SimpleCart_minNumObj,J48_numFolds,DecisionTable_evaluationMeasure,JRip_optimizations,JRip_folds,BestFirst_direction,J48_confidenceFactorValue,J48_subtreeRaising,SimpleCart_usePrune,DecisionTable_crossVal,PART_confidenceFactorValue,SimpleCart_useOneSE,SimpleCart_numFoldsPruning"
26,90,0.53935185,0.69550926,0.74879630,0.71805556,0.74375000,0012,0034,0035,0.00000000,"SimpleCart,PART,PART_doNotMakeSplitPointActualValue,PART_useMDLcorrection,PART_binarySplits,JRip,PART_pruning,J48,J48_collapseTree,JRip_checkErrorRate,J48_binarySplits,DecisionTable,SimpleCart_usePrune,SimpleCart_heuristic,DecisionTable_evaluationMeasure,DecisionTable_crossVal,SimpleCart_minNumObj,SimpleCart_useOneSE,J48_useLaplace,JRip_usePruning,J48_useMDLcorrection,JRip_optimizations,J48_pruning,DecisionTable_search,PART_minNumObj,J48_minNumObj,BestFirst_direction,GreedyStepwise_conservativeForwardSelection,Aggregator,JRip_minNo,J48_doNotMakeSplitPointActualValue,PART_numFolds,J48_numFolds,GreedyStepwise_searchBackwards,SimpleCart_numFoldsPruning,PART_confidenceFactorValue,J48_confidenceFactorValue,DecisionTable_useIBk,J48_subtreeRaising,BestFirst_searchTermination,JRip_folds"
27,90,0.60796296,0.69583333,0.74879630,0.71805556,0.74375000,0011,0034,0035,0.00000000,"DecisionTable,DecisionTable_crossVal,DecisionTable_useIBk,J48,DecisionTable_search,JRip,JRip_checkErrorRate,BestFirst_searchTermination,JRip_usePruning,Aggregator,GreedyStepwise_searchBackwards,JRip_optimizations,J48_pruning,J48_doNotMakeSplitPointActualValue,J48_binarySplits,PART,BestFirst_direction,SimpleCart,DecisionTable_evaluationMeasure,PART_minNumObj,SimpleCart_minNumObj,JRip_minNo,J48_confidenceFactorValue,JRip_folds,J48_collapseTree,J48_useMDLcorrection,PART_binarySplits,J48_numFolds,J48_useLaplace,PART_useMDLcorrection,J48_minNumObj,GreedyStepwise_conservativeForwardSelection,PART_doNotMakeSplitPointActualValue,SimpleCart_heuristic,PART_pruning,PART_numFolds,J48_subtreeRaising,SimpleCart_usePrune,SimpleCart_useOneSE,PART_confidenceFactorValue,SimpleCart_numFoldsPruning"
28,90,0.60074074,0.69620370,0.75666667,0.78101852,0.62083333,0011,0034,0035,0.00000000,"SimpleCart,SimpleCart_usePrune,Aggregator,DecisionTable,DecisionTable_crossVal,SimpleCart_useOneSE,J48,SimpleCart_minNumObj,DecisionTable_evaluationMeasure,J48_binarySplits,PART,J48_pruning,SimpleCart_numFoldsPruning,J48_collapseTree,SimpleCart_heuristic,J48_useLaplace,DecisionTable_search,PART_minNumObj,PART_binarySplits,BestFirst_searchTermination,JRip,JRip_usePruning,J48_minNumObj,JRip_folds,GreedyStepwise_searchBackwards,J48_doNotMakeSplitPointActualValue,GreedyStepwise_conservativeForwardSelection,PART_useMDLcorrection,BestFirst_direction,JRip_checkErrorRate,DecisionTable_useIBk,J48_useMDLcorrection,JRip_optimizations,J48_confidenceFactorValue,J48_subtreeRaising,PART_doNotMakeSplitPointActualValue,J48_numFolds,PART_pruning,JRip_minNo,PART_numFolds,PART_confidenceFactorValue"
29,90,0.46240741,0.69513889,0.75666667,0.78101852,0.62083333,0012,0034,0035,0.00000000,"SimpleCart,PART,JRip,PART_doNotMakeSplitPointActualValue,JRip_usePruning,PART_binarySplits,JRip_minNo,JRip_folds,Aggregator,SimpleCart_heuristic,JRip_checkErrorRate,PART_pruning,SimpleCart_minNumObj,J48,JRip_optimizations,J48_pruning,PART_minNumObj,DecisionTable,J48_useLaplace,SimpleCart_usePrune,J48_doNotMakeSplitPointActualValue,J48_binarySplits,PART_useMDLcorrection,PART_confidenceFactorValue,J48_collapseTree,J48_minNumObj,SimpleCart_useOneSE,DecisionTable_evaluationMeasure,PART_numFolds,SimpleCart_numFoldsPruning,DecisionTable_crossVal,J48_useMDLcorrection,J48_numFolds,J48_subtreeRaising,J48_confidenceFactorValue,DecisionTable_useIBk,DecisionTable_search,GreedyStepwise_conservativeForwardSelection,GreedyStepwise_searchBackwards,BestFirst_direction,BestFirst_searchTermination"
30,90,0.51407407,0.69842593,0.75666667,0.78101852,0.62083333,0012,0034,0035,0.00000000,"Aggregator,DecisionTable,DecisionTable_search,GreedyStepwise_searchBackwards,BestFirst_direction,DecisionTable_evaluationMeasure,DecisionTable_crossVal,JRip,BestFirst_searchTermination,J48,J48_minNumObj,J48_collapseTree,SimpleCart,SimpleCart_minNumObj,J48_pruning,J48_numFolds,GreedyStepwise_conservativeForwardSelection,PART,JRip_minNo,JRip_usePruning,J48_confidenceFactorValue,JRip_folds,JRip_checkErrorRate,PART_doNotMakeSplitPointActualValue,J48_useLaplace,DecisionTable_useIBk,PART_minNumObj,SimpleCart_usePrune,J48_subtreeRaising,SimpleCart_numFoldsPruning,PART_pruning,SimpleCart_heuristic,PART_confidenceFactorValue,PART_binarySplits,PART_useMDLcorrection,J48_binarySplits,J48_useMDLcorrection,J48_doNotMakeSplitPointActualValue,JRip_optimizations,SimpleCart_useOneSE,PART_numFolds"
