gen,nevals,min,median,max,currentGenBestValFitness,currentGenBestTestFitness,lap time (seconds),discarded individuals (including burn-in),GM connections,GM mean heuristic,sampling order
0,100,0.80479798,0.89659091,0.92424242,0.83333333,0.79444444,0026,0034,0035,0.00000000,"PART,PART_binarySplits,J48,DecisionTable,J48_binarySplits,J48_useLaplace,PART_pruning,PART_useMDLcorrection,DecisionTable_crossVal,J48_useMDLcorrection,PART_numFolds,PART_doNotMakeSplitPointActualValue,DecisionTable_useIBk,JRip,PART_minNumObj,DecisionTable_search,J48_pruning,SimpleCart,Aggregator,SimpleCart_usePrune,JRip_checkErrorRate,JRip_minNo,JRip_usePruning,J48_numFolds,J48_minNumObj,GreedyStepwise_conservativeForwardSelection,SimpleCart_numFoldsPruning,SimpleCart_useOneSE,J48_collapseTree,BestFirst_direction,GreedyStepwise_searchBackwards,BestFirst_searchTermination,DecisionTable_evaluationMeasure,J48_doNotMakeSplitPointActualValue,PART_confidenceFactorValue,J48_confidenceFactorValue,J48_subtreeRaising,JRip_optimizations,SimpleCart_minNumObj,SimpleCart_heuristic,JRip_folds"
1,90,0.71919192,0.89911616,0.92424242,0.83333333,0.79444444,0009,0034,0035,0.00000000,"JRip,PART,PART_minNumObj,J48,PART_binarySplits,JRip_usePruning,SimpleCart,JRip_optimizations,JRip_folds,J48_minNumObj,JRip_checkErrorRate,Aggregator,J48_useLaplace,PART_useMDLcorrection,DecisionTable,DecisionTable_evaluationMeasure,J48_doNotMakeSplitPointActualValue,SimpleCart_minNumObj,JRip_minNo,PART_pruning,DecisionTable_crossVal,J48_collapseTree,J48_pruning,J48_useMDLcorrection,SimpleCart_usePrune,J48_confidenceFactorValue,J48_binarySplits,DecisionTable_useIBk,PART_doNotMakeSplitPointActualValue,PART_confidenceFactorValue,J48_numFolds,PART_numFolds,SimpleCart_heuristic,SimpleCart_useOneSE,DecisionTable_search,J48_subtreeRaising,GreedyStepwise_searchBackwards,SimpleCart_numFoldsPruning,GreedyStepwise_conservativeForwardSelection,BestFirst_direction,BestFirst_searchTermination"
2,90,0.84419192,0.89987374,0.92424242,0.83333333,0.79444444,0010,0034,0035,0.00000000,"SimpleCart,PART,J48,DecisionTable,J48_pruning,SimpleCart_minNumObj,JRip,J48_useMDLcorrection,PART_minNumObj,J48_subtreeRaising,PART_pruning,PART_confidenceFactorValue,DecisionTable_search,JRip_usePruning,J48_minNumObj,SimpleCart_usePrune,DecisionTable_useIBk,DecisionTable_evaluationMeasure,PART_doNotMakeSplitPointActualValue,GreedyStepwise_conservativeForwardSelection,J48_collapseTree,BestFirst_direction,Aggregator,J48_numFolds,SimpleCart_heuristic,JRip_minNo,BestFirst_searchTermination,PART_useMDLcorrection,J48_doNotMakeSplitPointActualValue,J48_confidenceFactorValue,JRip_checkErrorRate,JRip_optimizations,J48_binarySplits,DecisionTable_crossVal,PART_binarySplits,J48_useLaplace,PART_numFolds,GreedyStepwise_searchBackwards,JRip_folds,SimpleCart_numFoldsPruning,SimpleCart_useOneSE"
3,90,0.86313131,0.89659091,0.92424242,0.83333333,0.79444444,0009,0034,0035,0.00000000,"JRip,DecisionTable,DecisionTable_crossVal,DecisionTable_evaluationMeasure,JRip_minNo,JRip_checkErrorRate,J48,Aggregator,PART,PART_doNotMakeSplitPointActualValue,PART_pruning,J48_minNumObj,PART_minNumObj,DecisionTable_useIBk,DecisionTable_search,SimpleCart,PART_numFolds,J48_collapseTree,J48_useLaplace,PART_confidenceFactorValue,J48_doNotMakeSplitPointActualValue,BestFirst_direction,SimpleCart_usePrune,GreedyStepwise_conservativeForwardSelection,J48_useMDLcorrection,J48_pruning,SimpleCart_heuristic,JRip_usePruning,J48_subtreeRaising,PART_useMDLcorrection,BestFirst_searchTermination,JRip_optimizations,J48_binarySplits,SimpleCart_useOneSE,PART_binarySplits,SimpleCart_minNumObj,J48_numFolds,JRip_folds,GreedyStepwise_searchBackwards,SimpleCart_numFoldsPruning,J48_confidenceFactorValue"
4,90,0.81742424,0.90378788,0.92449495,0.84057971,0.83888889,0010,0112,0072,0.62711045,"DecisionTable,JRip,J48,J48_binarySplits,J48_doNotMakeSplitPointActualValue,JRip_checkErrorRate,J48_collapseTree,DecisionTable_search,JRip_minNo,BestFirst_direction,GreedyStepwise_searchBackwards,BestFirst_searchTermination,JRip_usePruning,J48_useLaplace,J48_useMDLcorrection,GreedyStepwise_conservativeForwardSelection,J48_minNumObj,J48_pruning,DecisionTable_evaluationMeasure,DecisionTable_crossVal,JRip_optimizations,J48_subtreeRaising,J48_numFolds,J48_confidenceFactorValue,JRip_folds,Aggregator,DecisionTable_useIBk,PART_numFolds,SimpleCart,SimpleCart_usePrune,SimpleCart_heuristic,SimpleCart_minNumObj,SimpleCart_useOneSE,PART_minNumObj,PART_binarySplits,PART_confidenceFactorValue,PART_pruning,PART_useMDLcorrection,PART_doNotMakeSplitPointActualValue,SimpleCart_numFoldsPruning,PART"
5,90,0.86060606,0.90479798,0.92449495,0.84057971,0.83888889,0009,0034,0072,0.62711045,"J48,JRip,DecisionTable,J48_collapseTree,J48_binarySplits,JRip_usePruning,JRip_folds,Aggregator,DecisionTable_crossVal,JRip_optimizations,J48_minNumObj,DecisionTable_search,GreedyStepwise_searchBackwards,DecisionTable_evaluationMeasure,J48_pruning,GreedyStepwise_conservativeForwardSelection,BestFirst_searchTermination,J48_subtreeRaising,J48_confidenceFactorValue,J48_numFolds,J48_useLaplace,J48_doNotMakeSplitPointActualValue,JRip_minNo,JRip_checkErrorRate,BestFirst_direction,J48_useMDLcorrection,DecisionTable_useIBk,PART,PART_pruning,PART_useMDLcorrection,PART_doNotMakeSplitPointActualValue,PART_numFolds,PART_minNumObj,PART_binarySplits,SimpleCart,SimpleCart_minNumObj,SimpleCart_usePrune,PART_confidenceFactorValue,SimpleCart_heuristic,SimpleCart_useOneSE,SimpleCart_numFoldsPruning"
6,90,0.84090909,0.90429293,0.92449495,0.84057971,0.83888889,0009,0062,0072,0.62711045,"DecisionTable,JRip,J48,DecisionTable_search,J48_pruning,J48_confidenceFactorValue,DecisionTable_useIBk,J48_binarySplits,GreedyStepwise_searchBackwards,J48_numFolds,JRip_minNo,J48_useLaplace,JRip_checkErrorRate,J48_doNotMakeSplitPointActualValue,JRip_folds,Aggregator,SimpleCart_usePrune,SimpleCart_useOneSE,SimpleCart_minNumObj,BestFirst_direction,PART_binarySplits,PART_confidenceFactorValue,PART_pruning,PART_useMDLcorrection,SimpleCart_numFoldsPruning,PART,J48_minNumObj,DecisionTable_crossVal,J48_collapseTree,DecisionTable_evaluationMeasure,PART_minNumObj,BestFirst_searchTermination,PART_numFolds,J48_subtreeRaising,J48_useMDLcorrection,JRip_usePruning,SimpleCart,JRip_optimizations,SimpleCart_heuristic,GreedyStepwise_conservativeForwardSelection,PART_doNotMakeSplitPointActualValue"
7,90,0.85277778,0.90164141,0.92449495,0.84057971,0.83888889,0008,0035,0067,0.54252472,"DecisionTable,JRip,JRip_usePruning,JRip_checkErrorRate,SimpleCart,DecisionTable_useIBk,SimpleCart_usePrune,SimpleCart_numFoldsPruning,SimpleCart_useOneSE,DecisionTable_search,GreedyStepwise_conservativeForwardSelection,BestFirst_direction,JRip_folds,Aggregator,SimpleCart_minNumObj,PART,PART_binarySplits,PART_doNotMakeSplitPointActualValue,PART_useMDLcorrection,SimpleCart_heuristic,GreedyStepwise_searchBackwards,JRip_optimizations,J48_subtreeRaising,J48_useLaplace,J48_minNumObj,J48_collapseTree,J48_binarySplits,PART_pruning,PART_numFolds,PART_confidenceFactorValue,J48,J48_useMDLcorrection,J48_doNotMakeSplitPointActualValue,J48_pruning,BestFirst_searchTermination,J48_confidenceFactorValue,J48_numFolds,DecisionTable_crossVal,DecisionTable_evaluationMeasure,JRip_minNo,PART_minNumObj"
8,90,0.86717172,0.90404040,0.92979798,0.85024155,0.84166667,0008,0054,0067,0.54252472,"JRip,DecisionTable,JRip_usePruning,DecisionTable_evaluationMeasure,DecisionTable_crossVal,SimpleCart_minNumObj,PART,PART_binarySplits,PART_pruning,PART_numFolds,PART_useMDLcorrection,DecisionTable_useIBk,J48_numFolds,J48_doNotMakeSplitPointActualValue,GreedyStepwise_searchBackwards,JRip_optimizations,J48_collapseTree,JRip_minNo,PART_minNumObj,PART_doNotMakeSplitPointActualValue,PART_confidenceFactorValue,J48,J48_pruning,J48_confidenceFactorValue,J48_useMDLcorrection,JRip_folds,J48_minNumObj,Aggregator,J48_subtreeRaising,DecisionTable_search,BestFirst_searchTermination,J48_binarySplits,GreedyStepwise_conservativeForwardSelection,JRip_checkErrorRate,SimpleCart,SimpleCart_usePrune,SimpleCart_useOneSE,BestFirst_direction,SimpleCart_numFoldsPruning,SimpleCart_heuristic,J48_useLaplace"
9,90,0.87803030,0.90921717,0.92979798,0.85024155,0.84166667,0008,0062,0067,0.54252472,"DecisionTable,JRip,JRip_usePruning,SimpleCart_useOneSE,PART_numFolds,J48_confidenceFactorValue,SimpleCart_numFoldsPruning,GreedyStepwise_conservativeForwardSelection,PART_binarySplits,JRip_optimizations,DecisionTable_search,GreedyStepwise_searchBackwards,BestFirst_direction,JRip_folds,Aggregator,DecisionTable_crossVal,DecisionTable_evaluationMeasure,JRip_minNo,DecisionTable_useIBk,BestFirst_searchTermination,JRip_checkErrorRate,SimpleCart,SimpleCart_minNumObj,PART,PART_pruning,PART_useMDLcorrection,PART_confidenceFactorValue,PART_minNumObj,PART_doNotMakeSplitPointActualValue,J48,J48_minNumObj,SimpleCart_usePrune,J48_binarySplits,J48_collapseTree,J48_useMDLcorrection,J48_pruning,J48_numFolds,J48_subtreeRaising,J48_doNotMakeSplitPointActualValue,J48_useLaplace,SimpleCart_heuristic"
10,90,0.84494949,0.90075758,0.92979798,0.85024155,0.84166667,0009,0034,0046,0.45286294,"JRip,PART,DecisionTable,DecisionTable_evaluationMeasure,JRip_usePruning,SimpleCart,DecisionTable_useIBk,SimpleCart_minNumObj,PART_doNotMakeSplitPointActualValue,J48,DecisionTable_search,GreedyStepwise_searchBackwards,GreedyStepwise_conservativeForwardSelection,J48_collapseTree,J48_useLaplace,JRip_checkErrorRate,PART_useMDLcorrection,BestFirst_searchTermination,SimpleCart_usePrune,PART_pruning,SimpleCart_heuristic,J48_doNotMakeSplitPointActualValue,BestFirst_direction,SimpleCart_numFoldsPruning,J48_pruning,SimpleCart_useOneSE,PART_confidenceFactorValue,J48_confidenceFactorValue,J48_subtreeRaising,J48_numFolds,DecisionTable_crossVal,PART_binarySplits,PART_numFolds,Aggregator,J48_useMDLcorrection,JRip_folds,PART_minNumObj,J48_binarySplits,JRip_optimizations,JRip_minNo,J48_minNumObj"
11,90,0.81616162,0.89949495,0.92979798,0.85024155,0.84166667,0009,0034,0046,0.45286294,"J48,J48_doNotMakeSplitPointActualValue,SimpleCart,SimpleCart_minNumObj,SimpleCart_heuristic,JRip,DecisionTable,DecisionTable_search,PART,J48_collapseTree,GreedyStepwise_searchBackwards,PART_doNotMakeSplitPointActualValue,JRip_checkErrorRate,J48_useLaplace,BestFirst_searchTermination,JRip_usePruning,J48_pruning,DecisionTable_evaluationMeasure,SimpleCart_usePrune,BestFirst_direction,J48_subtreeRaising,PART_useMDLcorrection,J48_numFolds,DecisionTable_useIBk,SimpleCart_useOneSE,J48_confidenceFactorValue,PART_pruning,PART_confidenceFactorValue,SimpleCart_numFoldsPruning,GreedyStepwise_conservativeForwardSelection,J48_binarySplits,DecisionTable_crossVal,PART_binarySplits,PART_numFolds,Aggregator,JRip_optimizations,JRip_folds,PART_minNumObj,J48_useMDLcorrection,JRip_minNo,J48_minNumObj"
12,90,0.76186869,0.90075758,0.92979798,0.85024155,0.84166667,0008,0034,0046,0.45286294,"JRip,JRip_checkErrorRate,SimpleCart,SimpleCart_minNumObj,J48,JRip_usePruning,SimpleCart_heuristic,J48_useLaplace,PART,DecisionTable,J48_doNotMakeSplitPointActualValue,PART_doNotMakeSplitPointActualValue,J48_collapseTree,J48_pruning,DecisionTable_useIBk,DecisionTable_search,DecisionTable_evaluationMeasure,GreedyStepwise_conservativeForwardSelection,J48_numFolds,SimpleCart_usePrune,BestFirst_direction,J48_confidenceFactorValue,PART_pruning,PART_confidenceFactorValue,BestFirst_searchTermination,PART_useMDLcorrection,J48_subtreeRaising,GreedyStepwise_searchBackwards,SimpleCart_useOneSE,SimpleCart_numFoldsPruning,PART_numFolds,Aggregator,JRip_optimizations,JRip_minNo,J48_minNumObj,JRip_folds,PART_minNumObj,J48_binarySplits,DecisionTable_crossVal,PART_binarySplits,J48_useMDLcorrection"
13,90,0.84166667,0.90138889,0.92979798,0.85024155,0.84166667,0008,0034,0043,0.28494253,"PART,PART_doNotMakeSplitPointActualValue,PART_binarySplits,DecisionTable,SimpleCart,PART_pruning,DecisionTable_evaluationMeasure,PART_confidenceFactorValue,DecisionTable_useIBk,JRip,PART_useMDLcorrection,SimpleCart_heuristic,SimpleCart_minNumObj,DecisionTable_crossVal,DecisionTable_search,JRip_checkErrorRate,SimpleCart_usePrune,SimpleCart_useOneSE,GreedyStepwise_searchBackwards,BestFirst_direction,JRip_usePruning,BestFirst_searchTermination,GreedyStepwise_conservativeForwardSelection,SimpleCart_numFoldsPruning,PART_minNumObj,Aggregator,JRip_minNo,PART_numFolds,JRip_folds,J48,J48_collapseTree,JRip_optimizations,J48_pruning,J48_doNotMakeSplitPointActualValue,J48_useMDLcorrection,J48_minNumObj,J48_useLaplace,J48_subtreeRaising,J48_confidenceFactorValue,J48_numFolds,J48_binarySplits"
14,90,0.81565657,0.89646465,0.92979798,0.85024155,0.84166667,0011,0091,0043,0.28494253,"PART,PART_useMDLcorrection,SimpleCart,PART_pruning,DecisionTable,PART_doNotMakeSplitPointActualValue,DecisionTable_crossVal,SimpleCart_minNumObj,JRip,DecisionTable_useIBk,JRip_usePruning,SimpleCart_heuristic,PART_binarySplits,JRip_checkErrorRate,SimpleCart_usePrune,DecisionTable_search,DecisionTable_evaluationMeasure,PART_confidenceFactorValue,GreedyStepwise_searchBackwards,SimpleCart_useOneSE,BestFirst_searchTermination,BestFirst_direction,SimpleCart_numFoldsPruning,GreedyStepwise_conservativeForwardSelection,J48_useMDLcorrection,J48_subtreeRaising,J48_confidenceFactorValue,J48_pruning,J48_numFolds,J48_binarySplits,J48_useLaplace,J48_collapseTree,J48_doNotMakeSplitPointActualValue,JRip_minNo,J48,JRip_optimizations,PART_numFolds,PART_minNumObj,JRip_folds,J48_minNumObj,Aggregator"
15,90,0.82626263,0.90176768,0.92979798,0.85024155,0.84166667,0010,0034,0043,0.28494253,"JRip,PART,PART_doNotMakeSplitPointActualValue,JRip_usePruning,DecisionTable,JRip_checkErrorRate,DecisionTable_search,SimpleCart,PART_pruning,SimpleCart_minNumObj,PART_confidenceFactorValue,PART_binarySplits,SimpleCart_usePrune,BestFirst_direction,DecisionTable_useIBk,PART_useMDLcorrection,BestFirst_searchTermination,SimpleCart_heuristic,DecisionTable_evaluationMeasure,SimpleCart_useOneSE,GreedyStepwise_conservativeForwardSelection,DecisionTable_crossVal,SimpleCart_numFoldsPruning,GreedyStepwise_searchBackwards,JRip_minNo,J48,J48_useMDLcorrection,J48_pruning,J48_useLaplace,J48_collapseTree,J48_subtreeRaising,J48_doNotMakeSplitPointActualValue,J48_confidenceFactorValue,J48_binarySplits,J48_numFolds,JRip_optimizations,JRip_folds,PART_minNumObj,PART_numFolds,J48_minNumObj,Aggregator"
16,90,0.85656566,0.90037879,0.92979798,0.85024155,0.84166667,0009,0034,0035,0.00000000,"DecisionTable,Aggregator,DecisionTable_useIBk,SimpleCart,JRip,JRip_checkErrorRate,J48,DecisionTable_search,SimpleCart_usePrune,SimpleCart_useOneSE,J48_minNumObj,GreedyStepwise_conservativeForwardSelection,SimpleCart_numFoldsPruning,DecisionTable_crossVal,BestFirst_direction,PART,SimpleCart_minNumObj,GreedyStepwise_searchBackwards,SimpleCart_heuristic,J48_useLaplace,J48_pruning,PART_doNotMakeSplitPointActualValue,JRip_minNo,DecisionTable_evaluationMeasure,J48_numFolds,JRip_usePruning,J48_binarySplits,J48_subtreeRaising,J48_useMDLcorrection,PART_useMDLcorrection,BestFirst_searchTermination,J48_doNotMakeSplitPointActualValue,JRip_optimizations,PART_binarySplits,J48_collapseTree,PART_pruning,J48_confidenceFactorValue,PART_minNumObj,JRip_folds,PART_confidenceFactorValue,PART_numFolds"
17,90,0.81111111,0.89684343,0.92979798,0.85024155,0.84166667,0010,0034,0035,0.00000000,"SimpleCart,SimpleCart_heuristic,JRip,SimpleCart_minNumObj,PART,JRip_usePruning,SimpleCart_usePrune,SimpleCart_numFoldsPruning,PART_pruning,PART_doNotMakeSplitPointActualValue,JRip_folds,DecisionTable,J48,DecisionTable_crossVal,Aggregator,J48_minNumObj,J48_binarySplits,PART_binarySplits,SimpleCart_useOneSE,PART_numFolds,JRip_optimizations,JRip_minNo,DecisionTable_search,GreedyStepwise_conservativeForwardSelection,J48_collapseTree,PART_useMDLcorrection,GreedyStepwise_searchBackwards,DecisionTable_evaluationMeasure,JRip_checkErrorRate,PART_minNumObj,PART_confidenceFactorValue,BestFirst_direction,BestFirst_searchTermination,J48_pruning,J48_useLaplace,J48_subtreeRaising,DecisionTable_useIBk,J48_useMDLcorrection,J48_doNotMakeSplitPointActualValue,J48_confidenceFactorValue,J48_numFolds"
18,90,0.82777778,0.89911616,0.92979798,0.85024155,0.84166667,0011,0034,0035,0.00000000,"Aggregator,SimpleCart,PART,PART_binarySplits,SimpleCart_minNumObj,J48,SimpleCart_usePrune,SimpleCart_heuristic,J48_useMDLcorrection,PART_minNumObj,DecisionTable,PART_useMDLcorrection,JRip,DecisionTable_search,J48_doNotMakeSplitPointActualValue,PART_pruning,DecisionTable_evaluationMeasure,GreedyStepwise_conservativeForwardSelection,J48_minNumObj,J48_pruning,PART_confidenceFactorValue,J48_useLaplace,J48_binarySplits,JRip_checkErrorRate,DecisionTable_useIBk,SimpleCart_numFoldsPruning,GreedyStepwise_searchBackwards,PART_doNotMakeSplitPointActualValue,JRip_usePruning,PART_numFolds,J48_collapseTree,SimpleCart_useOneSE,JRip_minNo,DecisionTable_crossVal,BestFirst_direction,J48_subtreeRaising,BestFirst_searchTermination,J48_confidenceFactorValue,J48_numFolds,JRip_folds,JRip_optimizations"
19,90,0.84368687,0.90025253,0.92979798,0.85024155,0.84166667,0010,0034,0035,0.00000000,"SimpleCart,JRip,JRip_usePruning,JRip_optimizations,PART,PART_binarySplits,SimpleCart_usePrune,DecisionTable,SimpleCart_heuristic,J48,DecisionTable_evaluationMeasure,J48_binarySplits,SimpleCart_useOneSE,SimpleCart_minNumObj,JRip_folds,J48_minNumObj,JRip_checkErrorRate,PART_doNotMakeSplitPointActualValue,PART_minNumObj,DecisionTable_useIBk,Aggregator,JRip_minNo,PART_useMDLcorrection,J48_useMDLcorrection,SimpleCart_numFoldsPruning,J48_doNotMakeSplitPointActualValue,J48_pruning,PART_pruning,DecisionTable_search,DecisionTable_crossVal,GreedyStepwise_conservativeForwardSelection,J48_collapseTree,PART_confidenceFactorValue,J48_useLaplace,PART_numFolds,BestFirst_searchTermination,BestFirst_direction,GreedyStepwise_searchBackwards,J48_numFolds,J48_subtreeRaising,J48_confidenceFactorValue"
20,90,0.83636364,0.89646465,0.92979798,0.85024155,0.84166667,0010,0034,0035,0.00000000,"SimpleCart,DecisionTable,J48,DecisionTable_evaluationMeasure,J48_doNotMakeSplitPointActualValue,Aggregator,PART,J48_collapseTree,JRip,DecisionTable_useIBk,J48_useLaplace,PART_useMDLcorrection,J48_binarySplits,J48_pruning,SimpleCart_heuristic,SimpleCart_minNumObj,SimpleCart_usePrune,J48_useMDLcorrection,PART_doNotMakeSplitPointActualValue,PART_minNumObj,DecisionTable_search,DecisionTable_crossVal,J48_minNumObj,J48_numFolds,PART_binarySplits,JRip_checkErrorRate,SimpleCart_numFoldsPruning,J48_confidenceFactorValue,BestFirst_searchTermination,JRip_minNo,J48_subtreeRaising,GreedyStepwise_searchBackwards,PART_pruning,JRip_usePruning,SimpleCart_useOneSE,GreedyStepwise_conservativeForwardSelection,PART_numFolds,PART_confidenceFactorValue,JRip_folds,BestFirst_direction,JRip_optimizations"
21,90,0.82297980,0.89936869,0.92979798,0.85024155,0.84166667,0010,0034,0035,0.00000000,"PART,JRip,SimpleCart,Aggregator,J48,J48_minNumObj,SimpleCart_minNumObj,J48_useLaplace,J48_doNotMakeSplitPointActualValue,SimpleCart_heuristic,DecisionTable,DecisionTable_search,J48_collapseTree,PART_useMDLcorrection,J48_binarySplits,SimpleCart_usePrune,SimpleCart_numFoldsPruning,J48_pruning,JRip_checkErrorRate,JRip_usePruning,J48_useMDLcorrection,J48_numFolds,PART_doNotMakeSplitPointActualValue,PART_minNumObj,PART_binarySplits,PART_pruning,GreedyStepwise_searchBackwards,JRip_folds,JRip_minNo,DecisionTable_crossVal,SimpleCart_useOneSE,J48_confidenceFactorValue,DecisionTable_evaluationMeasure,PART_confidenceFactorValue,DecisionTable_useIBk,GreedyStepwise_conservativeForwardSelection,BestFirst_direction,BestFirst_searchTermination,JRip_optimizations,J48_subtreeRaising,PART_numFolds"
22,90,0.86616162,0.90138889,0.92979798,0.85024155,0.84166667,0011,0034,0035,0.00000000,"Aggregator,SimpleCart,SimpleCart_usePrune,SimpleCart_heuristic,J48,SimpleCart_minNumObj,J48_pruning,SimpleCart_useOneSE,DecisionTable,DecisionTable_search,GreedyStepwise_conservativeForwardSelection,J48_useMDLcorrection,DecisionTable_useIBk,J48_collapseTree,DecisionTable_evaluationMeasure,PART,JRip,PART_binarySplits,JRip_usePruning,SimpleCart_numFoldsPruning,JRip_checkErrorRate,J48_doNotMakeSplitPointActualValue,J48_minNumObj,J48_subtreeRaising,J48_confidenceFactorValue,BestFirst_direction,BestFirst_searchTermination,J48_useLaplace,J48_numFolds,JRip_optimizations,J48_binarySplits,DecisionTable_crossVal,JRip_folds,GreedyStepwise_searchBackwards,PART_useMDLcorrection,PART_pruning,PART_minNumObj,JRip_minNo,PART_numFolds,PART_doNotMakeSplitPointActualValue,PART_confidenceFactorValue"
23,90,0.85277778,0.89823232,0.92979798,0.85024155,0.84166667,0010,0034,0035,0.00000000,"Aggregator,DecisionTable,DecisionTable_evaluationMeasure,DecisionTable_crossVal,SimpleCart,J48,DecisionTable_search,J48_binarySplits,JRip,J48_collapseTree,PART,PART_useMDLcorrection,SimpleCart_usePrune,GreedyStepwise_conservativeForwardSelection,J48_pruning,BestFirst_direction,J48_doNotMakeSplitPointActualValue,DecisionTable_useIBk,PART_minNumObj,SimpleCart_numFoldsPruning,SimpleCart_heuristic,JRip_minNo,PART_pruning,J48_useMDLcorrection,J48_useLaplace,SimpleCart_minNumObj,J48_numFolds,GreedyStepwise_searchBackwards,PART_binarySplits,JRip_usePruning,PART_doNotMakeSplitPointActualValue,BestFirst_searchTermination,J48_minNumObj,JRip_folds,JRip_checkErrorRate,J48_confidenceFactorValue,J48_subtreeRaising,PART_numFolds,SimpleCart_useOneSE,JRip_optimizations,PART_confidenceFactorValue"
24,90,0.78964646,0.89873737,0.92979798,0.85024155,0.84166667,0011,0034,0035,0.00000000,"PART,PART_useMDLcorrection,Aggregator,PART_minNumObj,PART_pruning,PART_doNotMakeSplitPointActualValue,J48,SimpleCart,JRip,PART_binarySplits,J48_doNotMakeSplitPointActualValue,PART_confidenceFactorValue,DecisionTable,J48_collapseTree,PART_numFolds,JRip_usePruning,J48_binarySplits,DecisionTable_useIBk,J48_pruning,J48_useMDLcorrection,SimpleCart_heuristic,JRip_folds,JRip_checkErrorRate,J48_numFolds,DecisionTable_search,SimpleCart_usePrune,GreedyStepwise_conservativeForwardSelection,BestFirst_searchTermination,JRip_minNo,J48_minNumObj,DecisionTable_crossVal,J48_useLaplace,BestFirst_direction,JRip_optimizations,SimpleCart_minNumObj,J48_subtreeRaising,DecisionTable_evaluationMeasure,J48_confidenceFactorValue,SimpleCart_useOneSE,GreedyStepwise_searchBackwards,SimpleCart_numFoldsPruning"
25,90,0.83308081,0.90075758,0.92979798,0.85024155,0.84166667,0009,0034,0035,0.00000000,"PART,JRip,J48,J48_doNotMakeSplitPointActualValue,J48_binarySplits,J48_minNumObj,J48_useMDLcorrection,PART_doNotMakeSplitPointActualValue,Aggregator,PART_minNumObj,JRip_minNo,JRip_usePruning,DecisionTable,DecisionTable_search,PART_pruning,PART_useMDLcorrection,J48_useLaplace,SimpleCart,JRip_checkErrorRate,GreedyStepwise_conservativeForwardSelection,PART_confidenceFactorValue,SimpleCart_usePrune,GreedyStepwise_searchBackwards,BestFirst_searchTermination,SimpleCart_minNumObj,J48_pruning,PART_binarySplits,J48_collapseTree,JRip_optimizations,DecisionTable_crossVal,PART_numFolds,BestFirst_direction,JRip_folds,DecisionTable_evaluationMeasure,SimpleCart_heuristic,J48_confidenceFactorValue,DecisionTable_useIBk,J48_numFolds,SimpleCart_numFoldsPruning,SimpleCart_useOneSE,J48_subtreeRaising"
26,90,0.85858586,0.90239899,0.92979798,0.85024155,0.84166667,0011,0034,0035,0.00000000,"Aggregator,DecisionTable,SimpleCart,SimpleCart_heuristic,JRip,DecisionTable_search,JRip_checkErrorRate,SimpleCart_usePrune,JRip_usePruning,J48,GreedyStepwise_conservativeForwardSelection,SimpleCart_useOneSE,PART,DecisionTable_useIBk,SimpleCart_minNumObj,DecisionTable_crossVal,PART_doNotMakeSplitPointActualValue,GreedyStepwise_searchBackwards,DecisionTable_evaluationMeasure,BestFirst_searchTermination,J48_binarySplits,PART_useMDLcorrection,JRip_minNo,J48_pruning,J48_subtreeRaising,J48_useLaplace,PART_minNumObj,BestFirst_direction,SimpleCart_numFoldsPruning,PART_binarySplits,J48_collapseTree,J48_numFolds,J48_doNotMakeSplitPointActualValue,JRip_folds,JRip_optimizations,J48_minNumObj,J48_confidenceFactorValue,J48_useMDLcorrection,PART_pruning,PART_confidenceFactorValue,PART_numFolds"
27,90,0.84873737,0.90233586,0.92979798,0.85024155,0.84166667,0010,0034,0035,0.00000000,"J48,SimpleCart,J48_binarySplits,J48_minNumObj,J48_doNotMakeSplitPointActualValue,PART,J48_useLaplace,J48_useMDLcorrection,PART_minNumObj,J48_pruning,Aggregator,PART_pruning,SimpleCart_usePrune,PART_doNotMakeSplitPointActualValue,J48_confidenceFactorValue,JRip,JRip_usePruning,JRip_checkErrorRate,DecisionTable,PART_binarySplits,PART_useMDLcorrection,J48_collapseTree,SimpleCart_minNumObj,PART_numFolds,DecisionTable_evaluationMeasure,SimpleCart_heuristic,DecisionTable_useIBk,J48_numFolds,DecisionTable_crossVal,PART_confidenceFactorValue,SimpleCart_numFoldsPruning,SimpleCart_useOneSE,J48_subtreeRaising,JRip_folds,DecisionTable_search,JRip_optimizations,JRip_minNo,GreedyStepwise_conservativeForwardSelection,BestFirst_direction,GreedyStepwise_searchBackwards,BestFirst_searchTermination"
28,90,0.83181818,0.89873737,0.92979798,0.85024155,0.84166667,0010,0034,0035,0.00000000,"J48,PART,PART_doNotMakeSplitPointActualValue,J48_minNumObj,SimpleCart,Aggregator,J48_pruning,J48_collapseTree,PART_minNumObj,PART_useMDLcorrection,J48_useLaplace,J48_useMDLcorrection,PART_binarySplits,DecisionTable,J48_confidenceFactorValue,J48_doNotMakeSplitPointActualValue,PART_pruning,PART_confidenceFactorValue,PART_numFolds,J48_subtreeRaising,JRip,J48_binarySplits,DecisionTable_evaluationMeasure,SimpleCart_minNumObj,DecisionTable_useIBk,J48_numFolds,JRip_checkErrorRate,DecisionTable_search,SimpleCart_usePrune,SimpleCart_numFoldsPruning,DecisionTable_crossVal,SimpleCart_useOneSE,SimpleCart_heuristic,JRip_usePruning,JRip_folds,JRip_minNo,GreedyStepwise_searchBackwards,BestFirst_direction,JRip_optimizations,BestFirst_searchTermination,GreedyStepwise_conservativeForwardSelection"
29,90,0.84318182,0.90290404,0.93080808,0.85507246,0.76111111,0011,0034,0035,0.00000000,"PART,JRip,JRip_usePruning,JRip_optimizations,Aggregator,PART_minNumObj,PART_useMDLcorrection,PART_doNotMakeSplitPointActualValue,J48,SimpleCart,JRip_checkErrorRate,PART_pruning,DecisionTable,PART_binarySplits,J48_binarySplits,J48_doNotMakeSplitPointActualValue,SimpleCart_minNumObj,J48_collapseTree,J48_minNumObj,DecisionTable_search,JRip_minNo,J48_useMDLcorrection,JRip_folds,PART_confidenceFactorValue,SimpleCart_usePrune,PART_numFolds,BestFirst_searchTermination,DecisionTable_crossVal,BestFirst_direction,J48_useLaplace,J48_pruning,GreedyStepwise_searchBackwards,SimpleCart_heuristic,DecisionTable_useIBk,DecisionTable_evaluationMeasure,SimpleCart_numFoldsPruning,J48_numFolds,GreedyStepwise_conservativeForwardSelection,J48_subtreeRaising,SimpleCart_useOneSE,J48_confidenceFactorValue"
30,90,0.79469697,0.90277778,0.93080808,0.85507246,0.76111111,0010,0034,0035,0.00000000,"J48,J48_pruning,DecisionTable,J48_numFolds,JRip,J48_useLaplace,J48_confidenceFactorValue,J48_doNotMakeSplitPointActualValue,DecisionTable_useIBk,J48_binarySplits,J48_useMDLcorrection,PART,SimpleCart,Aggregator,J48_collapseTree,JRip_minNo,PART_binarySplits,J48_subtreeRaising,PART_useMDLcorrection,DecisionTable_evaluationMeasure,DecisionTable_search,JRip_checkErrorRate,J48_minNumObj,DecisionTable_crossVal,PART_doNotMakeSplitPointActualValue,BestFirst_direction,JRip_usePruning,PART_pruning,SimpleCart_minNumObj,PART_minNumObj,JRip_optimizations,SimpleCart_usePrune,SimpleCart_heuristic,GreedyStepwise_conservativeForwardSelection,BestFirst_searchTermination,GreedyStepwise_searchBackwards,SimpleCart_useOneSE,PART_confidenceFactorValue,JRip_folds,PART_numFolds,SimpleCart_numFoldsPruning"
31,90,0.82045455,0.89861111,0.93080808,0.85507246,0.76111111,0011,0122,0047,0.62928653,"PART,J48,J48_useLaplace,JRip,DecisionTable,PART_useMDLcorrection,J48_pruning,SimpleCart,SimpleCart_heuristic,SimpleCart_minNumObj,PART_doNotMakeSplitPointActualValue,J48_useMDLcorrection,JRip_usePruning,DecisionTable_crossVal,JRip_checkErrorRate,J48_confidenceFactorValue,SimpleCart_usePrune,J48_subtreeRaising,JRip_optimizations,J48_numFolds,SimpleCart_numFoldsPruning,SimpleCart_useOneSE,JRip_folds,GreedyStepwise_conservativeForwardSelection,BestFirst_direction,PART_numFolds,GreedyStepwise_searchBackwards,PART_confidenceFactorValue,BestFirst_searchTermination,JRip_minNo,J48_collapseTree,DecisionTable_evaluationMeasure,J48_doNotMakeSplitPointActualValue,PART_minNumObj,J48_binarySplits,J48_minNumObj,PART_binarySplits,Aggregator,DecisionTable_search,DecisionTable_useIBk,PART_pruning"
32,90,0.84267677,0.89974747,0.93080808,0.85507246,0.76111111,0011,0034,0047,0.62928653,"SimpleCart,DecisionTable,DecisionTable_crossVal,J48,J48_useMDLcorrection,SimpleCart_heuristic,JRip,SimpleCart_usePrune,PART,PART_doNotMakeSplitPointActualValue,SimpleCart_minNumObj,J48_pruning,SimpleCart_numFoldsPruning,J48_useLaplace,SimpleCart_useOneSE,JRip_usePruning,JRip_folds,JRip_checkErrorRate,J48_confidenceFactorValue,J48_subtreeRaising,J48_numFolds,JRip_optimizations,PART_useMDLcorrection,J48_binarySplits,PART_minNumObj,J48_minNumObj,J48_doNotMakeSplitPointActualValue,DecisionTable_useIBk,JRip_minNo,DecisionTable_evaluationMeasure,PART_binarySplits,PART_pruning,DecisionTable_search,J48_collapseTree,Aggregator,PART_confidenceFactorValue,GreedyStepwise_searchBackwards,BestFirst_searchTermination,PART_numFolds,GreedyStepwise_conservativeForwardSelection,BestFirst_direction"
33,90,0.79015152,0.89936869,0.93080808,0.85507246,0.76111111,0010,0268,0047,0.62928653,"SimpleCart,J48,SimpleCart_minNumObj,SimpleCart_usePrune,SimpleCart_numFoldsPruning,JRip,J48_pruning,SimpleCart_useOneSE,J48_subtreeRaising,J48_numFolds,SimpleCart_heuristic,J48_useLaplace,J48_useMDLcorrection,PART,PART_doNotMakeSplitPointActualValue,JRip_usePruning,DecisionTable,PART_useMDLcorrection,JRip_optimizations,JRip_checkErrorRate,J48_confidenceFactorValue,DecisionTable_crossVal,JRip_folds,GreedyStepwise_conservativeForwardSelection,BestFirst_searchTermination,GreedyStepwise_searchBackwards,BestFirst_direction,PART_confidenceFactorValue,PART_numFolds,JRip_minNo,PART_pruning,J48_binarySplits,DecisionTable_evaluationMeasure,J48_minNumObj,PART_binarySplits,DecisionTable_search,J48_collapseTree,DecisionTable_useIBk,PART_minNumObj,J48_doNotMakeSplitPointActualValue,Aggregator"
34,90,0.82954545,0.89924242,0.93080808,0.85507246,0.76111111,0011,0034,0035,0.00000000,"SimpleCart,J48,J48_doNotMakeSplitPointActualValue,PART,SimpleCart_minNumObj,PART_doNotMakeSplitPointActualValue,J48_binarySplits,SimpleCart_usePrune,JRip,JRip_minNo,J48_pruning,SimpleCart_heuristic,J48_useLaplace,J48_collapseTree,PART_binarySplits,DecisionTable,PART_useMDLcorrection,PART_pruning,Aggregator,J48_useMDLcorrection,DecisionTable_evaluationMeasure,JRip_usePruning,PART_minNumObj,J48_minNumObj,J48_subtreeRaising,SimpleCart_numFoldsPruning,SimpleCart_useOneSE,J48_numFolds,JRip_optimizations,PART_numFolds,JRip_checkErrorRate,JRip_folds,J48_confidenceFactorValue,DecisionTable_useIBk,PART_confidenceFactorValue,DecisionTable_crossVal,DecisionTable_search,GreedyStepwise_searchBackwards,GreedyStepwise_conservativeForwardSelection,BestFirst_direction,BestFirst_searchTermination"
35,90,0.84696970,0.90050505,0.93080808,0.85507246,0.76111111,0009,0034,0035,0.00000000,"J48,J48_useLaplace,J48_collapseTree,J48_pruning,DecisionTable,DecisionTable_search,J48_binarySplits,J48_minNumObj,GreedyStepwise_searchBackwards,J48_subtreeRaising,DecisionTable_crossVal,BestFirst_searchTermination,GreedyStepwise_conservativeForwardSelection,J48_useMDLcorrection,DecisionTable_evaluationMeasure,Aggregator,SimpleCart,JRip,PART,PART_doNotMakeSplitPointActualValue,J48_doNotMakeSplitPointActualValue,SimpleCart_usePrune,PART_pruning,PART_confidenceFactorValue,J48_confidenceFactorValue,SimpleCart_minNumObj,BestFirst_direction,PART_binarySplits,J48_numFolds,DecisionTable_useIBk,PART_useMDLcorrection,JRip_usePruning,SimpleCart_heuristic,PART_minNumObj,PART_numFolds,JRip_minNo,JRip_folds,JRip_checkErrorRate,JRip_optimizations,SimpleCart_useOneSE,SimpleCart_numFoldsPruning"
36,90,0.85176768,0.90189394,0.93080808,0.85507246,0.76111111,0009,0034,0035,0.00000000,"Aggregator,SimpleCart,PART,PART_useMDLcorrection,PART_pruning,JRip,SimpleCart_minNumObj,PART_binarySplits,J48,PART_numFolds,PART_confidenceFactorValue,JRip_minNo,SimpleCart_usePrune,SimpleCart_heuristic,J48_minNumObj,DecisionTable,JRip_usePruning,PART_minNumObj,PART_doNotMakeSplitPointActualValue,J48_pruning,J48_binarySplits,SimpleCart_useOneSE,DecisionTable_search,J48_confidenceFactorValue,JRip_folds,JRip_checkErrorRate,J48_collapseTree,BestFirst_direction,DecisionTable_evaluationMeasure,GreedyStepwise_searchBackwards,J48_doNotMakeSplitPointActualValue,J48_useLaplace,J48_useMDLcorrection,SimpleCart_numFoldsPruning,DecisionTable_useIBk,DecisionTable_crossVal,BestFirst_searchTermination,JRip_optimizations,J48_numFolds,GreedyStepwise_conservativeForwardSelection,J48_subtreeRaising"
37,90,0.85984848,0.89696970,0.93080808,0.85507246,0.76111111,0011,0034,0035,0.00000000,"J48,J48_doNotMakeSplitPointActualValue,JRip,Aggregator,JRip_minNo,DecisionTable,J48_pruning,J48_binarySplits,SimpleCart,J48_useMDLcorrection,SimpleCart_minNumObj,J48_minNumObj,J48_confidenceFactorValue,PART,SimpleCart_usePrune,JRip_checkErrorRate,DecisionTable_crossVal,JRip_usePruning,J48_useLaplace,J48_numFolds,PART_minNumObj,J48_collapseTree,SimpleCart_useOneSE,JRip_optimizations,J48_subtreeRaising,DecisionTable_useIBk,PART_doNotMakeSplitPointActualValue,DecisionTable_search,PART_useMDLcorrection,SimpleCart_heuristic,DecisionTable_evaluationMeasure,SimpleCart_numFoldsPruning,PART_binarySplits,GreedyStepwise_searchBackwards,JRip_folds,PART_pruning,PART_numFolds,GreedyStepwise_conservativeForwardSelection,PART_confidenceFactorValue,BestFirst_searchTermination,BestFirst_direction"
38,90,0.85909091,0.89949495,0.93080808,0.85507246,0.76111111,0011,0034,0035,0.00000000,"PART,Aggregator,PART_doNotMakeSplitPointActualValue,DecisionTable,J48,J48_useLaplace,PART_pruning,J48_useMDLcorrection,JRip,J48_pruning,PART_confidenceFactorValue,JRip_usePruning,PART_binarySplits,SimpleCart,J48_confidenceFactorValue,DecisionTable_useIBk,PART_minNumObj,JRip_folds,J48_minNumObj,DecisionTable_crossVal,DecisionTable_evaluationMeasure,J48_subtreeRaising,JRip_checkErrorRate,PART_useMDLcorrection,J48_numFolds,J48_doNotMakeSplitPointActualValue,J48_binarySplits,SimpleCart_heuristic,PART_numFolds,JRip_minNo,DecisionTable_search,BestFirst_searchTermination,SimpleCart_minNumObj,SimpleCart_usePrune,J48_collapseTree,GreedyStepwise_searchBackwards,JRip_optimizations,SimpleCart_numFoldsPruning,BestFirst_direction,GreedyStepwise_conservativeForwardSelection,SimpleCart_useOneSE"
39,90,0.85227273,0.90012626,0.93080808,0.85507246,0.76111111,0010,0034,0035,0.00000000,"DecisionTable,DecisionTable_crossVal,Aggregator,PART,DecisionTable_search,SimpleCart,BestFirst_direction,DecisionTable_evaluationMeasure,SimpleCart_minNumObj,GreedyStepwise_conservativeForwardSelection,DecisionTable_useIBk,PART_binarySplits,JRip,BestFirst_searchTermination,PART_doNotMakeSplitPointActualValue,J48,SimpleCart_heuristic,J48_binarySplits,J48_minNumObj,PART_pruning,GreedyStepwise_searchBackwards,JRip_checkErrorRate,J48_useMDLcorrection,PART_numFolds,JRip_minNo,PART_useMDLcorrection,JRip_usePruning,PART_minNumObj,SimpleCart_usePrune,J48_doNotMakeSplitPointActualValue,SimpleCart_numFoldsPruning,J48_collapseTree,J48_useLaplace,JRip_optimizations,PART_confidenceFactorValue,J48_pruning,J48_subtreeRaising,JRip_folds,SimpleCart_useOneSE,J48_confidenceFactorValue,J48_numFolds"
40,90,0.80580808,0.90037879,0.93080808,0.85507246,0.76111111,0009,0034,0035,0.00000000,"J48,J48_pruning,J48_numFolds,J48_binarySplits,JRip,J48_confidenceFactorValue,J48_minNumObj,J48_doNotMakeSplitPointActualValue,SimpleCart,JRip_minNo,J48_useLaplace,J48_useMDLcorrection,PART,DecisionTable,DecisionTable_useIBk,Aggregator,JRip_checkErrorRate,J48_collapseTree,DecisionTable_evaluationMeasure,SimpleCart_heuristic,J48_subtreeRaising,DecisionTable_search,DecisionTable_crossVal,PART_doNotMakeSplitPointActualValue,JRip_usePruning,PART_useMDLcorrection,SimpleCart_usePrune,SimpleCart_useOneSE,SimpleCart_numFoldsPruning,PART_minNumObj,PART_pruning,SimpleCart_minNumObj,GreedyStepwise_searchBackwards,GreedyStepwise_conservativeForwardSelection,BestFirst_direction,PART_binarySplits,JRip_folds,BestFirst_searchTermination,JRip_optimizations,PART_numFolds,PART_confidenceFactorValue"
41,90,0.83232323,0.90012626,0.93080808,0.85507246,0.76111111,0008,0034,0035,0.00000000,"J48,J48_collapseTree,Aggregator,J48_useMDLcorrection,J48_minNumObj,JRip,JRip_usePruning,J48_doNotMakeSplitPointActualValue,SimpleCart,J48_binarySplits,SimpleCart_heuristic,J48_pruning,DecisionTable,PART,PART_binarySplits,SimpleCart_minNumObj,JRip_optimizations,PART_pruning,DecisionTable_search,BestFirst_direction,J48_useLaplace,PART_numFolds,JRip_folds,PART_useMDLcorrection,GreedyStepwise_conservativeForwardSelection,PART_doNotMakeSplitPointActualValue,JRip_checkErrorRate,DecisionTable_useIBk,JRip_minNo,J48_subtreeRaising,DecisionTable_evaluationMeasure,J48_confidenceFactorValue,BestFirst_searchTermination,PART_minNumObj,GreedyStepwise_searchBackwards,PART_confidenceFactorValue,SimpleCart_usePrune,DecisionTable_crossVal,J48_numFolds,SimpleCart_numFoldsPruning,SimpleCart_useOneSE"
42,90,0.82853535,0.89974747,0.93080808,0.85507246,0.76111111,0011,0034,0035,0.00000000,"SimpleCart,J48,Aggregator,SimpleCart_heuristic,DecisionTable,J48_pruning,J48_useMDLcorrection,J48_doNotMakeSplitPointActualValue,J48_subtreeRaising,J48_useLaplace,J48_minNumObj,PART,DecisionTable_crossVal,DecisionTable_search,DecisionTable_useIBk,PART_useMDLcorrection,J48_confidenceFactorValue,GreedyStepwise_conservativeForwardSelection,J48_collapseTree,BestFirst_searchTermination,PART_doNotMakeSplitPointActualValue,JRip,SimpleCart_minNumObj,SimpleCart_usePrune,DecisionTable_evaluationMeasure,J48_binarySplits,PART_binarySplits,SimpleCart_useOneSE,BestFirst_direction,JRip_usePruning,PART_pruning,SimpleCart_numFoldsPruning,J48_numFolds,PART_confidenceFactorValue,PART_minNumObj,GreedyStepwise_searchBackwards,JRip_optimizations,JRip_checkErrorRate,JRip_minNo,PART_numFolds,JRip_folds"
43,90,0.86237374,0.89873737,0.93080808,0.85507246,0.76111111,0009,0034,0035,0.00000000,"J48,DecisionTable,J48_useLaplace,PART,DecisionTable_useIBk,J48_minNumObj,PART_useMDLcorrection,DecisionTable_evaluationMeasure,DecisionTable_search,BestFirst_searchTermination,JRip,J48_useMDLcorrection,GreedyStepwise_searchBackwards,PART_doNotMakeSplitPointActualValue,JRip_checkErrorRate,SimpleCart,J48_doNotMakeSplitPointActualValue,J48_pruning,Aggregator,J48_binarySplits,JRip_minNo,J48_collapseTree,J48_subtreeRaising,DecisionTable_crossVal,J48_numFolds,GreedyStepwise_conservativeForwardSelection,JRip_usePruning,PART_binarySplits,PART_pruning,BestFirst_direction,PART_minNumObj,SimpleCart_minNumObj,SimpleCart_usePrune,J48_confidenceFactorValue,PART_numFolds,SimpleCart_heuristic,JRip_folds,JRip_optimizations,PART_confidenceFactorValue,SimpleCart_useOneSE,SimpleCart_numFoldsPruning"
44,90,0.82550505,0.89886364,0.93080808,0.85507246,0.76111111,0011,0034,0035,0.00000000,"Aggregator,DecisionTable,PART,SimpleCart,JRip,PART_minNumObj,PART_useMDLcorrection,J48,SimpleCart_minNumObj,SimpleCart_usePrune,PART_doNotMakeSplitPointActualValue,DecisionTable_crossVal,J48_pruning,PART_binarySplits,DecisionTable_evaluationMeasure,J48_collapseTree,DecisionTable_search,J48_useMDLcorrection,DecisionTable_useIBk,GreedyStepwise_conservativeForwardSelection,PART_pruning,J48_useLaplace,JRip_checkErrorRate,PART_numFolds,SimpleCart_heuristic,SimpleCart_useOneSE,J48_binarySplits,JRip_usePruning,BestFirst_searchTermination,SimpleCart_numFoldsPruning,J48_minNumObj,JRip_minNo,J48_doNotMakeSplitPointActualValue,J48_numFolds,GreedyStepwise_searchBackwards,J48_confidenceFactorValue,J48_subtreeRaising,JRip_folds,PART_confidenceFactorValue,BestFirst_direction,JRip_optimizations"
45,90,0.82171717,0.89835859,0.93080808,0.85507246,0.76111111,0011,0034,0035,0.00000000,"DecisionTable,PART,J48,PART_minNumObj,PART_doNotMakeSplitPointActualValue,DecisionTable_crossVal,SimpleCart,J48_useMDLcorrection,Aggregator,J48_doNotMakeSplitPointActualValue,J48_binarySplits,J48_pruning,JRip,DecisionTable_evaluationMeasure,JRip_checkErrorRate,SimpleCart_minNumObj,PART_pruning,DecisionTable_search,DecisionTable_useIBk,PART_binarySplits,JRip_usePruning,PART_numFolds,J48_collapseTree,J48_minNumObj,J48_numFolds,SimpleCart_usePrune,PART_confidenceFactorValue,JRip_optimizations,J48_confidenceFactorValue,PART_useMDLcorrection,J48_useLaplace,SimpleCart_heuristic,GreedyStepwise_searchBackwards,J48_subtreeRaising,GreedyStepwise_conservativeForwardSelection,JRip_minNo,JRip_folds,SimpleCart_numFoldsPruning,BestFirst_searchTermination,BestFirst_direction,SimpleCart_useOneSE"
46,90,0.84419192,0.90012626,0.93080808,0.85507246,0.76111111,0009,0034,0035,0.00000000,"Aggregator,SimpleCart,SimpleCart_heuristic,J48,SimpleCart_usePrune,DecisionTable,J48_collapseTree,J48_minNumObj,DecisionTable_crossVal,PART,PART_pruning,JRip,JRip_usePruning,PART_useMDLcorrection,JRip_minNo,PART_minNumObj,SimpleCart_minNumObj,SimpleCart_numFoldsPruning,JRip_folds,SimpleCart_useOneSE,PART_confidenceFactorValue,PART_doNotMakeSplitPointActualValue,J48_pruning,DecisionTable_useIBk,J48_confidenceFactorValue,DecisionTable_evaluationMeasure,PART_numFolds,J48_doNotMakeSplitPointActualValue,JRip_checkErrorRate,J48_binarySplits,J48_useLaplace,J48_useMDLcorrection,J48_subtreeRaising,DecisionTable_search,JRip_optimizations,PART_binarySplits,J48_numFolds,BestFirst_direction,BestFirst_searchTermination,GreedyStepwise_conservativeForwardSelection,GreedyStepwise_searchBackwards"
47,90,0.83333333,0.89785354,0.93080808,0.85507246,0.76111111,0010,0034,0035,0.00000000,"PART,PART_doNotMakeSplitPointActualValue,DecisionTable,PART_minNumObj,J48,DecisionTable_evaluationMeasure,J48_minNumObj,J48_useMDLcorrection,PART_binarySplits,J48_binarySplits,PART_pruning,PART_numFolds,JRip,JRip_usePruning,J48_collapseTree,PART_confidenceFactorValue,J48_useLaplace,JRip_folds,SimpleCart,PART_useMDLcorrection,DecisionTable_crossVal,J48_pruning,DecisionTable_useIBk,Aggregator,SimpleCart_minNumObj,DecisionTable_search,SimpleCart_usePrune,J48_doNotMakeSplitPointActualValue,J48_subtreeRaising,JRip_minNo,JRip_optimizations,JRip_checkErrorRate,BestFirst_searchTermination,SimpleCart_useOneSE,GreedyStepwise_searchBackwards,J48_numFolds,GreedyStepwise_conservativeForwardSelection,BestFirst_direction,SimpleCart_heuristic,SimpleCart_numFoldsPruning,J48_confidenceFactorValue"
48,90,0.85404040,0.90303030,0.93080808,0.85507246,0.76111111,0011,0034,0035,0.00000000,"Aggregator,JRip,SimpleCart,SimpleCart_usePrune,PART,J48,JRip_checkErrorRate,SimpleCart_minNumObj,PART_doNotMakeSplitPointActualValue,PART_minNumObj,J48_collapseTree,DecisionTable,SimpleCart_numFoldsPruning,JRip_usePruning,PART_binarySplits,DecisionTable_evaluationMeasure,DecisionTable_crossVal,J48_pruning,JRip_minNo,JRip_folds,SimpleCart_heuristic,J48_useMDLcorrection,J48_useLaplace,J48_doNotMakeSplitPointActualValue,PART_pruning,SimpleCart_useOneSE,PART_useMDLcorrection,PART_confidenceFactorValue,DecisionTable_search,JRip_optimizations,J48_minNumObj,J48_binarySplits,DecisionTable_useIBk,J48_subtreeRaising,J48_confidenceFactorValue,J48_numFolds,PART_numFolds,BestFirst_searchTermination,GreedyStepwise_searchBackwards,BestFirst_direction,GreedyStepwise_conservativeForwardSelection"
49,90,0.83257576,0.90176768,0.93080808,0.85507246,0.76111111,0011,0034,0035,0.00000000,"PART,DecisionTable,Aggregator,SimpleCart,J48,SimpleCart_usePrune,SimpleCart_numFoldsPruning,PART_binarySplits,PART_doNotMakeSplitPointActualValue,JRip,PART_useMDLcorrection,PART_minNumObj,PART_pruning,J48_useMDLcorrection,JRip_minNo,DecisionTable_evaluationMeasure,PART_confidenceFactorValue,PART_numFolds,SimpleCart_minNumObj,J48_useLaplace,DecisionTable_search,DecisionTable_crossVal,SimpleCart_heuristic,GreedyStepwise_searchBackwards,J48_collapseTree,J48_doNotMakeSplitPointActualValue,SimpleCart_useOneSE,DecisionTable_useIBk,J48_pruning,J48_binarySplits,J48_minNumObj,BestFirst_direction,J48_subtreeRaising,J48_confidenceFactorValue,JRip_checkErrorRate,JRip_usePruning,GreedyStepwise_conservativeForwardSelection,BestFirst_searchTermination,J48_numFolds,JRip_folds,JRip_optimizations"
50,90,0.83156566,0.90113636,0.93080808,0.85507246,0.76111111,0012,0034,0035,0.00000000,"PART,Aggregator,PART_doNotMakeSplitPointActualValue,SimpleCart,PART_minNumObj,SimpleCart_usePrune,SimpleCart_numFoldsPruning,PART_binarySplits,JRip,J48,DecisionTable,DecisionTable_crossVal,SimpleCart_useOneSE,J48_collapseTree,SimpleCart_heuristic,DecisionTable_evaluationMeasure,PART_useMDLcorrection,SimpleCart_minNumObj,JRip_minNo,J48_binarySplits,PART_pruning,J48_minNumObj,J48_pruning,PART_numFolds,JRip_checkErrorRate,J48_useLaplace,JRip_usePruning,J48_doNotMakeSplitPointActualValue,DecisionTable_useIBk,J48_useMDLcorrection,DecisionTable_search,J48_subtreeRaising,J48_confidenceFactorValue,PART_confidenceFactorValue,J48_numFolds,BestFirst_direction,GreedyStepwise_searchBackwards,GreedyStepwise_conservativeForwardSelection,JRip_optimizations,BestFirst_searchTermination,JRip_folds"
51,90,0.79040404,0.89797980,0.93080808,0.85507246,0.76111111,0012,0034,0035,0.00000000,"J48,SimpleCart,DecisionTable,J48_minNumObj,DecisionTable_crossVal,DecisionTable_evaluationMeasure,Aggregator,J48_doNotMakeSplitPointActualValue,J48_collapseTree,SimpleCart_minNumObj,SimpleCart_heuristic,SimpleCart_usePrune,J48_useMDLcorrection,DecisionTable_search,PART,J48_pruning,J48_useLaplace,JRip,PART_useMDLcorrection,PART_doNotMakeSplitPointActualValue,J48_subtreeRaising,BestFirst_searchTermination,J48_binarySplits,PART_minNumObj,DecisionTable_useIBk,SimpleCart_useOneSE,SimpleCart_numFoldsPruning,BestFirst_direction,PART_pruning,JRip_checkErrorRate,GreedyStepwise_conservativeForwardSelection,J48_confidenceFactorValue,JRip_minNo,J48_numFolds,GreedyStepwise_searchBackwards,PART_binarySplits,JRip_usePruning,PART_numFolds,PART_confidenceFactorValue,JRip_optimizations,JRip_folds"
52,90,0.85000000,0.90202020,0.93080808,0.85507246,0.76111111,0014,0034,0035,0.00000000,"J48,Aggregator,J48_binarySplits,J48_minNumObj,J48_pruning,J48_useLaplace,DecisionTable,J48_collapseTree,DecisionTable_search,PART,PART_useMDLcorrection,DecisionTable_evaluationMeasure,JRip,PART_doNotMakeSplitPointActualValue,J48_subtreeRaising,J48_useMDLcorrection,SimpleCart,J48_numFolds,J48_confidenceFactorValue,DecisionTable_crossVal,J48_doNotMakeSplitPointActualValue,GreedyStepwise_conservativeForwardSelection,SimpleCart_heuristic,GreedyStepwise_searchBackwards,SimpleCart_minNumObj,PART_binarySplits,BestFirst_direction,DecisionTable_useIBk,PART_pruning,PART_minNumObj,JRip_minNo,BestFirst_searchTermination,JRip_usePruning,JRip_checkErrorRate,JRip_optimizations,PART_numFolds,SimpleCart_usePrune,JRip_folds,PART_confidenceFactorValue,SimpleCart_numFoldsPruning,SimpleCart_useOneSE"
53,90,0.83257576,0.89974747,0.93080808,0.85507246,0.76111111,0011,0034,0035,0.00000000,"JRip,Aggregator,JRip_checkErrorRate,SimpleCart,JRip_minNo,SimpleCart_minNumObj,DecisionTable,JRip_usePruning,JRip_optimizations,PART,SimpleCart_usePrune,PART_binarySplits,DecisionTable_evaluationMeasure,J48,PART_doNotMakeSplitPointActualValue,DecisionTable_useIBk,SimpleCart_heuristic,PART_minNumObj,SimpleCart_numFoldsPruning,PART_pruning,DecisionTable_crossVal,J48_minNumObj,J48_binarySplits,JRip_folds,J48_collapseTree,J48_doNotMakeSplitPointActualValue,DecisionTable_search,J48_pruning,J48_confidenceFactorValue,SimpleCart_useOneSE,PART_useMDLcorrection,GreedyStepwise_searchBackwards,PART_confidenceFactorValue,J48_useMDLcorrection,J48_useLaplace,PART_numFolds,BestFirst_direction,BestFirst_searchTermination,GreedyStepwise_conservativeForwardSelection,J48_numFolds,J48_subtreeRaising"
54,90,0.83257576,0.90075758,0.93080808,0.85507246,0.76111111,0012,0034,0035,0.00000000,"Aggregator,J48,PART,J48_doNotMakeSplitPointActualValue,DecisionTable,PART_doNotMakeSplitPointActualValue,JRip,JRip_usePruning,SimpleCart,J48_pruning,DecisionTable_useIBk,J48_minNumObj,JRip_folds,PART_binarySplits,DecisionTable_evaluationMeasure,J48_binarySplits,DecisionTable_search,J48_useMDLcorrection,BestFirst_searchTermination,PART_useMDLcorrection,PART_pruning,SimpleCart_heuristic,JRip_checkErrorRate,J48_useLaplace,J48_collapseTree,PART_minNumObj,SimpleCart_minNumObj,PART_confidenceFactorValue,DecisionTable_crossVal,J48_confidenceFactorValue,JRip_optimizations,JRip_minNo,BestFirst_direction,SimpleCart_usePrune,J48_numFolds,GreedyStepwise_searchBackwards,SimpleCart_useOneSE,J48_subtreeRaising,PART_numFolds,GreedyStepwise_conservativeForwardSelection,SimpleCart_numFoldsPruning"
55,90,0.79191919,0.90000000,0.93080808,0.85507246,0.76111111,0014,0034,0035,0.00000000,"J48,J48_doNotMakeSplitPointActualValue,J48_useLaplace,J48_collapseTree,SimpleCart,PART,PART_binarySplits,Aggregator,JRip,J48_pruning,PART_pruning,JRip_checkErrorRate,J48_numFolds,J48_minNumObj,DecisionTable,SimpleCart_minNumObj,J48_confidenceFactorValue,J48_useMDLcorrection,J48_binarySplits,PART_minNumObj,PART_confidenceFactorValue,J48_subtreeRaising,JRip_usePruning,DecisionTable_evaluationMeasure,SimpleCart_heuristic,PART_doNotMakeSplitPointActualValue,PART_useMDLcorrection,JRip_minNo,SimpleCart_usePrune,DecisionTable_crossVal,PART_numFolds,DecisionTable_useIBk,JRip_folds,SimpleCart_numFoldsPruning,DecisionTable_search,JRip_optimizations,GreedyStepwise_conservativeForwardSelection,SimpleCart_useOneSE,BestFirst_searchTermination,BestFirst_direction,GreedyStepwise_searchBackwards"
56,90,0.80959596,0.89987374,0.93080808,0.85507246,0.76111111,0013,0034,0035,0.00000000,"Aggregator,DecisionTable,J48,SimpleCart,DecisionTable_crossVal,J48_pruning,DecisionTable_useIBk,SimpleCart_heuristic,PART,J48_collapseTree,JRip,J48_confidenceFactorValue,J48_subtreeRaising,PART_useMDLcorrection,DecisionTable_search,PART_pruning,J48_binarySplits,DecisionTable_evaluationMeasure,JRip_checkErrorRate,SimpleCart_usePrune,J48_doNotMakeSplitPointActualValue,J48_minNumObj,J48_numFolds,PART_minNumObj,BestFirst_direction,PART_binarySplits,GreedyStepwise_searchBackwards,GreedyStepwise_conservativeForwardSelection,SimpleCart_numFoldsPruning,J48_useLaplace,JRip_usePruning,SimpleCart_minNumObj,PART_confidenceFactorValue,J48_useMDLcorrection,JRip_minNo,PART_doNotMakeSplitPointActualValue,JRip_folds,PART_numFolds,BestFirst_searchTermination,JRip_optimizations,SimpleCart_useOneSE"
57,90,0.82373737,0.89722222,0.93080808,0.85507246,0.76111111,0014,0034,0035,0.00000000,"JRip,DecisionTable,DecisionTable_useIBk,Aggregator,J48,J48_doNotMakeSplitPointActualValue,JRip_checkErrorRate,SimpleCart,J48_minNumObj,PART,PART_binarySplits,SimpleCart_heuristic,SimpleCart_usePrune,DecisionTable_evaluationMeasure,JRip_minNo,JRip_usePruning,J48_collapseTree,PART_doNotMakeSplitPointActualValue,DecisionTable_search,DecisionTable_crossVal,JRip_folds,BestFirst_direction,BestFirst_searchTermination,PART_useMDLcorrection,J48_pruning,J48_useLaplace,J48_useMDLcorrection,PART_pruning,JRip_optimizations,J48_binarySplits,GreedyStepwise_conservativeForwardSelection,PART_minNumObj,J48_confidenceFactorValue,SimpleCart_minNumObj,GreedyStepwise_searchBackwards,SimpleCart_numFoldsPruning,SimpleCart_useOneSE,J48_numFolds,J48_subtreeRaising,PART_confidenceFactorValue,PART_numFolds"
58,90,0.86489899,0.90063131,0.93080808,0.85507246,0.76111111,0014,0034,0035,0.00000000,"DecisionTable,PART,SimpleCart,DecisionTable_crossVal,DecisionTable_useIBk,PART_useMDLcorrection,PART_minNumObj,JRip,J48,J48_doNotMakeSplitPointActualValue,PART_binarySplits,SimpleCart_usePrune,PART_doNotMakeSplitPointActualValue,J48_useLaplace,SimpleCart_heuristic,J48_binarySplits,DecisionTable_evaluationMeasure,Aggregator,PART_pruning,J48_minNumObj,JRip_minNo,SimpleCart_minNumObj,J48_useMDLcorrection,DecisionTable_search,JRip_checkErrorRate,GreedyStepwise_conservativeForwardSelection,PART_numFolds,SimpleCart_useOneSE,JRip_usePruning,J48_pruning,SimpleCart_numFoldsPruning,J48_collapseTree,J48_numFolds,JRip_folds,BestFirst_direction,JRip_optimizations,PART_confidenceFactorValue,GreedyStepwise_searchBackwards,J48_subtreeRaising,BestFirst_searchTermination,J48_confidenceFactorValue"
59,90,0.86186869,0.89709596,0.93080808,0.85507246,0.76111111,0013,0034,0035,0.00000000,"J48,J48_binarySplits,J48_collapseTree,SimpleCart,PART,SimpleCart_minNumObj,J48_useMDLcorrection,PART_doNotMakeSplitPointActualValue,PART_useMDLcorrection,J48_pruning,JRip,PART_pruning,Aggregator,J48_confidenceFactorValue,DecisionTable,J48_numFolds,DecisionTable_useIBk,J48_minNumObj,J48_doNotMakeSplitPointActualValue,JRip_usePruning,JRip_checkErrorRate,DecisionTable_crossVal,PART_minNumObj,J48_useLaplace,PART_binarySplits,J48_subtreeRaising,SimpleCart_heuristic,PART_numFolds,JRip_folds,SimpleCart_usePrune,DecisionTable_search,SimpleCart_numFoldsPruning,PART_confidenceFactorValue,JRip_minNo,GreedyStepwise_conservativeForwardSelection,GreedyStepwise_searchBackwards,DecisionTable_evaluationMeasure,JRip_optimizations,BestFirst_direction,SimpleCart_useOneSE,BestFirst_searchTermination"
60,90,0.85984848,0.89886364,0.93080808,0.85507246,0.76111111,0013,0034,0035,0.00000000,"DecisionTable,DecisionTable_search,BestFirst_direction,DecisionTable_useIBk,SimpleCart,DecisionTable_crossVal,PART,BestFirst_searchTermination,PART_binarySplits,DecisionTable_evaluationMeasure,SimpleCart_heuristic,JRip,PART_pruning,GreedyStepwise_conservativeForwardSelection,Aggregator,GreedyStepwise_searchBackwards,J48,JRip_usePruning,J48_collapseTree,PART_minNumObj,JRip_folds,PART_numFolds,PART_confidenceFactorValue,SimpleCart_minNumObj,PART_doNotMakeSplitPointActualValue,J48_useMDLcorrection,J48_doNotMakeSplitPointActualValue,J48_binarySplits,SimpleCart_usePrune,PART_useMDLcorrection,SimpleCart_useOneSE,JRip_checkErrorRate,JRip_minNo,J48_minNumObj,JRip_optimizations,J48_useLaplace,SimpleCart_numFoldsPruning,J48_pruning,J48_numFolds,J48_subtreeRaising,J48_confidenceFactorValue"
61,90,0.85909091,0.90101010,0.93080808,0.85507246,0.76111111,0012,0034,0035,0.00000000,"J48,J48_binarySplits,PART,J48_useMDLcorrection,J48_collapseTree,DecisionTable,PART_minNumObj,Aggregator,JRip,JRip_usePruning,J48_useLaplace,J48_minNumObj,SimpleCart,SimpleCart_usePrune,DecisionTable_search,SimpleCart_heuristic,PART_useMDLcorrection,PART_doNotMakeSplitPointActualValue,DecisionTable_evaluationMeasure,J48_pruning,JRip_optimizations,DecisionTable_crossVal,J48_doNotMakeSplitPointActualValue,SimpleCart_numFoldsPruning,J48_numFolds,PART_binarySplits,SimpleCart_minNumObj,GreedyStepwise_conservativeForwardSelection,DecisionTable_useIBk,SimpleCart_useOneSE,PART_pruning,BestFirst_searchTermination,J48_subtreeRaising,GreedyStepwise_searchBackwards,JRip_folds,JRip_minNo,PART_numFolds,JRip_checkErrorRate,PART_confidenceFactorValue,BestFirst_direction,J48_confidenceFactorValue"
62,90,0.79191919,0.90037879,0.93080808,0.85507246,0.76111111,0014,0034,0035,0.00000000,"Aggregator,SimpleCart,J48,J48_minNumObj,J48_useLaplace,J48_pruning,PART,DecisionTable,J48_confidenceFactorValue,J48_binarySplits,J48_subtreeRaising,JRip,PART_binarySplits,SimpleCart_minNumObj,SimpleCart_heuristic,SimpleCart_usePrune,SimpleCart_numFoldsPruning,JRip_minNo,DecisionTable_crossVal,J48_collapseTree,J48_doNotMakeSplitPointActualValue,J48_numFolds,SimpleCart_useOneSE,DecisionTable_useIBk,DecisionTable_evaluationMeasure,PART_minNumObj,PART_pruning,J48_useMDLcorrection,JRip_usePruning,PART_useMDLcorrection,DecisionTable_search,JRip_checkErrorRate,PART_doNotMakeSplitPointActualValue,GreedyStepwise_searchBackwards,JRip_folds,PART_numFolds,JRip_optimizations,GreedyStepwise_conservativeForwardSelection,BestFirst_direction,PART_confidenceFactorValue,BestFirst_searchTermination"
63,90,0.86085859,0.90189394,0.93080808,0.85507246,0.76111111,0013,0034,0035,0.00000000,"DecisionTable,DecisionTable_search,Aggregator,PART,SimpleCart,GreedyStepwise_searchBackwards,JRip,DecisionTable_useIBk,BestFirst_direction,PART_useMDLcorrection,J48,DecisionTable_crossVal,PART_binarySplits,J48_binarySplits,JRip_minNo,DecisionTable_evaluationMeasure,J48_useMDLcorrection,SimpleCart_usePrune,J48_doNotMakeSplitPointActualValue,J48_collapseTree,SimpleCart_minNumObj,BestFirst_searchTermination,GreedyStepwise_conservativeForwardSelection,J48_pruning,JRip_usePruning,PART_minNumObj,PART_doNotMakeSplitPointActualValue,JRip_checkErrorRate,PART_pruning,SimpleCart_heuristic,PART_numFolds,J48_minNumObj,J48_useLaplace,JRip_optimizations,J48_numFolds,SimpleCart_numFoldsPruning,JRip_folds,SimpleCart_useOneSE,PART_confidenceFactorValue,J48_subtreeRaising,J48_confidenceFactorValue"
64,90,0.83914141,0.90126263,0.93080808,0.85507246,0.76111111,0015,0034,0035,0.00000000,"PART,DecisionTable,PART_minNumObj,PART_useMDLcorrection,Aggregator,DecisionTable_useIBk,SimpleCart,DecisionTable_evaluationMeasure,JRip,JRip_checkErrorRate,PART_pruning,J48,J48_useMDLcorrection,DecisionTable_crossVal,J48_useLaplace,PART_binarySplits,J48_binarySplits,SimpleCart_minNumObj,J48_pruning,PART_doNotMakeSplitPointActualValue,J48_collapseTree,PART_confidenceFactorValue,J48_numFolds,SimpleCart_usePrune,SimpleCart_numFoldsPruning,J48_subtreeRaising,DecisionTable_search,SimpleCart_heuristic,BestFirst_direction,J48_confidenceFactorValue,PART_numFolds,JRip_minNo,JRip_usePruning,SimpleCart_useOneSE,J48_doNotMakeSplitPointActualValue,GreedyStepwise_searchBackwards,J48_minNumObj,JRip_folds,BestFirst_searchTermination,GreedyStepwise_conservativeForwardSelection,JRip_optimizations"
65,90,0.82500000,0.90088384,0.93080808,0.85507246,0.76111111,0014,0034,0035,0.00000000,"PART,PART_useMDLcorrection,SimpleCart,PART_binarySplits,Aggregator,JRip,PART_doNotMakeSplitPointActualValue,SimpleCart_usePrune,DecisionTable,J48,DecisionTable_evaluationMeasure,DecisionTable_useIBk,J48_binarySplits,J48_doNotMakeSplitPointActualValue,JRip_minNo,JRip_usePruning,J48_useMDLcorrection,J48_minNumObj,SimpleCart_heuristic,DecisionTable_crossVal,PART_minNumObj,SimpleCart_numFoldsPruning,PART_pruning,J48_collapseTree,JRip_folds,SimpleCart_minNumObj,DecisionTable_search,GreedyStepwise_conservativeForwardSelection,JRip_checkErrorRate,J48_pruning,PART_confidenceFactorValue,SimpleCart_useOneSE,J48_useLaplace,J48_confidenceFactorValue,BestFirst_direction,PART_numFolds,JRip_optimizations,BestFirst_searchTermination,J48_numFolds,GreedyStepwise_searchBackwards,J48_subtreeRaising"
66,90,0.79898990,0.89949495,0.93080808,0.85507246,0.76111111,0013,0034,0035,0.00000000,"J48,Aggregator,J48_minNumObj,J48_useMDLcorrection,J48_binarySplits,DecisionTable,JRip,J48_useLaplace,SimpleCart,J48_pruning,JRip_checkErrorRate,PART,PART_binarySplits,JRip_minNo,J48_collapseTree,SimpleCart_minNumObj,JRip_usePruning,J48_numFolds,DecisionTable_useIBk,J48_subtreeRaising,PART_useMDLcorrection,SimpleCart_heuristic,J48_doNotMakeSplitPointActualValue,SimpleCart_usePrune,DecisionTable_evaluationMeasure,SimpleCart_useOneSE,SimpleCart_numFoldsPruning,DecisionTable_search,GreedyStepwise_conservativeForwardSelection,JRip_folds,J48_confidenceFactorValue,DecisionTable_crossVal,PART_pruning,PART_confidenceFactorValue,PART_doNotMakeSplitPointActualValue,BestFirst_searchTermination,PART_minNumObj,BestFirst_direction,JRip_optimizations,GreedyStepwise_searchBackwards,PART_numFolds"
67,90,0.82651515,0.90063131,0.93080808,0.85507246,0.76111111,0014,0034,0035,0.00000000,"PART,SimpleCart,SimpleCart_usePrune,SimpleCart_numFoldsPruning,SimpleCart_heuristic,PART_doNotMakeSplitPointActualValue,DecisionTable,DecisionTable_evaluationMeasure,PART_pruning,JRip,JRip_minNo,DecisionTable_search,SimpleCart_minNumObj,PART_numFolds,DecisionTable_crossVal,GreedyStepwise_conservativeForwardSelection,BestFirst_direction,PART_minNumObj,DecisionTable_useIBk,SimpleCart_useOneSE,PART_useMDLcorrection,JRip_checkErrorRate,Aggregator,JRip_usePruning,J48,J48_pruning,PART_binarySplits,JRip_optimizations,J48_minNumObj,J48_useLaplace,J48_confidenceFactorValue,J48_doNotMakeSplitPointActualValue,J48_numFolds,BestFirst_searchTermination,J48_binarySplits,PART_confidenceFactorValue,GreedyStepwise_searchBackwards,J48_subtreeRaising,J48_useMDLcorrection,J48_collapseTree,JRip_folds"
68,90,0.81136364,0.89949495,0.93080808,0.85507246,0.76111111,0011,0034,0035,0.00000000,"Aggregator,JRip,SimpleCart,SimpleCart_heuristic,PART,DecisionTable,J48,J48_useMDLcorrection,JRip_minNo,DecisionTable_useIBk,SimpleCart_usePrune,PART_minNumObj,J48_collapseTree,J48_minNumObj,J48_binarySplits,PART_useMDLcorrection,DecisionTable_search,GreedyStepwise_conservativeForwardSelection,JRip_usePruning,DecisionTable_evaluationMeasure,SimpleCart_useOneSE,JRip_checkErrorRate,SimpleCart_minNumObj,J48_pruning,PART_doNotMakeSplitPointActualValue,PART_pruning,PART_binarySplits,SimpleCart_numFoldsPruning,JRip_folds,J48_doNotMakeSplitPointActualValue,J48_subtreeRaising,GreedyStepwise_searchBackwards,DecisionTable_crossVal,J48_useLaplace,PART_numFolds,BestFirst_searchTermination,PART_confidenceFactorValue,BestFirst_direction,J48_numFolds,JRip_optimizations,J48_confidenceFactorValue"
69,90,0.78282828,0.89861111,0.93080808,0.85507246,0.76111111,0010,0034,0035,0.00000000,"SimpleCart,SimpleCart_usePrune,SimpleCart_heuristic,PART,PART_doNotMakeSplitPointActualValue,J48,J48_binarySplits,SimpleCart_useOneSE,PART_minNumObj,J48_minNumObj,SimpleCart_numFoldsPruning,JRip,SimpleCart_minNumObj,Aggregator,J48_useMDLcorrection,DecisionTable,JRip_minNo,JRip_checkErrorRate,J48_collapseTree,PART_binarySplits,J48_useLaplace,PART_useMDLcorrection,DecisionTable_evaluationMeasure,DecisionTable_crossVal,J48_pruning,PART_pruning,DecisionTable_useIBk,J48_doNotMakeSplitPointActualValue,J48_subtreeRaising,DecisionTable_search,GreedyStepwise_searchBackwards,GreedyStepwise_conservativeForwardSelection,J48_numFolds,J48_confidenceFactorValue,BestFirst_searchTermination,JRip_usePruning,PART_confidenceFactorValue,PART_numFolds,BestFirst_direction,JRip_folds,JRip_optimizations"
70,90,0.82601010,0.89962121,0.93080808,0.85507246,0.76111111,0011,0034,0035,0.00000000,"SimpleCart,SimpleCart_minNumObj,PART,Aggregator,PART_pruning,PART_doNotMakeSplitPointActualValue,PART_useMDLcorrection,J48,J48_binarySplits,PART_binarySplits,J48_useMDLcorrection,DecisionTable,JRip,J48_pruning,DecisionTable_search,JRip_usePruning,PART_minNumObj,BestFirst_searchTermination,SimpleCart_heuristic,SimpleCart_usePrune,J48_useLaplace,SimpleCart_useOneSE,JRip_folds,JRip_optimizations,J48_doNotMakeSplitPointActualValue,GreedyStepwise_conservativeForwardSelection,PART_confidenceFactorValue,J48_collapseTree,DecisionTable_evaluationMeasure,SimpleCart_numFoldsPruning,JRip_minNo,J48_numFolds,PART_numFolds,J48_minNumObj,BestFirst_direction,DecisionTable_useIBk,J48_subtreeRaising,DecisionTable_crossVal,J48_confidenceFactorValue,JRip_checkErrorRate,GreedyStepwise_searchBackwards"
71,90,0.80277778,0.90277778,0.93080808,0.85507246,0.76111111,0012,0034,0035,0.00000000,"DecisionTable,Aggregator,DecisionTable_crossVal,SimpleCart,PART,DecisionTable_search,J48,J48_collapseTree,J48_binarySplits,PART_minNumObj,JRip,GreedyStepwise_searchBackwards,BestFirst_direction,J48_pruning,JRip_checkErrorRate,GreedyStepwise_conservativeForwardSelection,J48_subtreeRaising,PART_useMDLcorrection,PART_pruning,DecisionTable_evaluationMeasure,SimpleCart_heuristic,DecisionTable_useIBk,J48_numFolds,BestFirst_searchTermination,SimpleCart_usePrune,J48_useMDLcorrection,J48_doNotMakeSplitPointActualValue,SimpleCart_numFoldsPruning,PART_binarySplits,PART_doNotMakeSplitPointActualValue,SimpleCart_minNumObj,J48_confidenceFactorValue,J48_useLaplace,PART_numFolds,PART_confidenceFactorValue,J48_minNumObj,JRip_minNo,JRip_usePruning,SimpleCart_useOneSE,JRip_folds,JRip_optimizations"
72,90,0.80934343,0.90138889,0.93080808,0.85507246,0.76111111,0013,0034,0035,0.00000000,"J48,PART,J48_useMDLcorrection,J48_pruning,J48_useLaplace,J48_binarySplits,J48_confidenceFactorValue,PART_doNotMakeSplitPointActualValue,DecisionTable,J48_doNotMakeSplitPointActualValue,PART_minNumObj,PART_pruning,JRip,J48_minNumObj,Aggregator,PART_confidenceFactorValue,PART_useMDLcorrection,DecisionTable_evaluationMeasure,DecisionTable_crossVal,SimpleCart,J48_numFolds,J48_collapseTree,J48_subtreeRaising,PART_binarySplits,JRip_checkErrorRate,SimpleCart_minNumObj,DecisionTable_search,JRip_usePruning,GreedyStepwise_conservativeForwardSelection,JRip_folds,PART_numFolds,DecisionTable_useIBk,JRip_minNo,BestFirst_direction,SimpleCart_heuristic,BestFirst_searchTermination,GreedyStepwise_searchBackwards,SimpleCart_usePrune,SimpleCart_useOneSE,JRip_optimizations,SimpleCart_numFoldsPruning"
73,90,0.83964646,0.89949495,0.93080808,0.85507246,0.76111111,0012,0034,0035,0.00000000,"DecisionTable,J48,J48_doNotMakeSplitPointActualValue,DecisionTable_evaluationMeasure,PART,PART_doNotMakeSplitPointActualValue,JRip,JRip_minNo,J48_collapseTree,DecisionTable_crossVal,JRip_checkErrorRate,J48_binarySplits,J48_useMDLcorrection,Aggregator,J48_useLaplace,J48_pruning,DecisionTable_useIBk,SimpleCart,J48_numFolds,J48_minNumObj,JRip_usePruning,DecisionTable_search,PART_binarySplits,PART_pruning,JRip_folds,PART_minNumObj,PART_useMDLcorrection,SimpleCart_minNumObj,JRip_optimizations,J48_confidenceFactorValue,BestFirst_searchTermination,PART_numFolds,SimpleCart_usePrune,PART_confidenceFactorValue,SimpleCart_heuristic,SimpleCart_useOneSE,J48_subtreeRaising,BestFirst_direction,GreedyStepwise_searchBackwards,GreedyStepwise_conservativeForwardSelection,SimpleCart_numFoldsPruning"
74,90,0.86414141,0.90000000,0.93080808,0.85507246,0.76111111,0015,0034,0035,0.00000000,"DecisionTable,J48,J48_binarySplits,J48_pruning,J48_useLaplace,SimpleCart,Aggregator,SimpleCart_usePrune,DecisionTable_useIBk,SimpleCart_heuristic,J48_confidenceFactorValue,SimpleCart_useOneSE,DecisionTable_crossVal,J48_doNotMakeSplitPointActualValue,SimpleCart_minNumObj,J48_useMDLcorrection,PART,DecisionTable_search,J48_collapseTree,J48_subtreeRaising,GreedyStepwise_searchBackwards,JRip,DecisionTable_evaluationMeasure,J48_numFolds,J48_minNumObj,JRip_usePruning,GreedyStepwise_conservativeForwardSelection,PART_useMDLcorrection,JRip_optimizations,SimpleCart_numFoldsPruning,JRip_minNo,PART_binarySplits,PART_minNumObj,JRip_folds,BestFirst_direction,PART_pruning,PART_doNotMakeSplitPointActualValue,PART_confidenceFactorValue,BestFirst_searchTermination,JRip_checkErrorRate,PART_numFolds"
75,90,0.82979798,0.89886364,0.93080808,0.85507246,0.76111111,0015,0034,0035,0.00000000,"JRip,JRip_usePruning,Aggregator,SimpleCart,DecisionTable,JRip_optimizations,SimpleCart_heuristic,J48,JRip_checkErrorRate,DecisionTable_search,PART,DecisionTable_crossVal,J48_minNumObj,PART_minNumObj,PART_useMDLcorrection,GreedyStepwise_searchBackwards,PART_doNotMakeSplitPointActualValue,J48_collapseTree,DecisionTable_evaluationMeasure,SimpleCart_minNumObj,GreedyStepwise_conservativeForwardSelection,JRip_folds,JRip_minNo,J48_doNotMakeSplitPointActualValue,PART_binarySplits,BestFirst_searchTermination,J48_binarySplits,J48_useMDLcorrection,BestFirst_direction,DecisionTable_useIBk,J48_pruning,PART_pruning,SimpleCart_usePrune,J48_subtreeRaising,PART_confidenceFactorValue,J48_useLaplace,J48_numFolds,SimpleCart_numFoldsPruning,PART_numFolds,SimpleCart_useOneSE,J48_confidenceFactorValue"
76,90,0.82045455,0.90063131,0.93080808,0.85507246,0.76111111,0016,0034,0035,0.00000000,"SimpleCart,PART,SimpleCart_heuristic,PART_pruning,PART_useMDLcorrection,PART_confidenceFactorValue,DecisionTable,PART_binarySplits,J48,J48_binarySplits,JRip,J48_doNotMakeSplitPointActualValue,SimpleCart_usePrune,PART_doNotMakeSplitPointActualValue,JRip_checkErrorRate,SimpleCart_numFoldsPruning,JRip_minNo,DecisionTable_crossVal,SimpleCart_minNumObj,Aggregator,PART_minNumObj,J48_minNumObj,PART_numFolds,JRip_usePruning,DecisionTable_evaluationMeasure,J48_useMDLcorrection,SimpleCart_useOneSE,JRip_optimizations,DecisionTable_search,BestFirst_direction,DecisionTable_useIBk,J48_useLaplace,J48_collapseTree,J48_pruning,GreedyStepwise_conservativeForwardSelection,GreedyStepwise_searchBackwards,BestFirst_searchTermination,J48_confidenceFactorValue,J48_subtreeRaising,JRip_folds,J48_numFolds"
77,90,0.80050505,0.90138889,0.93080808,0.85507246,0.76111111,0012,0034,0035,0.00000000,"J48,SimpleCart,J48_useMDLcorrection,J48_binarySplits,J48_minNumObj,DecisionTable,JRip,SimpleCart_minNumObj,DecisionTable_search,J48_useLaplace,J48_pruning,PART,JRip_usePruning,PART_pruning,J48_doNotMakeSplitPointActualValue,PART_confidenceFactorValue,Aggregator,JRip_optimizations,J48_collapseTree,SimpleCart_usePrune,J48_numFolds,J48_confidenceFactorValue,SimpleCart_heuristic,DecisionTable_useIBk,JRip_minNo,PART_doNotMakeSplitPointActualValue,J48_subtreeRaising,DecisionTable_evaluationMeasure,BestFirst_searchTermination,GreedyStepwise_conservativeForwardSelection,JRip_checkErrorRate,PART_binarySplits,BestFirst_direction,GreedyStepwise_searchBackwards,JRip_folds,PART_minNumObj,DecisionTable_crossVal,PART_useMDLcorrection,PART_numFolds,SimpleCart_useOneSE,SimpleCart_numFoldsPruning"
78,90,0.86035354,0.90088384,0.93080808,0.85507246,0.76111111,0013,0034,0035,0.00000000,"JRip,Aggregator,PART,PART_useMDLcorrection,PART_minNumObj,J48,J48_binarySplits,J48_minNumObj,DecisionTable,JRip_minNo,J48_useMDLcorrection,PART_binarySplits,DecisionTable_crossVal,SimpleCart,PART_pruning,JRip_usePruning,JRip_checkErrorRate,DecisionTable_search,PART_numFolds,GreedyStepwise_conservativeForwardSelection,SimpleCart_usePrune,DecisionTable_evaluationMeasure,J48_pruning,JRip_folds,DecisionTable_useIBk,JRip_optimizations,PART_doNotMakeSplitPointActualValue,J48_collapseTree,J48_useLaplace,SimpleCart_useOneSE,GreedyStepwise_searchBackwards,J48_subtreeRaising,J48_doNotMakeSplitPointActualValue,SimpleCart_heuristic,PART_confidenceFactorValue,BestFirst_searchTermination,SimpleCart_minNumObj,J48_confidenceFactorValue,BestFirst_direction,SimpleCart_numFoldsPruning,J48_numFolds"
79,90,0.85606061,0.90290404,0.93080808,0.85507246,0.76111111,0013,0034,0035,0.00000000,"JRip,DecisionTable,DecisionTable_evaluationMeasure,JRip_minNo,Aggregator,JRip_usePruning,DecisionTable_crossVal,DecisionTable_search,J48,J48_collapseTree,GreedyStepwise_conservativeForwardSelection,PART,JRip_checkErrorRate,PART_doNotMakeSplitPointActualValue,PART_minNumObj,J48_useMDLcorrection,JRip_folds,SimpleCart,JRip_optimizations,BestFirst_direction,SimpleCart_heuristic,J48_doNotMakeSplitPointActualValue,DecisionTable_useIBk,BestFirst_searchTermination,J48_binarySplits,PART_pruning,GreedyStepwise_searchBackwards,J48_pruning,J48_minNumObj,J48_numFolds,PART_binarySplits,PART_numFolds,SimpleCart_usePrune,J48_useLaplace,J48_confidenceFactorValue,SimpleCart_minNumObj,PART_useMDLcorrection,SimpleCart_useOneSE,J48_subtreeRaising,PART_confidenceFactorValue,SimpleCart_numFoldsPruning"
80,90,0.78964646,0.89924242,0.93080808,0.85507246,0.76111111,0012,0034,0035,0.00000000,"JRip,JRip_usePruning,JRip_checkErrorRate,DecisionTable,J48,JRip_minNo,DecisionTable_crossVal,J48_useMDLcorrection,Aggregator,SimpleCart,SimpleCart_usePrune,PART,J48_collapseTree,JRip_folds,J48_pruning,J48_useLaplace,J48_numFolds,SimpleCart_useOneSE,DecisionTable_evaluationMeasure,J48_binarySplits,DecisionTable_useIBk,JRip_optimizations,PART_minNumObj,DecisionTable_search,J48_confidenceFactorValue,PART_doNotMakeSplitPointActualValue,GreedyStepwise_conservativeForwardSelection,J48_doNotMakeSplitPointActualValue,PART_pruning,J48_minNumObj,J48_subtreeRaising,BestFirst_direction,SimpleCart_minNumObj,PART_binarySplits,PART_useMDLcorrection,SimpleCart_heuristic,SimpleCart_numFoldsPruning,BestFirst_searchTermination,PART_numFolds,GreedyStepwise_searchBackwards,PART_confidenceFactorValue"
81,90,0.85858586,0.89962121,0.93080808,0.85507246,0.76111111,0012,0034,0035,0.00000000,"PART,JRip,Aggregator,PART_useMDLcorrection,PART_pruning,JRip_minNo,PART_numFolds,J48,PART_confidenceFactorValue,PART_doNotMakeSplitPointActualValue,J48_binarySplits,DecisionTable,J48_doNotMakeSplitPointActualValue,JRip_checkErrorRate,PART_binarySplits,DecisionTable_search,GreedyStepwise_searchBackwards,JRip_usePruning,SimpleCart,SimpleCart_usePrune,SimpleCart_minNumObj,J48_collapseTree,BestFirst_searchTermination,PART_minNumObj,DecisionTable_useIBk,J48_useMDLcorrection,J48_useLaplace,J48_minNumObj,J48_pruning,GreedyStepwise_conservativeForwardSelection,DecisionTable_crossVal,J48_numFolds,BestFirst_direction,DecisionTable_evaluationMeasure,SimpleCart_numFoldsPruning,JRip_folds,JRip_optimizations,J48_subtreeRaising,SimpleCart_useOneSE,SimpleCart_heuristic,J48_confidenceFactorValue"
82,90,0.79595960,0.90239899,0.93080808,0.85507246,0.76111111,0011,0034,0035,0.00000000,"SimpleCart,SimpleCart_minNumObj,SimpleCart_usePrune,PART,SimpleCart_numFoldsPruning,SimpleCart_heuristic,PART_binarySplits,J48,Aggregator,PART_doNotMakeSplitPointActualValue,PART_useMDLcorrection,JRip,JRip_minNo,J48_useLaplace,DecisionTable,J48_useMDLcorrection,PART_minNumObj,DecisionTable_search,JRip_usePruning,J48_binarySplits,SimpleCart_useOneSE,PART_pruning,DecisionTable_useIBk,J48_collapseTree,DecisionTable_evaluationMeasure,BestFirst_searchTermination,J48_doNotMakeSplitPointActualValue,JRip_folds,JRip_optimizations,J48_minNumObj,J48_pruning,GreedyStepwise_conservativeForwardSelection,PART_confidenceFactorValue,JRip_checkErrorRate,J48_subtreeRaising,J48_numFolds,PART_numFolds,DecisionTable_crossVal,GreedyStepwise_searchBackwards,BestFirst_direction,J48_confidenceFactorValue"
83,90,0.77045455,0.89962121,0.93080808,0.85507246,0.76111111,0012,0034,0035,0.00000000,"JRip,SimpleCart,J48,PART,PART_minNumObj,J48_useMDLcorrection,SimpleCart_usePrune,PART_doNotMakeSplitPointActualValue,J48_binarySplits,SimpleCart_minNumObj,J48_doNotMakeSplitPointActualValue,PART_useMDLcorrection,PART_pruning,DecisionTable,SimpleCart_heuristic,PART_confidenceFactorValue,J48_useLaplace,DecisionTable_evaluationMeasure,JRip_minNo,DecisionTable_useIBk,J48_collapseTree,Aggregator,JRip_usePruning,DecisionTable_crossVal,PART_numFolds,PART_binarySplits,J48_minNumObj,J48_pruning,JRip_checkErrorRate,J48_subtreeRaising,SimpleCart_numFoldsPruning,SimpleCart_useOneSE,J48_confidenceFactorValue,DecisionTable_search,JRip_optimizations,GreedyStepwise_conservativeForwardSelection,JRip_folds,J48_numFolds,GreedyStepwise_searchBackwards,BestFirst_direction,BestFirst_searchTermination"
84,90,0.82398990,0.89949495,0.93080808,0.85507246,0.76111111,0012,0034,0035,0.00000000,"JRip,JRip_checkErrorRate,JRip_minNo,Aggregator,SimpleCart,PART,SimpleCart_usePrune,PART_doNotMakeSplitPointActualValue,PART_useMDLcorrection,J48,J48_useLaplace,J48_useMDLcorrection,DecisionTable,PART_binarySplits,JRip_usePruning,J48_minNumObj,SimpleCart_heuristic,SimpleCart_useOneSE,JRip_folds,SimpleCart_numFoldsPruning,SimpleCart_minNumObj,JRip_optimizations,DecisionTable_crossVal,J48_doNotMakeSplitPointActualValue,PART_pruning,DecisionTable_search,PART_minNumObj,J48_pruning,J48_binarySplits,J48_collapseTree,J48_subtreeRaising,GreedyStepwise_conservativeForwardSelection,DecisionTable_useIBk,DecisionTable_evaluationMeasure,J48_confidenceFactorValue,J48_numFolds,BestFirst_searchTermination,GreedyStepwise_searchBackwards,PART_confidenceFactorValue,PART_numFolds,BestFirst_direction"
85,90,0.81515152,0.90000000,0.93080808,0.85507246,0.76111111,0012,0034,0035,0.00000000,"Aggregator,SimpleCart,PART,PART_useMDLcorrection,J48,SimpleCart_usePrune,SimpleCart_numFoldsPruning,SimpleCart_heuristic,JRip,PART_pruning,JRip_checkErrorRate,J48_minNumObj,DecisionTable,PART_minNumObj,SimpleCart_minNumObj,JRip_usePruning,J48_useMDLcorrection,J48_pruning,J48_binarySplits,PART_numFolds,SimpleCart_useOneSE,DecisionTable_search,JRip_folds,PART_doNotMakeSplitPointActualValue,J48_subtreeRaising,J48_collapseTree,J48_doNotMakeSplitPointActualValue,PART_confidenceFactorValue,J48_confidenceFactorValue,PART_binarySplits,J48_useLaplace,JRip_minNo,GreedyStepwise_searchBackwards,J48_numFolds,BestFirst_direction,JRip_optimizations,DecisionTable_crossVal,DecisionTable_useIBk,DecisionTable_evaluationMeasure,BestFirst_searchTermination,GreedyStepwise_conservativeForwardSelection"
86,90,0.84166667,0.90050505,0.93080808,0.85507246,0.76111111,0011,0034,0035,0.00000000,"DecisionTable,SimpleCart,SimpleCart_minNumObj,PART,Aggregator,PART_pruning,J48,DecisionTable_evaluationMeasure,PART_doNotMakeSplitPointActualValue,JRip,PART_binarySplits,J48_useMDLcorrection,JRip_checkErrorRate,PART_useMDLcorrection,DecisionTable_crossVal,J48_pruning,DecisionTable_search,GreedyStepwise_searchBackwards,PART_confidenceFactorValue,J48_subtreeRaising,PART_numFolds,BestFirst_direction,J48_useLaplace,DecisionTable_useIBk,J48_confidenceFactorValue,J48_collapseTree,SimpleCart_usePrune,J48_binarySplits,SimpleCart_heuristic,SimpleCart_numFoldsPruning,JRip_minNo,J48_minNumObj,J48_doNotMakeSplitPointActualValue,PART_minNumObj,J48_numFolds,SimpleCart_useOneSE,JRip_usePruning,GreedyStepwise_conservativeForwardSelection,BestFirst_searchTermination,JRip_folds,JRip_optimizations"
87,90,0.80075758,0.89873737,0.93080808,0.85507246,0.76111111,0009,0034,0035,0.00000000,"SimpleCart,SimpleCart_usePrune,SimpleCart_useOneSE,Aggregator,J48,PART,J48_collapseTree,PART_useMDLcorrection,PART_minNumObj,J48_useLaplace,SimpleCart_heuristic,J48_doNotMakeSplitPointActualValue,PART_binarySplits,SimpleCart_numFoldsPruning,DecisionTable,PART_doNotMakeSplitPointActualValue,JRip,JRip_checkErrorRate,DecisionTable_useIBk,J48_useMDLcorrection,J48_pruning,J48_minNumObj,JRip_usePruning,SimpleCart_minNumObj,PART_pruning,J48_binarySplits,J48_numFolds,J48_confidenceFactorValue,DecisionTable_crossVal,JRip_optimizations,J48_subtreeRaising,DecisionTable_evaluationMeasure,DecisionTable_search,BestFirst_searchTermination,GreedyStepwise_conservativeForwardSelection,JRip_minNo,GreedyStepwise_searchBackwards,PART_confidenceFactorValue,JRip_folds,PART_numFolds,BestFirst_direction"
88,90,0.82398990,0.90063131,0.93080808,0.85507246,0.76111111,0008,0034,0035,0.00000000,"DecisionTable,JRip,PART,SimpleCart,JRip_usePruning,Aggregator,DecisionTable_crossVal,J48,SimpleCart_minNumObj,J48_doNotMakeSplitPointActualValue,DecisionTable_evaluationMeasure,PART_binarySplits,J48_pruning,JRip_checkErrorRate,PART_minNumObj,JRip_folds,J48_binarySplits,JRip_minNo,J48_collapseTree,J48_useMDLcorrection,PART_doNotMakeSplitPointActualValue,DecisionTable_useIBk,SimpleCart_usePrune,PART_useMDLcorrection,DecisionTable_search,JRip_optimizations,J48_numFolds,SimpleCart_numFoldsPruning,SimpleCart_heuristic,PART_pruning,J48_minNumObj,PART_confidenceFactorValue,J48_subtreeRaising,PART_numFolds,BestFirst_searchTermination,J48_useLaplace,J48_confidenceFactorValue,BestFirst_direction,GreedyStepwise_conservativeForwardSelection,SimpleCart_useOneSE,GreedyStepwise_searchBackwards"
89,90,0.83358586,0.89898990,0.93080808,0.85507246,0.76111111,0010,0034,0035,0.00000000,"SimpleCart,SimpleCart_usePrune,SimpleCart_minNumObj,SimpleCart_heuristic,DecisionTable,SimpleCart_useOneSE,DecisionTable_evaluationMeasure,JRip,J48,PART,J48_pruning,SimpleCart_numFoldsPruning,JRip_usePruning,JRip_checkErrorRate,Aggregator,JRip_minNo,J48_binarySplits,J48_collapseTree,J48_useMDLcorrection,J48_doNotMakeSplitPointActualValue,J48_numFolds,J48_subtreeRaising,PART_binarySplits,DecisionTable_search,PART_pruning,GreedyStepwise_searchBackwards,DecisionTable_crossVal,JRip_optimizations,PART_minNumObj,J48_useLaplace,J48_minNumObj,PART_useMDLcorrection,DecisionTable_useIBk,PART_doNotMakeSplitPointActualValue,BestFirst_direction,JRip_folds,J48_confidenceFactorValue,BestFirst_searchTermination,GreedyStepwise_conservativeForwardSelection,PART_numFolds,PART_confidenceFactorValue"
90,90,0.85050505,0.90126263,0.93080808,0.85507246,0.76111111,0010,0034,0035,0.00000000,"SimpleCart,SimpleCart_heuristic,SimpleCart_minNumObj,DecisionTable,DecisionTable_crossVal,PART,JRip,Aggregator,J48,JRip_minNo,SimpleCart_usePrune,PART_useMDLcorrection,JRip_checkErrorRate,PART_pruning,DecisionTable_evaluationMeasure,DecisionTable_search,PART_doNotMakeSplitPointActualValue,DecisionTable_useIBk,BestFirst_searchTermination,PART_binarySplits,J48_collapseTree,JRip_usePruning,SimpleCart_useOneSE,J48_minNumObj,PART_confidenceFactorValue,J48_binarySplits,BestFirst_direction,PART_minNumObj,SimpleCart_numFoldsPruning,J48_useMDLcorrection,PART_numFolds,J48_doNotMakeSplitPointActualValue,GreedyStepwise_conservativeForwardSelection,J48_useLaplace,J48_pruning,GreedyStepwise_searchBackwards,J48_subtreeRaising,JRip_folds,J48_numFolds,JRip_optimizations,J48_confidenceFactorValue"
91,90,0.82247475,0.90328283,0.93080808,0.85507246,0.76111111,0012,0034,0035,0.00000000,"SimpleCart,JRip,J48,Aggregator,J48_pruning,PART,SimpleCart_minNumObj,DecisionTable,DecisionTable_crossVal,J48_useMDLcorrection,JRip_usePruning,SimpleCart_usePrune,SimpleCart_numFoldsPruning,DecisionTable_useIBk,J48_subtreeRaising,DecisionTable_evaluationMeasure,J48_doNotMakeSplitPointActualValue,PART_minNumObj,SimpleCart_heuristic,J48_binarySplits,J48_collapseTree,JRip_optimizations,JRip_minNo,PART_binarySplits,JRip_checkErrorRate,PART_doNotMakeSplitPointActualValue,PART_pruning,J48_minNumObj,DecisionTable_search,PART_useMDLcorrection,J48_useLaplace,JRip_folds,J48_confidenceFactorValue,J48_numFolds,SimpleCart_useOneSE,BestFirst_searchTermination,PART_numFolds,BestFirst_direction,GreedyStepwise_searchBackwards,PART_confidenceFactorValue,GreedyStepwise_conservativeForwardSelection"
92,90,0.85227273,0.90075758,0.93080808,0.85507246,0.76111111,0012,0034,0035,0.00000000,"DecisionTable,DecisionTable_search,GreedyStepwise_conservativeForwardSelection,JRip,J48,PART,Aggregator,PART_useMDLcorrection,JRip_usePruning,JRip_folds,BestFirst_direction,GreedyStepwise_searchBackwards,JRip_minNo,SimpleCart,DecisionTable_evaluationMeasure,JRip_checkErrorRate,JRip_optimizations,DecisionTable_useIBk,BestFirst_searchTermination,PART_minNumObj,SimpleCart_heuristic,PART_pruning,J48_useMDLcorrection,PART_doNotMakeSplitPointActualValue,DecisionTable_crossVal,J48_minNumObj,SimpleCart_minNumObj,J48_collapseTree,J48_useLaplace,PART_binarySplits,J48_pruning,J48_doNotMakeSplitPointActualValue,J48_confidenceFactorValue,J48_binarySplits,J48_subtreeRaising,SimpleCart_usePrune,PART_numFolds,PART_confidenceFactorValue,SimpleCart_numFoldsPruning,J48_numFolds,SimpleCart_useOneSE"
93,90,0.86414141,0.89949495,0.93080808,0.85507246,0.76111111,0011,0034,0035,0.00000000,"DecisionTable,J48,DecisionTable_crossVal,SimpleCart,DecisionTable_useIBk,Aggregator,PART,SimpleCart_heuristic,PART_pruning,PART_binarySplits,J48_useMDLcorrection,J48_pruning,SimpleCart_minNumObj,J48_collapseTree,PART_doNotMakeSplitPointActualValue,DecisionTable_evaluationMeasure,J48_useLaplace,J48_minNumObj,PART_useMDLcorrection,PART_confidenceFactorValue,DecisionTable_search,J48_numFolds,GreedyStepwise_searchBackwards,JRip,JRip_minNo,J48_doNotMakeSplitPointActualValue,PART_minNumObj,SimpleCart_usePrune,J48_binarySplits,JRip_checkErrorRate,JRip_usePruning,SimpleCart_numFoldsPruning,PART_numFolds,J48_subtreeRaising,J48_confidenceFactorValue,GreedyStepwise_conservativeForwardSelection,BestFirst_searchTermination,SimpleCart_useOneSE,BestFirst_direction,JRip_optimizations,JRip_folds"
94,90,0.81388889,0.89949495,0.93080808,0.85507246,0.76111111,0012,0034,0035,0.00000000,"JRip,JRip_usePruning,JRip_minNo,JRip_checkErrorRate,JRip_optimizations,PART,SimpleCart,DecisionTable,JRip_folds,PART_minNumObj,DecisionTable_crossVal,J48,J48_binarySplits,Aggregator,J48_collapseTree,SimpleCart_usePrune,PART_pruning,SimpleCart_heuristic,PART_binarySplits,DecisionTable_search,BestFirst_searchTermination,DecisionTable_useIBk,SimpleCart_minNumObj,J48_useMDLcorrection,BestFirst_direction,J48_doNotMakeSplitPointActualValue,J48_useLaplace,PART_useMDLcorrection,PART_doNotMakeSplitPointActualValue,DecisionTable_evaluationMeasure,GreedyStepwise_conservativeForwardSelection,GreedyStepwise_searchBackwards,SimpleCart_numFoldsPruning,PART_confidenceFactorValue,J48_pruning,J48_minNumObj,SimpleCart_useOneSE,J48_numFolds,PART_numFolds,J48_subtreeRaising,J48_confidenceFactorValue"
95,90,0.83686869,0.90138889,0.93080808,0.85507246,0.76111111,0013,0034,0035,0.00000000,"JRip,PART,Aggregator,SimpleCart,PART_useMDLcorrection,DecisionTable,DecisionTable_crossVal,J48,J48_collapseTree,JRip_usePruning,JRip_minNo,JRip_checkErrorRate,J48_doNotMakeSplitPointActualValue,SimpleCart_minNumObj,J48_useMDLcorrection,SimpleCart_usePrune,JRip_optimizations,JRip_folds,PART_doNotMakeSplitPointActualValue,J48_minNumObj,DecisionTable_useIBk,PART_minNumObj,DecisionTable_evaluationMeasure,PART_pruning,PART_binarySplits,SimpleCart_heuristic,J48_binarySplits,DecisionTable_search,SimpleCart_useOneSE,J48_useLaplace,J48_pruning,BestFirst_direction,GreedyStepwise_conservativeForwardSelection,J48_subtreeRaising,PART_confidenceFactorValue,SimpleCart_numFoldsPruning,J48_confidenceFactorValue,BestFirst_searchTermination,GreedyStepwise_searchBackwards,PART_numFolds,J48_numFolds"
96,90,0.77272727,0.90037879,0.93080808,0.85507246,0.76111111,0011,0034,0035,0.00000000,"J48,J48_pruning,J48_doNotMakeSplitPointActualValue,DecisionTable,DecisionTable_evaluationMeasure,JRip,J48_collapseTree,PART,J48_minNumObj,Aggregator,PART_doNotMakeSplitPointActualValue,DecisionTable_search,J48_binarySplits,J48_subtreeRaising,DecisionTable_useIBk,SimpleCart,J48_confidenceFactorValue,JRip_checkErrorRate,PART_minNumObj,GreedyStepwise_conservativeForwardSelection,J48_useMDLcorrection,GreedyStepwise_searchBackwards,PART_useMDLcorrection,JRip_usePruning,J48_useLaplace,DecisionTable_crossVal,PART_binarySplits,PART_pruning,JRip_minNo,J48_numFolds,PART_confidenceFactorValue,BestFirst_direction,SimpleCart_heuristic,BestFirst_searchTermination,SimpleCart_minNumObj,JRip_optimizations,SimpleCart_usePrune,SimpleCart_numFoldsPruning,JRip_folds,PART_numFolds,SimpleCart_useOneSE"
97,90,0.82474747,0.89911616,0.93080808,0.85507246,0.76111111,0013,0034,0035,0.00000000,"PART,PART_doNotMakeSplitPointActualValue,Aggregator,DecisionTable,DecisionTable_crossVal,PART_pruning,PART_minNumObj,SimpleCart,JRip,SimpleCart_usePrune,DecisionTable_search,PART_numFolds,PART_confidenceFactorValue,SimpleCart_useOneSE,J48,J48_minNumObj,J48_binarySplits,J48_pruning,BestFirst_searchTermination,SimpleCart_minNumObj,PART_binarySplits,J48_confidenceFactorValue,PART_useMDLcorrection,DecisionTable_evaluationMeasure,DecisionTable_useIBk,SimpleCart_heuristic,JRip_minNo,J48_subtreeRaising,GreedyStepwise_conservativeForwardSelection,BestFirst_direction,JRip_checkErrorRate,J48_useLaplace,JRip_usePruning,J48_doNotMakeSplitPointActualValue,J48_useMDLcorrection,J48_collapseTree,GreedyStepwise_searchBackwards,J48_numFolds,SimpleCart_numFoldsPruning,JRip_optimizations,JRip_folds"
98,90,0.83409091,0.89696970,0.93080808,0.85507246,0.76111111,0012,0034,0035,0.00000000,"PART,PART_minNumObj,PART_useMDLcorrection,Aggregator,PART_doNotMakeSplitPointActualValue,PART_binarySplits,J48,J48_collapseTree,J48_doNotMakeSplitPointActualValue,JRip,J48_pruning,PART_pruning,DecisionTable,J48_useLaplace,DecisionTable_evaluationMeasure,PART_numFolds,SimpleCart,J48_useMDLcorrection,DecisionTable_crossVal,SimpleCart_minNumObj,J48_binarySplits,DecisionTable_search,GreedyStepwise_searchBackwards,BestFirst_direction,J48_minNumObj,JRip_usePruning,J48_subtreeRaising,SimpleCart_usePrune,JRip_checkErrorRate,PART_confidenceFactorValue,JRip_minNo,J48_confidenceFactorValue,JRip_optimizations,J48_numFolds,DecisionTable_useIBk,SimpleCart_heuristic,GreedyStepwise_conservativeForwardSelection,BestFirst_searchTermination,SimpleCart_useOneSE,SimpleCart_numFoldsPruning,JRip_folds"
99,90,0.83838384,0.90088384,0.93080808,0.85507246,0.76111111,0014,0034,0035,0.00000000,"PART,J48,PART_minNumObj,PART_doNotMakeSplitPointActualValue,DecisionTable,Aggregator,SimpleCart,SimpleCart_usePrune,PART_useMDLcorrection,DecisionTable_search,JRip,J48_collapseTree,GreedyStepwise_searchBackwards,J48_doNotMakeSplitPointActualValue,SimpleCart_minNumObj,SimpleCart_useOneSE,J48_pruning,SimpleCart_heuristic,DecisionTable_useIBk,DecisionTable_evaluationMeasure,BestFirst_searchTermination,J48_binarySplits,J48_numFolds,GreedyStepwise_conservativeForwardSelection,PART_pruning,PART_binarySplits,J48_useLaplace,J48_useMDLcorrection,DecisionTable_crossVal,J48_minNumObj,J48_confidenceFactorValue,SimpleCart_numFoldsPruning,JRip_minNo,J48_subtreeRaising,BestFirst_direction,JRip_checkErrorRate,JRip_usePruning,PART_confidenceFactorValue,PART_numFolds,JRip_optimizations,JRip_folds"
