gen,nevals,min,median,max,currentGenBestValFitness,currentGenBestTestFitness,lap time (seconds),discarded individuals (including burn-in),GM connections,GM mean heuristic,sampling order
0,100,0.84427918,0.92479024,0.93676583,0.90217391,0.93208829,0048,0034,0035,0.00000000,"JRip,JRip_checkErrorRate,Aggregator,DecisionTable,J48,DecisionTable_search,SimpleCart,J48_binarySplits,SimpleCart_usePrune,GreedyStepwise_searchBackwards,DecisionTable_evaluationMeasure,BestFirst_direction,SimpleCart_useOneSE,PART,PART_binarySplits,J48_collapseTree,SimpleCart_heuristic,JRip_minNo,J48_useLaplace,J48_pruning,JRip_usePruning,J48_useMDLcorrection,GreedyStepwise_conservativeForwardSelection,DecisionTable_useIBk,SimpleCart_numFoldsPruning,SimpleCart_minNumObj,BestFirst_searchTermination,PART_useMDLcorrection,JRip_folds,DecisionTable_crossVal,J48_confidenceFactorValue,PART_pruning,PART_minNumObj,J48_minNumObj,JRip_optimizations,J48_doNotMakeSplitPointActualValue,PART_numFolds,J48_numFolds,PART_doNotMakeSplitPointActualValue,J48_subtreeRaising,PART_confidenceFactorValue"
1,90,0.84111365,0.92623951,0.93676583,0.90217391,0.93208829,0021,0034,0035,0.00000000,"Aggregator,J48,PART,J48_binarySplits,JRip,JRip_checkErrorRate,PART_useMDLcorrection,J48_useLaplace,PART_binarySplits,JRip_usePruning,J48_pruning,J48_minNumObj,J48_numFolds,JRip_folds,J48_confidenceFactorValue,DecisionTable,PART_pruning,DecisionTable_useIBk,JRip_optimizations,J48_collapseTree,SimpleCart,J48_doNotMakeSplitPointActualValue,SimpleCart_heuristic,PART_confidenceFactorValue,J48_subtreeRaising,PART_doNotMakeSplitPointActualValue,J48_useMDLcorrection,PART_minNumObj,SimpleCart_usePrune,JRip_minNo,DecisionTable_evaluationMeasure,SimpleCart_minNumObj,SimpleCart_useOneSE,DecisionTable_crossVal,PART_numFolds,DecisionTable_search,BestFirst_direction,SimpleCart_numFoldsPruning,GreedyStepwise_conservativeForwardSelection,BestFirst_searchTermination,GreedyStepwise_searchBackwards"
2,90,0.79157132,0.92654462,0.94168574,0.91360570,0.93039049,0021,0034,0035,0.00000000,"Aggregator,SimpleCart,SimpleCart_minNumObj,PART,PART_binarySplits,DecisionTable,DecisionTable_search,J48,SimpleCart_usePrune,JRip,J48_binarySplits,GreedyStepwise_conservativeForwardSelection,J48_collapseTree,JRip_usePruning,SimpleCart_heuristic,PART_pruning,JRip_optimizations,PART_minNumObj,J48_pruning,PART_confidenceFactorValue,PART_useMDLcorrection,PART_doNotMakeSplitPointActualValue,SimpleCart_useOneSE,BestFirst_searchTermination,J48_useLaplace,BestFirst_direction,J48_numFolds,GreedyStepwise_searchBackwards,JRip_minNo,DecisionTable_useIBk,DecisionTable_crossVal,DecisionTable_evaluationMeasure,J48_minNumObj,J48_doNotMakeSplitPointActualValue,J48_useMDLcorrection,JRip_checkErrorRate,PART_numFolds,J48_confidenceFactorValue,SimpleCart_numFoldsPruning,JRip_folds,J48_subtreeRaising"
3,90,0.83043478,0.92602975,0.94168574,0.91360570,0.93039049,0021,0034,0035,0.00000000,"SimpleCart,SimpleCart_minNumObj,SimpleCart_heuristic,J48,J48_useMDLcorrection,PART,J48_useLaplace,PART_doNotMakeSplitPointActualValue,PART_minNumObj,Aggregator,DecisionTable,JRip,J48_collapseTree,DecisionTable_useIBk,SimpleCart_usePrune,J48_minNumObj,DecisionTable_crossVal,PART_binarySplits,JRip_minNo,DecisionTable_evaluationMeasure,J48_pruning,J48_subtreeRaising,PART_useMDLcorrection,J48_doNotMakeSplitPointActualValue,JRip_checkErrorRate,PART_pruning,J48_binarySplits,JRip_usePruning,J48_numFolds,SimpleCart_useOneSE,DecisionTable_search,SimpleCart_numFoldsPruning,PART_numFolds,BestFirst_searchTermination,BestFirst_direction,JRip_folds,J48_confidenceFactorValue,JRip_optimizations,GreedyStepwise_searchBackwards,PART_confidenceFactorValue,GreedyStepwise_conservativeForwardSelection"
4,90,0.86346301,0.92776506,0.94168574,0.91360570,0.93039049,0025,0034,0073,0.53128112,"PART,J48,JRip,J48_binarySplits,PART_minNumObj,J48_collapseTree,J48_useLaplace,JRip_checkErrorRate,PART_binarySplits,J48_doNotMakeSplitPointActualValue,JRip_minNo,JRip_usePruning,JRip_optimizations,SimpleCart,J48_pruning,PART_pruning,PART_doNotMakeSplitPointActualValue,SimpleCart_minNumObj,PART_numFolds,SimpleCart_usePrune,SimpleCart_useOneSE,SimpleCart_numFoldsPruning,J48_numFolds,PART_useMDLcorrection,J48_useMDLcorrection,SimpleCart_heuristic,JRip_folds,J48_minNumObj,DecisionTable,DecisionTable_useIBk,J48_confidenceFactorValue,DecisionTable_crossVal,DecisionTable_search,Aggregator,BestFirst_direction,GreedyStepwise_conservativeForwardSelection,BestFirst_searchTermination,J48_subtreeRaising,GreedyStepwise_searchBackwards,DecisionTable_evaluationMeasure,PART_confidenceFactorValue"
5,90,0.78607933,0.92751716,0.94168574,0.91360570,0.93039049,0020,0073,0073,0.53128112,"PART,J48,JRip,PART_useMDLcorrection,PART_doNotMakeSplitPointActualValue,J48_minNumObj,J48_numFolds,J48_confidenceFactorValue,JRip_checkErrorRate,Aggregator,J48_useMDLcorrection,J48_doNotMakeSplitPointActualValue,JRip_folds,DecisionTable,J48_collapseTree,J48_useLaplace,DecisionTable_search,GreedyStepwise_conservativeForwardSelection,DecisionTable_useIBk,DecisionTable_evaluationMeasure,BestFirst_direction,BestFirst_searchTermination,JRip_usePruning,PART_pruning,PART_confidenceFactorValue,GreedyStepwise_searchBackwards,PART_numFolds,J48_binarySplits,JRip_optimizations,J48_pruning,J48_subtreeRaising,DecisionTable_crossVal,PART_minNumObj,PART_binarySplits,SimpleCart,JRip_minNo,SimpleCart_usePrune,SimpleCart_minNumObj,SimpleCart_heuristic,SimpleCart_useOneSE,SimpleCart_numFoldsPruning"
6,90,0.82726926,0.92948131,0.94214340,0.90798351,0.93548387,0021,0034,0073,0.53128112,"JRip,J48,PART,J48_minNumObj,J48_useLaplace,J48_doNotMakeSplitPointActualValue,PART_binarySplits,PART_useMDLcorrection,JRip_usePruning,JRip_folds,DecisionTable,JRip_optimizations,SimpleCart,PART_pruning,DecisionTable_crossVal,J48_pruning,DecisionTable_useIBk,PART_minNumObj,PART_doNotMakeSplitPointActualValue,JRip_minNo,J48_numFolds,SimpleCart_usePrune,SimpleCart_heuristic,SimpleCart_useOneSE,SimpleCart_minNumObj,SimpleCart_numFoldsPruning,J48_collapseTree,J48_confidenceFactorValue,J48_useMDLcorrection,JRip_checkErrorRate,Aggregator,J48_binarySplits,PART_numFolds,DecisionTable_search,BestFirst_searchTermination,BestFirst_direction,GreedyStepwise_conservativeForwardSelection,J48_subtreeRaising,PART_confidenceFactorValue,GreedyStepwise_searchBackwards,DecisionTable_evaluationMeasure"
7,90,0.82890923,0.92991991,0.94214340,0.90798351,0.93548387,0021,0034,0060,0.39109875,"J48,PART,DecisionTable,J48_useMDLcorrection,DecisionTable_search,GreedyStepwise_searchBackwards,GreedyStepwise_conservativeForwardSelection,DecisionTable_evaluationMeasure,BestFirst_direction,PART_useMDLcorrection,PART_binarySplits,PART_minNumObj,PART_doNotMakeSplitPointActualValue,J48_collapseTree,PART_pruning,DecisionTable_crossVal,BestFirst_searchTermination,J48_binarySplits,DecisionTable_useIBk,J48_minNumObj,JRip,PART_confidenceFactorValue,JRip_checkErrorRate,J48_doNotMakeSplitPointActualValue,PART_numFolds,Aggregator,JRip_minNo,JRip_usePruning,JRip_folds,JRip_optimizations,SimpleCart,SimpleCart_heuristic,SimpleCart_minNumObj,SimpleCart_usePrune,SimpleCart_numFoldsPruning,SimpleCart_useOneSE,J48_pruning,J48_useLaplace,J48_numFolds,J48_subtreeRaising,J48_confidenceFactorValue"
8,90,0.85469108,0.93081617,0.94214340,0.90798351,0.93548387,0021,0034,0060,0.39109875,"PART,J48,DecisionTable,DecisionTable_search,GreedyStepwise_conservativeForwardSelection,J48_useMDLcorrection,GreedyStepwise_searchBackwards,DecisionTable_crossVal,PART_minNumObj,JRip,J48_minNumObj,PART_doNotMakeSplitPointActualValue,BestFirst_searchTermination,J48_collapseTree,J48_binarySplits,DecisionTable_useIBk,PART_pruning,PART_confidenceFactorValue,JRip_checkErrorRate,JRip_usePruning,JRip_folds,JRip_optimizations,SimpleCart,JRip_minNo,SimpleCart_minNumObj,SimpleCart_heuristic,SimpleCart_usePrune,SimpleCart_useOneSE,SimpleCart_numFoldsPruning,J48_doNotMakeSplitPointActualValue,PART_numFolds,Aggregator,J48_useLaplace,J48_pruning,J48_subtreeRaising,J48_confidenceFactorValue,J48_numFolds,DecisionTable_evaluationMeasure,BestFirst_direction,PART_binarySplits,PART_useMDLcorrection"
9,90,0.83524027,0.93218917,0.94214340,0.90798351,0.93548387,0020,0034,0060,0.39109875,"PART,DecisionTable,J48,DecisionTable_search,J48_useMDLcorrection,GreedyStepwise_searchBackwards,GreedyStepwise_conservativeForwardSelection,J48_useLaplace,J48_pruning,J48_subtreeRaising,J48_numFolds,J48_confidenceFactorValue,PART_doNotMakeSplitPointActualValue,PART_minNumObj,J48_collapseTree,BestFirst_searchTermination,J48_minNumObj,PART_pruning,JRip,DecisionTable_useIBk,DecisionTable_crossVal,J48_binarySplits,PART_confidenceFactorValue,JRip_checkErrorRate,PART_numFolds,J48_doNotMakeSplitPointActualValue,Aggregator,PART_useMDLcorrection,PART_binarySplits,JRip_minNo,JRip_usePruning,JRip_optimizations,SimpleCart,JRip_folds,SimpleCart_minNumObj,SimpleCart_heuristic,SimpleCart_usePrune,SimpleCart_useOneSE,SimpleCart_numFoldsPruning,BestFirst_direction,DecisionTable_evaluationMeasure"
10,90,0.84813120,0.92390351,0.94214340,0.90798351,0.93548387,0017,0034,0042,0.10345967,"PART,J48,J48_useLaplace,DecisionTable,DecisionTable_crossVal,PART_useMDLcorrection,DecisionTable_evaluationMeasure,PART_pruning,DecisionTable_search,BestFirst_direction,PART_binarySplits,GreedyStepwise_searchBackwards,J48_useMDLcorrection,PART_doNotMakeSplitPointActualValue,PART_confidenceFactorValue,J48_binarySplits,J48_pruning,SimpleCart,Aggregator,J48_collapseTree,SimpleCart_heuristic,J48_numFolds,GreedyStepwise_conservativeForwardSelection,J48_confidenceFactorValue,SimpleCart_minNumObj,J48_subtreeRaising,SimpleCart_usePrune,SimpleCart_useOneSE,SimpleCart_numFoldsPruning,JRip_checkErrorRate,JRip_folds,JRip_minNo,JRip_usePruning,JRip_optimizations,J48_doNotMakeSplitPointActualValue,PART_minNumObj,DecisionTable_useIBk,BestFirst_searchTermination,JRip,PART_numFolds,J48_minNumObj"
11,90,0.79748284,0.92623951,0.94214340,0.90798351,0.93548387,0018,0034,0042,0.10345967,"DecisionTable,Aggregator,J48,DecisionTable_search,J48_useLaplace,PART,SimpleCart,BestFirst_direction,DecisionTable_crossVal,SimpleCart_heuristic,DecisionTable_evaluationMeasure,J48_collapseTree,SimpleCart_minNumObj,PART_pruning,GreedyStepwise_searchBackwards,PART_binarySplits,J48_pruning,PART_doNotMakeSplitPointActualValue,GreedyStepwise_conservativeForwardSelection,J48_binarySplits,J48_useMDLcorrection,J48_numFolds,SimpleCart_usePrune,J48_confidenceFactorValue,PART_useMDLcorrection,PART_confidenceFactorValue,J48_subtreeRaising,SimpleCart_numFoldsPruning,SimpleCart_useOneSE,JRip_checkErrorRate,JRip_optimizations,JRip_folds,JRip_minNo,JRip_usePruning,PART_numFolds,J48_minNumObj,J48_doNotMakeSplitPointActualValue,PART_minNumObj,BestFirst_searchTermination,JRip,DecisionTable_useIBk"
12,90,0.83291381,0.92606789,0.94218154,0.90535982,0.94567063,0020,0034,0042,0.10345967,"SimpleCart,SimpleCart_heuristic,DecisionTable,Aggregator,PART,SimpleCart_minNumObj,SimpleCart_usePrune,J48,PART_doNotMakeSplitPointActualValue,DecisionTable_evaluationMeasure,PART_binarySplits,J48_binarySplits,DecisionTable_crossVal,J48_collapseTree,DecisionTable_search,J48_useLaplace,SimpleCart_useOneSE,PART_useMDLcorrection,J48_useMDLcorrection,J48_pruning,PART_pruning,GreedyStepwise_searchBackwards,BestFirst_direction,SimpleCart_numFoldsPruning,J48_numFolds,PART_confidenceFactorValue,J48_confidenceFactorValue,GreedyStepwise_conservativeForwardSelection,J48_subtreeRaising,PART_minNumObj,BestFirst_searchTermination,JRip,J48_minNumObj,J48_doNotMakeSplitPointActualValue,JRip_minNo,JRip_usePruning,PART_numFolds,DecisionTable_useIBk,JRip_optimizations,JRip_checkErrorRate,JRip_folds"
13,90,0.82124333,0.93020595,0.94218154,0.90535982,0.94567063,0022,0034,0045,0.10345967,"PART,JRip,SimpleCart,SimpleCart_heuristic,J48,SimpleCart_minNumObj,PART_useMDLcorrection,PART_binarySplits,Aggregator,J48_useLaplace,JRip_usePruning,DecisionTable,J48_useMDLcorrection,JRip_checkErrorRate,J48_doNotMakeSplitPointActualValue,JRip_minNo,DecisionTable_search,J48_collapseTree,SimpleCart_usePrune,SimpleCart_numFoldsPruning,JRip_folds,JRip_optimizations,GreedyStepwise_searchBackwards,SimpleCart_useOneSE,GreedyStepwise_conservativeForwardSelection,BestFirst_searchTermination,DecisionTable_crossVal,J48_pruning,J48_binarySplits,J48_subtreeRaising,DecisionTable_useIBk,J48_minNumObj,DecisionTable_evaluationMeasure,PART_minNumObj,PART_doNotMakeSplitPointActualValue,PART_pruning,J48_numFolds,BestFirst_direction,J48_confidenceFactorValue,PART_confidenceFactorValue,PART_numFolds"
14,90,0.81582761,0.92818459,0.94218154,0.90535982,0.94567063,0020,0034,0045,0.10345967,"J48,Aggregator,J48_useMDLcorrection,DecisionTable,SimpleCart,SimpleCart_heuristic,J48_collapseTree,SimpleCart_usePrune,SimpleCart_minNumObj,JRip,JRip_usePruning,JRip_folds,J48_useLaplace,JRip_optimizations,PART,JRip_minNo,DecisionTable_search,J48_doNotMakeSplitPointActualValue,SimpleCart_useOneSE,PART_binarySplits,SimpleCart_numFoldsPruning,JRip_checkErrorRate,BestFirst_searchTermination,GreedyStepwise_conservativeForwardSelection,GreedyStepwise_searchBackwards,PART_useMDLcorrection,BestFirst_direction,DecisionTable_crossVal,J48_pruning,J48_numFolds,PART_doNotMakeSplitPointActualValue,DecisionTable_evaluationMeasure,DecisionTable_useIBk,PART_pruning,PART_numFolds,J48_minNumObj,J48_confidenceFactorValue,J48_binarySplits,J48_subtreeRaising,PART_minNumObj,PART_confidenceFactorValue"
15,90,0.76071701,0.92770786,0.94218154,0.90535982,0.94567063,0020,0034,0045,0.10345967,"J48,J48_doNotMakeSplitPointActualValue,JRip,J48_useLaplace,DecisionTable,Aggregator,SimpleCart,JRip_minNo,SimpleCart_usePrune,JRip_usePruning,DecisionTable_search,J48_useMDLcorrection,SimpleCart_heuristic,GreedyStepwise_searchBackwards,SimpleCart_minNumObj,BestFirst_searchTermination,J48_collapseTree,SimpleCart_numFoldsPruning,JRip_checkErrorRate,PART,PART_useMDLcorrection,SimpleCart_useOneSE,JRip_folds,JRip_optimizations,PART_binarySplits,GreedyStepwise_conservativeForwardSelection,DecisionTable_evaluationMeasure,PART_minNumObj,J48_pruning,J48_minNumObj,PART_doNotMakeSplitPointActualValue,J48_binarySplits,J48_numFolds,J48_confidenceFactorValue,BestFirst_direction,PART_pruning,DecisionTable_useIBk,J48_subtreeRaising,DecisionTable_crossVal,PART_numFolds,PART_confidenceFactorValue"
16,90,0.78989321,0.92479024,0.94218154,0.90535982,0.94567063,0017,0034,0035,0.00000000,"J48,J48_useMDLcorrection,DecisionTable,DecisionTable_evaluationMeasure,SimpleCart,JRip,J48_pruning,DecisionTable_search,DecisionTable_useIBk,JRip_checkErrorRate,J48_subtreeRaising,BestFirst_direction,Aggregator,GreedyStepwise_conservativeForwardSelection,DecisionTable_crossVal,J48_doNotMakeSplitPointActualValue,SimpleCart_heuristic,J48_minNumObj,JRip_minNo,J48_collapseTree,J48_binarySplits,J48_confidenceFactorValue,J48_numFolds,SimpleCart_usePrune,PART,PART_pruning,J48_useLaplace,JRip_usePruning,PART_minNumObj,PART_useMDLcorrection,SimpleCart_useOneSE,SimpleCart_minNumObj,JRip_optimizations,BestFirst_searchTermination,SimpleCart_numFoldsPruning,GreedyStepwise_searchBackwards,PART_binarySplits,PART_numFolds,PART_doNotMakeSplitPointActualValue,PART_confidenceFactorValue,JRip_folds"
