individual_name,JRip_checkErrorRate,J48_pruning,SimpleCart_usePrune,J48_subtreeRaising,PART_confidenceFactorValue,DecisionTable_crossVal,J48_binarySplits,JRip,BestFirst_direction,BestFirst_searchTermination,J48,DecisionTable,J48_confidenceFactorValue,PART,JRip_optimizations,PART_minNumObj,SimpleCart_useOneSE,PART_pruning,DecisionTable_useIBk,JRip_usePruning,PART_useMDLcorrection,DecisionTable_search,PART_doNotMakeSplitPointActualValue,SimpleCart,SimpleCart_numFoldsPruning,SimpleCart_heuristic,PART_binarySplits,DecisionTable_evaluationMeasure,Aggregator,J48_useLaplace,J48_collapseTree,SimpleCart_minNumObj,JRip_minNo,JRip_folds,PART_numFolds,J48_useMDLcorrection,J48_numFolds,GreedyStepwise_conservativeForwardSelection,J48_doNotMakeSplitPointActualValue,J48_minNumObj,GreedyStepwise_searchBackwards,fitness,test_auc
last,false,confidenceFactor,null,false,0.25,3,false,true,null,null,true,true,0.25,true,4,2,null,confidenceFactor,true,true,false,weka.attributeSelection.GreedyStepwise,false,false,null,null,true,rmse,CompetenceBasedAggregator,true,false,null,2,10,null,true,null,true,false,9,true,null,0.0
overall,false,confidenceFactor,null,false,0.25,3,false,true,null,null,true,true,0.25,true,4,2,null,confidenceFactor,true,true,false,weka.attributeSelection.GreedyStepwise,false,false,null,null,true,rmse,CompetenceBasedAggregator,true,false,null,2,10,null,true,null,true,false,9,true,null,0.0
gen_000_ind_000,true,reducedErrorPruning,true,false,0.45,null,false,true,null,null,true,false,null,true,2,10,false,confidenceFactor,null,true,false,null,true,true,8,true,false,null,RuleExtractorAggregator,false,true,6,3,6,null,false,4,null,false,8,null,0.9461961918398755,null
gen_000_ind_001,false,confidenceFactor,true,true,0.15,1,true,true,null,null,true,true,0.15,true,null,8,false,confidenceFactor,false,false,true,weka.attributeSelection.GreedyStepwise,false,true,10,false,true,auc,RuleExtractorAggregator,false,false,6,2,null,null,true,null,false,false,4,false,0.925684349000405,null
gen_000_ind_002,false,reducedErrorPruning,false,true,null,2,false,true,1,8,true,true,null,true,null,7,null,reducedErrorPruning,true,false,false,weka.attributeSelection.BestFirst,true,true,null,true,true,rmse,MajorityVotingAggregator,false,true,9,7,null,2,true,4,null,false,4,null,0.9803063142793134,null
gen_000_ind_003,true,unpruned,false,null,0.35,4,false,true,0,1,true,true,null,true,null,2,null,confidenceFactor,false,false,true,weka.attributeSelection.BestFirst,false,true,null,false,true,mae,CompetenceBasedAggregator,false,true,2,6,null,null,false,null,null,false,2,null,0.9826031976791378,null
gen_000_ind_004,true,confidenceFactor,true,true,0.35,8,false,true,1,5,true,true,0.05,true,2,5,false,confidenceFactor,true,true,true,weka.attributeSelection.BestFirst,false,true,9,true,true,acc,MajorityVotingAggregator,false,true,9,7,10,null,false,null,null,true,10,null,0.9803374505954064,null
gen_000_ind_005,null,reducedErrorPruning,true,true,0.25,4,true,false,null,null,true,true,null,true,null,10,false,confidenceFactor,false,null,true,weka.attributeSelection.GreedyStepwise,true,true,9,false,false,acc,MajorityVotingAggregator,false,true,8,null,null,null,false,10,false,true,7,false,0.9758043735792048,null
gen_000_ind_006,true,confidenceFactor,true,false,0.45,5,false,true,1,6,true,true,0.25,true,null,8,false,confidenceFactor,true,false,true,weka.attributeSelection.BestFirst,false,true,7,false,true,mae,MajorityVotingAggregator,false,false,7,3,null,null,false,null,null,true,5,null,0.9814554056429659,null
gen_000_ind_007,true,null,true,null,0.45,3,null,true,1,1,false,true,null,true,10,6,false,confidenceFactor,false,true,true,weka.attributeSelection.BestFirst,true,true,6,true,false,mae,RuleExtractorAggregator,null,null,9,9,3,null,null,null,null,null,null,null,0.8702255744987182,null
gen_000_ind_008,true,null,true,null,null,2,null,true,1,5,false,true,null,true,null,2,true,unpruned,true,false,true,weka.attributeSelection.BestFirst,true,true,2,false,false,auc,RuleExtractorAggregator,null,null,6,9,null,null,null,null,null,null,null,null,0.9349094268440942,null
gen_000_ind_009,false,confidenceFactor,true,true,null,8,true,true,1,5,true,true,0.15,false,3,null,true,null,false,true,null,weka.attributeSelection.BestFirst,null,true,6,true,null,auc,MajorityVotingAggregator,true,true,10,3,7,null,true,null,null,true,2,null,0.9731838735659855,null
gen_000_ind_010,false,unpruned,false,null,null,3,true,true,null,null,true,true,null,true,null,5,null,reducedErrorPruning,false,false,false,weka.attributeSelection.GreedyStepwise,true,true,null,true,true,auc,MajorityVotingAggregator,true,true,7,9,null,8,true,null,true,false,4,false,0.9817266432984851,null
gen_000_ind_011,null,confidenceFactor,true,true,null,8,true,false,null,null,true,true,0.05,true,null,2,true,reducedErrorPruning,true,null,true,weka.attributeSelection.GreedyStepwise,false,true,3,true,true,auc,MajorityVotingAggregator,true,true,6,null,null,6,false,null,false,true,3,true,0.978028817587641,null
gen_000_ind_012,true,reducedErrorPruning,false,false,0.15,4,false,true,1,6,true,true,null,true,6,2,null,confidenceFactor,true,true,false,weka.attributeSelection.BestFirst,false,true,null,true,false,auc,CompetenceBasedAggregator,true,false,2,4,8,null,true,2,null,false,3,null,0.9823372327072905,null
gen_000_ind_013,true,unpruned,true,null,0.45,3,false,true,null,null,true,true,null,true,null,7,true,confidenceFactor,false,false,true,weka.attributeSelection.GreedyStepwise,true,true,5,true,false,auc,MajorityVotingAggregator,true,false,9,3,null,null,false,null,false,false,4,true,0.9832066213635645,null
gen_000_ind_014,false,reducedErrorPruning,true,false,null,10,false,true,0,5,true,true,null,true,4,6,true,reducedErrorPruning,false,true,true,weka.attributeSelection.BestFirst,true,true,9,false,false,auc,CompetenceBasedAggregator,true,true,7,2,2,9,false,8,null,false,7,null,0.9772343579756791,null
gen_000_ind_015,true,unpruned,false,null,0.35,5,false,true,1,8,true,true,null,true,1,8,null,confidenceFactor,false,true,true,weka.attributeSelection.BestFirst,false,true,null,false,false,auc,MajorityVotingAggregator,false,false,10,3,5,null,false,null,null,true,4,null,0.9820646618061033,null
gen_000_ind_016,null,null,true,null,0.05,1,null,false,null,null,false,true,null,true,null,3,false,confidenceFactor,false,null,true,weka.attributeSelection.GreedyStepwise,true,true,10,true,false,acc,CompetenceBasedAggregator,null,null,9,null,null,null,null,null,true,null,null,false,0.9715478208173483,null
gen_000_ind_017,true,reducedErrorPruning,true,true,null,6,true,true,1,5,true,true,null,true,10,6,false,unpruned,false,true,false,weka.attributeSelection.BestFirst,false,true,10,true,true,mae,MajorityVotingAggregator,true,true,3,3,10,null,false,3,null,false,8,null,0.9829300831940658,null
gen_000_ind_018,true,confidenceFactor,true,false,null,3,false,true,0,10,true,true,0.35,true,null,4,true,unpruned,false,false,true,weka.attributeSelection.BestFirst,true,true,5,false,true,acc,MajorityVotingAggregator,true,true,8,5,null,null,true,null,null,false,2,null,0.9796569021713669,null
gen_000_ind_019,true,confidenceFactor,false,false,null,10,false,true,null,null,true,true,0.15,true,null,9,null,unpruned,false,false,false,weka.attributeSelection.GreedyStepwise,false,true,null,true,true,mae,RuleExtractorAggregator,false,true,2,2,null,null,false,null,true,false,6,false,0.9420743870490738,null
gen_000_ind_020,false,confidenceFactor,true,true,0.45,10,true,true,null,null,true,true,0.05,true,7,5,false,confidenceFactor,false,true,false,weka.attributeSelection.GreedyStepwise,false,true,2,true,true,acc,MajorityVotingAggregator,true,true,8,5,2,null,false,null,false,false,3,true,0.9785883267862536,null
gen_000_ind_021,true,confidenceFactor,true,true,null,9,true,true,1,3,true,true,0.35,true,null,4,false,reducedErrorPruning,false,false,true,weka.attributeSelection.BestFirst,false,true,6,true,true,rmse,CompetenceBasedAggregator,false,false,5,9,null,7,false,null,null,false,5,null,0.9798342241350921,null
gen_000_ind_022,true,unpruned,false,null,null,3,true,true,2,5,true,true,null,true,7,9,null,unpruned,false,true,true,weka.attributeSelection.BestFirst,false,true,null,true,false,auc,RuleExtractorAggregator,false,false,7,6,6,null,false,null,null,true,7,null,0.8995896803828337,null
gen_000_ind_023,true,reducedErrorPruning,false,true,null,3,false,true,null,null,true,true,null,false,8,null,null,null,true,true,null,weka.attributeSelection.GreedyStepwise,null,true,null,true,null,auc,RuleExtractorAggregator,true,false,8,5,3,null,true,8,false,false,2,false,0.9602459607787477,null
gen_000_ind_024,true,reducedErrorPruning,true,true,0.45,4,true,true,1,4,true,true,null,true,9,8,false,confidenceFactor,false,true,true,weka.attributeSelection.BestFirst,false,true,4,true,true,mae,CompetenceBasedAggregator,false,false,4,5,2,null,false,6,null,false,2,null,0.9816217479705909,null
gen_000_ind_025,true,reducedErrorPruning,true,false,null,8,false,true,null,null,true,true,null,true,null,3,true,unpruned,false,false,false,weka.attributeSelection.GreedyStepwise,true,true,3,true,true,acc,CompetenceBasedAggregator,false,false,8,3,null,null,true,5,false,false,2,true,0.9794524989992685,null
gen_000_ind_026,null,null,false,null,null,1,null,false,2,10,false,true,null,true,null,7,null,reducedErrorPruning,true,null,false,weka.attributeSelection.BestFirst,true,true,null,true,false,auc,CompetenceBasedAggregator,null,null,3,null,null,9,null,null,null,null,null,null,0.9750309519403059,null
gen_000_ind_027,null,reducedErrorPruning,true,true,0.05,6,true,false,null,null,true,true,null,true,null,2,false,confidenceFactor,true,null,true,weka.attributeSelection.GreedyStepwise,false,true,9,true,true,rmse,MajorityVotingAggregator,true,true,9,null,null,null,true,7,false,true,4,false,0.9755740105282055,null
gen_000_ind_028,true,confidenceFactor,true,true,null,null,true,true,null,null,true,false,0.05,false,null,null,false,null,null,false,null,null,null,true,7,true,null,null,RuleExtractorAggregator,false,false,7,8,null,null,false,null,null,false,8,null,0.9511059659830151,null
gen_000_ind_029,null,unpruned,false,null,null,10,false,false,null,null,true,true,null,false,null,null,null,null,false,null,null,weka.attributeSelection.GreedyStepwise,null,true,null,true,null,auc,RuleExtractorAggregator,true,true,2,null,null,null,true,null,true,true,10,true,0.9436331590924165,null
gen_000_ind_030,false,unpruned,true,null,null,8,false,true,null,null,true,true,null,true,null,9,false,unpruned,false,false,true,weka.attributeSelection.GreedyStepwise,true,true,10,true,false,rmse,CompetenceBasedAggregator,false,false,5,7,null,null,false,null,false,true,8,true,0.9825508535091467,null
gen_000_ind_031,true,unpruned,true,null,null,3,false,true,1,5,true,true,null,true,10,3,true,unpruned,false,true,true,weka.attributeSelection.BestFirst,false,true,5,true,false,acc,CompetenceBasedAggregator,true,true,8,5,3,null,true,null,null,false,2,null,0.9805575274488003,null
gen_000_ind_032,true,confidenceFactor,true,true,0.35,7,false,true,null,null,true,true,0.45,true,null,6,true,confidenceFactor,false,false,true,weka.attributeSelection.GreedyStepwise,false,true,2,false,false,acc,CompetenceBasedAggregator,true,false,10,4,null,null,true,null,false,true,3,false,0.9810391871602093,null
gen_000_ind_033,true,reducedErrorPruning,true,false,0.45,5,false,true,null,null,true,true,null,true,null,9,false,confidenceFactor,true,false,false,weka.attributeSelection.GreedyStepwise,false,true,5,true,false,auc,CompetenceBasedAggregator,true,false,2,4,null,null,true,5,true,false,5,false,0.9833709314989451,null
gen_000_ind_034,true,unpruned,true,null,null,null,false,true,null,null,true,false,null,true,null,2,true,unpruned,null,false,true,null,false,true,4,false,true,null,RuleExtractorAggregator,false,false,3,5,null,null,false,null,null,false,2,null,0.9441216789746202,null
gen_000_ind_035,false,unpruned,false,null,null,7,false,true,1,9,true,true,null,true,7,4,null,reducedErrorPruning,false,true,true,weka.attributeSelection.BestFirst,false,true,null,true,false,acc,MajorityVotingAggregator,false,false,6,5,10,10,false,null,null,false,4,null,0.9809638922633137,null
gen_000_ind_036,false,confidenceFactor,false,true,0.35,7,true,true,1,1,true,true,0.35,true,2,5,null,confidenceFactor,false,true,true,weka.attributeSelection.BestFirst,true,true,null,true,false,rmse,CompetenceBasedAggregator,false,true,2,5,9,null,true,null,null,true,8,null,0.9817298391454612,null
gen_000_ind_037,true,reducedErrorPruning,true,false,null,7,false,true,null,null,true,true,null,true,null,7,false,reducedErrorPruning,true,false,false,weka.attributeSelection.GreedyStepwise,true,true,10,false,false,acc,RuleExtractorAggregator,false,false,2,5,null,9,false,9,true,false,2,false,0.9720639559019502,null
gen_000_ind_038,false,confidenceFactor,true,false,null,9,false,true,2,3,true,true,0.35,true,2,5,false,unpruned,false,true,false,weka.attributeSelection.BestFirst,false,true,9,false,true,rmse,MajorityVotingAggregator,false,true,7,4,8,null,true,null,null,false,6,null,0.9825080000538053,null
gen_000_ind_039,false,null,false,null,null,3,null,true,0,10,false,true,null,true,6,7,null,unpruned,false,true,true,weka.attributeSelection.BestFirst,true,true,null,true,false,mae,CompetenceBasedAggregator,null,null,7,8,4,null,null,null,null,null,null,null,0.9786371683960884,null
gen_000_ind_040,false,confidenceFactor,null,false,0.25,3,false,true,null,null,true,true,0.25,true,4,2,null,confidenceFactor,true,true,false,weka.attributeSelection.GreedyStepwise,false,false,null,null,true,rmse,CompetenceBasedAggregator,true,false,null,2,10,null,true,null,true,false,9,true,0.9844089132589616,null
gen_000_ind_041,null,unpruned,false,null,0.45,1,false,false,0,5,true,true,null,true,null,3,null,confidenceFactor,false,null,true,weka.attributeSelection.BestFirst,false,true,null,false,false,auc,CompetenceBasedAggregator,true,true,6,null,null,null,true,null,null,false,5,null,0.9778173153679421,null
gen_000_ind_042,true,confidenceFactor,false,true,0.45,6,false,true,1,9,true,true,0.25,true,10,7,null,confidenceFactor,true,true,true,weka.attributeSelection.BestFirst,false,true,null,true,true,auc,MajorityVotingAggregator,true,true,9,3,8,null,true,null,null,true,3,null,0.9823128893054157,null
gen_000_ind_043,false,reducedErrorPruning,null,false,null,4,false,true,1,2,true,true,null,true,null,3,null,unpruned,false,false,true,weka.attributeSelection.BestFirst,true,false,null,null,false,acc,RuleExtractorAggregator,true,false,null,5,null,null,true,6,null,true,10,null,0.8734959562563226,null
gen_000_ind_044,false,reducedErrorPruning,false,true,0.25,10,true,true,0,7,true,true,null,true,9,6,null,confidenceFactor,true,true,true,weka.attributeSelection.BestFirst,false,true,null,false,false,auc,MajorityVotingAggregator,false,true,4,4,4,null,true,7,null,false,6,null,0.9819523928962213,null
gen_000_ind_045,true,reducedErrorPruning,false,false,null,4,false,true,null,null,true,true,null,true,9,2,null,reducedErrorPruning,false,true,false,weka.attributeSelection.GreedyStepwise,false,true,null,true,true,rmse,RuleExtractorAggregator,false,false,4,8,9,6,false,2,true,false,3,false,0.9609506201056345,null
gen_000_ind_046,false,confidenceFactor,false,false,0.35,5,false,true,null,null,true,true,0.05,true,null,7,null,confidenceFactor,true,false,false,weka.attributeSelection.GreedyStepwise,false,true,null,true,true,mae,MajorityVotingAggregator,true,true,9,8,null,null,true,null,false,false,2,true,0.9826428668834648,null
gen_000_ind_047,true,confidenceFactor,true,false,0.45,7,false,true,0,5,true,true,0.15,true,null,6,false,confidenceFactor,true,false,true,weka.attributeSelection.BestFirst,false,true,5,false,true,auc,MajorityVotingAggregator,true,false,3,9,null,null,true,null,null,false,8,null,0.983179427094567,null
gen_000_ind_048,true,confidenceFactor,null,true,0.05,10,false,true,null,null,true,true,0.45,true,5,2,null,confidenceFactor,false,true,true,weka.attributeSelection.GreedyStepwise,true,false,null,null,false,auc,MajorityVotingAggregator,false,true,null,4,2,null,false,null,true,true,2,false,0.9796620310651167,null
gen_000_ind_049,true,unpruned,null,null,null,null,false,true,null,null,true,false,null,true,2,5,null,unpruned,null,true,false,null,false,false,null,null,false,null,MajorityVotingAggregator,false,false,null,10,2,null,true,null,null,false,4,null,0.9756149378943497,null
gen_000_ind_050,false,confidenceFactor,true,true,null,6,true,true,2,5,true,true,0.15,true,1,7,true,unpruned,false,true,true,weka.attributeSelection.BestFirst,true,true,7,true,true,mae,RuleExtractorAggregator,false,false,3,8,3,null,false,null,null,false,2,null,0.9599684050636317,null
gen_000_ind_051,true,unpruned,false,null,null,null,false,true,null,null,true,false,null,true,2,5,null,reducedErrorPruning,null,true,true,null,false,true,null,false,false,null,RuleExtractorAggregator,true,true,10,6,9,4,true,null,null,true,2,null,0.9607584837213572,null
gen_000_ind_052,true,reducedErrorPruning,false,true,0.35,7,true,true,0,10,true,true,null,true,2,4,null,confidenceFactor,false,true,true,weka.attributeSelection.BestFirst,false,true,null,false,false,auc,CompetenceBasedAggregator,false,false,6,6,3,null,true,4,null,true,6,null,0.9779044323475375,null
gen_000_ind_053,true,null,false,null,0.25,null,null,true,null,null,false,false,null,true,null,7,null,confidenceFactor,null,false,false,null,false,true,null,false,false,null,RuleExtractorAggregator,null,null,3,9,null,null,null,null,null,null,null,null,0.9272766785965917,null
gen_000_ind_054,false,confidenceFactor,false,true,0.25,3,true,true,2,7,true,true,0.05,true,null,7,null,confidenceFactor,true,false,false,weka.attributeSelection.BestFirst,true,true,null,true,true,acc,CompetenceBasedAggregator,true,true,4,2,null,null,true,null,null,false,2,null,0.9816035863757658,null
gen_000_ind_055,null,confidenceFactor,true,false,null,1,false,false,1,5,true,true,0.45,true,null,6,true,reducedErrorPruning,true,null,true,weka.attributeSelection.BestFirst,true,true,7,false,false,auc,RuleExtractorAggregator,false,true,5,null,null,3,false,null,null,true,7,null,0.9645832098363438,null
gen_000_ind_056,null,confidenceFactor,true,true,0.35,9,true,false,2,10,true,true,0.45,true,null,4,false,confidenceFactor,true,null,false,weka.attributeSelection.BestFirst,true,true,10,true,true,acc,CompetenceBasedAggregator,false,false,5,null,null,null,false,null,null,false,6,null,0.9788271050264783,null
gen_000_ind_057,true,confidenceFactor,false,true,0.25,null,false,true,null,null,true,false,0.35,true,2,2,null,confidenceFactor,null,true,true,null,true,true,null,true,true,null,MajorityVotingAggregator,false,true,7,2,7,null,true,null,null,false,5,null,0.9788739103854823,null
gen_000_ind_058,true,reducedErrorPruning,true,true,null,2,false,true,1,3,true,true,null,false,3,null,false,null,false,true,null,weka.attributeSelection.BestFirst,null,true,10,false,null,auc,CompetenceBasedAggregator,true,false,4,6,4,null,true,8,null,true,3,null,0.9732746310976783,null
gen_000_ind_059,true,null,true,null,null,7,null,true,1,5,false,true,null,true,null,2,true,reducedErrorPruning,false,false,true,weka.attributeSelection.BestFirst,false,true,5,false,false,rmse,CompetenceBasedAggregator,null,null,6,5,null,2,null,null,null,null,null,null,0.9773840322683138,null
gen_000_ind_060,false,reducedErrorPruning,true,true,0.25,4,false,true,2,5,true,true,null,true,null,2,false,confidenceFactor,true,false,true,weka.attributeSelection.BestFirst,true,true,4,false,false,acc,CompetenceBasedAggregator,false,true,2,3,null,null,true,3,null,true,4,null,0.9805399450722497,null
gen_000_ind_061,false,unpruned,true,null,0.45,7,false,true,1,9,true,true,null,true,3,4,true,confidenceFactor,false,true,true,weka.attributeSelection.BestFirst,true,true,6,true,true,auc,CompetenceBasedAggregator,false,true,6,8,3,null,true,null,null,true,8,null,0.9793879721121765,null
gen_000_ind_062,false,confidenceFactor,true,true,null,null,false,true,null,null,true,false,0.05,true,2,6,true,reducedErrorPruning,null,true,false,null,true,true,7,false,true,null,CompetenceBasedAggregator,false,false,5,4,9,10,false,null,null,false,9,null,0.9753581250350779,null
gen_000_ind_063,false,confidenceFactor,null,true,null,8,true,true,2,7,true,true,0.05,true,null,4,null,reducedErrorPruning,false,false,false,weka.attributeSelection.BestFirst,false,false,null,null,true,auc,MajorityVotingAggregator,true,true,null,10,null,4,true,null,null,true,8,null,0.9815749101428948,null
gen_000_ind_064,false,reducedErrorPruning,true,false,null,8,false,true,null,null,true,true,null,true,7,6,false,unpruned,true,true,true,weka.attributeSelection.GreedyStepwise,true,true,2,true,true,auc,MajorityVotingAggregator,false,true,3,2,5,null,false,8,false,false,5,true,0.9811960544277323,null
gen_000_ind_065,false,reducedErrorPruning,false,true,0.45,6,true,true,2,7,true,true,null,true,7,7,null,confidenceFactor,true,true,false,weka.attributeSelection.BestFirst,true,true,null,true,true,acc,RuleExtractorAggregator,false,false,3,3,2,null,true,4,null,false,3,null,0.9498694103407217,null
gen_000_ind_066,false,reducedErrorPruning,false,false,0.45,1,false,true,1,3,true,true,null,true,2,8,null,confidenceFactor,true,true,false,weka.attributeSelection.BestFirst,false,true,null,true,false,auc,CompetenceBasedAggregator,true,true,6,8,6,null,true,10,null,true,2,null,0.9825583491386288,null
gen_000_ind_067,true,unpruned,null,null,null,null,false,true,null,null,true,false,null,false,null,null,null,null,null,false,null,null,null,false,null,null,null,null,RuleExtractorAggregator,false,false,null,10,null,null,false,null,null,true,6,null,0.9598665780271374,null
gen_000_ind_068,false,confidenceFactor,false,false,0.05,2,true,true,null,null,true,true,0.25,true,4,6,null,confidenceFactor,true,true,true,weka.attributeSelection.GreedyStepwise,false,true,null,true,true,mae,CompetenceBasedAggregator,true,false,10,7,8,null,false,null,false,true,2,false,0.9807291366621165,null
gen_000_ind_069,null,confidenceFactor,true,true,0.35,1,true,false,null,null,true,true,0.25,true,null,9,false,confidenceFactor,false,null,false,weka.attributeSelection.GreedyStepwise,false,true,6,true,false,auc,RuleExtractorAggregator,false,true,9,null,null,null,false,null,false,true,2,false,0.936758858618791,null
gen_000_ind_070,true,confidenceFactor,false,true,0.25,9,false,true,0,10,true,true,0.35,true,1,8,null,confidenceFactor,true,true,true,weka.attributeSelection.BestFirst,true,true,null,true,true,auc,RuleExtractorAggregator,false,false,4,5,6,null,false,null,null,false,2,null,0.9433464216950235,null
gen_000_ind_071,true,confidenceFactor,true,true,null,null,false,true,null,null,true,false,0.25,true,4,2,true,reducedErrorPruning,null,true,true,null,true,true,6,true,true,null,RuleExtractorAggregator,false,false,4,2,10,3,true,null,null,false,4,null,0.9663525784547964,null
gen_000_ind_072,false,reducedErrorPruning,false,false,null,6,false,true,null,null,true,true,null,true,2,7,null,reducedErrorPruning,true,true,true,weka.attributeSelection.GreedyStepwise,true,true,null,true,true,auc,RuleExtractorAggregator,false,false,10,10,4,4,true,2,true,true,7,true,0.964403516498502,null
gen_000_ind_073,true,confidenceFactor,true,true,null,1,false,true,0,6,true,true,0.25,false,null,null,false,null,false,false,null,weka.attributeSelection.BestFirst,null,true,4,true,null,rmse,CompetenceBasedAggregator,false,true,2,9,null,null,true,null,null,false,5,null,0.9767465518249029,null
gen_000_ind_074,false,unpruned,true,null,null,8,true,true,null,null,true,true,null,false,2,null,true,null,false,true,null,weka.attributeSelection.GreedyStepwise,null,true,10,true,null,acc,CompetenceBasedAggregator,false,true,6,5,10,null,true,null,false,true,5,false,0.9744388743243613,null
gen_000_ind_075,false,reducedErrorPruning,false,false,0.25,7,false,true,1,6,true,true,null,true,6,6,null,confidenceFactor,false,true,false,weka.attributeSelection.BestFirst,false,true,null,false,false,auc,CompetenceBasedAggregator,true,false,4,2,9,null,true,9,null,false,6,null,0.9790804466346896,null
gen_000_ind_076,false,reducedErrorPruning,true,true,0.45,null,true,true,null,null,true,false,null,true,1,9,false,confidenceFactor,null,true,true,null,true,true,3,true,false,null,CompetenceBasedAggregator,false,true,2,2,5,null,false,8,null,false,9,null,0.9781656000701323,null
gen_000_ind_077,true,unpruned,true,null,0.15,8,false,true,null,null,true,true,null,true,null,8,false,confidenceFactor,false,false,true,weka.attributeSelection.GreedyStepwise,true,true,6,false,false,auc,RuleExtractorAggregator,false,true,2,2,null,null,true,null,true,true,2,true,0.9226056009421486,null
gen_000_ind_078,false,reducedErrorPruning,false,true,null,4,true,true,null,null,true,true,null,true,10,8,null,unpruned,false,true,false,weka.attributeSelection.GreedyStepwise,true,true,null,true,false,acc,RuleExtractorAggregator,false,false,6,4,2,null,false,8,true,true,4,true,0.91636658927522,null
gen_000_ind_079,true,null,false,null,0.35,5,null,true,1,5,false,true,null,true,3,8,null,confidenceFactor,false,true,true,weka.attributeSelection.BestFirst,false,true,null,false,false,acc,RuleExtractorAggregator,null,null,6,7,6,null,null,null,null,null,null,null,0.9560436150780894,null
gen_000_ind_080,false,reducedErrorPruning,true,true,null,10,false,true,1,1,true,true,null,true,5,2,true,unpruned,false,true,false,weka.attributeSelection.BestFirst,true,true,3,true,false,rmse,MajorityVotingAggregator,false,true,7,10,6,null,true,10,null,false,6,null,0.9814601727427185,null
gen_000_ind_081,false,reducedErrorPruning,false,true,0.05,5,false,true,1,1,true,true,null,true,5,2,null,confidenceFactor,true,true,true,weka.attributeSelection.BestFirst,false,true,null,false,false,auc,CompetenceBasedAggregator,false,false,7,2,5,null,false,2,null,false,7,null,0.9817557787314296,null
gen_000_ind_082,null,confidenceFactor,true,false,null,6,true,false,0,10,true,true,0.15,true,null,4,false,unpruned,true,null,true,weka.attributeSelection.BestFirst,false,true,9,true,false,rmse,CompetenceBasedAggregator,true,true,2,null,null,null,false,null,null,true,4,null,0.9783342772445955,null
gen_000_ind_083,true,unpruned,false,null,0.15,null,true,true,null,null,true,false,null,true,1,2,null,confidenceFactor,null,true,true,null,false,true,null,false,false,null,MajorityVotingAggregator,false,true,2,8,2,null,true,null,null,false,6,null,0.9780259272942494,null
gen_000_ind_084,true,reducedErrorPruning,true,false,null,9,false,true,0,5,true,true,null,true,4,9,false,reducedErrorPruning,true,true,false,weka.attributeSelection.BestFirst,true,true,2,true,false,auc,RuleExtractorAggregator,false,true,2,10,6,9,true,2,null,true,2,null,0.9663757315312281,null
gen_000_ind_085,false,confidenceFactor,false,true,0.05,4,false,true,null,null,true,true,0.45,true,2,7,null,confidenceFactor,true,true,false,weka.attributeSelection.GreedyStepwise,true,true,null,false,false,auc,RuleExtractorAggregator,false,true,7,3,4,null,false,null,true,false,4,true,0.9487308498494611,null
gen_000_ind_086,false,null,false,null,0.25,9,null,true,2,7,false,true,null,true,2,2,null,confidenceFactor,false,true,false,weka.attributeSelection.BestFirst,false,true,null,false,false,auc,MajorityVotingAggregator,null,null,2,8,6,null,null,null,null,null,null,null,0.9805645325691131,null
gen_000_ind_087,false,confidenceFactor,true,false,null,9,false,true,0,4,true,true,0.05,true,null,5,true,unpruned,false,false,true,weka.attributeSelection.BestFirst,false,true,10,true,true,auc,RuleExtractorAggregator,true,false,4,3,null,null,true,null,null,false,6,null,0.8983236669398675,null
gen_000_ind_088,null,null,false,null,null,4,null,false,null,null,false,true,null,true,null,2,null,reducedErrorPruning,false,null,true,weka.attributeSelection.GreedyStepwise,false,true,null,true,false,acc,RuleExtractorAggregator,null,null,2,null,null,7,null,null,false,null,null,true,0.9412695849990932,null
gen_000_ind_089,true,unpruned,false,null,null,1,true,true,null,null,true,true,null,false,null,null,null,null,true,false,null,weka.attributeSelection.GreedyStepwise,null,true,null,true,null,auc,CompetenceBasedAggregator,false,false,9,9,null,null,true,null,false,true,5,false,0.9778970323847374,null
gen_000_ind_090,true,confidenceFactor,true,false,null,8,false,true,1,9,true,true,0.05,false,4,null,false,null,false,true,null,weka.attributeSelection.BestFirst,null,true,5,true,null,acc,MajorityVotingAggregator,false,true,10,2,2,null,false,null,null,false,10,null,0.9712094686359393,null
gen_000_ind_091,false,confidenceFactor,true,true,null,4,false,true,0,5,true,true,0.15,true,4,4,true,reducedErrorPruning,true,true,false,weka.attributeSelection.BestFirst,false,true,6,true,false,mae,CompetenceBasedAggregator,false,true,7,6,3,6,false,null,null,true,5,null,0.9800187912555318,null
gen_000_ind_092,false,unpruned,null,null,null,null,true,true,null,null,true,false,null,false,3,null,null,null,null,true,null,null,null,false,null,null,null,null,MajorityVotingAggregator,false,true,null,5,7,null,true,null,null,false,10,null,0.9686315704456978,null
gen_000_ind_093,true,unpruned,true,null,null,6,false,true,1,6,true,true,null,true,3,8,false,unpruned,true,true,false,weka.attributeSelection.BestFirst,true,true,3,true,true,mae,RuleExtractorAggregator,false,true,7,2,3,null,true,null,null,false,2,null,0.95002333107444,null
gen_000_ind_094,null,confidenceFactor,true,false,null,2,false,false,2,8,true,true,0.05,true,null,2,false,unpruned,true,null,false,weka.attributeSelection.BestFirst,true,true,3,true,false,acc,CompetenceBasedAggregator,true,false,9,null,null,null,false,null,null,false,7,null,0.9762100878602806,null
gen_000_ind_095,true,confidenceFactor,true,true,0.45,8,true,true,null,null,true,true,0.45,true,null,2,false,confidenceFactor,false,false,false,weka.attributeSelection.GreedyStepwise,false,true,10,true,true,auc,MajorityVotingAggregator,true,true,4,8,null,null,true,null,true,false,3,false,0.9836335237854043,null
gen_000_ind_096,true,confidenceFactor,false,false,0.25,9,true,true,2,3,true,true,0.15,true,null,7,null,confidenceFactor,true,false,false,weka.attributeSelection.BestFirst,true,true,null,true,false,auc,MajorityVotingAggregator,false,true,4,8,null,null,true,null,null,false,8,null,0.9827927110569348,null
gen_000_ind_097,true,confidenceFactor,null,false,0.25,1,false,true,null,null,true,true,0.35,true,2,4,null,confidenceFactor,false,true,true,weka.attributeSelection.GreedyStepwise,false,false,null,null,true,auc,RuleExtractorAggregator,true,true,null,8,7,null,true,null,true,true,9,false,0.8865036535395745,null
gen_000_ind_098,true,unpruned,true,null,null,9,true,true,0,6,true,true,null,true,2,2,false,reducedErrorPruning,true,true,false,weka.attributeSelection.BestFirst,true,true,8,false,true,rmse,CompetenceBasedAggregator,true,true,8,2,5,2,false,null,null,true,5,null,0.9805647981166304,null
gen_000_ind_099,false,unpruned,null,null,0.25,7,false,true,null,null,true,true,null,true,3,5,null,confidenceFactor,false,true,true,weka.attributeSelection.GreedyStepwise,false,false,null,null,true,auc,CompetenceBasedAggregator,false,false,null,10,2,null,true,null,false,false,5,true,0.9780551653514526,null
gen_001_ind_000,false,confidenceFactor,null,false,0.25,3,false,true,null,null,true,true,0.25,true,4,2,null,confidenceFactor,true,true,false,weka.attributeSelection.GreedyStepwise,false,false,null,null,true,rmse,CompetenceBasedAggregator,true,false,null,2,10,null,true,null,true,false,9,true,0.9844089132589616,null
gen_001_ind_001,true,confidenceFactor,true,true,0.45,8,true,true,null,null,true,true,0.45,true,null,2,false,confidenceFactor,false,false,false,weka.attributeSelection.GreedyStepwise,false,true,10,true,true,auc,MajorityVotingAggregator,true,true,4,8,null,null,true,null,true,false,3,false,0.9836335237854043,null
gen_001_ind_002,true,reducedErrorPruning,true,false,0.45,5,false,true,null,null,true,true,null,true,null,9,false,confidenceFactor,true,false,false,weka.attributeSelection.GreedyStepwise,false,true,5,true,false,auc,CompetenceBasedAggregator,true,false,2,4,null,null,true,5,true,false,5,false,0.9833709314989451,null
gen_001_ind_003,true,confidenceFactor,true,false,0.45,7,false,true,0,5,true,true,0.15,true,null,6,false,confidenceFactor,true,false,true,weka.attributeSelection.BestFirst,false,true,5,false,true,auc,MajorityVotingAggregator,true,false,3,9,null,null,true,null,null,false,8,null,0.983179427094567,null
gen_001_ind_004,true,unpruned,true,null,0.45,3,false,true,null,null,true,true,null,true,null,7,true,confidenceFactor,false,false,true,weka.attributeSelection.GreedyStepwise,true,true,5,true,false,auc,MajorityVotingAggregator,true,false,9,3,null,null,false,null,false,false,4,true,0.9832066213635645,null
gen_001_ind_005,true,reducedErrorPruning,true,true,null,6,true,true,1,5,true,true,null,true,10,6,false,unpruned,false,true,false,weka.attributeSelection.BestFirst,false,true,10,true,true,mae,MajorityVotingAggregator,true,true,3,3,10,null,false,3,null,false,8,null,0.9829300831940658,null
gen_001_ind_006,true,confidenceFactor,false,false,0.25,9,true,true,2,3,true,true,0.15,true,null,7,null,confidenceFactor,true,false,false,weka.attributeSelection.BestFirst,true,true,null,true,false,auc,MajorityVotingAggregator,false,true,4,8,null,null,true,null,null,false,8,null,0.9827927110569348,null
gen_001_ind_007,false,confidenceFactor,false,false,0.35,5,false,true,null,null,true,true,0.05,true,null,7,null,confidenceFactor,true,false,false,weka.attributeSelection.GreedyStepwise,false,true,null,true,true,mae,MajorityVotingAggregator,true,true,9,8,null,null,true,null,false,false,2,true,0.9826428668834648,null
gen_001_ind_008,true,confidenceFactor,true,false,0.45,7,false,true,0,5,true,true,0.15,true,null,6,false,confidenceFactor,true,false,true,weka.attributeSelection.BestFirst,false,true,5,false,true,auc,MajorityVotingAggregator,true,false,3,9,null,null,true,null,null,false,8,null,0.983179427094567,null
gen_001_ind_009,false,reducedErrorPruning,false,false,0.45,1,false,true,1,3,true,true,null,true,2,8,null,confidenceFactor,true,true,false,weka.attributeSelection.BestFirst,false,true,null,true,false,auc,CompetenceBasedAggregator,true,true,6,8,6,null,true,10,null,true,2,null,0.9825583491386288,null
gen_001_ind_010,false,reducedErrorPruning,null,true,null,4,false,true,null,null,true,true,null,true,7,7,null,unpruned,false,true,false,weka.attributeSelection.GreedyStepwise,false,false,null,null,false,acc,CompetenceBasedAggregator,true,false,null,4,8,null,true,7,false,false,9,false,0.9824430933989758,null
gen_001_ind_011,false,confidenceFactor,true,true,null,7,true,true,null,null,true,true,0.25,false,null,null,true,null,false,false,null,weka.attributeSelection.GreedyStepwise,null,true,8,true,null,auc,CompetenceBasedAggregator,false,false,6,8,null,null,false,null,true,false,2,false,0.973686400789824,null
gen_001_ind_012,true,reducedErrorPruning,true,true,null,1,true,true,null,null,true,true,null,true,5,6,true,unpruned,true,true,true,weka.attributeSelection.GreedyStepwise,true,true,2,true,true,mae,MajorityVotingAggregator,true,true,7,10,3,null,false,3,false,true,8,false,0.9773339898966708,null
gen_001_ind_013,true,confidenceFactor,false,false,null,10,true,true,null,null,true,true,0.05,false,null,null,null,null,false,false,null,weka.attributeSelection.GreedyStepwise,null,true,null,true,null,rmse,CompetenceBasedAggregator,true,true,9,4,null,null,true,null,true,true,4,false,0.9762758044930175,null
gen_001_ind_014,true,null,true,null,null,1,null,true,2,1,false,true,null,true,2,5,true,unpruned,false,true,false,weka.attributeSelection.BestFirst,true,true,8,true,false,rmse,MajorityVotingAggregator,null,null,7,3,2,null,null,null,null,null,null,null,0.9785893530288419,null
gen_001_ind_015,false,reducedErrorPruning,true,true,0.15,4,true,true,null,null,true,true,null,true,null,3,false,confidenceFactor,false,false,false,weka.attributeSelection.GreedyStepwise,true,true,2,true,false,acc,MajorityVotingAggregator,true,false,2,4,null,null,false,2,false,false,3,false,0.9814616193389096,null
gen_001_ind_016,true,unpruned,false,null,null,3,false,true,1,4,true,true,null,true,8,8,null,unpruned,false,true,true,weka.attributeSelection.BestFirst,false,true,null,true,false,acc,MajorityVotingAggregator,false,true,4,7,2,null,true,null,null,true,9,null,0.9810606808545576,null
gen_001_ind_017,false,confidenceFactor,false,false,0.45,null,true,true,null,null,true,false,0.05,true,4,3,null,confidenceFactor,null,true,false,null,true,true,null,false,true,null,MajorityVotingAggregator,true,true,7,9,6,null,true,null,null,false,6,null,0.9806698441920234,null
gen_001_ind_018,false,reducedErrorPruning,false,true,0.05,7,false,true,null,null,true,true,null,true,null,3,null,confidenceFactor,true,false,true,weka.attributeSelection.GreedyStepwise,true,true,null,true,false,acc,MajorityVotingAggregator,false,true,10,2,null,null,false,7,true,false,4,false,0.9813272696891309,null
gen_001_ind_019,false,reducedErrorPruning,true,true,null,null,false,true,null,null,true,false,null,true,null,7,false,unpruned,null,false,true,null,true,true,3,true,true,null,CompetenceBasedAggregator,false,true,2,2,null,null,true,8,null,false,4,null,0.9795227113862601,null
gen_001_ind_020,true,reducedErrorPruning,true,true,null,1,true,true,null,null,true,true,null,true,6,7,true,reducedErrorPruning,true,true,false,weka.attributeSelection.GreedyStepwise,false,true,6,true,false,acc,CompetenceBasedAggregator,false,false,4,2,4,5,true,4,false,true,8,true,0.981270398455789,null
gen_001_ind_021,true,confidenceFactor,true,true,0.15,2,false,true,2,9,true,true,0.15,true,null,5,true,confidenceFactor,true,false,false,weka.attributeSelection.BestFirst,false,true,8,false,true,rmse,MajorityVotingAggregator,true,false,10,2,null,null,true,null,null,false,10,null,0.9805164574523302,null
gen_001_ind_022,false,reducedErrorPruning,false,false,null,5,true,true,null,null,true,true,null,true,4,6,null,reducedErrorPruning,true,true,true,weka.attributeSelection.GreedyStepwise,true,true,null,true,true,auc,RuleExtractorAggregator,false,false,10,2,4,3,true,9,true,true,6,true,0.9655957407801671,null
gen_001_ind_023,true,unpruned,true,null,null,10,true,true,null,null,true,true,null,true,null,3,true,unpruned,false,false,true,weka.attributeSelection.GreedyStepwise,false,true,3,true,false,acc,MajorityVotingAggregator,true,true,8,8,null,null,false,null,true,false,8,true,0.9782815741795974,null
gen_001_ind_024,false,confidenceFactor,false,false,0.05,1,true,true,0,8,true,true,0.45,true,4,10,null,confidenceFactor,false,true,true,weka.attributeSelection.BestFirst,false,true,null,false,true,mae,CompetenceBasedAggregator,false,true,3,3,6,null,true,null,null,false,8,null,0.9815135854805576,null
gen_001_ind_025,false,confidenceFactor,false,true,null,7,false,true,1,6,true,true,0.45,false,null,null,null,null,true,false,null,weka.attributeSelection.BestFirst,null,true,null,false,null,acc,CompetenceBasedAggregator,false,true,7,9,null,null,true,null,null,false,2,null,0.9741200230713251,null
gen_001_ind_026,true,unpruned,null,null,0.15,null,true,true,null,null,true,false,null,true,6,2,null,confidenceFactor,null,true,true,null,true,false,null,null,true,null,RuleExtractorAggregator,false,true,null,2,2,null,true,null,null,false,2,null,0.9158057685733674,null
gen_001_ind_027,false,confidenceFactor,true,true,null,7,false,true,2,2,true,true,0.25,true,null,7,true,reducedErrorPruning,true,false,true,weka.attributeSelection.BestFirst,true,true,8,true,false,acc,CompetenceBasedAggregator,true,true,4,6,null,9,true,null,null,true,3,null,0.9812352835653222,null
gen_001_ind_028,null,reducedErrorPruning,true,true,null,6,false,false,2,10,true,true,null,true,null,7,false,unpruned,true,null,true,weka.attributeSelection.BestFirst,false,true,10,false,true,rmse,MajorityVotingAggregator,false,true,6,null,null,null,true,9,null,false,9,null,0.9780378108355448,null
gen_001_ind_029,false,reducedErrorPruning,false,true,null,10,true,true,null,null,true,true,null,true,7,2,null,unpruned,true,true,false,weka.attributeSelection.GreedyStepwise,false,true,null,true,false,auc,MajorityVotingAggregator,false,false,3,10,8,null,false,9,true,true,7,false,0.9827664375072764,null
gen_001_ind_030,true,reducedErrorPruning,null,true,null,5,true,true,0,7,true,true,null,true,null,2,null,unpruned,true,false,true,weka.attributeSelection.BestFirst,false,false,null,null,true,mae,RuleExtractorAggregator,false,true,null,7,null,null,false,8,null,true,5,null,0.9377222626921278,null
gen_001_ind_031,false,confidenceFactor,false,false,0.35,6,true,true,null,null,true,true,0.05,true,null,8,null,confidenceFactor,true,false,false,weka.attributeSelection.GreedyStepwise,true,true,null,true,false,auc,CompetenceBasedAggregator,false,true,6,2,null,null,false,null,true,false,4,true,0.9835148802856132,null
gen_001_ind_032,true,null,false,null,null,7,null,true,2,8,false,true,null,true,null,2,null,unpruned,true,false,false,weka.attributeSelection.BestFirst,true,true,null,true,true,acc,CompetenceBasedAggregator,null,null,4,6,null,null,null,null,null,null,null,null,0.9802432131156816,null
gen_001_ind_033,true,confidenceFactor,true,false,0.25,3,true,true,null,null,true,true,0.05,true,null,7,true,confidenceFactor,true,false,false,weka.attributeSelection.GreedyStepwise,false,true,5,false,false,auc,MajorityVotingAggregator,true,true,8,10,null,null,false,null,false,true,6,false,0.9804225690110455,null
gen_001_ind_034,true,reducedErrorPruning,null,false,null,10,true,true,0,4,true,true,null,true,3,2,null,unpruned,false,true,false,weka.attributeSelection.BestFirst,true,false,null,null,false,rmse,RuleExtractorAggregator,false,false,null,2,2,null,false,7,null,false,5,null,0.8958787744274727,null
gen_001_ind_035,false,confidenceFactor,false,false,null,2,true,true,2,6,true,true,0.45,true,6,6,null,reducedErrorPruning,false,true,false,weka.attributeSelection.BestFirst,true,true,null,true,true,mae,MajorityVotingAggregator,false,true,3,7,5,10,false,null,null,true,2,null,0.9806858385016535,null
gen_001_ind_036,null,reducedErrorPruning,false,false,null,9,true,false,2,10,true,true,null,true,null,7,null,unpruned,true,null,true,weka.attributeSelection.BestFirst,true,true,null,true,false,rmse,MajorityVotingAggregator,false,false,2,null,null,null,false,5,null,false,2,null,0.9771304523630946,null
gen_001_ind_037,true,reducedErrorPruning,false,false,null,4,false,true,1,2,true,true,null,true,4,9,null,unpruned,false,true,true,weka.attributeSelection.BestFirst,false,true,null,true,true,mae,CompetenceBasedAggregator,true,true,6,4,3,null,false,5,null,true,4,null,0.981638720399569,null
gen_001_ind_038,false,reducedErrorPruning,false,false,0.15,6,false,true,null,null,true,true,null,true,3,8,null,confidenceFactor,true,true,true,weka.attributeSelection.GreedyStepwise,false,true,null,false,true,rmse,MajorityVotingAggregator,true,true,2,9,6,null,false,4,true,false,4,true,0.98355506087184,null
gen_001_ind_039,false,confidenceFactor,false,true,null,9,true,true,null,null,true,true,0.15,true,null,2,null,unpruned,true,false,false,weka.attributeSelection.GreedyStepwise,true,true,null,true,true,rmse,CompetenceBasedAggregator,false,true,10,9,null,null,true,null,true,true,10,false,0.9832778895628461,null
gen_001_ind_040,null,reducedErrorPruning,true,true,0.25,9,true,false,null,null,true,true,null,true,null,6,true,confidenceFactor,true,null,false,weka.attributeSelection.GreedyStepwise,false,true,6,true,false,acc,MajorityVotingAggregator,false,true,8,null,null,null,true,10,true,false,3,true,0.9765142348543989,null
gen_001_ind_041,false,reducedErrorPruning,false,true,null,5,false,true,null,null,true,true,null,true,3,6,null,unpruned,false,true,true,weka.attributeSelection.GreedyStepwise,false,true,null,false,false,rmse,MajorityVotingAggregator,true,true,2,3,6,null,true,9,false,false,5,true,0.9833963336121002,null
gen_001_ind_042,true,unpruned,true,null,null,8,false,true,1,6,true,true,null,true,null,6,true,reducedErrorPruning,false,false,false,weka.attributeSelection.BestFirst,false,true,8,false,false,rmse,MajorityVotingAggregator,true,true,4,5,null,3,true,null,null,true,9,null,0.981251446016393,null
gen_001_ind_043,false,unpruned,false,null,null,null,true,true,null,null,true,false,null,true,9,5,null,reducedErrorPruning,null,true,false,null,false,true,null,true,false,null,MajorityVotingAggregator,true,true,8,7,6,3,true,null,null,true,10,null,0.9772447352015818,null
gen_001_ind_044,false,null,true,null,null,9,null,true,0,3,false,true,null,true,6,9,false,unpruned,true,true,false,weka.attributeSelection.BestFirst,false,true,6,true,true,auc,MajorityVotingAggregator,null,null,8,6,4,null,null,null,null,null,null,null,0.9821750376752789,null
gen_001_ind_045,null,confidenceFactor,false,false,null,1,false,false,1,8,true,true,0.25,true,null,4,null,unpruned,true,null,true,weka.attributeSelection.BestFirst,false,true,null,true,true,acc,MajorityVotingAggregator,false,true,9,null,null,null,true,null,null,true,4,null,0.9771673002700003,null
gen_001_ind_046,true,confidenceFactor,true,false,0.25,null,true,true,null,null,true,false,0.25,true,null,10,true,confidenceFactor,null,false,true,null,true,true,3,false,false,null,CompetenceBasedAggregator,true,true,9,4,null,null,true,null,null,false,4,null,0.9784423597224947,null
gen_001_ind_047,true,reducedErrorPruning,true,false,null,null,false,true,null,null,true,false,null,true,3,7,false,unpruned,null,true,false,null,true,true,8,true,false,null,MajorityVotingAggregator,false,false,3,6,4,null,false,5,null,false,8,null,0.978883240496066,null
gen_001_ind_048,true,confidenceFactor,true,false,0.25,null,false,true,null,null,true,false,0.25,true,3,3,false,confidenceFactor,null,true,false,null,true,true,10,true,false,null,RuleExtractorAggregator,true,false,3,10,2,null,true,null,null,false,5,null,0.9457303217693769,null
gen_001_ind_049,false,unpruned,false,null,null,null,false,true,null,null,true,false,null,false,null,null,null,null,null,false,null,null,null,true,null,false,null,null,MajorityVotingAggregator,true,false,5,4,null,null,true,null,null,false,7,null,0.975178264135593,null
gen_001_ind_050,null,confidenceFactor,false,true,null,8,false,false,null,null,true,true,0.15,true,null,9,null,reducedErrorPruning,true,null,true,weka.attributeSelection.GreedyStepwise,true,true,null,false,true,auc,MajorityVotingAggregator,false,false,5,null,null,9,false,null,false,true,5,false,0.9755926942311947,null
gen_001_ind_051,null,reducedErrorPruning,null,true,null,9,false,false,2,10,true,true,null,false,null,null,null,null,true,null,null,weka.attributeSelection.BestFirst,null,false,null,null,null,acc,MajorityVotingAggregator,false,true,null,null,null,null,false,5,null,false,5,null,0.9470057444653637,null
gen_001_ind_052,true,confidenceFactor,false,false,null,7,false,true,null,null,true,true,0.35,true,3,3,null,reducedErrorPruning,true,true,false,weka.attributeSelection.GreedyStepwise,true,true,null,false,true,rmse,CompetenceBasedAggregator,true,false,6,2,3,3,true,null,false,false,9,false,0.9809175339286236,null
gen_001_ind_053,true,unpruned,false,null,null,10,false,true,null,null,true,true,null,true,null,10,null,unpruned,false,false,true,weka.attributeSelection.GreedyStepwise,true,true,null,true,true,auc,CompetenceBasedAggregator,false,true,7,3,null,null,false,null,false,false,2,false,0.9808348732770142,null
gen_001_ind_054,false,unpruned,true,null,0.15,null,true,true,null,null,true,false,null,true,6,10,false,confidenceFactor,null,true,true,null,true,true,4,false,false,null,CompetenceBasedAggregator,false,false,3,7,10,null,true,null,null,false,3,null,0.9800460208922118,null
gen_001_ind_055,null,confidenceFactor,false,false,null,8,false,false,1,5,true,true,0.35,false,null,null,null,null,false,null,null,weka.attributeSelection.BestFirst,null,true,null,false,null,mae,MajorityVotingAggregator,true,true,5,null,null,null,false,null,null,false,3,null,0.9655776470217166,null
gen_001_ind_056,true,confidenceFactor,false,false,0.25,10,false,true,null,null,true,true,0.05,true,null,9,null,confidenceFactor,true,false,false,weka.attributeSelection.GreedyStepwise,false,true,null,true,true,rmse,CompetenceBasedAggregator,true,false,3,8,null,null,true,null,true,true,4,true,0.9835741907294462,null
gen_001_ind_057,false,reducedErrorPruning,null,false,null,null,true,true,null,null,true,false,null,false,null,null,null,null,null,false,null,null,null,false,null,null,null,null,CompetenceBasedAggregator,true,true,null,9,null,null,true,4,null,false,10,null,0.9643361978836907,null
gen_001_ind_058,null,reducedErrorPruning,true,false,0.45,5,false,false,null,null,true,true,null,true,null,5,false,confidenceFactor,true,null,false,weka.attributeSelection.GreedyStepwise,false,true,7,true,false,rmse,MajorityVotingAggregator,false,true,8,null,null,null,false,2,false,true,5,false,0.9763156522751508,null
gen_001_ind_059,false,unpruned,true,null,null,3,true,true,null,null,true,true,null,true,4,8,false,reducedErrorPruning,true,true,false,weka.attributeSelection.GreedyStepwise,false,true,9,true,false,mae,MajorityVotingAggregator,true,false,5,4,6,4,false,null,false,false,8,false,0.9793771507609502,null
gen_001_ind_060,false,confidenceFactor,false,true,0.25,4,true,true,null,null,true,true,0.15,true,null,3,null,confidenceFactor,true,false,false,weka.attributeSelection.GreedyStepwise,true,true,null,false,true,auc,RuleExtractorAggregator,false,true,4,3,null,null,true,null,false,false,8,true,0.9410894481157259,null
gen_001_ind_061,true,unpruned,true,null,null,2,false,true,null,null,true,true,null,true,2,7,false,unpruned,false,true,false,weka.attributeSelection.GreedyStepwise,true,true,9,false,false,mae,CompetenceBasedAggregator,true,false,7,6,3,null,true,null,true,true,4,true,0.9828868395346216,null
gen_001_ind_062,true,reducedErrorPruning,false,false,null,null,true,true,null,null,true,false,null,true,9,4,null,reducedErrorPruning,null,true,true,null,false,true,null,false,false,null,MajorityVotingAggregator,false,true,4,7,10,8,true,7,null,true,4,null,0.9760560169588617,null
gen_001_ind_063,false,confidenceFactor,true,true,null,10,true,true,null,null,true,true,0.35,true,4,9,true,unpruned,true,true,false,weka.attributeSelection.GreedyStepwise,true,true,2,true,true,auc,MajorityVotingAggregator,true,true,9,3,10,null,true,null,true,true,9,false,0.9829433304204278,null
gen_001_ind_064,false,confidenceFactor,true,true,0.15,10,false,true,0,9,true,true,0.35,true,null,3,true,confidenceFactor,true,false,true,weka.attributeSelection.BestFirst,false,true,8,false,true,auc,MajorityVotingAggregator,true,false,4,8,null,null,false,null,null,false,8,null,0.9820385717625351,null
gen_001_ind_065,false,unpruned,false,null,null,4,false,true,1,8,true,true,null,true,null,10,null,unpruned,false,false,true,weka.attributeSelection.BestFirst,false,true,null,false,true,mae,MajorityVotingAggregator,false,false,5,2,null,null,false,null,null,false,6,null,0.9816737561475989,null
gen_001_ind_066,false,confidenceFactor,true,true,0.05,5,false,true,null,null,true,true,0.45,true,null,4,false,confidenceFactor,false,false,false,weka.attributeSelection.GreedyStepwise,false,true,3,true,false,acc,CompetenceBasedAggregator,true,false,8,7,null,null,true,null,true,true,7,false,0.9829843824431578,null
gen_001_ind_067,true,reducedErrorPruning,true,false,0.05,null,false,true,null,null,true,false,null,true,10,10,true,confidenceFactor,null,true,true,null,false,true,8,false,true,null,MajorityVotingAggregator,false,true,9,2,10,null,true,4,null,false,2,null,0.9774743021898278,null
gen_001_ind_068,null,unpruned,null,null,null,9,false,false,null,null,true,true,null,true,null,7,null,unpruned,true,null,false,weka.attributeSelection.GreedyStepwise,false,false,null,null,true,mae,RuleExtractorAggregator,true,false,null,null,null,null,false,null,true,false,9,false,0.9352151821980655,null
gen_001_ind_069,false,reducedErrorPruning,true,false,null,9,false,true,null,null,true,true,null,true,9,8,true,reducedErrorPruning,false,true,true,weka.attributeSelection.GreedyStepwise,false,true,3,false,true,auc,MajorityVotingAggregator,true,false,7,10,8,7,true,6,false,true,10,false,0.9748367851031785,null
gen_001_ind_070,true,reducedErrorPruning,false,false,null,10,false,true,null,null,true,true,null,true,10,2,null,reducedErrorPruning,true,true,true,weka.attributeSelection.GreedyStepwise,true,true,null,false,true,mae,CompetenceBasedAggregator,true,true,3,4,5,8,false,6,true,false,9,true,0.9799225070886113,null
gen_001_ind_071,true,reducedErrorPruning,null,false,0.45,10,true,true,1,8,true,true,null,true,null,7,null,confidenceFactor,false,false,false,weka.attributeSelection.BestFirst,false,false,null,null,true,rmse,RuleExtractorAggregator,false,false,null,6,null,null,true,6,null,false,9,null,0.9174707520862295,null
gen_001_ind_072,false,reducedErrorPruning,true,true,0.25,10,true,true,2,3,true,true,null,true,null,3,false,confidenceFactor,true,false,true,weka.attributeSelection.BestFirst,true,true,2,true,true,auc,CompetenceBasedAggregator,false,true,5,8,null,null,true,3,null,false,10,null,0.9817832582610789,null
gen_001_ind_073,false,null,true,null,null,null,null,true,null,null,false,false,null,true,null,6,true,reducedErrorPruning,null,false,true,null,false,true,3,true,false,null,CompetenceBasedAggregator,null,null,3,7,null,9,null,null,null,null,null,null,0.9753288962546435,null
gen_001_ind_074,true,unpruned,false,null,null,4,false,true,null,null,true,true,null,true,null,4,null,reducedErrorPruning,false,false,true,weka.attributeSelection.GreedyStepwise,true,true,null,false,false,acc,CompetenceBasedAggregator,false,true,10,7,null,10,false,null,true,true,10,false,0.9792160387917381,null
gen_001_ind_075,false,confidenceFactor,true,true,null,7,false,true,null,null,true,true,0.45,true,8,7,true,unpruned,true,true,false,weka.attributeSelection.GreedyStepwise,false,true,4,true,true,mae,RuleExtractorAggregator,false,false,4,4,2,null,false,null,true,true,7,true,0.950386002306205,null
gen_001_ind_076,true,unpruned,false,null,null,2,true,true,1,10,true,true,null,true,1,5,null,unpruned,true,true,false,weka.attributeSelection.BestFirst,false,true,null,false,true,rmse,MajorityVotingAggregator,true,true,3,10,5,null,false,null,null,false,10,null,0.9826008680504824,null
gen_001_ind_077,true,confidenceFactor,true,false,null,3,false,true,1,8,true,true,0.45,true,9,7,false,reducedErrorPruning,false,true,false,weka.attributeSelection.BestFirst,false,true,3,true,true,rmse,MajorityVotingAggregator,false,true,7,7,7,7,false,null,null,false,8,null,0.9792463384592122,null
gen_001_ind_078,false,reducedErrorPruning,false,true,null,8,true,true,null,null,true,true,null,true,6,9,null,reducedErrorPruning,true,true,false,weka.attributeSelection.GreedyStepwise,false,true,null,true,true,mae,MajorityVotingAggregator,true,false,5,8,9,4,false,2,false,false,7,false,0.9775115397210383,null
gen_001_ind_079,null,unpruned,true,null,0.15,8,true,false,2,4,true,true,null,true,null,6,false,confidenceFactor,true,null,true,weka.attributeSelection.BestFirst,true,true,3,false,false,auc,CompetenceBasedAggregator,true,false,10,null,null,null,false,null,null,true,6,null,0.9788711911325219,null
gen_001_ind_080,false,reducedErrorPruning,false,false,0.15,10,false,true,1,6,true,true,null,true,null,2,null,confidenceFactor,false,false,true,weka.attributeSelection.BestFirst,true,true,null,true,true,acc,MajorityVotingAggregator,false,true,4,2,null,null,true,10,null,true,6,null,0.9806311925333139,null
gen_001_ind_081,true,confidenceFactor,true,false,null,8,false,true,1,9,true,true,0.05,true,4,5,true,unpruned,false,true,true,weka.attributeSelection.BestFirst,true,true,6,false,false,mae,RuleExtractorAggregator,false,false,6,8,9,null,false,null,null,true,9,null,0.9048125031598995,null
gen_001_ind_082,false,confidenceFactor,false,false,null,6,true,true,null,null,true,true,0.35,true,null,6,null,reducedErrorPruning,true,false,true,weka.attributeSelection.GreedyStepwise,true,true,null,true,true,mae,MajorityVotingAggregator,true,false,9,6,null,3,true,null,false,false,8,false,0.9794267779971733,null
gen_001_ind_083,false,unpruned,true,null,null,10,true,true,0,7,true,true,null,true,5,9,true,reducedErrorPruning,false,true,false,weka.attributeSelection.BestFirst,false,true,6,true,false,auc,RuleExtractorAggregator,false,false,7,9,7,9,false,null,null,false,3,null,0.9610690896660037,null
gen_001_ind_084,true,reducedErrorPruning,null,false,null,6,false,true,1,1,true,true,null,true,2,8,null,reducedErrorPruning,false,true,false,weka.attributeSelection.BestFirst,false,false,null,null,false,mae,MajorityVotingAggregator,true,false,null,6,7,4,true,6,null,true,7,null,0.9781297007128733,null
gen_001_ind_085,null,reducedErrorPruning,true,false,null,2,false,false,null,null,true,true,null,true,null,4,true,unpruned,true,null,true,weka.attributeSelection.GreedyStepwise,false,true,9,true,true,acc,CompetenceBasedAggregator,true,false,4,null,null,null,true,7,false,true,9,false,0.9749148079500056,null
gen_001_ind_086,true,reducedErrorPruning,false,false,null,2,false,true,null,null,true,true,null,false,null,null,null,null,false,false,null,weka.attributeSelection.GreedyStepwise,null,true,null,false,null,acc,CompetenceBasedAggregator,false,false,2,4,null,null,false,9,true,true,6,false,0.9744744252229788,null
gen_001_ind_087,true,reducedErrorPruning,false,true,null,4,true,true,1,2,true,true,null,false,null,null,null,null,true,false,null,weka.attributeSelection.BestFirst,null,true,null,true,null,acc,CompetenceBasedAggregator,true,true,3,10,null,null,false,2,null,true,9,null,0.9745047138742896,null
gen_001_ind_088,false,null,true,null,null,null,null,true,null,null,false,false,null,true,8,3,false,reducedErrorPruning,null,true,false,null,false,true,10,false,false,null,MajorityVotingAggregator,null,null,10,9,6,8,null,null,null,null,null,null,0.9746889476108377,null
gen_001_ind_089,true,reducedErrorPruning,false,true,null,1,true,true,0,10,true,true,null,true,10,5,null,unpruned,true,true,true,weka.attributeSelection.BestFirst,false,true,null,false,false,auc,MajorityVotingAggregator,true,true,6,6,9,null,false,9,null,false,8,null,0.9801061685644618,null
gen_001_ind_090,false,null,false,null,null,null,null,true,null,null,false,false,null,true,null,5,null,reducedErrorPruning,null,false,true,null,false,true,null,true,true,null,CompetenceBasedAggregator,null,null,2,2,null,4,null,null,null,null,null,null,0.9725777770124443,null
gen_001_ind_091,true,null,true,null,null,10,null,true,2,3,false,true,null,true,6,10,true,unpruned,false,true,false,weka.attributeSelection.BestFirst,false,true,6,true,false,auc,RuleExtractorAggregator,null,null,7,6,6,null,null,null,null,null,null,null,0.9397963279532711,null
gen_001_ind_092,false,reducedErrorPruning,true,true,null,6,true,true,null,null,true,true,null,true,null,10,false,reducedErrorPruning,false,false,true,weka.attributeSelection.GreedyStepwise,true,true,3,false,false,mae,CompetenceBasedAggregator,false,true,7,2,null,10,true,2,false,true,10,false,0.97765869711024,null
gen_001_ind_093,false,unpruned,true,null,null,null,false,true,null,null,true,false,null,true,5,9,true,reducedErrorPruning,null,true,false,null,false,true,6,true,true,null,MajorityVotingAggregator,false,false,6,6,3,7,true,null,null,false,7,null,0.9747131849096652,null
gen_001_ind_094,true,confidenceFactor,null,true,0.45,7,false,true,null,null,true,true,0.25,true,1,3,null,confidenceFactor,false,true,false,weka.attributeSelection.GreedyStepwise,false,false,null,null,false,rmse,RuleExtractorAggregator,false,false,null,5,10,null,false,null,false,false,10,true,0.8986253294992446,null
gen_001_ind_095,true,null,true,null,null,8,null,true,null,null,false,true,null,true,null,3,true,unpruned,true,false,false,weka.attributeSelection.GreedyStepwise,false,true,6,true,false,mae,CompetenceBasedAggregator,null,null,8,8,null,null,null,null,true,null,null,false,0.9786981022745247,null
gen_001_ind_096,true,reducedErrorPruning,false,false,0.05,6,false,true,2,10,true,true,null,true,null,10,null,confidenceFactor,true,false,false,weka.attributeSelection.BestFirst,false,true,null,true,true,rmse,CompetenceBasedAggregator,true,false,6,6,null,null,true,9,null,true,3,null,0.9799643296629796,null
gen_001_ind_097,true,confidenceFactor,false,false,0.45,9,true,true,0,7,true,true,0.25,true,2,5,null,confidenceFactor,true,true,true,weka.attributeSelection.BestFirst,false,true,null,true,true,mae,CompetenceBasedAggregator,true,false,5,3,2,null,true,null,null,false,2,null,0.9808531647466074,null
gen_001_ind_098,false,unpruned,false,null,0.15,8,false,true,null,null,true,true,null,true,1,6,null,confidenceFactor,false,true,true,weka.attributeSelection.GreedyStepwise,true,true,null,false,true,rmse,CompetenceBasedAggregator,true,true,6,9,7,null,false,null,false,true,5,true,0.9823812799668634,null
gen_001_ind_099,true,unpruned,null,null,null,4,true,true,null,null,true,true,null,true,6,9,null,unpruned,false,true,true,weka.attributeSelection.GreedyStepwise,false,false,null,null,false,rmse,MajorityVotingAggregator,false,true,null,7,6,null,true,null,false,false,9,false,0.9817787781613723,null
gen_002_ind_000,false,confidenceFactor,null,false,0.25,3,false,true,null,null,true,true,0.25,true,4,2,null,confidenceFactor,true,true,false,weka.attributeSelection.GreedyStepwise,false,false,null,null,true,rmse,CompetenceBasedAggregator,true,false,null,2,10,null,true,null,true,false,9,true,0.9844089132589616,null
gen_002_ind_001,true,confidenceFactor,true,true,0.45,8,true,true,null,null,true,true,0.45,true,null,2,false,confidenceFactor,false,false,false,weka.attributeSelection.GreedyStepwise,false,true,10,true,true,auc,MajorityVotingAggregator,true,true,4,8,null,null,true,null,true,false,3,false,0.9836335237854043,null
gen_002_ind_002,false,reducedErrorPruning,false,false,0.15,6,false,true,null,null,true,true,null,true,3,8,null,confidenceFactor,true,true,true,weka.attributeSelection.GreedyStepwise,false,true,null,false,true,rmse,MajorityVotingAggregator,true,true,2,9,6,null,false,4,true,false,4,true,0.98355506087184,null
gen_002_ind_003,true,confidenceFactor,false,false,0.25,10,false,true,null,null,true,true,0.05,true,null,9,null,confidenceFactor,true,false,false,weka.attributeSelection.GreedyStepwise,false,true,null,true,true,rmse,CompetenceBasedAggregator,true,false,3,8,null,null,true,null,true,true,4,true,0.9835741907294462,null
gen_002_ind_004,false,confidenceFactor,false,false,0.35,6,true,true,null,null,true,true,0.05,true,null,8,null,confidenceFactor,true,false,false,weka.attributeSelection.GreedyStepwise,true,true,null,true,false,auc,CompetenceBasedAggregator,false,true,6,2,null,null,false,null,true,false,4,true,0.9835148802856132,null
gen_002_ind_005,false,reducedErrorPruning,false,false,0.15,6,false,true,null,null,true,true,null,true,3,8,null,confidenceFactor,true,true,true,weka.attributeSelection.GreedyStepwise,false,true,null,false,true,rmse,MajorityVotingAggregator,true,true,2,9,6,null,false,4,true,false,4,true,0.98355506087184,null
gen_002_ind_006,false,reducedErrorPruning,false,true,null,5,false,true,null,null,true,true,null,true,3,6,null,unpruned,false,true,true,weka.attributeSelection.GreedyStepwise,false,true,null,false,false,rmse,MajorityVotingAggregator,true,true,2,3,6,null,true,9,false,false,5,true,0.9833963336121002,null
gen_002_ind_007,false,confidenceFactor,false,true,null,9,true,true,null,null,true,true,0.15,true,null,2,null,unpruned,true,false,false,weka.attributeSelection.GreedyStepwise,true,true,null,true,true,rmse,CompetenceBasedAggregator,false,true,10,9,null,null,true,null,true,true,10,false,0.9832778895628461,null
gen_002_ind_008,true,confidenceFactor,false,false,0.25,10,false,true,null,null,true,true,0.05,true,null,9,null,confidenceFactor,true,false,false,weka.attributeSelection.GreedyStepwise,false,true,null,true,true,rmse,CompetenceBasedAggregator,true,false,3,8,null,null,true,null,true,true,4,true,0.9835741907294462,null
gen_002_ind_009,true,confidenceFactor,false,false,0.25,10,false,true,null,null,true,true,0.05,true,null,9,null,confidenceFactor,true,false,false,weka.attributeSelection.GreedyStepwise,false,true,null,true,true,rmse,CompetenceBasedAggregator,true,false,3,8,null,null,true,null,true,true,4,true,0.9835741907294462,null
gen_002_ind_010,false,reducedErrorPruning,true,true,0.25,5,false,true,null,null,true,true,null,true,9,10,true,confidenceFactor,false,true,false,weka.attributeSelection.GreedyStepwise,true,true,8,false,true,mae,CompetenceBasedAggregator,true,true,10,5,2,null,true,6,true,false,7,false,0.979346045174155,null
gen_002_ind_011,false,confidenceFactor,true,false,null,4,false,true,0,1,true,true,0.45,true,5,8,true,reducedErrorPruning,true,true,true,weka.attributeSelection.BestFirst,true,true,10,false,true,auc,CompetenceBasedAggregator,false,false,6,5,4,3,false,null,null,false,5,null,0.9794576760162584,null
gen_002_ind_012,true,unpruned,true,null,null,4,false,true,2,7,true,true,null,true,2,3,false,unpruned,true,true,true,weka.attributeSelection.BestFirst,true,true,10,false,true,rmse,RuleExtractorAggregator,true,true,8,3,8,null,true,null,null,false,2,null,0.9202932902752095,null
gen_002_ind_013,false,reducedErrorPruning,true,true,null,10,false,true,null,null,true,true,null,true,null,2,false,unpruned,false,false,false,weka.attributeSelection.GreedyStepwise,true,true,5,true,false,rmse,RuleExtractorAggregator,true,false,3,8,null,null,true,6,true,true,5,true,0.8997232983274449,null
gen_002_ind_014,false,unpruned,false,null,null,7,true,true,null,null,true,true,null,true,null,5,null,reducedErrorPruning,true,false,true,weka.attributeSelection.GreedyStepwise,true,true,null,false,false,acc,MajorityVotingAggregator,true,true,3,6,null,7,true,null,false,false,4,true,0.9827918291840664,null
gen_002_ind_015,true,confidenceFactor,false,false,0.35,10,true,true,null,null,true,true,0.35,true,2,6,null,confidenceFactor,true,true,false,weka.attributeSelection.GreedyStepwise,true,true,null,false,true,auc,RuleExtractorAggregator,true,true,6,2,6,null,false,null,false,true,6,false,0.970183808744561,null
gen_002_ind_016,null,unpruned,null,null,0.05,5,true,false,null,null,true,true,null,true,null,8,null,confidenceFactor,false,null,false,weka.attributeSelection.GreedyStepwise,true,false,null,null,true,acc,MajorityVotingAggregator,false,true,null,null,null,null,false,null,false,true,5,false,0.9761999373354243,null
gen_002_ind_017,true,reducedErrorPruning,false,true,null,8,false,true,null,null,true,true,null,true,5,10,null,reducedErrorPruning,false,true,true,weka.attributeSelection.GreedyStepwise,false,true,null,true,false,mae,MajorityVotingAggregator,false,false,5,6,3,7,true,10,true,true,8,false,0.9783989757519169,null
gen_002_ind_018,true,reducedErrorPruning,false,false,null,6,true,true,null,null,true,true,null,true,4,8,null,unpruned,false,true,true,weka.attributeSelection.GreedyStepwise,true,true,null,true,true,rmse,RuleExtractorAggregator,true,true,4,6,8,null,true,9,false,false,7,true,0.9288721373629765,null
gen_002_ind_019,true,null,true,null,null,1,null,true,null,null,false,true,null,false,7,null,true,null,false,true,null,weka.attributeSelection.GreedyStepwise,null,true,4,false,null,mae,CompetenceBasedAggregator,null,null,7,10,3,null,null,null,true,null,null,false,0.9643708350205458,null
gen_002_ind_020,true,unpruned,false,null,null,8,true,true,null,null,true,true,null,true,10,9,null,unpruned,true,true,true,weka.attributeSelection.GreedyStepwise,true,true,null,true,false,mae,CompetenceBasedAggregator,false,false,5,9,6,null,false,null,false,false,10,true,0.9819951680788229,null
gen_002_ind_021,false,reducedErrorPruning,false,false,0.45,4,true,true,null,null,true,true,null,true,null,7,null,confidenceFactor,true,false,true,weka.attributeSelection.GreedyStepwise,false,true,null,false,false,mae,CompetenceBasedAggregator,true,true,5,5,null,null,false,3,true,true,8,true,0.9830247363890082,null
gen_002_ind_022,true,unpruned,true,null,0.25,null,false,true,null,null,true,false,null,true,5,2,false,confidenceFactor,null,true,true,null,false,true,10,true,true,null,MajorityVotingAggregator,true,true,9,5,9,null,true,null,null,false,8,null,0.9781516350537567,null
gen_002_ind_023,null,confidenceFactor,false,true,null,8,true,false,null,null,true,true,0.45,true,null,4,null,reducedErrorPruning,true,null,true,weka.attributeSelection.GreedyStepwise,true,true,null,false,false,mae,CompetenceBasedAggregator,false,false,7,null,null,9,true,null,true,false,2,false,0.9748786586997774,null
gen_002_ind_024,false,confidenceFactor,true,false,0.35,3,false,true,1,9,true,true,0.05,true,null,10,false,confidenceFactor,true,false,true,weka.attributeSelection.BestFirst,false,true,7,true,true,rmse,CompetenceBasedAggregator,true,false,4,4,null,null,false,null,null,true,10,null,0.981657129568171,null
gen_002_ind_025,true,confidenceFactor,false,false,null,4,true,true,null,null,true,true,0.45,true,null,4,null,reducedErrorPruning,true,false,false,weka.attributeSelection.GreedyStepwise,true,true,null,false,false,rmse,CompetenceBasedAggregator,false,true,6,6,null,4,true,null,true,false,2,false,0.9815793699496689,null
gen_002_ind_026,true,confidenceFactor,true,true,0.15,10,true,true,0,9,true,true,0.05,true,6,3,false,confidenceFactor,false,true,false,weka.attributeSelection.BestFirst,false,true,8,true,true,auc,MajorityVotingAggregator,false,false,10,2,5,null,false,null,null,true,5,null,0.9825785040792272,null
gen_002_ind_027,false,confidenceFactor,true,true,null,5,false,true,null,null,true,true,0.25,true,null,2,true,unpruned,true,false,true,weka.attributeSelection.GreedyStepwise,false,true,7,true,true,rmse,RuleExtractorAggregator,false,true,7,6,null,null,false,null,true,true,4,true,0.9476630740058898,null
gen_002_ind_028,true,confidenceFactor,false,true,0.25,10,true,true,null,null,true,true,0.15,true,8,3,null,confidenceFactor,false,true,true,weka.attributeSelection.GreedyStepwise,true,true,null,false,false,rmse,CompetenceBasedAggregator,true,false,9,8,8,null,false,null,true,false,9,true,0.9802526133818322,null
gen_002_ind_029,true,unpruned,false,null,null,1,false,true,2,10,true,true,null,true,6,6,null,reducedErrorPruning,false,true,true,weka.attributeSelection.BestFirst,true,true,null,false,false,rmse,RuleExtractorAggregator,false,true,2,2,8,4,true,null,null,false,8,null,0.9287183059181613,null
gen_002_ind_030,true,reducedErrorPruning,false,true,null,null,false,true,null,null,true,false,null,true,null,8,null,unpruned,null,false,false,null,false,true,null,false,true,null,MajorityVotingAggregator,true,true,8,6,null,null,false,6,null,true,6,null,0.9795998935258821,null
gen_002_ind_031,true,unpruned,null,null,0.35,5,false,true,null,null,true,true,null,true,3,6,null,confidenceFactor,true,true,false,weka.attributeSelection.GreedyStepwise,false,false,null,null,true,acc,MajorityVotingAggregator,false,true,null,2,7,null,false,null,false,true,2,true,0.9797875121235776,null
gen_002_ind_032,true,confidenceFactor,false,true,null,1,false,true,2,4,true,true,0.15,true,7,3,null,unpruned,true,true,true,weka.attributeSelection.BestFirst,true,true,null,false,true,mae,RuleExtractorAggregator,true,true,4,4,2,null,false,null,null,true,5,null,0.9194413048378814,null
gen_002_ind_033,true,confidenceFactor,null,true,null,null,false,true,null,null,true,false,0.45,true,null,7,null,reducedErrorPruning,null,false,true,null,true,false,null,null,true,null,MajorityVotingAggregator,true,true,null,6,null,9,true,null,null,false,5,null,0.9780397235893862,null
gen_002_ind_034,false,null,false,null,null,8,null,true,null,null,false,true,null,true,7,9,null,reducedErrorPruning,false,true,true,weka.attributeSelection.GreedyStepwise,false,true,null,true,false,acc,CompetenceBasedAggregator,null,null,4,6,7,4,null,null,false,null,null,true,0.9763821116292186,null
gen_002_ind_035,false,confidenceFactor,false,true,null,3,false,true,1,7,true,true,0.25,true,null,8,null,unpruned,true,false,true,weka.attributeSelection.BestFirst,false,true,null,false,false,rmse,CompetenceBasedAggregator,true,false,3,4,null,null,false,null,null,true,8,null,0.9815282033495631,null
gen_002_ind_036,true,confidenceFactor,false,false,null,5,false,true,null,null,true,true,0.35,false,null,null,null,null,true,false,null,weka.attributeSelection.GreedyStepwise,null,true,null,true,null,rmse,MajorityVotingAggregator,false,true,2,7,null,null,false,null,true,false,3,true,0.9777265891453452,null
gen_002_ind_037,false,confidenceFactor,null,false,null,3,true,true,1,6,true,true,0.45,true,4,2,null,unpruned,false,true,true,weka.attributeSelection.BestFirst,true,false,null,null,true,acc,CompetenceBasedAggregator,true,true,null,2,7,null,true,null,null,false,4,null,0.9812729698602407,null
gen_002_ind_038,false,unpruned,false,null,0.15,7,true,true,null,null,true,true,null,true,null,4,null,confidenceFactor,false,false,true,weka.attributeSelection.GreedyStepwise,false,true,null,true,false,auc,MajorityVotingAggregator,false,true,2,6,null,null,false,null,false,true,3,false,0.9821087429838636,null
gen_002_ind_039,true,unpruned,true,null,0.45,1,true,true,2,6,true,true,null,true,null,4,true,confidenceFactor,true,false,false,weka.attributeSelection.BestFirst,true,true,2,false,false,acc,MajorityVotingAggregator,false,true,8,8,null,null,false,null,null,true,2,null,0.9807223130186005,null
gen_002_ind_040,false,confidenceFactor,false,false,null,null,false,true,null,null,true,false,0.25,true,null,10,null,reducedErrorPruning,null,false,false,null,true,true,null,true,false,null,RuleExtractorAggregator,true,false,9,4,null,10,true,null,null,true,3,null,0.9679794959050023,null
gen_002_ind_041,true,unpruned,true,null,null,5,true,true,null,null,true,true,null,true,null,6,false,reducedErrorPruning,true,false,false,weka.attributeSelection.GreedyStepwise,true,true,7,false,true,acc,CompetenceBasedAggregator,false,true,2,5,null,4,true,null,true,false,7,true,0.9824159785623141,null
gen_002_ind_042,false,reducedErrorPruning,true,true,null,10,true,true,null,null,true,true,null,true,3,3,false,unpruned,true,true,true,weka.attributeSelection.GreedyStepwise,true,true,8,true,false,acc,MajorityVotingAggregator,false,true,7,6,2,null,false,10,true,true,5,true,0.9797519797784986,null
gen_002_ind_043,false,null,true,null,null,7,null,true,null,null,false,true,null,true,5,5,false,reducedErrorPruning,true,true,true,weka.attributeSelection.GreedyStepwise,true,true,8,false,false,auc,MajorityVotingAggregator,null,null,10,5,7,3,null,null,false,null,null,true,0.9800369656059145,null
gen_002_ind_044,false,unpruned,true,null,0.05,null,false,true,null,null,true,false,null,true,5,10,true,confidenceFactor,null,true,false,null,true,true,10,false,false,null,MajorityVotingAggregator,true,false,10,4,5,null,true,null,null,true,4,null,0.979437322204921,null
gen_002_ind_045,false,null,true,null,0.35,3,null,true,2,8,false,true,null,true,null,2,false,confidenceFactor,true,false,false,weka.attributeSelection.BestFirst,true,true,3,false,true,rmse,RuleExtractorAggregator,null,null,4,7,null,null,null,null,null,null,null,null,0.9056904107892537,null
gen_002_ind_046,true,unpruned,false,null,0.35,6,true,true,2,3,true,true,null,true,null,8,null,confidenceFactor,false,false,true,weka.attributeSelection.BestFirst,false,true,null,true,true,rmse,RuleExtractorAggregator,true,false,4,5,null,null,false,null,null,false,7,null,0.9553022400382571,null
gen_002_ind_047,false,confidenceFactor,false,false,null,10,false,true,2,6,true,true,0.25,true,null,7,null,reducedErrorPruning,true,false,true,weka.attributeSelection.BestFirst,true,true,null,false,false,mae,CompetenceBasedAggregator,false,true,8,10,null,9,true,null,null,false,2,null,0.9793020605327742,null
gen_002_ind_048,false,reducedErrorPruning,null,true,null,3,false,true,1,10,true,true,null,true,null,2,null,unpruned,false,false,true,weka.attributeSelection.BestFirst,true,false,null,null,true,mae,CompetenceBasedAggregator,true,false,null,3,null,null,true,7,null,true,7,null,0.9796428826539725,null
gen_002_ind_049,true,confidenceFactor,true,false,0.25,8,true,true,null,null,true,true,0.35,true,3,10,true,confidenceFactor,false,true,false,weka.attributeSelection.GreedyStepwise,true,true,4,true,true,acc,RuleExtractorAggregator,false,false,5,5,6,null,true,null,true,true,4,true,0.8964990412459072,null
gen_002_ind_050,true,unpruned,false,null,0.15,6,false,true,null,null,true,true,null,true,7,9,null,confidenceFactor,true,true,true,weka.attributeSelection.GreedyStepwise,false,true,null,false,false,acc,MajorityVotingAggregator,false,true,5,6,5,null,false,null,true,true,3,false,0.9816433303740439,null
gen_002_ind_051,false,confidenceFactor,false,false,null,8,true,true,0,1,true,true,0.15,true,1,2,null,unpruned,true,true,true,weka.attributeSelection.BestFirst,true,true,null,true,false,mae,CompetenceBasedAggregator,true,true,2,5,7,null,true,null,null,true,7,null,0.981648948037569,null
gen_002_ind_052,false,confidenceFactor,false,true,null,4,false,true,null,null,true,true,0.15,true,8,2,null,unpruned,true,true,false,weka.attributeSelection.GreedyStepwise,false,true,null,true,true,auc,MajorityVotingAggregator,true,false,2,8,10,null,true,null,true,true,3,true,0.9840246665813204,null
gen_002_ind_053,false,null,true,null,null,5,null,true,1,10,false,true,null,false,2,null,false,null,true,true,null,weka.attributeSelection.BestFirst,null,true,4,true,null,rmse,RuleExtractorAggregator,null,null,5,4,10,null,null,null,null,null,null,null,0.952364241440905,null
gen_002_ind_054,true,confidenceFactor,null,true,null,6,true,true,null,null,true,true,0.05,true,null,10,null,reducedErrorPruning,true,false,true,weka.attributeSelection.GreedyStepwise,false,false,null,null,false,mae,CompetenceBasedAggregator,false,true,null,9,null,7,false,null,true,true,6,true,0.9779019971956326,null
gen_002_ind_055,false,unpruned,false,null,null,4,true,true,0,2,true,true,null,true,null,5,null,reducedErrorPruning,false,false,false,weka.attributeSelection.BestFirst,true,true,null,false,false,rmse,MajorityVotingAggregator,false,false,6,5,null,8,true,null,null,true,10,null,0.9822526685786087,null
gen_002_ind_056,true,unpruned,true,null,0.05,10,true,true,null,null,true,true,null,true,null,5,false,confidenceFactor,true,false,true,weka.attributeSelection.GreedyStepwise,false,true,4,true,false,rmse,CompetenceBasedAggregator,false,false,4,7,null,null,true,null,true,true,5,false,0.9825703619748942,null
gen_002_ind_057,true,reducedErrorPruning,false,true,null,10,false,true,null,null,true,true,null,true,null,10,null,unpruned,true,false,true,weka.attributeSelection.GreedyStepwise,true,true,null,true,true,acc,CompetenceBasedAggregator,false,true,3,7,null,null,false,5,false,true,9,false,0.9809824260885014,null
gen_002_ind_058,false,confidenceFactor,false,true,0.45,1,false,true,1,9,true,true,0.35,true,2,7,null,confidenceFactor,false,true,false,weka.attributeSelection.BestFirst,false,true,null,true,false,mae,MajorityVotingAggregator,true,false,10,8,10,null,true,null,null,false,4,null,0.9829716651522341,null
gen_002_ind_059,true,unpruned,false,null,null,3,true,true,1,7,true,true,null,true,10,9,null,reducedErrorPruning,false,true,true,weka.attributeSelection.BestFirst,false,true,null,false,false,mae,MajorityVotingAggregator,true,false,6,2,2,8,true,null,null,true,10,null,0.9792061196063123,null
gen_002_ind_060,false,confidenceFactor,null,false,null,4,true,true,1,8,true,true,0.05,true,null,8,null,unpruned,true,false,false,weka.attributeSelection.BestFirst,false,false,null,null,false,rmse,MajorityVotingAggregator,false,true,null,7,null,null,false,null,null,false,3,null,0.9811079454136348,null
gen_002_ind_061,true,confidenceFactor,true,true,null,3,false,true,null,null,true,true,0.35,true,null,5,true,reducedErrorPruning,false,false,false,weka.attributeSelection.GreedyStepwise,true,true,9,false,false,auc,CompetenceBasedAggregator,false,true,7,8,null,5,true,null,false,true,3,false,0.9799918950027436,null
gen_002_ind_062,true,reducedErrorPruning,true,true,0.05,6,false,true,1,1,true,true,null,true,8,6,false,confidenceFactor,false,true,false,weka.attributeSelection.BestFirst,false,true,10,false,true,auc,RuleExtractorAggregator,true,false,7,5,7,null,false,5,null,true,9,null,0.9403130097874552,null
gen_002_ind_063,false,confidenceFactor,false,true,0.25,null,false,true,null,null,true,false,0.25,true,3,6,null,confidenceFactor,null,true,true,null,true,true,null,false,true,null,MajorityVotingAggregator,false,false,10,5,4,null,false,null,null,true,2,null,0.979418409771592,null
gen_002_ind_064,true,null,true,null,null,9,null,true,1,1,false,true,null,true,null,5,false,unpruned,true,false,true,weka.attributeSelection.BestFirst,true,true,8,false,false,acc,MajorityVotingAggregator,null,null,9,5,null,null,null,null,null,null,null,null,0.9779789126281411,null
gen_002_ind_065,true,reducedErrorPruning,null,false,null,null,true,true,null,null,true,false,null,true,null,4,null,reducedErrorPruning,null,false,true,null,true,false,null,null,false,null,CompetenceBasedAggregator,false,false,null,7,null,9,true,7,null,false,5,null,0.9742894290519653,null
gen_002_ind_066,true,reducedErrorPruning,true,false,null,null,true,true,null,null,true,false,null,true,null,10,true,unpruned,null,false,true,null,true,true,9,true,false,null,RuleExtractorAggregator,true,false,9,3,null,null,true,6,null,false,6,null,0.9557490834552069,null
gen_002_ind_067,true,confidenceFactor,true,false,null,9,false,true,2,2,true,true,0.15,true,8,4,false,reducedErrorPruning,false,true,false,weka.attributeSelection.BestFirst,false,true,9,true,false,rmse,MajorityVotingAggregator,false,true,8,3,4,2,true,null,null,true,6,null,0.9795509962554322,null
gen_002_ind_068,true,unpruned,true,null,null,10,true,true,1,7,true,true,null,true,1,3,false,unpruned,true,true,true,weka.attributeSelection.BestFirst,false,true,2,true,true,auc,MajorityVotingAggregator,false,false,6,7,8,null,true,null,null,true,7,null,0.9818081205822287,null
gen_002_ind_069,false,reducedErrorPruning,false,true,0.15,8,false,true,0,4,true,true,null,true,null,4,null,confidenceFactor,true,false,false,weka.attributeSelection.BestFirst,true,true,null,true,false,mae,MajorityVotingAggregator,true,true,10,4,null,null,false,9,null,true,9,null,0.9818348324592299,null
gen_002_ind_070,false,reducedErrorPruning,null,false,0.25,1,false,true,null,null,true,true,null,true,null,9,null,confidenceFactor,false,false,true,weka.attributeSelection.GreedyStepwise,true,false,null,null,true,acc,MajorityVotingAggregator,false,true,null,2,null,null,true,10,true,true,9,true,0.9778521438381611,null
gen_002_ind_071,false,confidenceFactor,true,false,null,8,false,true,null,null,true,true,0.35,true,null,2,true,unpruned,false,false,false,weka.attributeSelection.GreedyStepwise,true,true,4,false,true,acc,MajorityVotingAggregator,true,true,5,10,null,null,true,null,false,true,3,true,0.9804319420266865,null
gen_002_ind_072,null,confidenceFactor,true,false,null,7,false,false,null,null,true,true,0.45,true,null,8,false,unpruned,false,null,true,weka.attributeSelection.GreedyStepwise,true,true,4,false,false,auc,RuleExtractorAggregator,false,false,4,null,null,null,false,null,true,true,3,false,0.9311687140496205,null
gen_002_ind_073,true,confidenceFactor,null,false,0.05,7,true,true,0,10,true,true,0.45,true,null,5,null,confidenceFactor,true,false,true,weka.attributeSelection.BestFirst,false,false,null,null,false,acc,MajorityVotingAggregator,false,false,null,7,null,null,false,null,null,false,2,null,0.9797705585380367,null
gen_002_ind_074,false,unpruned,false,null,0.15,null,true,true,null,null,true,false,null,true,2,5,null,confidenceFactor,null,true,true,null,false,true,null,false,false,null,CompetenceBasedAggregator,true,true,5,10,4,null,false,null,null,true,9,null,0.9775049219058382,null
gen_002_ind_075,false,confidenceFactor,true,true,null,3,true,true,2,2,true,true,0.05,true,9,8,true,reducedErrorPruning,true,true,false,weka.attributeSelection.BestFirst,true,true,9,true,false,rmse,CompetenceBasedAggregator,false,true,7,4,4,6,false,null,null,true,6,null,0.9795362177823603,null
gen_002_ind_076,false,reducedErrorPruning,false,true,0.25,8,true,true,null,null,true,true,null,true,7,4,null,confidenceFactor,true,true,true,weka.attributeSelection.GreedyStepwise,false,true,null,true,true,rmse,RuleExtractorAggregator,true,true,4,9,4,null,true,8,true,false,9,true,0.9402718029586399,null
gen_002_ind_077,false,unpruned,false,null,null,9,false,true,null,null,true,true,null,true,8,5,null,reducedErrorPruning,true,true,false,weka.attributeSelection.GreedyStepwise,false,true,null,false,false,auc,CompetenceBasedAggregator,true,true,2,6,9,9,false,null,true,false,7,true,0.9813439458412938,null
gen_002_ind_078,true,unpruned,false,null,0.15,null,false,true,null,null,true,false,null,true,null,3,null,confidenceFactor,null,false,false,null,true,true,null,true,true,null,MajorityVotingAggregator,true,true,4,6,null,null,false,null,null,true,3,null,0.9817784557936438,null
gen_002_ind_079,true,reducedErrorPruning,true,false,null,4,false,true,1,7,true,true,null,false,null,null,true,null,false,false,null,weka.attributeSelection.BestFirst,null,true,8,true,null,mae,RuleExtractorAggregator,false,true,6,9,null,null,false,7,null,true,7,null,0.9516879464155259,null
gen_002_ind_080,true,unpruned,false,null,0.25,2,true,true,1,1,true,true,null,true,null,8,null,confidenceFactor,false,false,false,weka.attributeSelection.BestFirst,true,true,null,false,true,acc,RuleExtractorAggregator,false,true,2,7,null,null,false,null,null,true,8,null,0.9249152920813962,null
gen_002_ind_081,false,reducedErrorPruning,false,false,null,8,false,true,1,9,true,true,null,false,1,null,null,null,false,true,null,weka.attributeSelection.BestFirst,null,true,null,true,null,auc,MajorityVotingAggregator,false,false,6,10,8,null,false,10,null,false,10,null,0.9726352697893199,null
gen_002_ind_082,null,null,true,null,null,5,null,false,2,9,false,true,null,true,null,4,true,unpruned,false,null,true,weka.attributeSelection.BestFirst,true,true,3,false,false,rmse,MajorityVotingAggregator,null,null,10,null,null,null,null,null,null,null,null,null,0.9691987903788771,null
gen_002_ind_083,false,confidenceFactor,true,true,null,10,true,true,1,3,true,true,0.25,true,2,7,false,unpruned,false,true,true,weka.attributeSelection.BestFirst,true,true,4,false,false,auc,MajorityVotingAggregator,false,false,7,4,4,null,true,null,null,true,8,null,0.9823535859119273,null
gen_002_ind_084,false,confidenceFactor,true,true,null,5,true,true,null,null,true,true,0.15,true,null,5,false,unpruned,true,false,true,weka.attributeSelection.GreedyStepwise,true,true,8,true,false,acc,MajorityVotingAggregator,true,true,3,4,null,null,true,null,false,true,9,false,0.9826108794238013,null
gen_002_ind_085,true,unpruned,true,null,null,2,false,true,2,7,true,true,null,true,6,7,true,reducedErrorPruning,true,true,true,weka.attributeSelection.BestFirst,false,true,3,false,false,auc,MajorityVotingAggregator,false,true,3,9,2,5,false,null,null,true,4,null,0.9789510096139796,null
gen_002_ind_086,null,reducedErrorPruning,false,true,null,1,true,false,0,9,true,true,null,true,null,8,null,unpruned,false,null,true,weka.attributeSelection.BestFirst,false,true,null,true,true,rmse,CompetenceBasedAggregator,false,true,4,null,null,null,false,5,null,false,5,null,0.9771098069133266,null
gen_002_ind_087,true,reducedErrorPruning,false,false,null,1,true,true,2,3,true,true,null,true,null,10,null,reducedErrorPruning,false,false,true,weka.attributeSelection.BestFirst,false,true,null,false,true,acc,CompetenceBasedAggregator,false,true,2,5,null,5,true,8,null,false,4,null,0.9812354888138397,null
gen_002_ind_088,false,null,false,null,null,10,null,true,1,6,false,true,null,true,null,7,null,reducedErrorPruning,false,false,false,weka.attributeSelection.BestFirst,true,true,null,true,true,auc,CompetenceBasedAggregator,null,null,9,6,null,10,null,null,null,null,null,null,0.9774290709825907,null
gen_002_ind_089,true,confidenceFactor,true,false,0.05,3,false,true,null,null,true,true,0.35,true,null,6,false,confidenceFactor,true,false,true,weka.attributeSelection.GreedyStepwise,false,true,5,false,true,rmse,MajorityVotingAggregator,false,true,9,4,null,null,false,null,false,false,4,false,0.9807710473657918,null
gen_002_ind_090,true,confidenceFactor,true,true,null,null,true,true,null,null,true,false,0.35,true,null,10,true,reducedErrorPruning,null,false,false,null,true,true,7,true,true,null,CompetenceBasedAggregator,false,true,5,10,null,3,false,null,null,false,9,null,0.973980470313643,null
gen_002_ind_091,false,reducedErrorPruning,true,true,0.35,10,true,true,null,null,true,true,null,true,1,7,false,confidenceFactor,true,true,true,weka.attributeSelection.GreedyStepwise,true,true,2,true,true,auc,MajorityVotingAggregator,false,false,4,2,6,null,true,9,false,true,5,true,0.9825581444699092,null
gen_002_ind_092,true,confidenceFactor,true,true,null,1,true,true,1,3,true,true,0.15,false,null,null,true,null,false,false,null,weka.attributeSelection.BestFirst,null,true,8,false,null,rmse,CompetenceBasedAggregator,true,false,2,10,null,null,false,null,null,false,5,null,0.9736451574337301,null
gen_002_ind_093,false,confidenceFactor,false,false,null,7,false,true,null,null,true,true,0.15,false,null,null,null,null,true,false,null,weka.attributeSelection.GreedyStepwise,null,true,null,false,null,acc,MajorityVotingAggregator,true,false,9,7,null,null,false,null,false,false,4,true,0.9749863266220548,null
gen_002_ind_094,true,reducedErrorPruning,null,false,null,1,false,true,null,null,true,true,null,true,null,5,null,reducedErrorPruning,true,false,false,weka.attributeSelection.GreedyStepwise,false,false,null,null,true,rmse,MajorityVotingAggregator,false,true,null,10,null,4,false,4,false,false,4,false,0.981494398222942,null
gen_002_ind_095,false,unpruned,false,null,null,4,true,true,1,8,true,true,null,true,null,3,null,unpruned,false,false,false,weka.attributeSelection.BestFirst,true,true,null,false,true,acc,MajorityVotingAggregator,false,false,7,4,null,null,true,null,null,false,9,null,0.9831423977108644,null
gen_002_ind_096,true,confidenceFactor,true,true,null,6,false,true,null,null,true,true,0.05,true,null,6,true,reducedErrorPruning,true,false,true,weka.attributeSelection.GreedyStepwise,false,true,6,true,false,auc,MajorityVotingAggregator,false,false,5,4,null,7,false,null,true,true,8,true,0.9801063262695374,null
gen_002_ind_097,true,confidenceFactor,true,false,0.45,2,false,true,null,null,true,true,0.05,true,null,3,false,confidenceFactor,false,false,false,weka.attributeSelection.GreedyStepwise,true,true,9,false,false,auc,CompetenceBasedAggregator,false,true,8,5,null,null,false,null,false,false,10,false,0.9811282545805208,null
gen_002_ind_098,false,unpruned,true,null,null,1,false,true,2,9,true,true,null,true,null,8,true,unpruned,false,false,true,weka.attributeSelection.BestFirst,true,true,6,true,false,acc,MajorityVotingAggregator,false,true,5,4,null,null,false,null,null,false,8,null,0.98013045978451,null
gen_002_ind_099,false,unpruned,false,null,null,10,true,true,null,null,true,true,null,false,null,null,null,null,false,false,null,weka.attributeSelection.GreedyStepwise,null,true,null,false,null,auc,MajorityVotingAggregator,true,false,7,10,null,null,false,null,true,false,10,true,0.9777743532004621,null
