gen,nevals,min,median,max,currentGenBestValFitness,currentGenBestTestFitness,lap time (seconds),discarded individuals (including burn-in),GM connections,GM mean heuristic,sampling order
0,100,0.75392857,0.89450893,0.95705357,0.96190476,0.88412698,0005,0034,0035,0.00000000,"DecisionTable,DecisionTable_search,Aggregator,BestFirst_direction,J48,DecisionTable_useIBk,BestFirst_searchTermination,DecisionTable_crossVal,J48_pruning,JRip,J48_minNumObj,PART,PART_binarySplits,GreedyStepwise_searchBackwards,J48_collapseTree,SimpleCart,DecisionTable_evaluationMeasure,J48_binarySplits,J48_confidenceFactorValue,SimpleCart_minNumObj,PART_pruning,PART_confidenceFactorValue,J48_subtreeRaising,GreedyStepwise_conservativeForwardSelection,PART_doNotMakeSplitPointActualValue,J48_doNotMakeSplitPointActualValue,PART_useMDLcorrection,J48_numFolds,PART_minNumObj,JRip_checkErrorRate,J48_useLaplace,SimpleCart_usePrune,J48_useMDLcorrection,JRip_usePruning,JRip_minNo,JRip_folds,PART_numFolds,SimpleCart_heuristic,SimpleCart_numFoldsPruning,SimpleCart_useOneSE,JRip_optimizations"
1,90,0.74112351,0.89818452,0.95705357,0.96190476,0.88412698,0004,0034,0035,0.00000000,"J48,J48_binarySplits,J48_minNumObj,JRip,Aggregator,J48_doNotMakeSplitPointActualValue,PART,PART_minNumObj,SimpleCart,PART_binarySplits,DecisionTable,J48_useLaplace,J48_pruning,J48_collapseTree,JRip_minNo,J48_subtreeRaising,JRip_checkErrorRate,J48_useMDLcorrection,JRip_usePruning,DecisionTable_evaluationMeasure,SimpleCart_minNumObj,DecisionTable_crossVal,DecisionTable_useIBk,SimpleCart_heuristic,PART_doNotMakeSplitPointActualValue,DecisionTable_search,SimpleCart_usePrune,J48_confidenceFactorValue,PART_useMDLcorrection,PART_pruning,JRip_optimizations,BestFirst_direction,BestFirst_searchTermination,JRip_folds,J48_numFolds,GreedyStepwise_conservativeForwardSelection,SimpleCart_numFoldsPruning,PART_confidenceFactorValue,GreedyStepwise_searchBackwards,SimpleCart_useOneSE,PART_numFolds"
2,90,0.71465030,0.90308036,0.95705357,0.96190476,0.88412698,0004,0034,0035,0.00000000,"Aggregator,DecisionTable,J48,J48_minNumObj,J48_collapseTree,J48_doNotMakeSplitPointActualValue,J48_binarySplits,J48_useMDLcorrection,JRip,J48_useLaplace,SimpleCart,DecisionTable_useIBk,DecisionTable_evaluationMeasure,DecisionTable_search,JRip_minNo,SimpleCart_usePrune,GreedyStepwise_searchBackwards,PART,DecisionTable_crossVal,SimpleCart_heuristic,PART_minNumObj,JRip_checkErrorRate,JRip_usePruning,SimpleCart_minNumObj,J48_pruning,BestFirst_direction,J48_numFolds,PART_doNotMakeSplitPointActualValue,J48_subtreeRaising,PART_pruning,J48_confidenceFactorValue,PART_binarySplits,SimpleCart_useOneSE,PART_confidenceFactorValue,JRip_folds,GreedyStepwise_conservativeForwardSelection,SimpleCart_numFoldsPruning,JRip_optimizations,PART_useMDLcorrection,BestFirst_searchTermination,PART_numFolds"
3,90,0.76866815,0.89688988,0.95705357,0.96190476,0.88412698,0004,0035,0035,0.00000000,"Aggregator,J48,J48_binarySplits,DecisionTable,DecisionTable_evaluationMeasure,DecisionTable_crossVal,DecisionTable_useIBk,J48_pruning,J48_minNumObj,JRip,J48_numFolds,SimpleCart,J48_doNotMakeSplitPointActualValue,J48_useLaplace,SimpleCart_minNumObj,PART,J48_useMDLcorrection,JRip_checkErrorRate,J48_subtreeRaising,JRip_usePruning,J48_collapseTree,DecisionTable_search,J48_confidenceFactorValue,SimpleCart_usePrune,BestFirst_searchTermination,JRip_minNo,JRip_optimizations,PART_minNumObj,SimpleCart_heuristic,PART_binarySplits,PART_doNotMakeSplitPointActualValue,JRip_folds,SimpleCart_useOneSE,GreedyStepwise_conservativeForwardSelection,PART_useMDLcorrection,PART_pruning,SimpleCart_numFoldsPruning,BestFirst_direction,GreedyStepwise_searchBackwards,PART_confidenceFactorValue,PART_numFolds"
4,90,0.62160714,0.92589286,0.96279762,0.95238095,0.93518519,0004,0110,0072,0.52363016,"SimpleCart,JRip,JRip_checkErrorRate,SimpleCart_usePrune,SimpleCart_useOneSE,SimpleCart_numFoldsPruning,SimpleCart_minNumObj,PART,PART_useMDLcorrection,PART_pruning,PART_numFolds,PART_minNumObj,BestFirst_direction,J48_pruning,J48_numFolds,J48_subtreeRaising,DecisionTable_crossVal,J48,J48_minNumObj,J48_doNotMakeSplitPointActualValue,J48_confidenceFactorValue,J48_binarySplits,DecisionTable,DecisionTable_evaluationMeasure,DecisionTable_search,GreedyStepwise_conservativeForwardSelection,J48_collapseTree,J48_useLaplace,GreedyStepwise_searchBackwards,BestFirst_searchTermination,DecisionTable_useIBk,SimpleCart_heuristic,JRip_usePruning,JRip_optimizations,Aggregator,PART_binarySplits,J48_useMDLcorrection,JRip_minNo,PART_confidenceFactorValue,PART_doNotMakeSplitPointActualValue,JRip_folds"
5,90,0.82665179,0.93056548,0.96279762,0.95238095,0.93518519,0003,0059,0072,0.52363016,"JRip,SimpleCart,JRip_usePruning,SimpleCart_heuristic,SimpleCart_usePrune,JRip_optimizations,Aggregator,J48_useMDLcorrection,J48_collapseTree,BestFirst_direction,J48_doNotMakeSplitPointActualValue,PART_binarySplits,JRip_folds,SimpleCart_useOneSE,JRip_checkErrorRate,SimpleCart_numFoldsPruning,SimpleCart_minNumObj,PART,PART_useMDLcorrection,DecisionTable_crossVal,J48,J48_pruning,J48_numFolds,PART_doNotMakeSplitPointActualValue,PART_pruning,PART_numFolds,J48_binarySplits,JRip_minNo,PART_confidenceFactorValue,PART_minNumObj,J48_minNumObj,J48_subtreeRaising,J48_confidenceFactorValue,DecisionTable,DecisionTable_search,GreedyStepwise_conservativeForwardSelection,DecisionTable_evaluationMeasure,BestFirst_searchTermination,DecisionTable_useIBk,GreedyStepwise_searchBackwards,J48_useLaplace"
6,90,0.77435268,0.93607143,0.96443452,0.94047619,0.84920635,0003,0034,0072,0.52363016,"SimpleCart,JRip,JRip_checkErrorRate,JRip_minNo,PART_doNotMakeSplitPointActualValue,PART_pruning,PART_confidenceFactorValue,PART_numFolds,SimpleCart_heuristic,JRip_usePruning,JRip_folds,JRip_optimizations,Aggregator,J48_collapseTree,PART_useMDLcorrection,J48_useMDLcorrection,PART_binarySplits,SimpleCart_usePrune,SimpleCart_useOneSE,SimpleCart_numFoldsPruning,SimpleCart_minNumObj,PART,PART_minNumObj,DecisionTable,DecisionTable_crossVal,DecisionTable_search,DecisionTable_evaluationMeasure,J48,BestFirst_direction,J48_doNotMakeSplitPointActualValue,J48_minNumObj,J48_pruning,J48_numFolds,J48_confidenceFactorValue,J48_subtreeRaising,GreedyStepwise_conservativeForwardSelection,J48_binarySplits,DecisionTable_useIBk,BestFirst_searchTermination,GreedyStepwise_searchBackwards,J48_useLaplace"
7,90,0.71549107,0.92598958,0.96443452,0.94047619,0.84920635,0003,0034,0062,0.44648573,"JRip,SimpleCart,PART,JRip_usePruning,JRip_optimizations,JRip_folds,JRip_minNo,PART_pruning,PART_numFolds,PART_confidenceFactorValue,J48,J48_doNotMakeSplitPointActualValue,PART_useMDLcorrection,SimpleCart_usePrune,SimpleCart_numFoldsPruning,SimpleCart_useOneSE,DecisionTable,DecisionTable_crossVal,DecisionTable_useIBk,DecisionTable_evaluationMeasure,SimpleCart_minNumObj,PART_binarySplits,J48_collapseTree,JRip_checkErrorRate,J48_useMDLcorrection,SimpleCart_heuristic,DecisionTable_search,GreedyStepwise_searchBackwards,BestFirst_direction,GreedyStepwise_conservativeForwardSelection,BestFirst_searchTermination,PART_doNotMakeSplitPointActualValue,J48_pruning,J48_numFolds,Aggregator,J48_subtreeRaising,J48_binarySplits,J48_minNumObj,PART_minNumObj,J48_confidenceFactorValue,J48_useLaplace"
8,90,0.56702381,0.91974702,0.96651786,0.96666667,0.96203704,0004,0034,0062,0.44648573,"PART,JRip,SimpleCart,JRip_usePruning,JRip_optimizations,JRip_folds,SimpleCart_usePrune,SimpleCart_useOneSE,SimpleCart_numFoldsPruning,DecisionTable,DecisionTable_useIBk,DecisionTable_crossVal,SimpleCart_heuristic,DecisionTable_search,GreedyStepwise_conservativeForwardSelection,BestFirst_direction,GreedyStepwise_searchBackwards,PART_doNotMakeSplitPointActualValue,DecisionTable_evaluationMeasure,BestFirst_searchTermination,SimpleCart_minNumObj,PART_binarySplits,PART_pruning,PART_numFolds,PART_useMDLcorrection,PART_confidenceFactorValue,J48,J48_doNotMakeSplitPointActualValue,J48_pruning,Aggregator,J48_subtreeRaising,J48_confidenceFactorValue,J48_useLaplace,J48_collapseTree,J48_minNumObj,J48_binarySplits,JRip_minNo,J48_useMDLcorrection,PART_minNumObj,JRip_checkErrorRate,J48_numFolds"
9,90,0.67525298,0.93553571,0.96818452,0.95476190,0.84864672,0003,0034,0062,0.44648573,"PART,SimpleCart,JRip,JRip_usePruning,JRip_folds,JRip_optimizations,PART_doNotMakeSplitPointActualValue,PART_useMDLcorrection,SimpleCart_usePrune,SimpleCart_useOneSE,SimpleCart_heuristic,JRip_minNo,PART_binarySplits,SimpleCart_numFoldsPruning,DecisionTable,DecisionTable_crossVal,DecisionTable_useIBk,DecisionTable_search,GreedyStepwise_searchBackwards,GreedyStepwise_conservativeForwardSelection,BestFirst_direction,BestFirst_searchTermination,DecisionTable_evaluationMeasure,SimpleCart_minNumObj,PART_pruning,PART_numFolds,PART_confidenceFactorValue,J48,J48_pruning,J48_subtreeRaising,Aggregator,J48_doNotMakeSplitPointActualValue,J48_confidenceFactorValue,J48_useLaplace,J48_collapseTree,J48_useMDLcorrection,J48_numFolds,JRip_checkErrorRate,PART_minNumObj,J48_binarySplits,J48_minNumObj"
10,90,0.83636905,0.93692708,0.96818452,0.95476190,0.84864672,0003,0034,0055,0.37901413,"PART,JRip,SimpleCart,PART_doNotMakeSplitPointActualValue,JRip_usePruning,JRip_optimizations,JRip_folds,SimpleCart_usePrune,PART_useMDLcorrection,Aggregator,SimpleCart_numFoldsPruning,SimpleCart_useOneSE,JRip_checkErrorRate,JRip_minNo,SimpleCart_minNumObj,PART_binarySplits,PART_minNumObj,DecisionTable,DecisionTable_search,DecisionTable_useIBk,GreedyStepwise_conservativeForwardSelection,DecisionTable_crossVal,BestFirst_direction,GreedyStepwise_searchBackwards,BestFirst_searchTermination,DecisionTable_evaluationMeasure,SimpleCart_heuristic,PART_pruning,PART_confidenceFactorValue,PART_numFolds,J48,J48_collapseTree,J48_useMDLcorrection,J48_pruning,J48_useLaplace,J48_minNumObj,J48_binarySplits,J48_subtreeRaising,J48_doNotMakeSplitPointActualValue,J48_numFolds,J48_confidenceFactorValue"
11,90,0.81306548,0.92257440,0.96818452,0.95476190,0.84864672,0003,0034,0055,0.37901413,"SimpleCart,JRip,PART,PART_doNotMakeSplitPointActualValue,JRip_usePruning,JRip_optimizations,JRip_folds,SimpleCart_usePrune,PART_useMDLcorrection,Aggregator,JRip_checkErrorRate,SimpleCart_heuristic,PART_minNumObj,JRip_minNo,J48_pruning,J48_confidenceFactorValue,PART_pruning,J48_subtreeRaising,J48_numFolds,PART_confidenceFactorValue,J48,J48_useLaplace,PART_numFolds,J48_collapseTree,J48_useMDLcorrection,J48_doNotMakeSplitPointActualValue,SimpleCart_minNumObj,J48_binarySplits,DecisionTable,J48_minNumObj,DecisionTable_useIBk,PART_binarySplits,DecisionTable_search,DecisionTable_evaluationMeasure,GreedyStepwise_searchBackwards,DecisionTable_crossVal,BestFirst_searchTermination,GreedyStepwise_conservativeForwardSelection,BestFirst_direction,SimpleCart_useOneSE,SimpleCart_numFoldsPruning"
12,90,0.80372024,0.93072545,0.96818452,0.95476190,0.84864672,0002,0077,0055,0.37901413,"PART,PART_doNotMakeSplitPointActualValue,SimpleCart,JRip,JRip_usePruning,JRip_folds,JRip_optimizations,PART_binarySplits,JRip_checkErrorRate,PART_pruning,PART_numFolds,PART_confidenceFactorValue,JRip_minNo,J48,J48_collapseTree,J48_useMDLcorrection,SimpleCart_minNumObj,J48_doNotMakeSplitPointActualValue,DecisionTable,J48_useLaplace,PART_minNumObj,DecisionTable_evaluationMeasure,DecisionTable_search,J48_binarySplits,BestFirst_searchTermination,DecisionTable_crossVal,J48_minNumObj,DecisionTable_useIBk,GreedyStepwise_searchBackwards,SimpleCart_heuristic,GreedyStepwise_conservativeForwardSelection,BestFirst_direction,J48_numFolds,J48_confidenceFactorValue,J48_subtreeRaising,PART_useMDLcorrection,SimpleCart_usePrune,J48_pruning,Aggregator,SimpleCart_numFoldsPruning,SimpleCart_useOneSE"
13,90,0.56053571,0.89774554,0.96818452,0.95476190,0.84864672,0003,0034,0044,0.45786007,"SimpleCart,JRip,J48,SimpleCart_heuristic,J48_minNumObj,J48_binarySplits,DecisionTable,PART,J48_useLaplace,DecisionTable_crossVal,DecisionTable_search,GreedyStepwise_searchBackwards,JRip_usePruning,DecisionTable_evaluationMeasure,PART_minNumObj,PART_doNotMakeSplitPointActualValue,JRip_checkErrorRate,BestFirst_searchTermination,J48_collapseTree,JRip_optimizations,DecisionTable_useIBk,JRip_folds,GreedyStepwise_conservativeForwardSelection,PART_binarySplits,BestFirst_direction,PART_pruning,PART_numFolds,PART_confidenceFactorValue,J48_doNotMakeSplitPointActualValue,PART_useMDLcorrection,JRip_minNo,SimpleCart_usePrune,J48_pruning,J48_confidenceFactorValue,SimpleCart_minNumObj,SimpleCart_useOneSE,Aggregator,J48_subtreeRaising,SimpleCart_numFoldsPruning,J48_useMDLcorrection,J48_numFolds"
14,90,0.71614583,0.89914063,0.96818452,0.95476190,0.84864672,0003,0034,0044,0.45786007,"JRip,JRip_checkErrorRate,PART,JRip_usePruning,DecisionTable,JRip_folds,DecisionTable_useIBk,PART_doNotMakeSplitPointActualValue,J48,JRip_optimizations,SimpleCart,PART_pruning,PART_minNumObj,DecisionTable_crossVal,DecisionTable_search,SimpleCart_heuristic,DecisionTable_evaluationMeasure,PART_numFolds,J48_useLaplace,J48_collapseTree,GreedyStepwise_conservativeForwardSelection,BestFirst_direction,PART_binarySplits,J48_minNumObj,GreedyStepwise_searchBackwards,J48_binarySplits,BestFirst_searchTermination,SimpleCart_usePrune,SimpleCart_numFoldsPruning,J48_pruning,JRip_minNo,J48_numFolds,SimpleCart_useOneSE,J48_useMDLcorrection,J48_confidenceFactorValue,PART_confidenceFactorValue,J48_subtreeRaising,SimpleCart_minNumObj,J48_doNotMakeSplitPointActualValue,PART_useMDLcorrection,Aggregator"
15,90,0.71061012,0.90295387,0.96818452,0.95476190,0.84864672,0004,0034,0044,0.45786007,"SimpleCart,PART,DecisionTable,DecisionTable_evaluationMeasure,PART_minNumObj,SimpleCart_heuristic,PART_doNotMakeSplitPointActualValue,DecisionTable_search,BestFirst_direction,DecisionTable_useIBk,J48,PART_pruning,J48_useLaplace,JRip,PART_binarySplits,GreedyStepwise_conservativeForwardSelection,DecisionTable_crossVal,PART_numFolds,JRip_checkErrorRate,GreedyStepwise_searchBackwards,BestFirst_searchTermination,J48_collapseTree,J48_minNumObj,J48_binarySplits,JRip_usePruning,JRip_folds,JRip_optimizations,JRip_minNo,PART_useMDLcorrection,J48_useMDLcorrection,J48_pruning,J48_doNotMakeSplitPointActualValue,J48_subtreeRaising,PART_confidenceFactorValue,J48_confidenceFactorValue,Aggregator,SimpleCart_usePrune,SimpleCart_minNumObj,J48_numFolds,SimpleCart_useOneSE,SimpleCart_numFoldsPruning"
16,90,0.74763393,0.92503720,0.96818452,0.95476190,0.84864672,0003,0034,0049,0.26716889,"JRip,PART,PART_pruning,DecisionTable,JRip_usePruning,PART_binarySplits,J48,J48_collapseTree,DecisionTable_evaluationMeasure,DecisionTable_useIBk,DecisionTable_search,PART_numFolds,JRip_folds,JRip_optimizations,DecisionTable_crossVal,PART_minNumObj,GreedyStepwise_conservativeForwardSelection,J48_useLaplace,BestFirst_searchTermination,BestFirst_direction,GreedyStepwise_searchBackwards,PART_confidenceFactorValue,J48_minNumObj,J48_doNotMakeSplitPointActualValue,J48_useMDLcorrection,JRip_minNo,PART_useMDLcorrection,J48_binarySplits,JRip_checkErrorRate,PART_doNotMakeSplitPointActualValue,SimpleCart,SimpleCart_heuristic,SimpleCart_usePrune,J48_pruning,J48_confidenceFactorValue,SimpleCart_useOneSE,Aggregator,J48_subtreeRaising,SimpleCart_minNumObj,J48_numFolds,SimpleCart_numFoldsPruning"
17,90,0.79888393,0.93032738,0.96818452,0.95476190,0.84864672,0003,0034,0049,0.26716889,"JRip,PART,DecisionTable,DecisionTable_crossVal,J48,PART_binarySplits,DecisionTable_evaluationMeasure,DecisionTable_search,DecisionTable_useIBk,J48_collapseTree,JRip_usePruning,PART_pruning,GreedyStepwise_conservativeForwardSelection,PART_minNumObj,BestFirst_direction,BestFirst_searchTermination,JRip_folds,GreedyStepwise_searchBackwards,J48_useLaplace,PART_numFolds,JRip_optimizations,JRip_minNo,J48_useMDLcorrection,J48_binarySplits,JRip_checkErrorRate,SimpleCart,PART_doNotMakeSplitPointActualValue,J48_minNumObj,SimpleCart_heuristic,PART_useMDLcorrection,J48_pruning,SimpleCart_usePrune,SimpleCart_minNumObj,J48_numFolds,J48_subtreeRaising,J48_doNotMakeSplitPointActualValue,J48_confidenceFactorValue,PART_confidenceFactorValue,SimpleCart_numFoldsPruning,SimpleCart_useOneSE,Aggregator"
18,90,0.72968750,0.92567708,0.96818452,0.95476190,0.84864672,0002,0034,0049,0.26716889,"J48,J48_useLaplace,PART,JRip,PART_binarySplits,DecisionTable,PART_minNumObj,J48_collapseTree,PART_pruning,JRip_usePruning,JRip_folds,DecisionTable_useIBk,DecisionTable_evaluationMeasure,DecisionTable_crossVal,DecisionTable_search,PART_numFolds,GreedyStepwise_conservativeForwardSelection,JRip_optimizations,BestFirst_searchTermination,BestFirst_direction,GreedyStepwise_searchBackwards,PART_confidenceFactorValue,JRip_checkErrorRate,J48_binarySplits,SimpleCart,SimpleCart_heuristic,J48_minNumObj,PART_doNotMakeSplitPointActualValue,J48_doNotMakeSplitPointActualValue,SimpleCart_minNumObj,J48_useMDLcorrection,JRip_minNo,SimpleCart_usePrune,J48_pruning,PART_useMDLcorrection,Aggregator,J48_numFolds,SimpleCart_useOneSE,SimpleCart_numFoldsPruning,J48_confidenceFactorValue,J48_subtreeRaising"
19,90,0.65873512,0.92697917,0.96818452,0.95476190,0.84864672,0003,0034,0042,0.45786007,"DecisionTable,DecisionTable_crossVal,PART,JRip,DecisionTable_search,Aggregator,DecisionTable_useIBk,DecisionTable_evaluationMeasure,J48,J48_doNotMakeSplitPointActualValue,BestFirst_direction,J48_useLaplace,J48_pruning,GreedyStepwise_conservativeForwardSelection,GreedyStepwise_searchBackwards,J48_numFolds,J48_subtreeRaising,PART_binarySplits,J48_confidenceFactorValue,BestFirst_searchTermination,PART_pruning,JRip_usePruning,JRip_folds,PART_minNumObj,PART_useMDLcorrection,J48_collapseTree,PART_confidenceFactorValue,JRip_optimizations,PART_numFolds,JRip_checkErrorRate,J48_binarySplits,J48_useMDLcorrection,J48_minNumObj,JRip_minNo,SimpleCart,PART_doNotMakeSplitPointActualValue,SimpleCart_heuristic,SimpleCart_minNumObj,SimpleCart_usePrune,SimpleCart_numFoldsPruning,SimpleCart_useOneSE"
