gen,nevals,min,median,max,currentGenBestValFitness,currentGenBestTestFitness,lap time (seconds),discarded individuals (including burn-in),GM connections,GM mean heuristic,sampling order
0,100,0.87930450,0.92740080,0.94181240,0.89371444,0.92275429,0026,0034,0035,0.00000000,"DecisionTable,DecisionTable_evaluationMeasure,DecisionTable_useIBk,PART,DecisionTable_crossVal,PART_minNumObj,SimpleCart,DecisionTable_search,J48,BestFirst_direction,PART_pruning,JRip,Aggregator,GreedyStepwise_searchBackwards,PART_binarySplits,PART_useMDLcorrection,J48_useLaplace,PART_numFolds,J48_doNotMakeSplitPointActualValue,JRip_checkErrorRate,J48_pruning,JRip_usePruning,SimpleCart_heuristic,PART_doNotMakeSplitPointActualValue,J48_minNumObj,GreedyStepwise_conservativeForwardSelection,J48_useMDLcorrection,PART_confidenceFactorValue,J48_collapseTree,SimpleCart_minNumObj,BestFirst_searchTermination,SimpleCart_usePrune,J48_binarySplits,SimpleCart_useOneSE,JRip_optimizations,JRip_minNo,J48_confidenceFactorValue,SimpleCart_numFoldsPruning,J48_subtreeRaising,JRip_folds,J48_numFolds"
1,90,0.87256529,0.93001714,0.94181240,0.89371444,0.92275429,0019,0034,0035,0.00000000,"DecisionTable,DecisionTable_useIBk,DecisionTable_evaluationMeasure,J48,J48_collapseTree,SimpleCart,PART,PART_minNumObj,SimpleCart_usePrune,PART_doNotMakeSplitPointActualValue,J48_minNumObj,SimpleCart_useOneSE,DecisionTable_search,Aggregator,SimpleCart_numFoldsPruning,J48_doNotMakeSplitPointActualValue,JRip,PART_binarySplits,J48_useLaplace,PART_useMDLcorrection,JRip_minNo,GreedyStepwise_conservativeForwardSelection,DecisionTable_crossVal,J48_useMDLcorrection,J48_binarySplits,PART_pruning,GreedyStepwise_searchBackwards,BestFirst_direction,J48_pruning,BestFirst_searchTermination,PART_numFolds,JRip_checkErrorRate,SimpleCart_minNumObj,SimpleCart_heuristic,JRip_usePruning,J48_numFolds,J48_subtreeRaising,JRip_optimizations,J48_confidenceFactorValue,PART_confidenceFactorValue,JRip_folds"
2,90,0.88006955,0.93137192,0.94181240,0.89371444,0.92275429,0020,0034,0035,0.00000000,"JRip,JRip_usePruning,J48,JRip_folds,JRip_optimizations,DecisionTable,J48_pruning,JRip_minNo,J48_numFolds,J48_confidenceFactorValue,J48_useMDLcorrection,DecisionTable_crossVal,J48_doNotMakeSplitPointActualValue,J48_subtreeRaising,SimpleCart,Aggregator,SimpleCart_usePrune,JRip_checkErrorRate,PART,PART_useMDLcorrection,PART_pruning,PART_doNotMakeSplitPointActualValue,J48_useLaplace,J48_binarySplits,DecisionTable_search,J48_minNumObj,PART_binarySplits,J48_collapseTree,SimpleCart_heuristic,DecisionTable_useIBk,DecisionTable_evaluationMeasure,PART_minNumObj,GreedyStepwise_conservativeForwardSelection,BestFirst_searchTermination,SimpleCart_numFoldsPruning,PART_confidenceFactorValue,SimpleCart_minNumObj,PART_numFolds,SimpleCart_useOneSE,GreedyStepwise_searchBackwards,BestFirst_direction"
3,90,0.88806631,0.93134347,0.94181240,0.89371444,0.92275429,0020,0034,0035,0.00000000,"DecisionTable,DecisionTable_evaluationMeasure,PART,JRip,DecisionTable_crossVal,PART_doNotMakeSplitPointActualValue,PART_pruning,Aggregator,DecisionTable_useIBk,PART_useMDLcorrection,SimpleCart,JRip_minNo,PART_numFolds,JRip_checkErrorRate,J48,PART_binarySplits,SimpleCart_heuristic,PART_confidenceFactorValue,DecisionTable_search,JRip_usePruning,PART_minNumObj,SimpleCart_usePrune,GreedyStepwise_searchBackwards,JRip_optimizations,J48_useLaplace,J48_binarySplits,GreedyStepwise_conservativeForwardSelection,SimpleCart_useOneSE,SimpleCart_minNumObj,J48_useMDLcorrection,J48_minNumObj,J48_collapseTree,BestFirst_searchTermination,J48_doNotMakeSplitPointActualValue,JRip_folds,J48_pruning,BestFirst_direction,SimpleCart_numFoldsPruning,J48_subtreeRaising,J48_numFolds,J48_confidenceFactorValue"
4,90,0.87981570,0.93355791,0.94258491,0.91161758,0.92406830,0025,0034,0071,0.60566331,"DecisionTable,PART,JRip,PART_minNumObj,JRip_usePruning,PART_useMDLcorrection,DecisionTable_search,GreedyStepwise_conservativeForwardSelection,DecisionTable_useIBk,BestFirst_direction,JRip_optimizations,PART_pruning,PART_numFolds,JRip_minNo,JRip_folds,DecisionTable_crossVal,PART_confidenceFactorValue,JRip_checkErrorRate,SimpleCart,BestFirst_searchTermination,J48,SimpleCart_heuristic,J48_useMDLcorrection,SimpleCart_minNumObj,J48_pruning,DecisionTable_evaluationMeasure,J48_minNumObj,J48_collapseTree,J48_numFolds,J48_confidenceFactorValue,J48_useLaplace,PART_doNotMakeSplitPointActualValue,J48_binarySplits,GreedyStepwise_searchBackwards,SimpleCart_usePrune,PART_binarySplits,SimpleCart_numFoldsPruning,Aggregator,J48_doNotMakeSplitPointActualValue,J48_subtreeRaising,SimpleCart_useOneSE"
5,90,0.88004954,0.93332204,0.94258491,0.91161758,0.92406830,0026,0034,0071,0.60566331,"DecisionTable,PART,JRip,PART_useMDLcorrection,DecisionTable_crossVal,JRip_checkErrorRate,JRip_minNo,PART_minNumObj,JRip_usePruning,JRip_optimizations,PART_pruning,JRip_folds,PART_confidenceFactorValue,SimpleCart,PART_numFolds,SimpleCart_minNumObj,DecisionTable_evaluationMeasure,PART_binarySplits,DecisionTable_search,BestFirst_direction,BestFirst_searchTermination,J48,J48_pruning,J48_collapseTree,J48_useMDLcorrection,J48_minNumObj,J48_numFolds,J48_confidenceFactorValue,PART_doNotMakeSplitPointActualValue,J48_useLaplace,J48_binarySplits,GreedyStepwise_searchBackwards,SimpleCart_usePrune,SimpleCart_numFoldsPruning,J48_doNotMakeSplitPointActualValue,Aggregator,GreedyStepwise_conservativeForwardSelection,DecisionTable_useIBk,SimpleCart_heuristic,SimpleCart_useOneSE,J48_subtreeRaising"
6,90,0.88203243,0.93593382,0.94497441,0.89270455,0.92689459,0025,0034,0071,0.60566331,"PART,JRip,DecisionTable,PART_pruning,PART_numFolds,PART_confidenceFactorValue,PART_useMDLcorrection,DecisionTable_search,DecisionTable_useIBk,GreedyStepwise_conservativeForwardSelection,JRip_checkErrorRate,DecisionTable_evaluationMeasure,PART_binarySplits,JRip_usePruning,DecisionTable_crossVal,J48_useMDLcorrection,SimpleCart_heuristic,J48_minNumObj,BestFirst_direction,PART_doNotMakeSplitPointActualValue,JRip_optimizations,JRip_minNo,PART_minNumObj,BestFirst_searchTermination,JRip_folds,J48,SimpleCart,SimpleCart_minNumObj,J48_pruning,J48_collapseTree,J48_confidenceFactorValue,J48_numFolds,J48_useLaplace,J48_binarySplits,GreedyStepwise_searchBackwards,SimpleCart_usePrune,SimpleCart_numFoldsPruning,J48_doNotMakeSplitPointActualValue,Aggregator,SimpleCart_useOneSE,J48_subtreeRaising"
7,90,0.89222068,0.93513632,0.94559810,0.89905333,0.92881902,0025,0034,0066,0.50101786,"PART,JRip,DecisionTable,PART_doNotMakeSplitPointActualValue,JRip_minNo,JRip_usePruning,DecisionTable_crossVal,Aggregator,JRip_optimizations,PART_minNumObj,DecisionTable_search,BestFirst_direction,GreedyStepwise_conservativeForwardSelection,GreedyStepwise_searchBackwards,BestFirst_searchTermination,JRip_folds,J48_useMDLcorrection,SimpleCart_usePrune,SimpleCart_useOneSE,SimpleCart_numFoldsPruning,J48_useLaplace,J48_minNumObj,DecisionTable_evaluationMeasure,SimpleCart,PART_pruning,SimpleCart_minNumObj,PART_binarySplits,DecisionTable_useIBk,PART_useMDLcorrection,PART_numFolds,PART_confidenceFactorValue,SimpleCart_heuristic,J48_doNotMakeSplitPointActualValue,J48_collapseTree,J48_pruning,J48_confidenceFactorValue,J48_numFolds,J48_subtreeRaising,J48_binarySplits,JRip_checkErrorRate,J48"
8,90,0.87741940,0.93586780,0.94559810,0.89905333,0.92881902,0019,0034,0066,0.50101786,"PART,DecisionTable,JRip,JRip_checkErrorRate,J48,J48_minNumObj,J48_doNotMakeSplitPointActualValue,PART_pruning,SimpleCart,J48_collapseTree,DecisionTable_evaluationMeasure,PART_confidenceFactorValue,PART_numFolds,J48_binarySplits,PART_doNotMakeSplitPointActualValue,PART_minNumObj,J48_pruning,DecisionTable_crossVal,JRip_usePruning,J48_confidenceFactorValue,DecisionTable_search,JRip_optimizations,GreedyStepwise_conservativeForwardSelection,JRip_folds,J48_numFolds,BestFirst_direction,J48_subtreeRaising,Aggregator,J48_useMDLcorrection,J48_useLaplace,BestFirst_searchTermination,GreedyStepwise_searchBackwards,PART_useMDLcorrection,JRip_minNo,SimpleCart_usePrune,SimpleCart_heuristic,SimpleCart_useOneSE,SimpleCart_minNumObj,SimpleCart_numFoldsPruning,PART_binarySplits,DecisionTable_useIBk"
9,90,0.87744240,0.93653548,0.94609922,0.89453081,0.92576920,0019,0034,0066,0.50101786,"PART,DecisionTable,JRip,DecisionTable_evaluationMeasure,JRip_checkErrorRate,J48,J48_binarySplits,DecisionTable_useIBk,PART_binarySplits,PART_pruning,PART_confidenceFactorValue,PART_numFolds,J48_useMDLcorrection,J48_useLaplace,J48_doNotMakeSplitPointActualValue,PART_minNumObj,DecisionTable_crossVal,J48_pruning,J48_numFolds,J48_subtreeRaising,J48_confidenceFactorValue,Aggregator,DecisionTable_search,JRip_usePruning,JRip_optimizations,GreedyStepwise_conservativeForwardSelection,BestFirst_direction,BestFirst_searchTermination,GreedyStepwise_searchBackwards,JRip_folds,J48_minNumObj,J48_collapseTree,PART_doNotMakeSplitPointActualValue,SimpleCart,SimpleCart_usePrune,SimpleCart_numFoldsPruning,SimpleCart_useOneSE,SimpleCart_minNumObj,JRip_minNo,PART_useMDLcorrection,SimpleCart_heuristic"
10,90,0.88782935,0.93090640,0.94609922,0.89453081,0.92576920,0017,0075,0061,0.54279999,"PART,DecisionTable,DecisionTable_evaluationMeasure,JRip,PART_pruning,PART_confidenceFactorValue,PART_numFolds,PART_minNumObj,DecisionTable_crossVal,J48,J48_useMDLcorrection,SimpleCart,PART_useMDLcorrection,JRip_usePruning,JRip_optimizations,J48_binarySplits,JRip_folds,PART_binarySplits,SimpleCart_usePrune,SimpleCart_useOneSE,DecisionTable_search,Aggregator,SimpleCart_heuristic,SimpleCart_numFoldsPruning,BestFirst_searchTermination,DecisionTable_useIBk,BestFirst_direction,GreedyStepwise_conservativeForwardSelection,GreedyStepwise_searchBackwards,J48_numFolds,J48_subtreeRaising,J48_confidenceFactorValue,J48_pruning,SimpleCart_minNumObj,J48_collapseTree,J48_useLaplace,PART_doNotMakeSplitPointActualValue,J48_minNumObj,JRip_minNo,JRip_checkErrorRate,J48_doNotMakeSplitPointActualValue"
11,90,0.87450948,0.93012906,0.94609922,0.89453081,0.92576920,0016,0034,0061,0.54279999,"DecisionTable,DecisionTable_evaluationMeasure,PART,JRip,PART_pruning,PART_confidenceFactorValue,PART_numFolds,DecisionTable_useIBk,DecisionTable_crossVal,PART_useMDLcorrection,PART_doNotMakeSplitPointActualValue,JRip_minNo,PART_minNumObj,SimpleCart,JRip_usePruning,SimpleCart_usePrune,JRip_optimizations,SimpleCart_useOneSE,JRip_folds,SimpleCart_heuristic,J48,J48_useMDLcorrection,PART_binarySplits,SimpleCart_numFoldsPruning,DecisionTable_search,J48_binarySplits,BestFirst_direction,GreedyStepwise_conservativeForwardSelection,Aggregator,GreedyStepwise_searchBackwards,BestFirst_searchTermination,J48_minNumObj,J48_pruning,SimpleCart_minNumObj,J48_numFolds,J48_useLaplace,J48_collapseTree,J48_subtreeRaising,J48_confidenceFactorValue,J48_doNotMakeSplitPointActualValue,JRip_checkErrorRate"
12,90,0.86388448,0.93311184,0.94995136,0.88286201,0.93075577,0013,0034,0061,0.54279999,"DecisionTable,PART,JRip,PART_pruning,DecisionTable_evaluationMeasure,PART_numFolds,PART_confidenceFactorValue,PART_doNotMakeSplitPointActualValue,PART_binarySplits,JRip_checkErrorRate,JRip_usePruning,DecisionTable_useIBk,JRip_optimizations,DecisionTable_search,BestFirst_direction,BestFirst_searchTermination,GreedyStepwise_searchBackwards,GreedyStepwise_conservativeForwardSelection,JRip_folds,DecisionTable_crossVal,PART_useMDLcorrection,JRip_minNo,PART_minNumObj,SimpleCart,J48,J48_binarySplits,SimpleCart_heuristic,SimpleCart_usePrune,J48_doNotMakeSplitPointActualValue,SimpleCart_useOneSE,J48_useMDLcorrection,Aggregator,SimpleCart_numFoldsPruning,SimpleCart_minNumObj,J48_useLaplace,J48_minNumObj,J48_pruning,J48_subtreeRaising,J48_numFolds,J48_collapseTree,J48_confidenceFactorValue"
13,90,0.88275446,0.93141487,0.94995136,0.88286201,0.93075577,0018,0048,0047,0.23654628,"DecisionTable,DecisionTable_crossVal,JRip,PART,DecisionTable_search,GreedyStepwise_searchBackwards,BestFirst_direction,BestFirst_searchTermination,JRip_checkErrorRate,PART_pruning,PART_numFolds,PART_confidenceFactorValue,SimpleCart_usePrune,SimpleCart_numFoldsPruning,SimpleCart_useOneSE,J48_collapseTree,J48_useMDLcorrection,J48_confidenceFactorValue,J48_binarySplits,J48_numFolds,J48_useLaplace,J48_doNotMakeSplitPointActualValue,JRip_optimizations,SimpleCart_heuristic,J48_subtreeRaising,J48_minNumObj,JRip_folds,J48_pruning,SimpleCart_minNumObj,JRip_minNo,PART_minNumObj,DecisionTable_evaluationMeasure,PART_useMDLcorrection,JRip_usePruning,GreedyStepwise_conservativeForwardSelection,PART_binarySplits,SimpleCart,Aggregator,PART_doNotMakeSplitPointActualValue,DecisionTable_useIBk,J48"
14,90,0.88455669,0.93268082,0.94995136,0.88286201,0.93075577,0023,0039,0047,0.23654628,"DecisionTable,DecisionTable_search,JRip,PART,JRip_checkErrorRate,GreedyStepwise_searchBackwards,BestFirst_searchTermination,BestFirst_direction,DecisionTable_crossVal,PART_pruning,PART_confidenceFactorValue,PART_numFolds,PART_minNumObj,DecisionTable_evaluationMeasure,PART_useMDLcorrection,JRip_minNo,JRip_usePruning,GreedyStepwise_conservativeForwardSelection,JRip_optimizations,JRip_folds,J48_collapseTree,J48_confidenceFactorValue,J48_pruning,J48_subtreeRaising,J48_numFolds,SimpleCart_useOneSE,J48_doNotMakeSplitPointActualValue,SimpleCart_usePrune,SimpleCart_numFoldsPruning,J48_useLaplace,J48_minNumObj,SimpleCart_minNumObj,J48_binarySplits,J48_useMDLcorrection,SimpleCart_heuristic,DecisionTable_useIBk,J48,PART_doNotMakeSplitPointActualValue,PART_binarySplits,SimpleCart,Aggregator"
15,90,0.88175303,0.93294273,0.94995136,0.88286201,0.93075577,0025,0034,0047,0.23654628,"PART,DecisionTable,JRip,PART_pruning,JRip_checkErrorRate,DecisionTable_crossVal,DecisionTable_search,BestFirst_searchTermination,GreedyStepwise_searchBackwards,PART_confidenceFactorValue,PART_numFolds,BestFirst_direction,J48_minNumObj,JRip_optimizations,J48_pruning,J48_numFolds,J48_subtreeRaising,J48_confidenceFactorValue,J48_useMDLcorrection,SimpleCart_minNumObj,SimpleCart_numFoldsPruning,SimpleCart_heuristic,J48_useLaplace,J48_collapseTree,J48_doNotMakeSplitPointActualValue,SimpleCart_useOneSE,SimpleCart_usePrune,JRip_folds,J48_binarySplits,GreedyStepwise_conservativeForwardSelection,JRip_usePruning,PART_minNumObj,DecisionTable_useIBk,J48,PART_doNotMakeSplitPointActualValue,JRip_minNo,PART_binarySplits,SimpleCart,Aggregator,PART_useMDLcorrection,DecisionTable_evaluationMeasure"
16,90,0.88805663,0.93209010,0.94995136,0.88286201,0.93075577,0023,0034,0035,0.00000000,"SimpleCart,DecisionTable,J48,J48_doNotMakeSplitPointActualValue,JRip,SimpleCart_heuristic,DecisionTable_crossVal,SimpleCart_minNumObj,J48_useMDLcorrection,DecisionTable_evaluationMeasure,Aggregator,JRip_checkErrorRate,PART,DecisionTable_useIBk,JRip_minNo,DecisionTable_search,J48_pruning,J48_binarySplits,J48_minNumObj,SimpleCart_usePrune,J48_collapseTree,GreedyStepwise_searchBackwards,J48_useLaplace,PART_minNumObj,J48_subtreeRaising,GreedyStepwise_conservativeForwardSelection,JRip_usePruning,J48_numFolds,SimpleCart_numFoldsPruning,PART_pruning,PART_binarySplits,SimpleCart_useOneSE,PART_confidenceFactorValue,JRip_optimizations,PART_useMDLcorrection,BestFirst_direction,BestFirst_searchTermination,PART_doNotMakeSplitPointActualValue,J48_confidenceFactorValue,JRip_folds,PART_numFolds"
