gen,nevals,min,median,max,currentGenBestValFitness,currentGenBestTestFitness,lap time (seconds),discarded individuals (including burn-in),GM connections,GM mean heuristic,sampling order
0,100,0.52711413,0.65031205,0.70673728,0.83181818,0.72500000,0019,0034,0035,0.00000000,"JRip,DecisionTable,Aggregator,JRip_usePruning,DecisionTable_useIBk,SimpleCart,DecisionTable_evaluationMeasure,JRip_checkErrorRate,DecisionTable_search,SimpleCart_heuristic,J48,JRip_minNo,J48_useLaplace,J48_binarySplits,PART,PART_binarySplits,BestFirst_direction,DecisionTable_crossVal,JRip_optimizations,J48_useMDLcorrection,PART_useMDLcorrection,J48_doNotMakeSplitPointActualValue,SimpleCart_minNumObj,SimpleCart_usePrune,PART_minNumObj,GreedyStepwise_searchBackwards,JRip_folds,SimpleCart_useOneSE,J48_pruning,J48_collapseTree,J48_minNumObj,PART_pruning,BestFirst_searchTermination,J48_confidenceFactorValue,GreedyStepwise_conservativeForwardSelection,J48_numFolds,PART_doNotMakeSplitPointActualValue,PART_confidenceFactorValue,SimpleCart_numFoldsPruning,J48_subtreeRaising,PART_numFolds"
1,90,0.57042387,0.65654237,0.70673728,0.83181818,0.72500000,0006,0034,0035,0.00000000,"JRip,Aggregator,J48,J48_binarySplits,J48_minNumObj,J48_collapseTree,JRip_minNo,J48_useMDLcorrection,PART,JRip_checkErrorRate,J48_pruning,DecisionTable,DecisionTable_crossVal,SimpleCart,JRip_usePruning,J48_numFolds,DecisionTable_useIBk,J48_doNotMakeSplitPointActualValue,J48_subtreeRaising,SimpleCart_usePrune,SimpleCart_numFoldsPruning,SimpleCart_useOneSE,SimpleCart_minNumObj,PART_doNotMakeSplitPointActualValue,DecisionTable_evaluationMeasure,J48_useLaplace,PART_minNumObj,J48_confidenceFactorValue,PART_useMDLcorrection,PART_pruning,PART_numFolds,JRip_optimizations,DecisionTable_search,PART_binarySplits,BestFirst_searchTermination,SimpleCart_heuristic,JRip_folds,GreedyStepwise_conservativeForwardSelection,BestFirst_direction,GreedyStepwise_searchBackwards,PART_confidenceFactorValue"
2,90,0.50181936,0.65350558,0.70673728,0.83181818,0.72500000,0006,0034,0035,0.00000000,"JRip,SimpleCart,PART,JRip_usePruning,Aggregator,PART_useMDLcorrection,J48,JRip_folds,PART_binarySplits,J48_binarySplits,SimpleCart_heuristic,J48_useMDLcorrection,J48_doNotMakeSplitPointActualValue,JRip_minNo,SimpleCart_usePrune,SimpleCart_minNumObj,PART_minNumObj,DecisionTable,JRip_optimizations,PART_pruning,PART_doNotMakeSplitPointActualValue,JRip_checkErrorRate,J48_useLaplace,J48_pruning,PART_numFolds,SimpleCart_useOneSE,J48_collapseTree,J48_minNumObj,DecisionTable_crossVal,J48_confidenceFactorValue,J48_subtreeRaising,PART_confidenceFactorValue,DecisionTable_search,DecisionTable_evaluationMeasure,DecisionTable_useIBk,SimpleCart_numFoldsPruning,J48_numFolds,GreedyStepwise_conservativeForwardSelection,GreedyStepwise_searchBackwards,BestFirst_searchTermination,BestFirst_direction"
3,90,0.56186133,0.65334227,0.70673728,0.83181818,0.72500000,0005,0034,0035,0.00000000,"SimpleCart,SimpleCart_heuristic,PART,DecisionTable,J48,SimpleCart_usePrune,J48_pruning,PART_useMDLcorrection,DecisionTable_evaluationMeasure,J48_numFolds,JRip,PART_pruning,J48_confidenceFactorValue,PART_doNotMakeSplitPointActualValue,J48_minNumObj,J48_subtreeRaising,J48_collapseTree,PART_numFolds,J48_binarySplits,JRip_checkErrorRate,PART_minNumObj,SimpleCart_useOneSE,SimpleCart_minNumObj,PART_binarySplits,Aggregator,J48_useMDLcorrection,SimpleCart_numFoldsPruning,J48_useLaplace,DecisionTable_crossVal,JRip_minNo,J48_doNotMakeSplitPointActualValue,DecisionTable_search,DecisionTable_useIBk,JRip_usePruning,GreedyStepwise_searchBackwards,PART_confidenceFactorValue,JRip_folds,GreedyStepwise_conservativeForwardSelection,BestFirst_direction,BestFirst_searchTermination,JRip_optimizations"
4,90,0.55773115,0.65740798,0.70673728,0.83181818,0.72500000,0007,0034,0074,0.53976353,"PART,PART_binarySplits,PART_useMDLcorrection,PART_minNumObj,PART_pruning,PART_numFolds,PART_confidenceFactorValue,PART_doNotMakeSplitPointActualValue,J48,J48_doNotMakeSplitPointActualValue,J48_binarySplits,J48_useLaplace,J48_minNumObj,J48_pruning,J48_confidenceFactorValue,J48_subtreeRaising,J48_numFolds,SimpleCart,DecisionTable,DecisionTable_useIBk,Aggregator,SimpleCart_minNumObj,DecisionTable_crossVal,DecisionTable_search,BestFirst_direction,GreedyStepwise_conservativeForwardSelection,JRip,JRip_checkErrorRate,GreedyStepwise_searchBackwards,BestFirst_searchTermination,JRip_usePruning,JRip_minNo,JRip_folds,J48_collapseTree,SimpleCart_usePrune,SimpleCart_useOneSE,SimpleCart_heuristic,JRip_optimizations,SimpleCart_numFoldsPruning,J48_useMDLcorrection,DecisionTable_evaluationMeasure"
5,90,0.52910338,0.65627785,0.70673728,0.83181818,0.72500000,0007,0051,0074,0.53976353,"PART,PART_pruning,PART_binarySplits,PART_doNotMakeSplitPointActualValue,PART_confidenceFactorValue,PART_numFolds,PART_useMDLcorrection,DecisionTable_search,GreedyStepwise_conservativeForwardSelection,GreedyStepwise_searchBackwards,BestFirst_direction,PART_minNumObj,BestFirst_searchTermination,DecisionTable_crossVal,SimpleCart_minNumObj,JRip,JRip_usePruning,JRip_folds,JRip_optimizations,J48,J48_collapseTree,J48_useMDLcorrection,J48_doNotMakeSplitPointActualValue,J48_binarySplits,J48_useLaplace,J48_pruning,J48_minNumObj,JRip_minNo,J48_numFolds,SimpleCart,SimpleCart_usePrune,SimpleCart_useOneSE,JRip_checkErrorRate,SimpleCart_numFoldsPruning,J48_confidenceFactorValue,J48_subtreeRaising,Aggregator,SimpleCart_heuristic,DecisionTable,DecisionTable_useIBk,DecisionTable_evaluationMeasure"
6,90,0.56412293,0.65330283,0.70673728,0.83181818,0.72500000,0007,0054,0074,0.53976353,"PART,PART_pruning,PART_confidenceFactorValue,PART_doNotMakeSplitPointActualValue,PART_numFolds,PART_binarySplits,PART_useMDLcorrection,PART_minNumObj,J48_doNotMakeSplitPointActualValue,DecisionTable_search,BestFirst_searchTermination,GreedyStepwise_conservativeForwardSelection,BestFirst_direction,GreedyStepwise_searchBackwards,SimpleCart_minNumObj,JRip,JRip_usePruning,JRip_checkErrorRate,JRip_folds,JRip_optimizations,J48,J48_collapseTree,J48_pruning,J48_minNumObj,J48_useMDLcorrection,J48_binarySplits,J48_subtreeRaising,J48_useLaplace,JRip_minNo,J48_confidenceFactorValue,J48_numFolds,Aggregator,SimpleCart,SimpleCart_heuristic,DecisionTable,DecisionTable_useIBk,SimpleCart_usePrune,DecisionTable_crossVal,SimpleCart_numFoldsPruning,DecisionTable_evaluationMeasure,SimpleCart_useOneSE"
7,90,0.50531685,0.65782966,0.70673728,0.83181818,0.72500000,0006,0049,0064,0.50932705,"PART,JRip,JRip_minNo,PART_binarySplits,JRip_usePruning,JRip_optimizations,PART_pruning,PART_numFolds,PART_confidenceFactorValue,PART_doNotMakeSplitPointActualValue,JRip_checkErrorRate,JRip_folds,J48_minNumObj,J48_collapseTree,J48_numFolds,PART_useMDLcorrection,J48_useLaplace,J48_binarySplits,PART_minNumObj,J48_doNotMakeSplitPointActualValue,DecisionTable_evaluationMeasure,SimpleCart_minNumObj,J48_pruning,J48_subtreeRaising,J48_confidenceFactorValue,Aggregator,DecisionTable_search,BestFirst_searchTermination,BestFirst_direction,GreedyStepwise_conservativeForwardSelection,GreedyStepwise_searchBackwards,DecisionTable_crossVal,DecisionTable_useIBk,J48,SimpleCart,SimpleCart_heuristic,SimpleCart_usePrune,SimpleCart_useOneSE,SimpleCart_numFoldsPruning,J48_useMDLcorrection,DecisionTable"
8,90,0.55933445,0.65753792,0.71700054,0.82803030,0.66666667,0006,0056,0064,0.50932705,"PART,JRip,PART_binarySplits,JRip_checkErrorRate,PART_pruning,PART_confidenceFactorValue,PART_numFolds,JRip_usePruning,JRip_folds,JRip_optimizations,PART_useMDLcorrection,PART_doNotMakeSplitPointActualValue,PART_minNumObj,JRip_minNo,SimpleCart_minNumObj,DecisionTable_evaluationMeasure,J48_numFolds,J48_useLaplace,J48_binarySplits,J48_doNotMakeSplitPointActualValue,J48_pruning,Aggregator,J48_confidenceFactorValue,J48_subtreeRaising,DecisionTable_search,BestFirst_searchTermination,BestFirst_direction,DecisionTable_crossVal,GreedyStepwise_conservativeForwardSelection,J48_collapseTree,J48_minNumObj,GreedyStepwise_searchBackwards,DecisionTable_useIBk,J48,SimpleCart,SimpleCart_heuristic,SimpleCart_usePrune,SimpleCart_useOneSE,SimpleCart_numFoldsPruning,J48_useMDLcorrection,DecisionTable"
9,90,0.48578488,0.64117243,0.71700054,0.82803030,0.66666667,0006,0267,0064,0.50932705,"PART,JRip,PART_numFolds,BestFirst_searchTermination,SimpleCart_useOneSE,SimpleCart_numFoldsPruning,J48_subtreeRaising,SimpleCart_usePrune,BestFirst_direction,J48_confidenceFactorValue,SimpleCart_heuristic,PART_confidenceFactorValue,PART_binarySplits,JRip_usePruning,PART_pruning,PART_doNotMakeSplitPointActualValue,JRip_checkErrorRate,JRip_optimizations,JRip_folds,PART_minNumObj,JRip_minNo,PART_useMDLcorrection,J48,J48_minNumObj,SimpleCart,J48_collapseTree,J48_doNotMakeSplitPointActualValue,SimpleCart_minNumObj,J48_pruning,Aggregator,J48_numFolds,J48_useLaplace,J48_binarySplits,J48_useMDLcorrection,DecisionTable,DecisionTable_evaluationMeasure,DecisionTable_useIBk,DecisionTable_crossVal,DecisionTable_search,GreedyStepwise_conservativeForwardSelection,GreedyStepwise_searchBackwards"
10,90,0.54570803,0.65758081,0.71700054,0.82803030,0.66666667,0006,0105,0050,0.60925965,"JRip,PART,PART_pruning,PART_minNumObj,PART_doNotMakeSplitPointActualValue,J48,J48_doNotMakeSplitPointActualValue,PART_numFolds,J48_useMDLcorrection,JRip_optimizations,J48_subtreeRaising,SimpleCart_heuristic,J48_numFolds,GreedyStepwise_conservativeForwardSelection,GreedyStepwise_searchBackwards,BestFirst_searchTermination,DecisionTable_evaluationMeasure,SimpleCart_numFoldsPruning,DecisionTable_crossVal,J48_confidenceFactorValue,SimpleCart_usePrune,SimpleCart_useOneSE,BestFirst_direction,JRip_folds,DecisionTable_search,DecisionTable_useIBk,JRip_usePruning,PART_confidenceFactorValue,J48_minNumObj,DecisionTable,PART_useMDLcorrection,SimpleCart,SimpleCart_minNumObj,JRip_checkErrorRate,J48_useLaplace,J48_binarySplits,Aggregator,J48_collapseTree,JRip_minNo,J48_pruning,PART_binarySplits"
11,90,0.57526005,0.65388630,0.71700054,0.82803030,0.66666667,0005,0034,0050,0.60925965,"J48,J48_useMDLcorrection,JRip,PART,PART_doNotMakeSplitPointActualValue,J48_doNotMakeSplitPointActualValue,PART_minNumObj,PART_pruning,PART_numFolds,JRip_usePruning,JRip_folds,JRip_optimizations,J48_binarySplits,JRip_checkErrorRate,Aggregator,J48_useLaplace,J48_collapseTree,PART_binarySplits,J48_minNumObj,PART_confidenceFactorValue,PART_useMDLcorrection,DecisionTable,DecisionTable_evaluationMeasure,SimpleCart,DecisionTable_crossVal,DecisionTable_search,SimpleCart_heuristic,GreedyStepwise_conservativeForwardSelection,SimpleCart_usePrune,DecisionTable_useIBk,SimpleCart_numFoldsPruning,BestFirst_searchTermination,SimpleCart_useOneSE,BestFirst_direction,GreedyStepwise_searchBackwards,JRip_minNo,J48_pruning,J48_numFolds,J48_confidenceFactorValue,SimpleCart_minNumObj,J48_subtreeRaising"
12,90,0.56510197,0.66311727,0.71700054,0.82803030,0.66666667,0005,0034,0050,0.60925965,"PART,PART_pruning,JRip,PART_doNotMakeSplitPointActualValue,PART_minNumObj,J48,J48_useMDLcorrection,J48_doNotMakeSplitPointActualValue,PART_numFolds,J48_useLaplace,JRip_checkErrorRate,Aggregator,J48_binarySplits,J48_minNumObj,JRip_usePruning,JRip_folds,JRip_optimizations,PART_binarySplits,JRip_minNo,J48_pruning,J48_collapseTree,J48_confidenceFactorValue,J48_subtreeRaising,J48_numFolds,PART_useMDLcorrection,PART_confidenceFactorValue,SimpleCart,SimpleCart_usePrune,DecisionTable,SimpleCart_heuristic,SimpleCart_numFoldsPruning,SimpleCart_useOneSE,DecisionTable_crossVal,SimpleCart_minNumObj,DecisionTable_evaluationMeasure,DecisionTable_search,DecisionTable_useIBk,GreedyStepwise_conservativeForwardSelection,BestFirst_direction,BestFirst_searchTermination,GreedyStepwise_searchBackwards"
13,90,0.53000000,0.65518371,0.71700054,0.82803030,0.66666667,0005,0034,0035,0.00000000,"JRip,Aggregator,JRip_minNo,J48,J48_collapseTree,DecisionTable,J48_doNotMakeSplitPointActualValue,J48_useMDLcorrection,JRip_checkErrorRate,J48_pruning,PART,JRip_usePruning,SimpleCart,DecisionTable_evaluationMeasure,DecisionTable_crossVal,PART_binarySplits,SimpleCart_heuristic,J48_binarySplits,PART_minNumObj,PART_useMDLcorrection,JRip_optimizations,DecisionTable_search,J48_minNumObj,J48_confidenceFactorValue,DecisionTable_useIBk,J48_useLaplace,GreedyStepwise_conservativeForwardSelection,BestFirst_direction,GreedyStepwise_searchBackwards,PART_pruning,SimpleCart_usePrune,J48_numFolds,PART_doNotMakeSplitPointActualValue,JRip_folds,SimpleCart_minNumObj,BestFirst_searchTermination,SimpleCart_useOneSE,J48_subtreeRaising,SimpleCart_numFoldsPruning,PART_numFolds,PART_confidenceFactorValue"
14,90,0.55857097,0.65901797,0.71700054,0.82803030,0.66666667,0005,0034,0035,0.00000000,"PART,J48,DecisionTable,PART_binarySplits,JRip,J48_useLaplace,Aggregator,J48_binarySplits,SimpleCart,PART_useMDLcorrection,DecisionTable_useIBk,DecisionTable_evaluationMeasure,J48_pruning,J48_useMDLcorrection,PART_pruning,SimpleCart_usePrune,J48_doNotMakeSplitPointActualValue,JRip_checkErrorRate,PART_minNumObj,JRip_usePruning,PART_doNotMakeSplitPointActualValue,J48_confidenceFactorValue,JRip_optimizations,SimpleCart_useOneSE,J48_subtreeRaising,J48_minNumObj,PART_numFolds,DecisionTable_search,GreedyStepwise_conservativeForwardSelection,SimpleCart_heuristic,J48_collapseTree,JRip_folds,BestFirst_direction,DecisionTable_crossVal,BestFirst_searchTermination,JRip_minNo,SimpleCart_numFoldsPruning,SimpleCart_minNumObj,GreedyStepwise_searchBackwards,J48_numFolds,PART_confidenceFactorValue"
15,90,0.51125779,0.65682063,0.71700054,0.82803030,0.66666667,0005,0034,0035,0.00000000,"J48,J48_binarySplits,PART,J48_minNumObj,J48_pruning,DecisionTable,JRip,J48_useLaplace,J48_numFolds,SimpleCart,DecisionTable_search,GreedyStepwise_conservativeForwardSelection,PART_doNotMakeSplitPointActualValue,PART_pruning,J48_doNotMakeSplitPointActualValue,SimpleCart_minNumObj,SimpleCart_heuristic,Aggregator,JRip_checkErrorRate,J48_collapseTree,J48_useMDLcorrection,J48_subtreeRaising,DecisionTable_evaluationMeasure,PART_useMDLcorrection,PART_confidenceFactorValue,PART_minNumObj,J48_confidenceFactorValue,PART_binarySplits,DecisionTable_crossVal,PART_numFolds,GreedyStepwise_searchBackwards,DecisionTable_useIBk,JRip_minNo,JRip_usePruning,BestFirst_direction,BestFirst_searchTermination,SimpleCart_usePrune,JRip_optimizations,SimpleCart_numFoldsPruning,JRip_folds,SimpleCart_useOneSE"
16,90,0.55224863,0.65636355,0.71700054,0.82803030,0.66666667,0005,0034,0035,0.00000000,"Aggregator,JRip,SimpleCart,JRip_checkErrorRate,SimpleCart_heuristic,DecisionTable,JRip_minNo,SimpleCart_minNumObj,PART,J48,DecisionTable_search,JRip_usePruning,DecisionTable_crossVal,J48_minNumObj,PART_minNumObj,J48_binarySplits,SimpleCart_usePrune,GreedyStepwise_conservativeForwardSelection,GreedyStepwise_searchBackwards,J48_useLaplace,PART_pruning,JRip_optimizations,J48_useMDLcorrection,BestFirst_direction,JRip_folds,DecisionTable_evaluationMeasure,PART_numFolds,PART_confidenceFactorValue,DecisionTable_useIBk,SimpleCart_numFoldsPruning,BestFirst_searchTermination,J48_pruning,PART_binarySplits,PART_useMDLcorrection,SimpleCart_useOneSE,PART_doNotMakeSplitPointActualValue,J48_doNotMakeSplitPointActualValue,J48_collapseTree,J48_subtreeRaising,J48_numFolds,J48_confidenceFactorValue"
17,90,0.47757576,0.65789901,0.71700054,0.82803030,0.66666667,0005,0034,0035,0.00000000,"J48,J48_pruning,J48_subtreeRaising,SimpleCart,J48_doNotMakeSplitPointActualValue,J48_collapseTree,J48_binarySplits,DecisionTable,PART,J48_useLaplace,DecisionTable_crossVal,DecisionTable_useIBk,SimpleCart_usePrune,PART_useMDLcorrection,J48_numFolds,PART_doNotMakeSplitPointActualValue,DecisionTable_evaluationMeasure,Aggregator,JRip,J48_useMDLcorrection,J48_minNumObj,DecisionTable_search,GreedyStepwise_conservativeForwardSelection,J48_confidenceFactorValue,BestFirst_searchTermination,SimpleCart_numFoldsPruning,SimpleCart_heuristic,PART_pruning,PART_binarySplits,BestFirst_direction,SimpleCart_minNumObj,PART_numFolds,JRip_minNo,JRip_checkErrorRate,PART_minNumObj,SimpleCart_useOneSE,PART_confidenceFactorValue,JRip_usePruning,GreedyStepwise_searchBackwards,JRip_optimizations,JRip_folds"
18,90,0.58679037,0.65696607,0.71700054,0.82803030,0.66666667,0005,0034,0035,0.00000000,"Aggregator,JRip,J48,SimpleCart,DecisionTable,DecisionTable_search,DecisionTable_useIBk,DecisionTable_evaluationMeasure,J48_doNotMakeSplitPointActualValue,GreedyStepwise_conservativeForwardSelection,JRip_usePruning,PART,J48_useLaplace,PART_minNumObj,SimpleCart_heuristic,J48_pruning,JRip_checkErrorRate,BestFirst_searchTermination,PART_binarySplits,J48_binarySplits,PART_pruning,JRip_minNo,J48_minNumObj,JRip_optimizations,PART_doNotMakeSplitPointActualValue,J48_collapseTree,GreedyStepwise_searchBackwards,DecisionTable_crossVal,SimpleCart_usePrune,J48_useMDLcorrection,J48_subtreeRaising,JRip_folds,SimpleCart_minNumObj,BestFirst_direction,PART_useMDLcorrection,J48_confidenceFactorValue,J48_numFolds,SimpleCart_useOneSE,SimpleCart_numFoldsPruning,PART_numFolds,PART_confidenceFactorValue"
