gen,nevals,min,median,max,currentGenBestValFitness,currentGenBestTestFitness,lap time (seconds),discarded individuals (including burn-in),GM connections,GM mean heuristic,sampling order
0,100,0.75005252,0.85292805,0.90105042,0.79166667,0.73181818,0081,0034,0035,0.00000000,"JRip,DecisionTable,DecisionTable_useIBk,Aggregator,SimpleCart,JRip_minNo,J48,J48_useMDLcorrection,J48_pruning,JRip_checkErrorRate,J48_confidenceFactorValue,DecisionTable_crossVal,SimpleCart_heuristic,JRip_usePruning,PART,DecisionTable_evaluationMeasure,J48_numFolds,SimpleCart_usePrune,J48_collapseTree,J48_minNumObj,DecisionTable_search,J48_useLaplace,GreedyStepwise_searchBackwards,JRip_folds,J48_binarySplits,PART_minNumObj,J48_doNotMakeSplitPointActualValue,PART_useMDLcorrection,PART_pruning,SimpleCart_minNumObj,SimpleCart_useOneSE,PART_doNotMakeSplitPointActualValue,J48_subtreeRaising,PART_numFolds,GreedyStepwise_conservativeForwardSelection,JRip_optimizations,BestFirst_direction,PART_binarySplits,SimpleCart_numFoldsPruning,BestFirst_searchTermination,PART_confidenceFactorValue"
1,90,0.75262605,0.85355830,0.90105042,0.79166667,0.73181818,0076,0034,0035,0.00000000,"SimpleCart,SimpleCart_minNumObj,SimpleCart_heuristic,SimpleCart_usePrune,JRip,JRip_minNo,Aggregator,J48,PART,J48_doNotMakeSplitPointActualValue,DecisionTable,PART_binarySplits,J48_minNumObj,JRip_checkErrorRate,SimpleCart_numFoldsPruning,DecisionTable_useIBk,J48_collapseTree,DecisionTable_evaluationMeasure,SimpleCart_useOneSE,JRip_usePruning,J48_pruning,DecisionTable_search,J48_useLaplace,PART_useMDLcorrection,PART_minNumObj,J48_useMDLcorrection,BestFirst_direction,J48_numFolds,PART_doNotMakeSplitPointActualValue,PART_pruning,J48_binarySplits,DecisionTable_crossVal,PART_confidenceFactorValue,JRip_folds,J48_confidenceFactorValue,BestFirst_searchTermination,J48_subtreeRaising,JRip_optimizations,GreedyStepwise_conservativeForwardSelection,GreedyStepwise_searchBackwards,PART_numFolds"
2,90,0.77956933,0.85563288,0.90105042,0.79166667,0.73181818,0070,0034,0035,0.00000000,"Aggregator,J48,J48_doNotMakeSplitPointActualValue,J48_pruning,J48_confidenceFactorValue,JRip,J48_minNumObj,JRip_checkErrorRate,J48_binarySplits,J48_subtreeRaising,J48_numFolds,JRip_usePruning,SimpleCart,PART,DecisionTable,J48_collapseTree,SimpleCart_minNumObj,J48_useLaplace,J48_useMDLcorrection,JRip_minNo,DecisionTable_search,BestFirst_direction,PART_minNumObj,JRip_optimizations,PART_binarySplits,BestFirst_searchTermination,DecisionTable_evaluationMeasure,PART_pruning,PART_useMDLcorrection,PART_confidenceFactorValue,PART_numFolds,GreedyStepwise_searchBackwards,SimpleCart_heuristic,PART_doNotMakeSplitPointActualValue,DecisionTable_useIBk,DecisionTable_crossVal,SimpleCart_usePrune,JRip_folds,GreedyStepwise_conservativeForwardSelection,SimpleCart_useOneSE,SimpleCart_numFoldsPruning"
3,90,0.77484244,0.85484506,0.90105042,0.79166667,0.73181818,0073,0034,0035,0.00000000,"PART,JRip,J48,SimpleCart,J48_useMDLcorrection,Aggregator,J48_collapseTree,PART_pruning,J48_binarySplits,DecisionTable,JRip_minNo,JRip_usePruning,J48_doNotMakeSplitPointActualValue,DecisionTable_evaluationMeasure,PART_confidenceFactorValue,PART_minNumObj,DecisionTable_crossVal,SimpleCart_minNumObj,SimpleCart_heuristic,J48_minNumObj,PART_binarySplits,JRip_folds,PART_doNotMakeSplitPointActualValue,JRip_checkErrorRate,PART_useMDLcorrection,SimpleCart_usePrune,DecisionTable_useIBk,J48_pruning,PART_numFolds,J48_subtreeRaising,J48_useLaplace,SimpleCart_useOneSE,DecisionTable_search,BestFirst_searchTermination,JRip_optimizations,J48_confidenceFactorValue,J48_numFolds,GreedyStepwise_searchBackwards,SimpleCart_numFoldsPruning,BestFirst_direction,GreedyStepwise_conservativeForwardSelection"
4,90,0.72904412,0.85899422,0.90105042,0.79166667,0.73181818,0081,0034,0073,0.59398482,"SimpleCart,DecisionTable,SimpleCart_usePrune,DecisionTable_crossVal,SimpleCart_minNumObj,DecisionTable_useIBk,SimpleCart_numFoldsPruning,DecisionTable_evaluationMeasure,SimpleCart_useOneSE,Aggregator,DecisionTable_search,BestFirst_direction,BestFirst_searchTermination,GreedyStepwise_conservativeForwardSelection,JRip,JRip_usePruning,JRip_minNo,JRip_optimizations,JRip_folds,JRip_checkErrorRate,GreedyStepwise_searchBackwards,SimpleCart_heuristic,J48_useLaplace,J48_minNumObj,PART_binarySplits,J48_doNotMakeSplitPointActualValue,J48_pruning,J48_confidenceFactorValue,J48_subtreeRaising,J48_collapseTree,J48_useMDLcorrection,J48_binarySplits,PART_minNumObj,J48_numFolds,PART,PART_useMDLcorrection,PART_pruning,PART_doNotMakeSplitPointActualValue,PART_numFolds,PART_confidenceFactorValue,J48"
5,90,0.77597164,0.85638130,0.90105042,0.79166667,0.73181818,0070,0089,0073,0.59398482,"SimpleCart,DecisionTable,DecisionTable_search,GreedyStepwise_conservativeForwardSelection,JRip,JRip_usePruning,JRip_folds,JRip_optimizations,BestFirst_searchTermination,DecisionTable_evaluationMeasure,BestFirst_direction,DecisionTable_useIBk,JRip_checkErrorRate,SimpleCart_heuristic,SimpleCart_minNumObj,GreedyStepwise_searchBackwards,JRip_minNo,DecisionTable_crossVal,PART_binarySplits,J48_binarySplits,J48_confidenceFactorValue,SimpleCart_usePrune,SimpleCart_useOneSE,SimpleCart_numFoldsPruning,Aggregator,PART_minNumObj,J48_doNotMakeSplitPointActualValue,J48_pruning,J48_subtreeRaising,J48_numFolds,PART,PART_doNotMakeSplitPointActualValue,PART_pruning,PART_useMDLcorrection,PART_numFolds,PART_confidenceFactorValue,J48,J48_minNumObj,J48_useMDLcorrection,J48_useLaplace,J48_collapseTree"
6,90,0.77457983,0.86068803,0.90105042,0.79166667,0.73181818,0062,0041,0073,0.59398482,"SimpleCart,DecisionTable,SimpleCart_usePrune,SimpleCart_useOneSE,DecisionTable_crossVal,SimpleCart_minNumObj,DecisionTable_useIBk,BestFirst_direction,J48_useMDLcorrection,J48_minNumObj,J48_collapseTree,JRip_minNo,SimpleCart_numFoldsPruning,DecisionTable_evaluationMeasure,Aggregator,J48_subtreeRaising,J48_doNotMakeSplitPointActualValue,J48_useLaplace,JRip_usePruning,JRip_optimizations,SimpleCart_heuristic,DecisionTable_search,BestFirst_searchTermination,GreedyStepwise_conservativeForwardSelection,JRip,GreedyStepwise_searchBackwards,JRip_checkErrorRate,JRip_folds,J48_binarySplits,PART_binarySplits,J48_pruning,J48_confidenceFactorValue,PART_minNumObj,J48_numFolds,PART,PART_doNotMakeSplitPointActualValue,PART_pruning,PART_useMDLcorrection,PART_numFolds,PART_confidenceFactorValue,J48"
7,90,0.78694853,0.86016282,0.90105042,0.79166667,0.73181818,0069,0034,0056,0.42893914,"J48,SimpleCart,DecisionTable,SimpleCart_heuristic,JRip,PART,Aggregator,PART_doNotMakeSplitPointActualValue,JRip_usePruning,SimpleCart_usePrune,SimpleCart_numFoldsPruning,DecisionTable_search,GreedyStepwise_searchBackwards,SimpleCart_useOneSE,GreedyStepwise_conservativeForwardSelection,J48_minNumObj,PART_binarySplits,J48_binarySplits,BestFirst_searchTermination,DecisionTable_evaluationMeasure,J48_pruning,JRip_folds,J48_numFolds,J48_confidenceFactorValue,SimpleCart_minNumObj,PART_pruning,PART_minNumObj,J48_subtreeRaising,JRip_optimizations,PART_numFolds,PART_confidenceFactorValue,BestFirst_direction,PART_useMDLcorrection,J48_useLaplace,J48_doNotMakeSplitPointActualValue,JRip_checkErrorRate,JRip_minNo,DecisionTable_useIBk,J48_useMDLcorrection,DecisionTable_crossVal,J48_collapseTree"
8,90,0.78616071,0.86013655,0.90567227,0.85833333,0.67272727,0071,0212,0056,0.42893914,"J48,Aggregator,JRip,SimpleCart,DecisionTable,PART,JRip_usePruning,SimpleCart_usePrune,SimpleCart_heuristic,PART_doNotMakeSplitPointActualValue,DecisionTable_search,GreedyStepwise_searchBackwards,SimpleCart_numFoldsPruning,SimpleCart_useOneSE,GreedyStepwise_conservativeForwardSelection,J48_numFolds,PART_numFolds,PART_confidenceFactorValue,J48_subtreeRaising,J48_confidenceFactorValue,DecisionTable_crossVal,JRip_checkErrorRate,JRip_minNo,J48_doNotMakeSplitPointActualValue,DecisionTable_useIBk,J48_useMDLcorrection,J48_collapseTree,PART_minNumObj,JRip_optimizations,J48_binarySplits,J48_minNumObj,PART_binarySplits,SimpleCart_minNumObj,BestFirst_direction,J48_useLaplace,PART_useMDLcorrection,DecisionTable_evaluationMeasure,BestFirst_searchTermination,J48_pruning,PART_pruning,JRip_folds"
9,90,0.77447479,0.86004464,0.90567227,0.85833333,0.67272727,0076,0034,0056,0.42893914,"J48,Aggregator,SimpleCart,JRip,DecisionTable,PART,JRip_usePruning,SimpleCart_heuristic,SimpleCart_usePrune,DecisionTable_search,SimpleCart_numFoldsPruning,PART_doNotMakeSplitPointActualValue,GreedyStepwise_searchBackwards,SimpleCart_useOneSE,GreedyStepwise_conservativeForwardSelection,PART_pruning,PART_confidenceFactorValue,PART_numFolds,J48_pruning,PART_minNumObj,J48_confidenceFactorValue,JRip_optimizations,J48_subtreeRaising,SimpleCart_minNumObj,JRip_folds,J48_numFolds,J48_minNumObj,JRip_minNo,JRip_checkErrorRate,J48_doNotMakeSplitPointActualValue,DecisionTable_useIBk,J48_useMDLcorrection,DecisionTable_crossVal,J48_collapseTree,BestFirst_direction,J48_useLaplace,PART_useMDLcorrection,PART_binarySplits,J48_binarySplits,BestFirst_searchTermination,DecisionTable_evaluationMeasure"
10,90,0.78763130,0.86093750,0.90567227,0.85833333,0.67272727,0080,0034,0061,0.64627690,"J48,PART,SimpleCart,JRip,DecisionTable,SimpleCart_heuristic,SimpleCart_usePrune,SimpleCart_useOneSE,SimpleCart_numFoldsPruning,JRip_minNo,J48_pruning,DecisionTable_crossVal,SimpleCart_minNumObj,J48_confidenceFactorValue,PART_pruning,PART_binarySplits,J48_collapseTree,J48_minNumObj,PART_numFolds,J48_numFolds,PART_confidenceFactorValue,J48_useLaplace,J48_binarySplits,PART_doNotMakeSplitPointActualValue,J48_subtreeRaising,DecisionTable_evaluationMeasure,DecisionTable_useIBk,J48_doNotMakeSplitPointActualValue,DecisionTable_search,GreedyStepwise_searchBackwards,BestFirst_direction,BestFirst_searchTermination,JRip_usePruning,GreedyStepwise_conservativeForwardSelection,Aggregator,JRip_folds,JRip_optimizations,PART_useMDLcorrection,J48_useMDLcorrection,JRip_checkErrorRate,PART_minNumObj"
11,90,0.78878676,0.85900735,0.90567227,0.85833333,0.67272727,0063,0034,0061,0.64627690,"PART,J48,JRip,DecisionTable,SimpleCart,SimpleCart_usePrune,SimpleCart_heuristic,SimpleCart_numFoldsPruning,SimpleCart_useOneSE,J48_binarySplits,JRip_minNo,DecisionTable_crossVal,J48_minNumObj,J48_pruning,SimpleCart_minNumObj,J48_collapseTree,J48_numFolds,J48_confidenceFactorValue,PART_pruning,PART_confidenceFactorValue,PART_numFolds,PART_binarySplits,J48_subtreeRaising,DecisionTable_evaluationMeasure,PART_doNotMakeSplitPointActualValue,PART_minNumObj,DecisionTable_search,GreedyStepwise_searchBackwards,JRip_usePruning,BestFirst_searchTermination,Aggregator,GreedyStepwise_conservativeForwardSelection,JRip_optimizations,JRip_checkErrorRate,J48_useMDLcorrection,PART_useMDLcorrection,JRip_folds,J48_useLaplace,BestFirst_direction,DecisionTable_useIBk,J48_doNotMakeSplitPointActualValue"
12,90,0.76465336,0.85614496,0.90567227,0.85833333,0.67272727,0064,0034,0061,0.64627690,"SimpleCart,PART,SimpleCart_usePrune,JRip,DecisionTable,SimpleCart_numFoldsPruning,SimpleCart_heuristic,SimpleCart_useOneSE,J48,JRip_minNo,J48_collapseTree,SimpleCart_minNumObj,J48_pruning,DecisionTable_crossVal,J48_minNumObj,J48_numFolds,PART_pruning,PART_numFolds,J48_confidenceFactorValue,PART_confidenceFactorValue,PART_binarySplits,J48_subtreeRaising,DecisionTable_evaluationMeasure,PART_minNumObj,JRip_usePruning,DecisionTable_search,GreedyStepwise_conservativeForwardSelection,GreedyStepwise_searchBackwards,Aggregator,BestFirst_searchTermination,JRip_checkErrorRate,J48_useMDLcorrection,PART_useMDLcorrection,PART_doNotMakeSplitPointActualValue,JRip_folds,JRip_optimizations,J48_binarySplits,J48_useLaplace,BestFirst_direction,DecisionTable_useIBk,J48_doNotMakeSplitPointActualValue"
13,90,0.75212710,0.85207458,0.90567227,0.85833333,0.67272727,0062,0034,0035,0.00000000,"J48,J48_useLaplace,J48_binarySplits,J48_useMDLcorrection,DecisionTable,J48_minNumObj,JRip,Aggregator,SimpleCart,J48_doNotMakeSplitPointActualValue,J48_pruning,JRip_checkErrorRate,DecisionTable_crossVal,J48_collapseTree,PART,JRip_usePruning,JRip_folds,SimpleCart_minNumObj,J48_confidenceFactorValue,DecisionTable_search,JRip_minNo,GreedyStepwise_searchBackwards,PART_doNotMakeSplitPointActualValue,PART_binarySplits,PART_pruning,PART_useMDLcorrection,DecisionTable_useIBk,BestFirst_searchTermination,DecisionTable_evaluationMeasure,SimpleCart_usePrune,J48_subtreeRaising,GreedyStepwise_conservativeForwardSelection,SimpleCart_heuristic,PART_minNumObj,PART_numFolds,J48_numFolds,BestFirst_direction,PART_confidenceFactorValue,JRip_optimizations,SimpleCart_useOneSE,SimpleCart_numFoldsPruning"
14,90,0.73479517,0.85401786,0.90567227,0.85833333,0.67272727,0064,0034,0035,0.00000000,"DecisionTable,DecisionTable_evaluationMeasure,JRip,DecisionTable_crossVal,DecisionTable_search,JRip_checkErrorRate,SimpleCart,J48,PART,PART_doNotMakeSplitPointActualValue,Aggregator,PART_binarySplits,JRip_usePruning,SimpleCart_usePrune,JRip_optimizations,PART_minNumObj,SimpleCart_numFoldsPruning,DecisionTable_useIBk,JRip_minNo,BestFirst_searchTermination,SimpleCart_minNumObj,J48_useMDLcorrection,PART_useMDLcorrection,J48_pruning,JRip_folds,BestFirst_direction,J48_subtreeRaising,SimpleCart_heuristic,SimpleCart_useOneSE,PART_pruning,GreedyStepwise_searchBackwards,J48_doNotMakeSplitPointActualValue,GreedyStepwise_conservativeForwardSelection,PART_numFolds,J48_binarySplits,J48_collapseTree,J48_minNumObj,J48_useLaplace,PART_confidenceFactorValue,J48_numFolds,J48_confidenceFactorValue"
15,90,0.76615021,0.84746586,0.90567227,0.85833333,0.67272727,0055,0034,0035,0.00000000,"SimpleCart,JRip,SimpleCart_heuristic,JRip_checkErrorRate,SimpleCart_usePrune,Aggregator,DecisionTable,SimpleCart_useOneSE,SimpleCart_minNumObj,J48,DecisionTable_useIBk,JRip_usePruning,PART,SimpleCart_numFoldsPruning,PART_useMDLcorrection,J48_pruning,JRip_minNo,J48_confidenceFactorValue,JRip_folds,J48_collapseTree,J48_subtreeRaising,DecisionTable_evaluationMeasure,J48_numFolds,J48_binarySplits,J48_minNumObj,J48_useLaplace,PART_doNotMakeSplitPointActualValue,DecisionTable_search,J48_useMDLcorrection,J48_doNotMakeSplitPointActualValue,PART_pruning,PART_binarySplits,PART_minNumObj,DecisionTable_crossVal,GreedyStepwise_searchBackwards,JRip_optimizations,BestFirst_direction,BestFirst_searchTermination,GreedyStepwise_conservativeForwardSelection,PART_numFolds,PART_confidenceFactorValue"
16,90,0.73805147,0.85152311,0.90567227,0.85833333,0.67272727,0068,0034,0035,0.00000000,"Aggregator,J48,J48_useMDLcorrection,J48_collapseTree,J48_useLaplace,J48_doNotMakeSplitPointActualValue,DecisionTable,J48_minNumObj,J48_binarySplits,DecisionTable_useIBk,J48_pruning,J48_subtreeRaising,DecisionTable_search,JRip,J48_numFolds,DecisionTable_evaluationMeasure,GreedyStepwise_conservativeForwardSelection,JRip_checkErrorRate,GreedyStepwise_searchBackwards,SimpleCart,PART,JRip_usePruning,SimpleCart_usePrune,JRip_optimizations,DecisionTable_crossVal,J48_confidenceFactorValue,BestFirst_direction,PART_binarySplits,SimpleCart_heuristic,BestFirst_searchTermination,JRip_folds,SimpleCart_minNumObj,PART_pruning,JRip_minNo,PART_confidenceFactorValue,PART_doNotMakeSplitPointActualValue,SimpleCart_useOneSE,PART_minNumObj,PART_useMDLcorrection,PART_numFolds,SimpleCart_numFoldsPruning"
17,90,0.75175945,0.85466124,0.90567227,0.85833333,0.67272727,0058,0034,0035,0.00000000,"SimpleCart,JRip,DecisionTable,Aggregator,DecisionTable_search,JRip_checkErrorRate,SimpleCart_usePrune,JRip_usePruning,PART,SimpleCart_heuristic,SimpleCart_numFoldsPruning,SimpleCart_minNumObj,JRip_minNo,DecisionTable_useIBk,BestFirst_searchTermination,SimpleCart_useOneSE,J48,PART_binarySplits,DecisionTable_evaluationMeasure,PART_minNumObj,BestFirst_direction,J48_useMDLcorrection,JRip_optimizations,J48_collapseTree,JRip_folds,PART_pruning,GreedyStepwise_conservativeForwardSelection,GreedyStepwise_searchBackwards,J48_minNumObj,DecisionTable_crossVal,J48_pruning,J48_numFolds,J48_subtreeRaising,PART_useMDLcorrection,J48_useLaplace,PART_doNotMakeSplitPointActualValue,PART_numFolds,J48_confidenceFactorValue,J48_doNotMakeSplitPointActualValue,J48_binarySplits,PART_confidenceFactorValue"
18,90,0.74527311,0.85219275,0.90567227,0.85833333,0.67272727,0062,0034,0035,0.00000000,"J48,JRip,DecisionTable,J48_useLaplace,J48_minNumObj,PART,J48_binarySplits,PART_pruning,J48_pruning,J48_confidenceFactorValue,SimpleCart,Aggregator,PART_binarySplits,SimpleCart_usePrune,J48_doNotMakeSplitPointActualValue,JRip_usePruning,SimpleCart_numFoldsPruning,DecisionTable_evaluationMeasure,JRip_minNo,J48_numFolds,PART_useMDLcorrection,JRip_checkErrorRate,PART_minNumObj,J48_collapseTree,DecisionTable_search,JRip_optimizations,DecisionTable_useIBk,PART_numFolds,SimpleCart_useOneSE,J48_useMDLcorrection,PART_doNotMakeSplitPointActualValue,DecisionTable_crossVal,SimpleCart_heuristic,SimpleCart_minNumObj,J48_subtreeRaising,PART_confidenceFactorValue,BestFirst_searchTermination,JRip_folds,GreedyStepwise_conservativeForwardSelection,BestFirst_direction,GreedyStepwise_searchBackwards"
19,90,0.76953782,0.84368435,0.90567227,0.85833333,0.67272727,0072,0034,0035,0.00000000,"SimpleCart,J48,J48_minNumObj,J48_doNotMakeSplitPointActualValue,SimpleCart_usePrune,DecisionTable,JRip,JRip_checkErrorRate,PART,DecisionTable_evaluationMeasure,J48_collapseTree,Aggregator,DecisionTable_search,JRip_usePruning,SimpleCart_minNumObj,GreedyStepwise_searchBackwards,JRip_minNo,BestFirst_direction,SimpleCart_numFoldsPruning,GreedyStepwise_conservativeForwardSelection,JRip_folds,J48_useLaplace,J48_useMDLcorrection,SimpleCart_heuristic,J48_pruning,J48_binarySplits,JRip_optimizations,PART_useMDLcorrection,PART_binarySplits,DecisionTable_useIBk,BestFirst_searchTermination,SimpleCart_useOneSE,DecisionTable_crossVal,PART_doNotMakeSplitPointActualValue,PART_minNumObj,PART_pruning,J48_numFolds,J48_subtreeRaising,J48_confidenceFactorValue,PART_confidenceFactorValue,PART_numFolds"
20,90,0.77820378,0.84918592,0.90567227,0.85833333,0.67272727,0054,0034,0035,0.00000000,"PART,DecisionTable,SimpleCart,PART_binarySplits,PART_doNotMakeSplitPointActualValue,DecisionTable_search,SimpleCart_minNumObj,GreedyStepwise_searchBackwards,JRip,PART_minNumObj,BestFirst_direction,DecisionTable_evaluationMeasure,PART_pruning,J48,J48_collapseTree,BestFirst_searchTermination,SimpleCart_usePrune,GreedyStepwise_conservativeForwardSelection,DecisionTable_useIBk,SimpleCart_heuristic,Aggregator,PART_useMDLcorrection,J48_doNotMakeSplitPointActualValue,DecisionTable_crossVal,SimpleCart_numFoldsPruning,PART_numFolds,SimpleCart_useOneSE,J48_binarySplits,JRip_usePruning,PART_confidenceFactorValue,JRip_folds,J48_useLaplace,J48_minNumObj,J48_pruning,JRip_checkErrorRate,JRip_minNo,J48_useMDLcorrection,JRip_optimizations,J48_subtreeRaising,J48_confidenceFactorValue,J48_numFolds"
21,90,0.72205882,0.83605567,0.90567227,0.85833333,0.67272727,0070,0034,0035,0.00000000,"JRip,Aggregator,SimpleCart,PART,JRip_checkErrorRate,J48,JRip_usePruning,DecisionTable,PART_binarySplits,SimpleCart_heuristic,J48_collapseTree,DecisionTable_search,DecisionTable_crossVal,J48_useLaplace,PART_useMDLcorrection,DecisionTable_useIBk,SimpleCart_minNumObj,J48_doNotMakeSplitPointActualValue,SimpleCart_usePrune,SimpleCart_numFoldsPruning,J48_binarySplits,J48_minNumObj,JRip_minNo,J48_useMDLcorrection,PART_minNumObj,J48_pruning,PART_doNotMakeSplitPointActualValue,J48_numFolds,GreedyStepwise_searchBackwards,J48_subtreeRaising,PART_pruning,GreedyStepwise_conservativeForwardSelection,JRip_folds,JRip_optimizations,J48_confidenceFactorValue,BestFirst_searchTermination,PART_confidenceFactorValue,BestFirst_direction,DecisionTable_evaluationMeasure,SimpleCart_useOneSE,PART_numFolds"
22,90,0.74516807,0.83872111,0.90567227,0.85833333,0.67272727,0064,0034,0035,0.00000000,"DecisionTable,PART,J48,DecisionTable_search,DecisionTable_crossVal,J48_doNotMakeSplitPointActualValue,DecisionTable_evaluationMeasure,GreedyStepwise_searchBackwards,J48_binarySplits,PART_minNumObj,SimpleCart,JRip,PART_doNotMakeSplitPointActualValue,DecisionTable_useIBk,GreedyStepwise_conservativeForwardSelection,PART_useMDLcorrection,Aggregator,J48_pruning,PART_binarySplits,BestFirst_direction,J48_collapseTree,J48_useLaplace,JRip_usePruning,JRip_folds,BestFirst_searchTermination,SimpleCart_minNumObj,PART_pruning,J48_useMDLcorrection,PART_confidenceFactorValue,J48_subtreeRaising,J48_minNumObj,SimpleCart_heuristic,SimpleCart_usePrune,PART_numFolds,SimpleCart_numFoldsPruning,JRip_optimizations,J48_confidenceFactorValue,JRip_checkErrorRate,JRip_minNo,SimpleCart_useOneSE,J48_numFolds"
23,90,0.76670168,0.83922006,0.90567227,0.85833333,0.67272727,0060,0034,0035,0.00000000,"PART,DecisionTable,DecisionTable_evaluationMeasure,DecisionTable_search,PART_binarySplits,Aggregator,PART_useMDLcorrection,DecisionTable_crossVal,JRip,J48,J48_useLaplace,SimpleCart,PART_doNotMakeSplitPointActualValue,SimpleCart_usePrune,SimpleCart_heuristic,JRip_minNo,JRip_usePruning,J48_doNotMakeSplitPointActualValue,PART_pruning,BestFirst_searchTermination,DecisionTable_useIBk,BestFirst_direction,SimpleCart_minNumObj,J48_useMDLcorrection,GreedyStepwise_searchBackwards,PART_minNumObj,JRip_folds,J48_minNumObj,J48_pruning,JRip_checkErrorRate,J48_collapseTree,J48_binarySplits,GreedyStepwise_conservativeForwardSelection,J48_subtreeRaising,SimpleCart_numFoldsPruning,SimpleCart_useOneSE,PART_numFolds,JRip_optimizations,PART_confidenceFactorValue,J48_numFolds,J48_confidenceFactorValue"
24,90,0.71200105,0.84191176,0.90567227,0.85833333,0.67272727,0046,0034,0035,0.00000000,"Aggregator,DecisionTable,SimpleCart,PART,J48,PART_minNumObj,J48_pruning,J48_collapseTree,JRip,PART_useMDLcorrection,JRip_checkErrorRate,DecisionTable_useIBk,PART_pruning,J48_confidenceFactorValue,J48_minNumObj,SimpleCart_heuristic,DecisionTable_search,SimpleCart_minNumObj,JRip_minNo,SimpleCart_usePrune,GreedyStepwise_searchBackwards,PART_numFolds,PART_binarySplits,DecisionTable_crossVal,J48_binarySplits,BestFirst_direction,SimpleCart_numFoldsPruning,J48_useLaplace,DecisionTable_evaluationMeasure,J48_useMDLcorrection,GreedyStepwise_conservativeForwardSelection,BestFirst_searchTermination,PART_doNotMakeSplitPointActualValue,J48_subtreeRaising,J48_doNotMakeSplitPointActualValue,PART_confidenceFactorValue,J48_numFolds,JRip_usePruning,JRip_folds,SimpleCart_useOneSE,JRip_optimizations"
25,90,0.73713235,0.84007353,0.90567227,0.85833333,0.67272727,0058,0034,0035,0.00000000,"JRip,Aggregator,DecisionTable,JRip_checkErrorRate,DecisionTable_search,J48,PART,PART_minNumObj,GreedyStepwise_conservativeForwardSelection,SimpleCart,DecisionTable_crossVal,J48_useLaplace,J48_pruning,SimpleCart_heuristic,BestFirst_direction,PART_useMDLcorrection,GreedyStepwise_searchBackwards,JRip_usePruning,PART_doNotMakeSplitPointActualValue,J48_collapseTree,J48_numFolds,J48_useMDLcorrection,DecisionTable_evaluationMeasure,J48_minNumObj,PART_binarySplits,PART_pruning,J48_subtreeRaising,J48_binarySplits,JRip_minNo,DecisionTable_useIBk,JRip_optimizations,BestFirst_searchTermination,J48_doNotMakeSplitPointActualValue,SimpleCart_minNumObj,SimpleCart_usePrune,SimpleCart_useOneSE,PART_confidenceFactorValue,PART_numFolds,J48_confidenceFactorValue,JRip_folds,SimpleCart_numFoldsPruning"
26,90,0.73602941,0.84058561,0.91071429,0.87083333,0.74090909,0056,0034,0035,0.00000000,"SimpleCart,SimpleCart_heuristic,PART,PART_minNumObj,PART_useMDLcorrection,J48,J48_pruning,J48_numFolds,PART_pruning,JRip,Aggregator,DecisionTable,DecisionTable_crossVal,SimpleCart_minNumObj,PART_binarySplits,J48_useLaplace,PART_confidenceFactorValue,J48_doNotMakeSplitPointActualValue,SimpleCart_usePrune,PART_doNotMakeSplitPointActualValue,J48_collapseTree,J48_confidenceFactorValue,DecisionTable_search,JRip_checkErrorRate,DecisionTable_evaluationMeasure,JRip_usePruning,SimpleCart_useOneSE,BestFirst_direction,JRip_minNo,GreedyStepwise_searchBackwards,J48_binarySplits,J48_subtreeRaising,DecisionTable_useIBk,JRip_folds,BestFirst_searchTermination,J48_useMDLcorrection,J48_minNumObj,PART_numFolds,SimpleCart_numFoldsPruning,JRip_optimizations,GreedyStepwise_conservativeForwardSelection"
27,90,0.74054622,0.84132090,0.91071429,0.87083333,0.74090909,0048,0034,0035,0.00000000,"JRip,PART,JRip_checkErrorRate,PART_minNumObj,SimpleCart,Aggregator,SimpleCart_heuristic,PART_pruning,DecisionTable,J48,JRip_minNo,JRip_usePruning,J48_pruning,J48_doNotMakeSplitPointActualValue,PART_numFolds,PART_doNotMakeSplitPointActualValue,J48_useLaplace,SimpleCart_minNumObj,DecisionTable_search,PART_useMDLcorrection,PART_binarySplits,SimpleCart_usePrune,J48_subtreeRaising,DecisionTable_evaluationMeasure,J48_minNumObj,DecisionTable_useIBk,PART_confidenceFactorValue,J48_binarySplits,J48_confidenceFactorValue,DecisionTable_crossVal,SimpleCart_numFoldsPruning,J48_collapseTree,J48_useMDLcorrection,JRip_optimizations,BestFirst_direction,JRip_folds,BestFirst_searchTermination,J48_numFolds,GreedyStepwise_searchBackwards,SimpleCart_useOneSE,GreedyStepwise_conservativeForwardSelection"
28,90,0.77752101,0.83621324,0.91071429,0.87083333,0.74090909,0050,0034,0050,0.62928653,"PART,PART_doNotMakeSplitPointActualValue,JRip,JRip_checkErrorRate,J48,DecisionTable,PART_pruning,J48_pruning,J48_confidenceFactorValue,J48_numFolds,JRip_minNo,SimpleCart,DecisionTable_evaluationMeasure,PART_confidenceFactorValue,DecisionTable_search,J48_collapseTree,DecisionTable_useIBk,SimpleCart_usePrune,J48_subtreeRaising,PART_numFolds,BestFirst_direction,BestFirst_searchTermination,SimpleCart_numFoldsPruning,SimpleCart_useOneSE,J48_doNotMakeSplitPointActualValue,PART_minNumObj,GreedyStepwise_conservativeForwardSelection,GreedyStepwise_searchBackwards,J48_minNumObj,JRip_usePruning,JRip_optimizations,JRip_folds,J48_binarySplits,DecisionTable_crossVal,J48_useMDLcorrection,SimpleCart_minNumObj,SimpleCart_heuristic,PART_useMDLcorrection,J48_useLaplace,PART_binarySplits,Aggregator"
29,90,0.75407038,0.84535189,0.91071429,0.87083333,0.74090909,0044,0034,0050,0.62928653,"J48,PART,DecisionTable,SimpleCart,J48_pruning,SimpleCart_usePrune,DecisionTable_useIBk,J48_subtreeRaising,J48_confidenceFactorValue,J48_numFolds,SimpleCart_numFoldsPruning,JRip,JRip_checkErrorRate,PART_pruning,PART_doNotMakeSplitPointActualValue,JRip_minNo,J48_collapseTree,PART_confidenceFactorValue,SimpleCart_useOneSE,DecisionTable_evaluationMeasure,DecisionTable_search,PART_numFolds,BestFirst_searchTermination,BestFirst_direction,PART_useMDLcorrection,J48_minNumObj,SimpleCart_heuristic,J48_useMDLcorrection,J48_useLaplace,PART_minNumObj,JRip_usePruning,JRip_optimizations,JRip_folds,J48_binarySplits,DecisionTable_crossVal,GreedyStepwise_searchBackwards,J48_doNotMakeSplitPointActualValue,Aggregator,PART_binarySplits,GreedyStepwise_conservativeForwardSelection,SimpleCart_minNumObj"
30,90,0.77888655,0.84628414,0.91071429,0.87083333,0.74090909,0039,0034,0050,0.62928653,"J48,DecisionTable,SimpleCart,JRip,DecisionTable_search,DecisionTable_evaluationMeasure,BestFirst_searchTermination,PART,SimpleCart_usePrune,BestFirst_direction,J48_pruning,DecisionTable_useIBk,J48_collapseTree,SimpleCart_useOneSE,JRip_minNo,JRip_checkErrorRate,PART_doNotMakeSplitPointActualValue,J48_subtreeRaising,J48_confidenceFactorValue,J48_numFolds,SimpleCart_numFoldsPruning,PART_pruning,PART_numFolds,PART_confidenceFactorValue,PART_minNumObj,GreedyStepwise_searchBackwards,PART_binarySplits,DecisionTable_crossVal,J48_binarySplits,J48_doNotMakeSplitPointActualValue,SimpleCart_heuristic,SimpleCart_minNumObj,GreedyStepwise_conservativeForwardSelection,Aggregator,PART_useMDLcorrection,J48_minNumObj,JRip_usePruning,J48_useLaplace,J48_useMDLcorrection,JRip_optimizations,JRip_folds"
31,90,0.76404937,0.84680935,0.91071429,0.87083333,0.74090909,0041,0034,0035,0.00000000,"DecisionTable,DecisionTable_evaluationMeasure,SimpleCart,J48,SimpleCart_usePrune,PART,SimpleCart_useOneSE,JRip,J48_minNumObj,DecisionTable_search,GreedyStepwise_searchBackwards,DecisionTable_useIBk,PART_minNumObj,SimpleCart_heuristic,J48_useLaplace,BestFirst_direction,J48_pruning,J48_collapseTree,J48_useMDLcorrection,BestFirst_searchTermination,SimpleCart_numFoldsPruning,DecisionTable_crossVal,SimpleCart_minNumObj,Aggregator,GreedyStepwise_conservativeForwardSelection,J48_numFolds,JRip_usePruning,PART_useMDLcorrection,J48_doNotMakeSplitPointActualValue,JRip_minNo,PART_binarySplits,J48_binarySplits,JRip_optimizations,J48_subtreeRaising,PART_doNotMakeSplitPointActualValue,J48_confidenceFactorValue,JRip_checkErrorRate,JRip_folds,PART_pruning,PART_numFolds,PART_confidenceFactorValue"
32,90,0.76278887,0.85568540,0.91071429,0.87083333,0.74090909,0050,0034,0035,0.00000000,"Aggregator,SimpleCart,DecisionTable,PART,JRip,J48,SimpleCart_minNumObj,JRip_checkErrorRate,SimpleCart_usePrune,J48_useMDLcorrection,JRip_minNo,J48_pruning,J48_doNotMakeSplitPointActualValue,J48_numFolds,PART_binarySplits,PART_minNumObj,PART_useMDLcorrection,JRip_usePruning,JRip_optimizations,SimpleCart_heuristic,DecisionTable_crossVal,PART_doNotMakeSplitPointActualValue,SimpleCart_numFoldsPruning,J48_useLaplace,PART_pruning,DecisionTable_search,DecisionTable_evaluationMeasure,J48_confidenceFactorValue,J48_binarySplits,J48_subtreeRaising,DecisionTable_useIBk,J48_collapseTree,GreedyStepwise_conservativeForwardSelection,J48_minNumObj,SimpleCart_useOneSE,BestFirst_searchTermination,PART_confidenceFactorValue,JRip_folds,GreedyStepwise_searchBackwards,PART_numFolds,BestFirst_direction"
33,90,0.75530462,0.84820116,0.91071429,0.87083333,0.74090909,0048,0034,0035,0.00000000,"DecisionTable,DecisionTable_search,GreedyStepwise_searchBackwards,SimpleCart,DecisionTable_evaluationMeasure,BestFirst_direction,DecisionTable_crossVal,SimpleCart_usePrune,JRip,Aggregator,JRip_checkErrorRate,SimpleCart_minNumObj,SimpleCart_numFoldsPruning,SimpleCart_heuristic,PART,SimpleCart_useOneSE,GreedyStepwise_conservativeForwardSelection,J48,JRip_usePruning,PART_binarySplits,J48_collapseTree,BestFirst_searchTermination,DecisionTable_useIBk,PART_minNumObj,JRip_folds,PART_pruning,J48_binarySplits,J48_useLaplace,PART_useMDLcorrection,J48_doNotMakeSplitPointActualValue,J48_useMDLcorrection,JRip_minNo,J48_minNumObj,JRip_optimizations,J48_pruning,J48_subtreeRaising,PART_doNotMakeSplitPointActualValue,PART_confidenceFactorValue,J48_numFolds,J48_confidenceFactorValue,PART_numFolds"
34,90,0.71231618,0.85074842,0.91071429,0.87083333,0.74090909,0039,0034,0035,0.00000000,"DecisionTable,DecisionTable_evaluationMeasure,JRip,JRip_minNo,DecisionTable_search,GreedyStepwise_searchBackwards,DecisionTable_crossVal,SimpleCart,J48,JRip_usePruning,DecisionTable_useIBk,GreedyStepwise_conservativeForwardSelection,JRip_optimizations,J48_useLaplace,SimpleCart_heuristic,SimpleCart_usePrune,SimpleCart_minNumObj,J48_collapseTree,J48_minNumObj,JRip_folds,Aggregator,PART,J48_binarySplits,J48_doNotMakeSplitPointActualValue,J48_pruning,J48_confidenceFactorValue,JRip_checkErrorRate,PART_binarySplits,SimpleCart_numFoldsPruning,J48_useMDLcorrection,BestFirst_searchTermination,BestFirst_direction,PART_minNumObj,J48_subtreeRaising,PART_pruning,PART_useMDLcorrection,SimpleCart_useOneSE,PART_doNotMakeSplitPointActualValue,J48_numFolds,PART_confidenceFactorValue,PART_numFolds"
35,90,0.76179097,0.85189076,0.91071429,0.87083333,0.74090909,0043,0034,0035,0.00000000,"JRip,Aggregator,JRip_usePruning,DecisionTable,JRip_checkErrorRate,PART,SimpleCart,JRip_folds,PART_pruning,DecisionTable_useIBk,DecisionTable_search,J48,GreedyStepwise_searchBackwards,GreedyStepwise_conservativeForwardSelection,PART_useMDLcorrection,PART_binarySplits,SimpleCart_heuristic,PART_minNumObj,BestFirst_searchTermination,JRip_optimizations,JRip_minNo,J48_useMDLcorrection,DecisionTable_crossVal,SimpleCart_minNumObj,DecisionTable_evaluationMeasure,PART_doNotMakeSplitPointActualValue,BestFirst_direction,J48_binarySplits,SimpleCart_usePrune,J48_doNotMakeSplitPointActualValue,J48_minNumObj,PART_confidenceFactorValue,PART_numFolds,SimpleCart_useOneSE,J48_pruning,J48_subtreeRaising,J48_collapseTree,J48_useLaplace,J48_confidenceFactorValue,SimpleCart_numFoldsPruning,J48_numFolds"
36,90,0.78040966,0.85161502,0.91071429,0.87083333,0.74090909,0042,0034,0035,0.00000000,"PART,DecisionTable,PART_minNumObj,DecisionTable_useIBk,JRip,SimpleCart,Aggregator,PART_pruning,SimpleCart_heuristic,PART_doNotMakeSplitPointActualValue,PART_useMDLcorrection,PART_binarySplits,DecisionTable_evaluationMeasure,JRip_minNo,SimpleCart_minNumObj,J48,DecisionTable_search,GreedyStepwise_conservativeForwardSelection,JRip_checkErrorRate,J48_useLaplace,PART_numFolds,J48_collapseTree,J48_binarySplits,DecisionTable_crossVal,J48_useMDLcorrection,PART_confidenceFactorValue,J48_doNotMakeSplitPointActualValue,JRip_usePruning,BestFirst_direction,J48_minNumObj,SimpleCart_usePrune,J48_pruning,BestFirst_searchTermination,SimpleCart_useOneSE,JRip_folds,SimpleCart_numFoldsPruning,GreedyStepwise_searchBackwards,J48_confidenceFactorValue,JRip_optimizations,J48_subtreeRaising,J48_numFolds"
37,90,0.78618697,0.85635504,0.91071429,0.87083333,0.74090909,0043,0034,0035,0.00000000,"PART,PART_doNotMakeSplitPointActualValue,PART_useMDLcorrection,PART_pruning,J48,J48_binarySplits,PART_binarySplits,PART_confidenceFactorValue,Aggregator,J48_doNotMakeSplitPointActualValue,J48_useLaplace,SimpleCart,J48_useMDLcorrection,J48_minNumObj,JRip,SimpleCart_usePrune,SimpleCart_numFoldsPruning,DecisionTable,PART_minNumObj,JRip_checkErrorRate,J48_collapseTree,J48_pruning,SimpleCart_minNumObj,JRip_usePruning,J48_subtreeRaising,SimpleCart_heuristic,DecisionTable_crossVal,JRip_folds,PART_numFolds,DecisionTable_evaluationMeasure,DecisionTable_search,DecisionTable_useIBk,JRip_minNo,J48_numFolds,JRip_optimizations,GreedyStepwise_conservativeForwardSelection,SimpleCart_useOneSE,BestFirst_searchTermination,J48_confidenceFactorValue,BestFirst_direction,GreedyStepwise_searchBackwards"
38,90,0.75428046,0.85315126,0.91071429,0.87083333,0.74090909,0057,0034,0035,0.00000000,"JRip,JRip_usePruning,JRip_optimizations,JRip_minNo,JRip_checkErrorRate,PART,PART_doNotMakeSplitPointActualValue,PART_useMDLcorrection,JRip_folds,SimpleCart,SimpleCart_usePrune,J48,DecisionTable,Aggregator,SimpleCart_numFoldsPruning,PART_pruning,J48_useLaplace,PART_numFolds,DecisionTable_useIBk,PART_confidenceFactorValue,SimpleCart_useOneSE,PART_minNumObj,J48_minNumObj,PART_binarySplits,SimpleCart_heuristic,J48_useMDLcorrection,DecisionTable_evaluationMeasure,J48_doNotMakeSplitPointActualValue,J48_collapseTree,J48_pruning,DecisionTable_crossVal,J48_binarySplits,SimpleCart_minNumObj,DecisionTable_search,GreedyStepwise_conservativeForwardSelection,J48_subtreeRaising,BestFirst_searchTermination,GreedyStepwise_searchBackwards,J48_confidenceFactorValue,J48_numFolds,BestFirst_direction"
39,90,0.72970063,0.85898109,0.91071429,0.87083333,0.74090909,0040,0034,0035,0.00000000,"J48,PART,J48_useLaplace,Aggregator,J48_doNotMakeSplitPointActualValue,J48_binarySplits,SimpleCart,PART_binarySplits,SimpleCart_heuristic,PART_doNotMakeSplitPointActualValue,J48_minNumObj,J48_collapseTree,SimpleCart_usePrune,JRip,J48_useMDLcorrection,JRip_usePruning,DecisionTable,DecisionTable_search,J48_pruning,BestFirst_searchTermination,J48_numFolds,J48_confidenceFactorValue,PART_useMDLcorrection,JRip_optimizations,PART_minNumObj,PART_pruning,DecisionTable_useIBk,SimpleCart_minNumObj,J48_subtreeRaising,GreedyStepwise_searchBackwards,DecisionTable_evaluationMeasure,BestFirst_direction,JRip_minNo,JRip_checkErrorRate,SimpleCart_useOneSE,JRip_folds,GreedyStepwise_conservativeForwardSelection,PART_numFolds,DecisionTable_crossVal,SimpleCart_numFoldsPruning,PART_confidenceFactorValue"
40,90,0.76100315,0.85818015,0.91071429,0.87083333,0.74090909,0042,0034,0035,0.00000000,"DecisionTable,DecisionTable_evaluationMeasure,JRip,SimpleCart,Aggregator,JRip_minNo,DecisionTable_useIBk,JRip_checkErrorRate,SimpleCart_usePrune,PART,PART_pruning,PART_useMDLcorrection,J48,SimpleCart_numFoldsPruning,DecisionTable_search,PART_binarySplits,SimpleCart_useOneSE,J48_pruning,DecisionTable_crossVal,PART_doNotMakeSplitPointActualValue,GreedyStepwise_searchBackwards,J48_subtreeRaising,J48_confidenceFactorValue,JRip_usePruning,J48_numFolds,SimpleCart_minNumObj,PART_confidenceFactorValue,GreedyStepwise_conservativeForwardSelection,JRip_optimizations,J48_binarySplits,PART_numFolds,SimpleCart_heuristic,PART_minNumObj,J48_minNumObj,J48_useLaplace,BestFirst_searchTermination,J48_useMDLcorrection,J48_collapseTree,J48_doNotMakeSplitPointActualValue,BestFirst_direction,JRip_folds"
41,90,0.78939076,0.85435924,0.91071429,0.87083333,0.74090909,0044,0034,0035,0.00000000,"DecisionTable,J48,J48_useMDLcorrection,J48_doNotMakeSplitPointActualValue,SimpleCart,JRip,J48_minNumObj,PART,SimpleCart_usePrune,JRip_usePruning,PART_pruning,PART_binarySplits,SimpleCart_minNumObj,JRip_optimizations,SimpleCart_heuristic,Aggregator,PART_numFolds,JRip_minNo,DecisionTable_useIBk,DecisionTable_evaluationMeasure,J48_pruning,J48_subtreeRaising,DecisionTable_search,DecisionTable_crossVal,J48_binarySplits,BestFirst_direction,J48_useLaplace,J48_collapseTree,BestFirst_searchTermination,GreedyStepwise_searchBackwards,SimpleCart_numFoldsPruning,PART_useMDLcorrection,PART_doNotMakeSplitPointActualValue,PART_minNumObj,JRip_checkErrorRate,SimpleCart_useOneSE,JRip_folds,GreedyStepwise_conservativeForwardSelection,PART_confidenceFactorValue,J48_numFolds,J48_confidenceFactorValue"
42,90,0.76769958,0.86080620,0.91071429,0.87083333,0.74090909,0043,0034,0035,0.00000000,"JRip,J48,J48_minNumObj,JRip_checkErrorRate,JRip_minNo,Aggregator,PART,J48_pruning,JRip_usePruning,J48_numFolds,J48_doNotMakeSplitPointActualValue,J48_useMDLcorrection,PART_minNumObj,PART_binarySplits,J48_binarySplits,DecisionTable,SimpleCart,J48_confidenceFactorValue,J48_collapseTree,J48_useLaplace,DecisionTable_useIBk,JRip_optimizations,PART_doNotMakeSplitPointActualValue,JRip_folds,DecisionTable_evaluationMeasure,PART_useMDLcorrection,PART_pruning,J48_subtreeRaising,SimpleCart_minNumObj,DecisionTable_crossVal,SimpleCart_usePrune,PART_numFolds,DecisionTable_search,SimpleCart_heuristic,SimpleCart_numFoldsPruning,BestFirst_direction,PART_confidenceFactorValue,GreedyStepwise_searchBackwards,SimpleCart_useOneSE,BestFirst_searchTermination,GreedyStepwise_conservativeForwardSelection"
43,90,0.77660189,0.86123950,0.91071429,0.87083333,0.74090909,0045,0034,0035,0.00000000,"JRip,JRip_usePruning,Aggregator,J48,J48_collapseTree,J48_minNumObj,SimpleCart,J48_binarySplits,DecisionTable,SimpleCart_minNumObj,JRip_folds,J48_useLaplace,JRip_optimizations,PART,DecisionTable_evaluationMeasure,SimpleCart_heuristic,DecisionTable_useIBk,JRip_checkErrorRate,J48_useMDLcorrection,JRip_minNo,J48_pruning,PART_doNotMakeSplitPointActualValue,J48_doNotMakeSplitPointActualValue,PART_binarySplits,PART_minNumObj,DecisionTable_search,SimpleCart_usePrune,SimpleCart_numFoldsPruning,SimpleCart_useOneSE,DecisionTable_crossVal,PART_useMDLcorrection,PART_pruning,PART_confidenceFactorValue,GreedyStepwise_searchBackwards,J48_numFolds,BestFirst_searchTermination,J48_confidenceFactorValue,J48_subtreeRaising,PART_numFolds,GreedyStepwise_conservativeForwardSelection,BestFirst_direction"
44,90,0.78348214,0.85470063,0.91071429,0.87083333,0.74090909,0042,0034,0035,0.00000000,"Aggregator,JRip,JRip_minNo,J48,J48_minNumObj,SimpleCart,DecisionTable,SimpleCart_heuristic,J48_pruning,DecisionTable_useIBk,JRip_checkErrorRate,DecisionTable_crossVal,J48_useMDLcorrection,PART,J48_doNotMakeSplitPointActualValue,J48_binarySplits,SimpleCart_usePrune,DecisionTable_search,J48_subtreeRaising,J48_confidenceFactorValue,SimpleCart_numFoldsPruning,SimpleCart_useOneSE,BestFirst_direction,PART_doNotMakeSplitPointActualValue,J48_collapseTree,PART_binarySplits,J48_numFolds,J48_useLaplace,PART_pruning,JRip_usePruning,PART_confidenceFactorValue,PART_minNumObj,PART_useMDLcorrection,SimpleCart_minNumObj,DecisionTable_evaluationMeasure,JRip_optimizations,GreedyStepwise_conservativeForwardSelection,PART_numFolds,GreedyStepwise_searchBackwards,BestFirst_searchTermination,JRip_folds"
45,90,0.78311450,0.86164653,0.91071429,0.87083333,0.74090909,0045,0034,0035,0.00000000,"SimpleCart,SimpleCart_usePrune,SimpleCart_minNumObj,DecisionTable,SimpleCart_numFoldsPruning,JRip,J48,J48_useLaplace,DecisionTable_crossVal,DecisionTable_useIBk,SimpleCart_heuristic,Aggregator,JRip_usePruning,JRip_optimizations,DecisionTable_search,DecisionTable_evaluationMeasure,J48_binarySplits,J48_pruning,PART,J48_useMDLcorrection,SimpleCart_useOneSE,JRip_folds,GreedyStepwise_searchBackwards,JRip_minNo,PART_doNotMakeSplitPointActualValue,PART_pruning,J48_doNotMakeSplitPointActualValue,JRip_checkErrorRate,J48_minNumObj,J48_collapseTree,BestFirst_searchTermination,PART_numFolds,BestFirst_direction,PART_useMDLcorrection,PART_minNumObj,GreedyStepwise_conservativeForwardSelection,PART_binarySplits,J48_subtreeRaising,PART_confidenceFactorValue,J48_confidenceFactorValue,J48_numFolds"
46,90,0.79241071,0.85967700,0.91071429,0.87083333,0.74090909,0046,0034,0035,0.00000000,"Aggregator,SimpleCart,DecisionTable,DecisionTable_crossVal,DecisionTable_search,GreedyStepwise_searchBackwards,J48,J48_pruning,J48_useLaplace,J48_subtreeRaising,SimpleCart_minNumObj,SimpleCart_usePrune,GreedyStepwise_conservativeForwardSelection,J48_confidenceFactorValue,DecisionTable_useIBk,J48_useMDLcorrection,SimpleCart_numFoldsPruning,PART,J48_binarySplits,J48_collapseTree,PART_binarySplits,JRip,SimpleCart_heuristic,PART_doNotMakeSplitPointActualValue,BestFirst_direction,JRip_minNo,J48_doNotMakeSplitPointActualValue,J48_minNumObj,BestFirst_searchTermination,DecisionTable_evaluationMeasure,PART_useMDLcorrection,SimpleCart_useOneSE,J48_numFolds,JRip_checkErrorRate,JRip_usePruning,JRip_folds,PART_minNumObj,PART_pruning,PART_confidenceFactorValue,JRip_optimizations,PART_numFolds"
47,90,0.80743172,0.85703782,0.91071429,0.87083333,0.74090909,0040,0034,0035,0.00000000,"Aggregator,PART,PART_pruning,PART_binarySplits,PART_confidenceFactorValue,PART_minNumObj,JRip,PART_useMDLcorrection,PART_numFolds,SimpleCart,PART_doNotMakeSplitPointActualValue,JRip_minNo,SimpleCart_usePrune,DecisionTable,JRip_usePruning,JRip_optimizations,JRip_folds,J48,J48_collapseTree,J48_useLaplace,DecisionTable_useIBk,JRip_checkErrorRate,DecisionTable_search,J48_binarySplits,J48_useMDLcorrection,J48_pruning,SimpleCart_heuristic,DecisionTable_evaluationMeasure,DecisionTable_crossVal,SimpleCart_numFoldsPruning,GreedyStepwise_conservativeForwardSelection,SimpleCart_minNumObj,J48_minNumObj,SimpleCart_useOneSE,GreedyStepwise_searchBackwards,J48_doNotMakeSplitPointActualValue,J48_subtreeRaising,J48_confidenceFactorValue,BestFirst_direction,BestFirst_searchTermination,J48_numFolds"
48,90,0.77174370,0.86205357,0.91071429,0.87083333,0.74090909,0038,0034,0035,0.00000000,"J48,JRip,PART,J48_minNumObj,DecisionTable,DecisionTable_useIBk,SimpleCart,DecisionTable_crossVal,Aggregator,PART_binarySplits,J48_doNotMakeSplitPointActualValue,PART_pruning,J48_useLaplace,PART_useMDLcorrection,J48_pruning,JRip_minNo,PART_minNumObj,SimpleCart_heuristic,J48_useMDLcorrection,J48_collapseTree,PART_confidenceFactorValue,J48_binarySplits,DecisionTable_search,SimpleCart_minNumObj,J48_confidenceFactorValue,DecisionTable_evaluationMeasure,JRip_usePruning,JRip_checkErrorRate,SimpleCart_usePrune,PART_doNotMakeSplitPointActualValue,JRip_folds,BestFirst_searchTermination,SimpleCart_numFoldsPruning,PART_numFolds,J48_numFolds,BestFirst_direction,GreedyStepwise_searchBackwards,SimpleCart_useOneSE,J48_subtreeRaising,GreedyStepwise_conservativeForwardSelection,JRip_optimizations"
49,90,0.77431723,0.86190914,0.91071429,0.87083333,0.74090909,0040,0034,0035,0.00000000,"DecisionTable,SimpleCart,J48,Aggregator,JRip,SimpleCart_minNumObj,SimpleCart_usePrune,J48_minNumObj,JRip_usePruning,DecisionTable_crossVal,PART,JRip_folds,J48_binarySplits,SimpleCart_numFoldsPruning,DecisionTable_search,DecisionTable_evaluationMeasure,PART_doNotMakeSplitPointActualValue,J48_collapseTree,DecisionTable_useIBk,J48_useLaplace,JRip_checkErrorRate,J48_useMDLcorrection,J48_doNotMakeSplitPointActualValue,SimpleCart_heuristic,BestFirst_direction,J48_pruning,PART_minNumObj,PART_binarySplits,GreedyStepwise_searchBackwards,JRip_minNo,JRip_optimizations,J48_subtreeRaising,SimpleCart_useOneSE,BestFirst_searchTermination,GreedyStepwise_conservativeForwardSelection,PART_pruning,PART_useMDLcorrection,PART_numFolds,J48_numFolds,J48_confidenceFactorValue,PART_confidenceFactorValue"
50,90,0.73117122,0.85790441,0.91071429,0.87083333,0.74090909,0032,0034,0035,0.00000000,"JRip,DecisionTable,PART,JRip_minNo,DecisionTable_search,PART_binarySplits,PART_minNumObj,DecisionTable_crossVal,BestFirst_searchTermination,PART_pruning,PART_numFolds,J48,GreedyStepwise_searchBackwards,DecisionTable_useIBk,J48_binarySplits,BestFirst_direction,PART_useMDLcorrection,Aggregator,JRip_checkErrorRate,SimpleCart,J48_collapseTree,JRip_usePruning,JRip_folds,SimpleCart_usePrune,DecisionTable_evaluationMeasure,SimpleCart_numFoldsPruning,PART_doNotMakeSplitPointActualValue,SimpleCart_heuristic,J48_doNotMakeSplitPointActualValue,GreedyStepwise_conservativeForwardSelection,J48_useMDLcorrection,J48_useLaplace,J48_pruning,J48_numFolds,PART_confidenceFactorValue,J48_subtreeRaising,SimpleCart_minNumObj,J48_minNumObj,SimpleCart_useOneSE,JRip_optimizations,J48_confidenceFactorValue"
51,90,0.78763130,0.85937500,0.91071429,0.87083333,0.74090909,0036,0034,0035,0.00000000,"Aggregator,DecisionTable,DecisionTable_evaluationMeasure,JRip,J48,DecisionTable_search,GreedyStepwise_conservativeForwardSelection,JRip_checkErrorRate,JRip_usePruning,J48_useMDLcorrection,PART,JRip_optimizations,BestFirst_direction,PART_useMDLcorrection,SimpleCart,J48_minNumObj,DecisionTable_useIBk,PART_pruning,PART_binarySplits,J48_useLaplace,BestFirst_searchTermination,SimpleCart_minNumObj,DecisionTable_crossVal,PART_minNumObj,JRip_minNo,GreedyStepwise_searchBackwards,SimpleCart_usePrune,J48_pruning,J48_binarySplits,JRip_folds,PART_doNotMakeSplitPointActualValue,J48_collapseTree,J48_doNotMakeSplitPointActualValue,PART_numFolds,SimpleCart_numFoldsPruning,J48_subtreeRaising,SimpleCart_heuristic,J48_numFolds,PART_confidenceFactorValue,J48_confidenceFactorValue,SimpleCart_useOneSE"
52,90,0.78033088,0.86232931,0.91071429,0.87083333,0.74090909,0039,0034,0035,0.00000000,"DecisionTable,DecisionTable_crossVal,DecisionTable_search,DecisionTable_useIBk,GreedyStepwise_conservativeForwardSelection,DecisionTable_evaluationMeasure,SimpleCart,BestFirst_searchTermination,BestFirst_direction,SimpleCart_usePrune,GreedyStepwise_searchBackwards,Aggregator,J48,JRip,J48_minNumObj,JRip_checkErrorRate,SimpleCart_minNumObj,SimpleCart_heuristic,PART,PART_minNumObj,JRip_minNo,SimpleCart_numFoldsPruning,PART_binarySplits,J48_pruning,JRip_usePruning,PART_doNotMakeSplitPointActualValue,J48_numFolds,J48_binarySplits,SimpleCart_useOneSE,J48_useMDLcorrection,J48_collapseTree,J48_useLaplace,J48_doNotMakeSplitPointActualValue,J48_confidenceFactorValue,PART_pruning,J48_subtreeRaising,JRip_optimizations,JRip_folds,PART_useMDLcorrection,PART_numFolds,PART_confidenceFactorValue"
53,90,0.79690126,0.85944065,0.91071429,0.87083333,0.74090909,0032,0034,0035,0.00000000,"J48,Aggregator,J48_collapseTree,DecisionTable,JRip,DecisionTable_useIBk,DecisionTable_crossVal,DecisionTable_evaluationMeasure,J48_minNumObj,JRip_usePruning,SimpleCart,J48_binarySplits,J48_useMDLcorrection,J48_pruning,PART,SimpleCart_usePrune,J48_useLaplace,J48_doNotMakeSplitPointActualValue,PART_useMDLcorrection,DecisionTable_search,BestFirst_direction,JRip_minNo,JRip_folds,JRip_checkErrorRate,PART_minNumObj,SimpleCart_minNumObj,PART_doNotMakeSplitPointActualValue,J48_numFolds,PART_binarySplits,J48_confidenceFactorValue,JRip_optimizations,SimpleCart_heuristic,SimpleCart_useOneSE,PART_pruning,GreedyStepwise_searchBackwards,BestFirst_searchTermination,J48_subtreeRaising,PART_confidenceFactorValue,GreedyStepwise_conservativeForwardSelection,SimpleCart_numFoldsPruning,PART_numFolds"
54,90,0.75582983,0.85479254,0.91071429,0.87083333,0.74090909,0025,0034,0035,0.00000000,"Aggregator,PART,PART_binarySplits,PART_doNotMakeSplitPointActualValue,SimpleCart,JRip,PART_minNumObj,DecisionTable,J48,J48_useMDLcorrection,JRip_checkErrorRate,J48_doNotMakeSplitPointActualValue,JRip_minNo,J48_binarySplits,J48_useLaplace,PART_useMDLcorrection,DecisionTable_evaluationMeasure,J48_pruning,SimpleCart_heuristic,J48_collapseTree,J48_subtreeRaising,PART_pruning,DecisionTable_useIBk,J48_numFolds,J48_confidenceFactorValue,J48_minNumObj,DecisionTable_crossVal,SimpleCart_minNumObj,SimpleCart_usePrune,JRip_usePruning,DecisionTable_search,JRip_optimizations,BestFirst_searchTermination,JRip_folds,PART_numFolds,BestFirst_direction,PART_confidenceFactorValue,GreedyStepwise_searchBackwards,SimpleCart_numFoldsPruning,GreedyStepwise_conservativeForwardSelection,SimpleCart_useOneSE"
55,90,0.77746849,0.85815389,0.91071429,0.87083333,0.74090909,0033,0034,0035,0.00000000,"PART,SimpleCart,Aggregator,PART_pruning,PART_doNotMakeSplitPointActualValue,J48,JRip,J48_useLaplace,DecisionTable,DecisionTable_search,PART_numFolds,DecisionTable_useIBk,JRip_minNo,PART_useMDLcorrection,J48_pruning,SimpleCart_heuristic,J48_binarySplits,PART_minNumObj,J48_minNumObj,J48_doNotMakeSplitPointActualValue,BestFirst_direction,SimpleCart_usePrune,J48_collapseTree,SimpleCart_minNumObj,PART_binarySplits,J48_numFolds,PART_confidenceFactorValue,JRip_usePruning,DecisionTable_crossVal,J48_confidenceFactorValue,GreedyStepwise_conservativeForwardSelection,BestFirst_searchTermination,J48_subtreeRaising,DecisionTable_evaluationMeasure,GreedyStepwise_searchBackwards,SimpleCart_numFoldsPruning,JRip_checkErrorRate,J48_useMDLcorrection,SimpleCart_useOneSE,JRip_optimizations,JRip_folds"
56,90,0.77040441,0.85883666,0.91071429,0.87083333,0.74090909,0028,0034,0035,0.00000000,"Aggregator,DecisionTable,DecisionTable_crossVal,DecisionTable_useIBk,J48,JRip,JRip_checkErrorRate,SimpleCart,PART,PART_binarySplits,DecisionTable_search,GreedyStepwise_searchBackwards,SimpleCart_heuristic,JRip_usePruning,J48_collapseTree,JRip_minNo,BestFirst_direction,JRip_optimizations,DecisionTable_evaluationMeasure,PART_minNumObj,JRip_folds,GreedyStepwise_conservativeForwardSelection,J48_useLaplace,SimpleCart_minNumObj,J48_doNotMakeSplitPointActualValue,PART_pruning,J48_pruning,PART_doNotMakeSplitPointActualValue,J48_useMDLcorrection,PART_numFolds,BestFirst_searchTermination,J48_binarySplits,J48_minNumObj,SimpleCart_usePrune,PART_useMDLcorrection,J48_numFolds,SimpleCart_useOneSE,J48_subtreeRaising,PART_confidenceFactorValue,J48_confidenceFactorValue,SimpleCart_numFoldsPruning"
57,90,0.79388130,0.86016282,0.91071429,0.87083333,0.74090909,0031,0034,0035,0.00000000,"DecisionTable,SimpleCart,DecisionTable_crossVal,DecisionTable_search,SimpleCart_minNumObj,SimpleCart_usePrune,SimpleCart_numFoldsPruning,BestFirst_direction,DecisionTable_useIBk,J48,J48_useLaplace,J48_minNumObj,PART,SimpleCart_heuristic,DecisionTable_evaluationMeasure,JRip,Aggregator,J48_binarySplits,GreedyStepwise_searchBackwards,PART_useMDLcorrection,BestFirst_searchTermination,JRip_minNo,PART_doNotMakeSplitPointActualValue,JRip_usePruning,PART_minNumObj,JRip_optimizations,GreedyStepwise_conservativeForwardSelection,J48_pruning,SimpleCart_useOneSE,J48_doNotMakeSplitPointActualValue,J48_collapseTree,PART_binarySplits,J48_useMDLcorrection,JRip_checkErrorRate,PART_pruning,JRip_folds,J48_numFolds,PART_numFolds,J48_confidenceFactorValue,PART_confidenceFactorValue,J48_subtreeRaising"
58,90,0.80512080,0.86311712,0.91071429,0.87083333,0.74090909,0030,0034,0035,0.00000000,"J48,J48_doNotMakeSplitPointActualValue,Aggregator,J48_useLaplace,J48_pruning,J48_collapseTree,J48_useMDLcorrection,J48_numFolds,JRip,DecisionTable,DecisionTable_crossVal,PART,J48_confidenceFactorValue,DecisionTable_search,J48_minNumObj,SimpleCart,J48_binarySplits,PART_binarySplits,BestFirst_searchTermination,DecisionTable_evaluationMeasure,PART_doNotMakeSplitPointActualValue,SimpleCart_usePrune,GreedyStepwise_searchBackwards,JRip_minNo,DecisionTable_useIBk,BestFirst_direction,PART_minNumObj,J48_subtreeRaising,PART_useMDLcorrection,GreedyStepwise_conservativeForwardSelection,JRip_checkErrorRate,SimpleCart_minNumObj,PART_pruning,SimpleCart_useOneSE,SimpleCart_heuristic,JRip_usePruning,SimpleCart_numFoldsPruning,PART_numFolds,PART_confidenceFactorValue,JRip_folds,JRip_optimizations"
59,90,0.75751050,0.86196166,0.91071429,0.87083333,0.74090909,0029,0034,0035,0.00000000,"DecisionTable,DecisionTable_search,SimpleCart,DecisionTable_evaluationMeasure,JRip,SimpleCart_usePrune,BestFirst_direction,Aggregator,DecisionTable_useIBk,PART,JRip_minNo,J48,J48_useLaplace,SimpleCart_useOneSE,GreedyStepwise_searchBackwards,PART_doNotMakeSplitPointActualValue,DecisionTable_crossVal,JRip_usePruning,PART_pruning,PART_binarySplits,J48_pruning,JRip_checkErrorRate,J48_minNumObj,J48_binarySplits,J48_subtreeRaising,PART_numFolds,SimpleCart_heuristic,BestFirst_searchTermination,J48_collapseTree,J48_doNotMakeSplitPointActualValue,SimpleCart_numFoldsPruning,J48_useMDLcorrection,GreedyStepwise_conservativeForwardSelection,PART_confidenceFactorValue,SimpleCart_minNumObj,JRip_folds,PART_useMDLcorrection,J48_confidenceFactorValue,PART_minNumObj,JRip_optimizations,J48_numFolds"
60,90,0.77783613,0.86008403,0.91071429,0.87083333,0.74090909,0028,0034,0035,0.00000000,"DecisionTable,DecisionTable_crossVal,PART,J48,PART_useMDLcorrection,PART_binarySplits,DecisionTable_search,J48_pruning,JRip,PART_minNumObj,J48_subtreeRaising,Aggregator,JRip_usePruning,BestFirst_direction,BestFirst_searchTermination,PART_doNotMakeSplitPointActualValue,DecisionTable_evaluationMeasure,JRip_checkErrorRate,J48_useLaplace,JRip_minNo,J48_collapseTree,SimpleCart,J48_confidenceFactorValue,SimpleCart_usePrune,SimpleCart_useOneSE,J48_doNotMakeSplitPointActualValue,PART_pruning,SimpleCart_heuristic,J48_numFolds,DecisionTable_useIBk,J48_useMDLcorrection,J48_minNumObj,J48_binarySplits,JRip_optimizations,PART_confidenceFactorValue,GreedyStepwise_conservativeForwardSelection,SimpleCart_numFoldsPruning,PART_numFolds,GreedyStepwise_searchBackwards,SimpleCart_minNumObj,JRip_folds"
61,90,0.78311450,0.86213235,0.91071429,0.87083333,0.74090909,0030,0034,0035,0.00000000,"DecisionTable,DecisionTable_crossVal,DecisionTable_evaluationMeasure,DecisionTable_search,J48,J48_doNotMakeSplitPointActualValue,GreedyStepwise_conservativeForwardSelection,J48_pruning,J48_numFolds,J48_binarySplits,JRip,SimpleCart,BestFirst_searchTermination,J48_useLaplace,Aggregator,GreedyStepwise_searchBackwards,J48_useMDLcorrection,PART,J48_collapseTree,DecisionTable_useIBk,JRip_minNo,BestFirst_direction,PART_pruning,JRip_usePruning,J48_minNumObj,PART_binarySplits,J48_subtreeRaising,PART_minNumObj,SimpleCart_minNumObj,JRip_folds,J48_confidenceFactorValue,JRip_optimizations,SimpleCart_usePrune,SimpleCart_heuristic,SimpleCart_numFoldsPruning,PART_doNotMakeSplitPointActualValue,JRip_checkErrorRate,PART_numFolds,PART_useMDLcorrection,PART_confidenceFactorValue,SimpleCart_useOneSE"
62,90,0.79524685,0.85878414,0.91071429,0.87083333,0.74090909,0026,0034,0035,0.00000000,"SimpleCart,SimpleCart_usePrune,PART,DecisionTable,PART_minNumObj,SimpleCart_numFoldsPruning,J48,SimpleCart_heuristic,JRip,SimpleCart_minNumObj,J48_binarySplits,J48_minNumObj,J48_collapseTree,PART_doNotMakeSplitPointActualValue,Aggregator,SimpleCart_useOneSE,PART_binarySplits,J48_pruning,J48_useMDLcorrection,PART_useMDLcorrection,J48_useLaplace,J48_doNotMakeSplitPointActualValue,JRip_usePruning,DecisionTable_useIBk,JRip_minNo,DecisionTable_crossVal,JRip_checkErrorRate,DecisionTable_evaluationMeasure,PART_pruning,DecisionTable_search,J48_numFolds,J48_confidenceFactorValue,PART_confidenceFactorValue,GreedyStepwise_conservativeForwardSelection,JRip_folds,J48_subtreeRaising,GreedyStepwise_searchBackwards,JRip_optimizations,BestFirst_searchTermination,PART_numFolds,BestFirst_direction"
63,90,0.80730042,0.86305147,0.91071429,0.87083333,0.74090909,0032,0034,0035,0.00000000,"PART,DecisionTable,PART_useMDLcorrection,DecisionTable_evaluationMeasure,PART_doNotMakeSplitPointActualValue,DecisionTable_crossVal,SimpleCart,J48,Aggregator,DecisionTable_search,J48_minNumObj,J48_doNotMakeSplitPointActualValue,J48_useLaplace,GreedyStepwise_conservativeForwardSelection,J48_binarySplits,PART_minNumObj,PART_binarySplits,DecisionTable_useIBk,JRip,SimpleCart_heuristic,BestFirst_direction,BestFirst_searchTermination,PART_pruning,JRip_checkErrorRate,J48_useMDLcorrection,JRip_minNo,J48_collapseTree,SimpleCart_minNumObj,JRip_usePruning,SimpleCart_usePrune,SimpleCart_useOneSE,J48_pruning,GreedyStepwise_searchBackwards,J48_subtreeRaising,JRip_folds,JRip_optimizations,PART_confidenceFactorValue,PART_numFolds,J48_confidenceFactorValue,SimpleCart_numFoldsPruning,J48_numFolds"
64,90,0.80412290,0.85990021,0.91071429,0.87083333,0.74090909,0020,0034,0035,0.00000000,"SimpleCart,DecisionTable,Aggregator,DecisionTable_evaluationMeasure,DecisionTable_search,SimpleCart_usePrune,J48,GreedyStepwise_conservativeForwardSelection,DecisionTable_crossVal,PART,JRip,J48_doNotMakeSplitPointActualValue,BestFirst_searchTermination,GreedyStepwise_searchBackwards,SimpleCart_useOneSE,PART_pruning,SimpleCart_numFoldsPruning,J48_pruning,J48_useLaplace,SimpleCart_minNumObj,J48_binarySplits,DecisionTable_useIBk,J48_minNumObj,BestFirst_direction,PART_doNotMakeSplitPointActualValue,J48_collapseTree,SimpleCart_heuristic,PART_useMDLcorrection,J48_useMDLcorrection,J48_confidenceFactorValue,PART_binarySplits,JRip_usePruning,JRip_checkErrorRate,JRip_minNo,J48_numFolds,JRip_optimizations,J48_subtreeRaising,PART_minNumObj,PART_confidenceFactorValue,JRip_folds,PART_numFolds"
65,90,0.78308824,0.86080620,0.91071429,0.87083333,0.74090909,0024,0034,0035,0.00000000,"JRip,PART,SimpleCart,JRip_minNo,J48,Aggregator,J48_useLaplace,SimpleCart_heuristic,JRip_usePruning,PART_binarySplits,J48_collapseTree,JRip_optimizations,PART_pruning,PART_minNumObj,DecisionTable,DecisionTable_search,PART_doNotMakeSplitPointActualValue,PART_confidenceFactorValue,JRip_checkErrorRate,PART_useMDLcorrection,J48_binarySplits,DecisionTable_useIBk,J48_doNotMakeSplitPointActualValue,JRip_folds,SimpleCart_minNumObj,SimpleCart_usePrune,J48_pruning,DecisionTable_evaluationMeasure,SimpleCart_useOneSE,J48_minNumObj,J48_useMDLcorrection,BestFirst_direction,PART_numFolds,GreedyStepwise_searchBackwards,DecisionTable_crossVal,J48_confidenceFactorValue,GreedyStepwise_conservativeForwardSelection,SimpleCart_numFoldsPruning,BestFirst_searchTermination,J48_subtreeRaising,J48_numFolds"
66,90,0.80614496,0.86271008,0.91071429,0.87083333,0.74090909,0025,0034,0035,0.00000000,"J48,J48_doNotMakeSplitPointActualValue,PART,JRip,SimpleCart,J48_minNumObj,J48_pruning,Aggregator,PART_useMDLcorrection,PART_binarySplits,PART_minNumObj,PART_pruning,J48_binarySplits,J48_subtreeRaising,J48_collapseTree,DecisionTable,J48_useMDLcorrection,DecisionTable_search,PART_numFolds,JRip_usePruning,J48_confidenceFactorValue,JRip_checkErrorRate,SimpleCart_heuristic,DecisionTable_useIBk,DecisionTable_evaluationMeasure,SimpleCart_usePrune,J48_useLaplace,PART_confidenceFactorValue,PART_doNotMakeSplitPointActualValue,SimpleCart_minNumObj,GreedyStepwise_searchBackwards,JRip_minNo,JRip_optimizations,J48_numFolds,BestFirst_searchTermination,SimpleCart_numFoldsPruning,GreedyStepwise_conservativeForwardSelection,BestFirst_direction,DecisionTable_crossVal,JRip_folds,SimpleCart_useOneSE"
67,90,0.76517857,0.86231618,0.91071429,0.87083333,0.74090909,0022,0034,0035,0.00000000,"DecisionTable,DecisionTable_search,GreedyStepwise_searchBackwards,Aggregator,PART,PART_minNumObj,J48,JRip,SimpleCart,J48_minNumObj,GreedyStepwise_conservativeForwardSelection,PART_binarySplits,JRip_usePruning,JRip_minNo,DecisionTable_crossVal,SimpleCart_heuristic,DecisionTable_evaluationMeasure,SimpleCart_minNumObj,J48_useMDLcorrection,BestFirst_searchTermination,J48_collapseTree,JRip_folds,BestFirst_direction,DecisionTable_useIBk,J48_useLaplace,PART_pruning,J48_binarySplits,JRip_checkErrorRate,J48_pruning,J48_doNotMakeSplitPointActualValue,PART_doNotMakeSplitPointActualValue,PART_useMDLcorrection,J48_confidenceFactorValue,SimpleCart_usePrune,J48_subtreeRaising,J48_numFolds,JRip_optimizations,PART_numFolds,SimpleCart_numFoldsPruning,PART_confidenceFactorValue,SimpleCart_useOneSE"
68,90,0.77108718,0.85798319,0.91071429,0.87083333,0.74090909,0022,0034,0035,0.00000000,"J48,J48_useLaplace,J48_doNotMakeSplitPointActualValue,J48_pruning,SimpleCart,PART,JRip,J48_subtreeRaising,Aggregator,J48_minNumObj,DecisionTable,JRip_usePruning,J48_collapseTree,PART_pruning,J48_numFolds,J48_confidenceFactorValue,DecisionTable_useIBk,PART_numFolds,PART_minNumObj,JRip_checkErrorRate,SimpleCart_heuristic,J48_useMDLcorrection,J48_binarySplits,SimpleCart_usePrune,PART_doNotMakeSplitPointActualValue,SimpleCart_minNumObj,PART_binarySplits,PART_useMDLcorrection,DecisionTable_search,DecisionTable_evaluationMeasure,SimpleCart_numFoldsPruning,JRip_optimizations,JRip_minNo,JRip_folds,GreedyStepwise_searchBackwards,DecisionTable_crossVal,PART_confidenceFactorValue,GreedyStepwise_conservativeForwardSelection,BestFirst_direction,SimpleCart_useOneSE,BestFirst_searchTermination"
69,90,0.79795168,0.86100315,0.91071429,0.87083333,0.74090909,0023,0034,0035,0.00000000,"JRip,Aggregator,JRip_minNo,PART,PART_useMDLcorrection,SimpleCart,JRip_usePruning,PART_pruning,PART_doNotMakeSplitPointActualValue,PART_minNumObj,J48,PART_confidenceFactorValue,J48_useMDLcorrection,J48_collapseTree,SimpleCart_usePrune,JRip_checkErrorRate,PART_numFolds,DecisionTable,PART_binarySplits,J48_doNotMakeSplitPointActualValue,DecisionTable_evaluationMeasure,DecisionTable_crossVal,SimpleCart_numFoldsPruning,J48_binarySplits,JRip_optimizations,JRip_folds,SimpleCart_heuristic,J48_minNumObj,J48_pruning,SimpleCart_minNumObj,SimpleCart_useOneSE,DecisionTable_search,J48_useLaplace,GreedyStepwise_conservativeForwardSelection,DecisionTable_useIBk,BestFirst_searchTermination,GreedyStepwise_searchBackwards,J48_subtreeRaising,J48_numFolds,J48_confidenceFactorValue,BestFirst_direction"
70,90,0.77460609,0.85764181,0.91071429,0.87083333,0.74090909,0024,0034,0035,0.00000000,"DecisionTable,PART,J48,J48_pruning,PART_binarySplits,DecisionTable_useIBk,PART_doNotMakeSplitPointActualValue,PART_useMDLcorrection,JRip,PART_minNumObj,PART_pruning,J48_numFolds,J48_minNumObj,J48_doNotMakeSplitPointActualValue,SimpleCart,J48_confidenceFactorValue,PART_numFolds,DecisionTable_search,BestFirst_direction,DecisionTable_crossVal,Aggregator,JRip_minNo,J48_useMDLcorrection,GreedyStepwise_searchBackwards,DecisionTable_evaluationMeasure,J48_subtreeRaising,JRip_usePruning,J48_collapseTree,SimpleCart_usePrune,J48_useLaplace,BestFirst_searchTermination,J48_binarySplits,JRip_folds,JRip_checkErrorRate,PART_confidenceFactorValue,SimpleCart_heuristic,JRip_optimizations,GreedyStepwise_conservativeForwardSelection,SimpleCart_useOneSE,SimpleCart_minNumObj,SimpleCart_numFoldsPruning"
71,90,0.80945378,0.85581670,0.91071429,0.87083333,0.74090909,0020,0034,0035,0.00000000,"DecisionTable,DecisionTable_evaluationMeasure,Aggregator,PART,JRip,SimpleCart,SimpleCart_minNumObj,J48,DecisionTable_crossVal,DecisionTable_useIBk,SimpleCart_heuristic,J48_doNotMakeSplitPointActualValue,J48_binarySplits,J48_useMDLcorrection,JRip_checkErrorRate,PART_doNotMakeSplitPointActualValue,DecisionTable_search,SimpleCart_usePrune,J48_minNumObj,SimpleCart_numFoldsPruning,PART_pruning,PART_confidenceFactorValue,PART_useMDLcorrection,J48_collapseTree,JRip_minNo,PART_minNumObj,BestFirst_direction,J48_pruning,PART_binarySplits,JRip_usePruning,J48_confidenceFactorValue,GreedyStepwise_searchBackwards,JRip_folds,J48_numFolds,SimpleCart_useOneSE,J48_useLaplace,PART_numFolds,JRip_optimizations,BestFirst_searchTermination,GreedyStepwise_conservativeForwardSelection,J48_subtreeRaising"
72,90,0.80748424,0.85869223,0.91071429,0.87083333,0.74090909,0021,0034,0035,0.00000000,"Aggregator,J48,J48_useLaplace,J48_doNotMakeSplitPointActualValue,J48_pruning,J48_subtreeRaising,PART,PART_useMDLcorrection,J48_collapseTree,JRip,PART_minNumObj,J48_binarySplits,J48_confidenceFactorValue,DecisionTable,SimpleCart,J48_useMDLcorrection,SimpleCart_usePrune,DecisionTable_useIBk,SimpleCart_minNumObj,DecisionTable_search,SimpleCart_numFoldsPruning,SimpleCart_useOneSE,J48_minNumObj,DecisionTable_crossVal,J48_numFolds,PART_binarySplits,JRip_checkErrorRate,JRip_usePruning,DecisionTable_evaluationMeasure,GreedyStepwise_searchBackwards,PART_doNotMakeSplitPointActualValue,BestFirst_searchTermination,PART_pruning,BestFirst_direction,JRip_minNo,JRip_optimizations,SimpleCart_heuristic,GreedyStepwise_conservativeForwardSelection,JRip_folds,PART_confidenceFactorValue,PART_numFolds"
73,90,0.78539916,0.85747111,0.91071429,0.87083333,0.74090909,0020,0034,0035,0.00000000,"Aggregator,DecisionTable,PART,PART_doNotMakeSplitPointActualValue,PART_useMDLcorrection,DecisionTable_search,BestFirst_direction,SimpleCart,DecisionTable_useIBk,GreedyStepwise_searchBackwards,JRip,J48,PART_binarySplits,PART_minNumObj,J48_useLaplace,DecisionTable_evaluationMeasure,DecisionTable_crossVal,PART_pruning,J48_useMDLcorrection,J48_collapseTree,JRip_usePruning,J48_pruning,BestFirst_searchTermination,J48_subtreeRaising,JRip_optimizations,J48_doNotMakeSplitPointActualValue,PART_confidenceFactorValue,GreedyStepwise_conservativeForwardSelection,PART_numFolds,SimpleCart_minNumObj,JRip_checkErrorRate,JRip_minNo,SimpleCart_heuristic,J48_minNumObj,SimpleCart_usePrune,J48_confidenceFactorValue,J48_binarySplits,J48_numFolds,JRip_folds,SimpleCart_useOneSE,SimpleCart_numFoldsPruning"
74,90,0.78224790,0.86125263,0.91071429,0.87083333,0.74090909,0022,0034,0035,0.00000000,"PART,J48,J48_minNumObj,J48_useLaplace,PART_binarySplits,J48_useMDLcorrection,SimpleCart,PART_minNumObj,DecisionTable,DecisionTable_crossVal,PART_useMDLcorrection,SimpleCart_heuristic,Aggregator,JRip,JRip_usePruning,SimpleCart_minNumObj,PART_pruning,J48_doNotMakeSplitPointActualValue,SimpleCart_usePrune,SimpleCart_useOneSE,J48_collapseTree,DecisionTable_useIBk,J48_binarySplits,J48_pruning,PART_doNotMakeSplitPointActualValue,J48_numFolds,JRip_minNo,J48_confidenceFactorValue,JRip_checkErrorRate,DecisionTable_evaluationMeasure,JRip_optimizations,PART_confidenceFactorValue,SimpleCart_numFoldsPruning,DecisionTable_search,JRip_folds,BestFirst_direction,BestFirst_searchTermination,PART_numFolds,J48_subtreeRaising,GreedyStepwise_conservativeForwardSelection,GreedyStepwise_searchBackwards"
75,90,0.80299370,0.86030725,0.91071429,0.87083333,0.74090909,0018,0034,0035,0.00000000,"JRip,PART,PART_useMDLcorrection,PART_binarySplits,PART_pruning,PART_numFolds,PART_doNotMakeSplitPointActualValue,PART_minNumObj,JRip_usePruning,SimpleCart,Aggregator,J48,SimpleCart_minNumObj,JRip_optimizations,J48_useMDLcorrection,J48_pruning,JRip_checkErrorRate,JRip_minNo,DecisionTable,J48_minNumObj,J48_doNotMakeSplitPointActualValue,J48_numFolds,SimpleCart_usePrune,DecisionTable_evaluationMeasure,J48_collapseTree,DecisionTable_useIBk,J48_binarySplits,DecisionTable_crossVal,SimpleCart_useOneSE,JRip_folds,J48_confidenceFactorValue,PART_confidenceFactorValue,J48_useLaplace,SimpleCart_heuristic,DecisionTable_search,BestFirst_searchTermination,J48_subtreeRaising,GreedyStepwise_searchBackwards,SimpleCart_numFoldsPruning,GreedyStepwise_conservativeForwardSelection,BestFirst_direction"
76,90,0.80220588,0.85782563,0.91071429,0.87083333,0.74090909,0020,0034,0035,0.00000000,"JRip,J48,PART,Aggregator,JRip_checkErrorRate,J48_binarySplits,DecisionTable,SimpleCart,SimpleCart_heuristic,JRip_usePruning,PART_useMDLcorrection,JRip_minNo,PART_minNumObj,DecisionTable_search,JRip_folds,J48_useMDLcorrection,DecisionTable_crossVal,PART_binarySplits,PART_pruning,PART_confidenceFactorValue,PART_doNotMakeSplitPointActualValue,SimpleCart_usePrune,J48_collapseTree,J48_useLaplace,J48_pruning,GreedyStepwise_searchBackwards,JRip_optimizations,J48_doNotMakeSplitPointActualValue,BestFirst_searchTermination,J48_minNumObj,DecisionTable_useIBk,J48_confidenceFactorValue,DecisionTable_evaluationMeasure,BestFirst_direction,PART_numFolds,SimpleCart_useOneSE,SimpleCart_minNumObj,GreedyStepwise_conservativeForwardSelection,J48_numFolds,SimpleCart_numFoldsPruning,J48_subtreeRaising"
77,90,0.77985819,0.86196166,0.91071429,0.87083333,0.74090909,0024,0034,0035,0.00000000,"Aggregator,PART,PART_doNotMakeSplitPointActualValue,JRip,DecisionTable,J48,JRip_minNo,PART_pruning,PART_minNumObj,J48_doNotMakeSplitPointActualValue,J48_useLaplace,SimpleCart,JRip_usePruning,JRip_folds,J48_collapseTree,SimpleCart_heuristic,JRip_checkErrorRate,PART_binarySplits,SimpleCart_minNumObj,PART_useMDLcorrection,PART_confidenceFactorValue,DecisionTable_search,J48_minNumObj,JRip_optimizations,DecisionTable_useIBk,DecisionTable_evaluationMeasure,J48_pruning,PART_numFolds,J48_binarySplits,SimpleCart_usePrune,DecisionTable_crossVal,J48_useMDLcorrection,J48_subtreeRaising,J48_numFolds,GreedyStepwise_conservativeForwardSelection,GreedyStepwise_searchBackwards,BestFirst_direction,SimpleCart_useOneSE,BestFirst_searchTermination,J48_confidenceFactorValue,SimpleCart_numFoldsPruning"
78,90,0.75769433,0.85940126,0.91071429,0.87083333,0.74090909,0021,0034,0035,0.00000000,"JRip,Aggregator,SimpleCart,SimpleCart_usePrune,SimpleCart_useOneSE,PART,JRip_usePruning,PART_minNumObj,DecisionTable,JRip_optimizations,SimpleCart_numFoldsPruning,PART_useMDLcorrection,PART_doNotMakeSplitPointActualValue,SimpleCart_heuristic,DecisionTable_crossVal,SimpleCart_minNumObj,PART_binarySplits,JRip_minNo,J48,J48_doNotMakeSplitPointActualValue,JRip_folds,J48_useMDLcorrection,J48_useLaplace,JRip_checkErrorRate,DecisionTable_useIBk,PART_pruning,DecisionTable_evaluationMeasure,DecisionTable_search,GreedyStepwise_conservativeForwardSelection,J48_minNumObj,J48_pruning,J48_numFolds,PART_numFolds,GreedyStepwise_searchBackwards,J48_collapseTree,J48_binarySplits,PART_confidenceFactorValue,BestFirst_direction,J48_confidenceFactorValue,J48_subtreeRaising,BestFirst_searchTermination"
