individual_name,JRip_checkErrorRate,J48_pruning,SimpleCart_usePrune,J48_subtreeRaising,PART_confidenceFactorValue,DecisionTable_crossVal,J48_binarySplits,JRip,BestFirst_direction,BestFirst_searchTermination,J48,DecisionTable,J48_confidenceFactorValue,PART,JRip_optimizations,PART_minNumObj,SimpleCart_useOneSE,PART_pruning,DecisionTable_useIBk,JRip_usePruning,PART_useMDLcorrection,DecisionTable_search,PART_doNotMakeSplitPointActualValue,SimpleCart,SimpleCart_numFoldsPruning,SimpleCart_heuristic,PART_binarySplits,DecisionTable_evaluationMeasure,Aggregator,J48_useLaplace,J48_collapseTree,SimpleCart_minNumObj,JRip_minNo,JRip_folds,PART_numFolds,J48_useMDLcorrection,J48_numFolds,GreedyStepwise_conservativeForwardSelection,J48_doNotMakeSplitPointActualValue,J48_minNumObj,GreedyStepwise_searchBackwards,fitness,test_auc
last,false,confidenceFactor,false,true,null,8,false,true,null,null,true,true,0.05,true,null,3,null,unpruned,false,false,true,weka.attributeSelection.GreedyStepwise,false,true,null,false,false,acc,MajorityVotingAggregator,false,true,4,2,null,null,false,null,true,false,6,false,null,0.9890657593470926
overall,false,confidenceFactor,false,true,null,8,false,true,null,null,true,true,0.05,true,null,3,null,unpruned,false,false,true,weka.attributeSelection.GreedyStepwise,false,true,null,false,false,acc,MajorityVotingAggregator,false,true,4,2,null,null,false,null,true,false,6,false,null,0.9890657593470926
gen_000_ind_000,true,null,null,null,0.45,1,null,true,1,2,false,true,null,true,10,2,null,confidenceFactor,true,true,true,weka.attributeSelection.BestFirst,false,false,null,null,false,auc,RuleExtractorAggregator,null,null,null,6,3,null,null,null,null,null,null,null,0.977702817060526,null
gen_000_ind_001,true,unpruned,null,null,0.15,null,false,true,null,null,true,false,null,true,2,10,null,confidenceFactor,null,true,true,null,true,false,null,null,false,null,MajorityVotingAggregator,false,true,null,2,3,null,false,null,null,false,5,null,0.9984476466303894,null
gen_000_ind_002,true,reducedErrorPruning,true,false,null,9,true,true,null,null,true,true,null,false,3,null,true,null,false,true,null,weka.attributeSelection.GreedyStepwise,null,true,4,false,null,auc,CompetenceBasedAggregator,true,true,9,9,6,null,true,8,false,false,10,false,0.9979597630094779,null
gen_000_ind_003,true,unpruned,true,null,null,6,true,true,null,null,true,true,null,true,5,6,true,unpruned,true,true,true,weka.attributeSelection.GreedyStepwise,true,true,5,false,false,mae,CompetenceBasedAggregator,true,false,5,5,6,null,true,null,false,false,4,false,0.9987437710822074,null
gen_000_ind_004,true,confidenceFactor,false,true,null,7,false,true,null,null,true,true,0.25,true,null,7,null,unpruned,false,false,false,weka.attributeSelection.GreedyStepwise,false,true,null,false,false,auc,CompetenceBasedAggregator,true,false,8,2,null,null,true,null,false,false,10,false,0.9987346319835659,null
gen_000_ind_005,false,unpruned,null,null,null,9,false,true,null,null,true,true,null,true,null,9,null,reducedErrorPruning,false,false,true,weka.attributeSelection.GreedyStepwise,true,false,null,null,true,auc,MajorityVotingAggregator,true,true,null,3,null,3,true,null,true,true,2,false,0.9986013958256164,null
gen_000_ind_006,true,confidenceFactor,true,false,null,3,false,true,null,null,true,true,0.25,true,null,4,true,reducedErrorPruning,true,false,true,weka.attributeSelection.GreedyStepwise,false,true,9,true,false,auc,RuleExtractorAggregator,false,false,8,7,null,8,false,null,false,true,2,false,0.9880731797405333,null
gen_000_ind_007,false,unpruned,true,null,null,1,true,true,0,6,true,true,null,true,1,4,false,unpruned,false,true,true,weka.attributeSelection.BestFirst,true,true,7,true,false,acc,MajorityVotingAggregator,true,false,3,2,3,null,true,null,null,false,3,null,0.9990426637172577,null
gen_000_ind_008,true,unpruned,false,null,null,7,true,true,1,3,true,true,null,true,5,5,null,unpruned,false,true,true,weka.attributeSelection.BestFirst,false,true,null,true,true,auc,RuleExtractorAggregator,false,false,2,10,6,null,true,null,null,false,6,null,0.9874821761999698,null
gen_000_ind_009,null,confidenceFactor,false,true,null,null,false,false,null,null,true,false,0.25,true,null,5,null,unpruned,null,null,true,null,false,true,null,true,false,null,RuleExtractorAggregator,true,true,6,null,null,null,false,null,null,true,10,null,0.988431622897972,null
gen_000_ind_010,false,null,null,null,null,4,null,true,2,5,false,true,null,false,null,null,null,null,false,false,null,weka.attributeSelection.BestFirst,null,false,null,null,null,auc,RuleExtractorAggregator,null,null,null,7,null,null,null,null,null,null,null,null,0.9812138626578186,null
gen_000_ind_011,true,confidenceFactor,false,true,null,4,true,true,1,7,true,true,0.05,true,8,9,null,unpruned,true,true,true,weka.attributeSelection.BestFirst,false,true,null,true,false,rmse,MajorityVotingAggregator,true,false,3,6,8,null,true,null,null,false,7,null,0.9987297200448924,null
gen_000_ind_012,true,reducedErrorPruning,true,true,0.25,6,true,true,1,9,true,true,null,true,10,10,false,confidenceFactor,false,true,false,weka.attributeSelection.BestFirst,false,true,8,true,true,mae,CompetenceBasedAggregator,true,true,5,2,10,null,false,5,null,false,2,null,0.9988015103028433,null
gen_000_ind_013,true,unpruned,false,null,0.35,1,true,true,null,null,true,true,null,true,4,9,null,confidenceFactor,false,true,true,weka.attributeSelection.GreedyStepwise,true,true,null,false,true,acc,CompetenceBasedAggregator,true,false,3,2,7,null,false,null,false,false,10,false,0.9989014473946172,null
gen_000_ind_014,true,reducedErrorPruning,true,true,null,5,false,true,0,5,true,true,null,true,3,5,true,unpruned,true,true,false,weka.attributeSelection.BestFirst,true,true,7,false,false,auc,CompetenceBasedAggregator,true,false,6,10,10,null,true,8,null,false,6,null,0.9985671189123556,null
gen_000_ind_015,true,unpruned,true,null,0.25,1,false,true,1,2,true,true,null,true,null,6,false,confidenceFactor,false,false,true,weka.attributeSelection.BestFirst,true,true,8,true,true,auc,CompetenceBasedAggregator,false,false,4,2,null,null,false,null,null,false,2,null,0.9989028446695704,null
gen_000_ind_016,false,unpruned,true,null,null,6,true,true,2,2,true,true,null,true,6,5,false,unpruned,false,true,true,weka.attributeSelection.BestFirst,false,true,2,false,true,auc,RuleExtractorAggregator,true,true,7,5,5,null,true,null,null,false,3,null,0.9879492623059847,null
gen_000_ind_017,true,unpruned,true,null,0.05,2,true,true,0,1,true,true,null,true,null,2,false,confidenceFactor,false,false,true,weka.attributeSelection.BestFirst,true,true,6,true,true,mae,MajorityVotingAggregator,false,false,6,10,null,null,true,null,null,false,8,null,0.9986289084572262,null
gen_000_ind_018,true,reducedErrorPruning,true,false,null,10,false,true,2,7,true,true,null,false,null,null,true,null,false,false,null,weka.attributeSelection.BestFirst,null,true,2,true,null,mae,MajorityVotingAggregator,true,true,9,8,null,null,false,4,null,false,10,null,0.9976692437876451,null
gen_000_ind_019,true,reducedErrorPruning,true,false,null,9,false,true,null,null,true,true,null,true,4,6,false,unpruned,false,true,true,weka.attributeSelection.GreedyStepwise,false,true,3,false,false,auc,RuleExtractorAggregator,false,true,4,4,8,null,false,9,true,false,4,false,0.9892984033705993,null
gen_000_ind_020,true,confidenceFactor,false,true,null,10,false,true,null,null,true,true,0.25,true,7,6,null,reducedErrorPruning,true,true,true,weka.attributeSelection.GreedyStepwise,false,true,null,false,true,auc,RuleExtractorAggregator,true,true,9,4,10,8,true,null,false,true,5,false,0.9835184735189115,null
gen_000_ind_021,false,confidenceFactor,false,true,0.35,2,false,true,1,2,true,true,0.15,true,null,6,null,confidenceFactor,true,false,true,weka.attributeSelection.BestFirst,false,true,null,false,true,auc,RuleExtractorAggregator,false,true,8,6,null,null,true,null,null,true,2,null,0.9863141436111593,null
gen_000_ind_022,true,unpruned,true,null,0.45,2,false,true,1,4,true,true,null,true,null,5,true,confidenceFactor,false,false,false,weka.attributeSelection.BestFirst,false,true,9,true,true,acc,CompetenceBasedAggregator,true,true,2,5,null,null,false,null,null,false,9,null,0.9987935389072431,null
gen_000_ind_023,false,reducedErrorPruning,false,false,null,3,true,true,1,5,true,true,null,true,6,9,null,reducedErrorPruning,true,true,false,weka.attributeSelection.BestFirst,false,true,null,true,false,mae,RuleExtractorAggregator,true,true,4,4,8,9,true,7,null,true,3,null,0.9845700175509121,null
gen_000_ind_024,true,unpruned,true,null,0.35,6,true,true,null,null,true,true,null,true,2,5,false,confidenceFactor,false,true,true,weka.attributeSelection.GreedyStepwise,false,true,6,true,true,rmse,CompetenceBasedAggregator,true,true,7,2,3,null,false,null,true,false,5,true,0.9987052820618569,null
gen_000_ind_025,true,unpruned,false,null,null,10,false,true,0,7,true,true,null,true,2,8,null,reducedErrorPruning,false,true,true,weka.attributeSelection.BestFirst,true,true,null,true,false,auc,MajorityVotingAggregator,false,true,6,9,2,5,true,null,null,false,7,null,0.9983801931780272,null
gen_000_ind_026,false,null,true,null,0.15,4,null,true,null,null,false,true,null,true,2,7,false,confidenceFactor,false,true,true,weka.attributeSelection.GreedyStepwise,false,true,10,true,false,acc,MajorityVotingAggregator,null,null,4,4,8,null,null,null,false,null,null,false,0.9985092889727959,null
gen_000_ind_027,true,confidenceFactor,true,true,null,1,true,true,null,null,true,true,0.35,true,3,3,false,unpruned,false,true,true,weka.attributeSelection.GreedyStepwise,true,true,7,false,true,acc,RuleExtractorAggregator,false,false,2,2,6,null,true,null,true,true,6,true,0.9828720063140549,null
gen_000_ind_028,true,reducedErrorPruning,true,true,0.35,7,false,true,2,5,true,true,null,true,2,8,true,confidenceFactor,true,true,true,weka.attributeSelection.BestFirst,false,true,2,true,false,mae,CompetenceBasedAggregator,true,true,10,3,9,null,false,8,null,false,2,null,0.9985009209185985,null
gen_000_ind_029,false,confidenceFactor,false,true,null,3,false,true,1,6,true,true,0.15,false,6,null,null,null,true,true,null,weka.attributeSelection.BestFirst,null,true,null,false,null,auc,MajorityVotingAggregator,false,false,2,2,8,null,true,null,null,false,7,null,0.9983441722489734,null
gen_000_ind_030,true,unpruned,true,null,0.05,1,false,true,null,null,true,true,null,true,3,2,false,confidenceFactor,false,true,false,weka.attributeSelection.GreedyStepwise,true,true,7,false,true,acc,CompetenceBasedAggregator,false,true,8,8,8,null,true,null,false,true,2,false,0.9990689902687248,null
gen_000_ind_031,false,reducedErrorPruning,true,false,0.45,7,false,true,null,null,true,true,null,true,null,6,true,confidenceFactor,false,false,true,weka.attributeSelection.GreedyStepwise,false,true,2,true,false,auc,RuleExtractorAggregator,false,true,2,3,null,null,false,3,false,false,6,true,0.9848905493177575,null
gen_000_ind_032,false,confidenceFactor,true,false,0.15,6,true,true,1,5,true,true,0.35,true,null,7,false,confidenceFactor,true,false,true,weka.attributeSelection.BestFirst,false,true,9,true,false,mae,RuleExtractorAggregator,true,true,10,10,null,null,true,null,null,true,10,null,0.9890464286623688,null
gen_000_ind_033,true,confidenceFactor,true,true,0.25,3,false,true,null,null,true,true,0.35,true,null,2,false,confidenceFactor,false,false,false,weka.attributeSelection.GreedyStepwise,true,true,7,false,false,auc,CompetenceBasedAggregator,false,false,2,10,null,null,false,null,false,false,10,false,0.998838156816916,null
gen_000_ind_034,true,unpruned,false,null,0.35,10,false,true,2,8,true,true,null,true,null,8,null,confidenceFactor,true,false,true,weka.attributeSelection.BestFirst,false,true,null,false,true,auc,RuleExtractorAggregator,true,true,6,3,null,null,true,null,null,true,7,null,0.984195594271889,null
gen_000_ind_035,true,reducedErrorPruning,false,true,0.45,4,true,true,0,5,true,true,null,true,null,10,null,confidenceFactor,false,false,true,weka.attributeSelection.BestFirst,false,true,null,true,false,acc,RuleExtractorAggregator,true,true,9,2,null,null,true,10,null,true,3,null,0.9839574228419086,null
gen_000_ind_036,true,confidenceFactor,false,false,null,8,true,true,null,null,true,true,0.25,true,10,4,null,reducedErrorPruning,false,true,false,weka.attributeSelection.GreedyStepwise,true,true,null,false,false,rmse,CompetenceBasedAggregator,true,false,8,10,4,6,false,null,true,false,7,false,0.9983564355504605,null
gen_000_ind_037,true,reducedErrorPruning,true,false,0.25,9,false,true,0,9,true,true,null,true,8,2,false,confidenceFactor,true,true,true,weka.attributeSelection.BestFirst,false,true,5,true,true,auc,CompetenceBasedAggregator,false,true,5,4,6,null,true,8,null,true,8,null,0.9986410333324252,null
gen_000_ind_038,true,reducedErrorPruning,true,true,null,1,false,true,null,null,true,true,null,false,7,null,false,null,true,true,null,weka.attributeSelection.GreedyStepwise,null,true,8,true,null,mae,RuleExtractorAggregator,false,false,6,4,8,null,true,9,false,true,6,false,0.9888517657340522,null
gen_000_ind_039,false,confidenceFactor,false,true,0.05,2,true,true,1,4,true,true,0.25,true,5,9,null,confidenceFactor,false,true,false,weka.attributeSelection.BestFirst,false,true,null,false,false,auc,CompetenceBasedAggregator,true,false,6,6,9,null,false,null,null,true,4,null,0.9987763758859401,null
gen_000_ind_040,false,confidenceFactor,false,false,null,5,false,true,null,null,true,true,0.45,true,4,8,null,unpruned,false,true,false,weka.attributeSelection.GreedyStepwise,false,true,null,true,false,mae,MajorityVotingAggregator,false,false,2,2,9,null,true,null,false,false,5,true,0.9984857811540044,null
gen_000_ind_041,false,unpruned,true,null,null,1,false,true,null,null,true,true,null,false,null,null,false,null,false,false,null,weka.attributeSelection.GreedyStepwise,null,true,5,true,null,auc,RuleExtractorAggregator,false,false,7,2,null,null,true,null,false,true,5,false,0.989538599363018,null
gen_000_ind_042,null,confidenceFactor,true,false,null,1,false,false,null,null,true,true,0.15,true,null,10,false,reducedErrorPruning,true,null,true,weka.attributeSelection.GreedyStepwise,false,true,5,false,true,auc,MajorityVotingAggregator,true,true,6,null,null,10,true,null,false,true,3,false,0.9980107170270346,null
gen_000_ind_043,false,unpruned,true,null,0.15,1,true,true,1,4,true,true,null,true,5,2,false,confidenceFactor,false,true,false,weka.attributeSelection.BestFirst,true,true,7,true,true,mae,RuleExtractorAggregator,true,true,10,7,9,null,true,null,null,false,2,null,0.983358474016135,null
gen_000_ind_044,false,confidenceFactor,false,false,null,1,false,true,null,null,true,true,0.05,true,8,8,null,unpruned,false,true,false,weka.attributeSelection.GreedyStepwise,false,true,null,true,false,auc,CompetenceBasedAggregator,true,false,6,8,3,null,false,null,true,false,2,false,0.9989238426506157,null
gen_000_ind_045,false,reducedErrorPruning,null,true,null,1,true,true,null,null,true,true,null,true,null,2,null,unpruned,true,false,true,weka.attributeSelection.GreedyStepwise,true,false,null,null,true,acc,CompetenceBasedAggregator,false,false,null,9,null,null,true,10,false,false,4,false,0.9985781422748478,null
gen_000_ind_046,false,confidenceFactor,true,true,0.35,1,false,true,2,10,true,true,0.25,true,2,2,true,confidenceFactor,false,true,true,weka.attributeSelection.BestFirst,false,true,4,false,false,mae,RuleExtractorAggregator,false,true,2,10,5,null,true,null,null,false,9,null,0.984058125945297,null
gen_000_ind_047,true,confidenceFactor,true,false,null,8,true,true,null,null,true,true,0.45,true,null,4,false,unpruned,true,false,true,weka.attributeSelection.GreedyStepwise,true,true,8,true,false,mae,RuleExtractorAggregator,true,false,10,2,null,null,true,null,true,false,8,false,0.9901647094893867,null
gen_000_ind_048,false,confidenceFactor,false,true,null,1,false,true,null,null,true,true,0.05,true,null,7,null,unpruned,true,false,true,weka.attributeSelection.GreedyStepwise,false,true,null,false,true,mae,MajorityVotingAggregator,true,true,4,3,null,null,false,null,false,false,5,false,0.9986617754068442,null
gen_000_ind_049,false,reducedErrorPruning,false,true,null,2,false,true,1,10,true,true,null,true,null,4,null,reducedErrorPruning,false,false,true,weka.attributeSelection.BestFirst,false,true,null,false,false,auc,MajorityVotingAggregator,false,false,3,9,null,4,true,9,null,false,6,null,0.9984744516374521,null
gen_000_ind_050,true,confidenceFactor,true,true,null,1,true,true,1,7,true,true,0.25,true,null,9,false,unpruned,false,false,false,weka.attributeSelection.BestFirst,false,true,6,false,true,auc,CompetenceBasedAggregator,true,true,5,3,null,null,true,null,null,false,7,null,0.9989733214116658,null
gen_000_ind_051,false,reducedErrorPruning,true,false,null,3,false,true,2,7,true,true,null,true,null,6,false,reducedErrorPruning,true,false,true,weka.attributeSelection.BestFirst,false,true,4,true,true,auc,CompetenceBasedAggregator,true,true,2,2,null,2,true,3,null,true,2,null,0.9987519530814046,null
gen_000_ind_052,true,null,true,null,null,3,null,true,0,5,false,true,null,false,8,null,false,null,true,true,null,weka.attributeSelection.BestFirst,null,true,2,false,null,mae,CompetenceBasedAggregator,null,null,7,7,9,null,null,null,null,null,null,null,0.9969438251606444,null
gen_000_ind_053,true,reducedErrorPruning,true,true,null,6,true,true,1,6,true,true,null,true,7,3,false,reducedErrorPruning,false,true,false,weka.attributeSelection.BestFirst,false,true,10,true,true,auc,RuleExtractorAggregator,true,true,10,10,6,7,false,6,null,true,2,null,0.9854700038291314,null
gen_000_ind_054,null,reducedErrorPruning,true,true,null,1,true,false,0,6,true,true,null,true,null,8,false,unpruned,false,null,true,weka.attributeSelection.BestFirst,true,true,7,true,true,rmse,RuleExtractorAggregator,false,false,4,null,null,null,true,9,null,false,2,null,0.9862826567142466,null
gen_000_ind_055,true,null,null,null,null,7,null,true,null,null,false,true,null,true,6,2,null,reducedErrorPruning,true,true,false,weka.attributeSelection.GreedyStepwise,false,false,null,null,true,rmse,CompetenceBasedAggregator,null,null,null,7,8,4,null,null,false,null,null,false,0.9967207833944091,null
gen_000_ind_056,true,confidenceFactor,false,true,null,null,true,true,null,null,true,false,0.25,true,2,6,null,unpruned,null,true,true,null,false,true,null,false,false,null,CompetenceBasedAggregator,true,true,8,4,2,null,false,null,null,true,2,null,0.998946118555007,null
gen_000_ind_057,null,confidenceFactor,false,false,null,2,false,false,1,5,true,true,0.35,true,null,8,null,reducedErrorPruning,true,null,true,weka.attributeSelection.BestFirst,false,true,null,false,true,acc,RuleExtractorAggregator,false,true,8,null,null,8,true,null,null,true,4,null,0.9822454271970503,null
gen_000_ind_058,true,confidenceFactor,true,false,null,5,true,true,1,6,true,true,0.25,true,5,3,false,unpruned,false,true,false,weka.attributeSelection.BestFirst,true,true,8,false,true,rmse,MajorityVotingAggregator,true,true,2,10,3,null,true,null,null,true,8,null,0.9985925565601482,null
gen_000_ind_059,true,confidenceFactor,true,false,null,3,false,true,2,3,true,true,0.35,true,5,5,true,reducedErrorPruning,true,true,true,weka.attributeSelection.BestFirst,false,true,7,true,false,acc,RuleExtractorAggregator,true,false,2,4,9,9,true,null,null,false,7,null,0.9792201675439193,null
gen_000_ind_060,false,unpruned,true,null,null,null,true,true,null,null,true,false,null,true,null,5,false,unpruned,null,false,false,null,false,true,3,true,false,null,CompetenceBasedAggregator,false,true,6,5,null,null,false,null,null,true,8,null,0.9987214347878399,null
gen_000_ind_061,true,unpruned,true,null,null,6,true,true,1,7,true,true,null,false,9,null,false,null,false,true,null,weka.attributeSelection.BestFirst,null,true,5,true,null,rmse,MajorityVotingAggregator,false,false,3,10,3,null,true,null,null,false,9,null,0.9982367631672892,null
gen_000_ind_062,true,confidenceFactor,false,true,0.25,1,false,true,1,5,true,true,0.05,true,null,3,null,confidenceFactor,false,false,false,weka.attributeSelection.BestFirst,true,true,null,true,false,acc,CompetenceBasedAggregator,false,true,5,5,null,null,true,null,null,false,3,null,0.9988923739050879,null
gen_000_ind_063,false,confidenceFactor,true,true,0.35,10,false,true,1,5,true,true,0.45,true,10,8,false,confidenceFactor,true,true,true,weka.attributeSelection.BestFirst,false,true,10,false,false,acc,CompetenceBasedAggregator,true,false,2,2,4,null,true,null,null,false,10,null,0.9987374095698073,null
gen_000_ind_064,false,reducedErrorPruning,true,false,0.15,8,false,true,null,null,true,true,null,true,null,4,true,confidenceFactor,true,false,true,weka.attributeSelection.GreedyStepwise,false,true,8,false,false,acc,MajorityVotingAggregator,true,true,8,6,null,null,false,5,false,false,10,false,0.9987299657780314,null
gen_000_ind_065,true,unpruned,true,null,null,null,true,true,null,null,true,false,null,true,null,7,false,unpruned,null,false,false,null,false,true,7,true,true,null,MajorityVotingAggregator,true,false,7,6,null,null,true,null,null,false,2,null,0.9987839660433471,null
gen_000_ind_066,true,confidenceFactor,false,true,null,5,true,true,1,4,true,true,0.45,true,6,5,null,reducedErrorPruning,false,true,false,weka.attributeSelection.BestFirst,false,true,null,true,false,auc,MajorityVotingAggregator,false,true,7,2,4,6,false,null,null,false,2,null,0.9986548791978145,null
gen_000_ind_067,true,null,null,null,null,null,null,true,null,null,false,false,null,false,9,null,null,null,null,true,null,null,null,false,null,null,null,null,CompetenceBasedAggregator,null,null,null,10,6,null,null,null,null,null,null,null,0.9856129286395209,null
gen_000_ind_068,true,unpruned,false,null,0.15,9,true,true,1,1,true,true,null,true,7,4,null,confidenceFactor,false,true,true,weka.attributeSelection.BestFirst,true,true,null,true,false,auc,RuleExtractorAggregator,false,true,2,3,3,null,true,null,null,false,7,null,0.9857632127162658,null
gen_000_ind_069,false,null,true,null,null,null,null,true,null,null,false,false,null,true,5,4,false,unpruned,null,true,true,null,true,true,7,true,false,null,CompetenceBasedAggregator,null,null,2,2,3,null,null,null,null,null,null,null,0.997773981075885,null
gen_000_ind_070,true,null,true,null,null,3,null,true,null,null,false,true,null,false,null,null,false,null,true,false,null,weka.attributeSelection.GreedyStepwise,null,true,5,true,null,mae,CompetenceBasedAggregator,null,null,3,6,null,null,null,null,false,null,null,false,0.9971476620082083,null
gen_000_ind_071,false,unpruned,true,null,0.45,5,false,true,1,8,true,true,null,true,7,10,false,confidenceFactor,false,true,false,weka.attributeSelection.BestFirst,false,true,7,true,true,acc,RuleExtractorAggregator,false,true,7,10,6,null,true,null,null,false,8,null,0.9820836837959215,null
gen_000_ind_072,true,reducedErrorPruning,false,false,null,7,false,true,2,10,true,true,null,true,2,8,null,unpruned,false,true,false,weka.attributeSelection.BestFirst,false,true,null,false,true,rmse,RuleExtractorAggregator,false,false,9,3,4,null,true,9,null,false,9,null,0.986356687728622,null
gen_000_ind_073,false,reducedErrorPruning,false,true,null,7,true,true,null,null,true,true,null,false,null,null,null,null,false,false,null,weka.attributeSelection.GreedyStepwise,null,true,null,true,null,auc,MajorityVotingAggregator,false,false,2,7,null,null,true,3,false,false,9,true,0.9985199677407935,null
gen_000_ind_074,false,confidenceFactor,false,true,null,4,false,true,null,null,true,true,0.45,true,null,9,null,unpruned,true,false,false,weka.attributeSelection.GreedyStepwise,false,true,null,false,false,auc,RuleExtractorAggregator,true,false,9,3,null,null,false,null,false,false,5,true,0.9905307604955722,null
gen_000_ind_075,true,reducedErrorPruning,true,true,null,2,false,true,2,8,true,true,null,true,null,2,true,reducedErrorPruning,true,false,false,weka.attributeSelection.BestFirst,true,true,7,false,false,auc,MajorityVotingAggregator,true,false,6,7,null,5,true,2,null,true,6,null,0.9987075386927655,null
gen_000_ind_076,true,unpruned,true,null,0.45,7,true,true,1,4,true,true,null,true,9,7,true,confidenceFactor,false,true,false,weka.attributeSelection.BestFirst,false,true,8,true,false,mae,MajorityVotingAggregator,false,true,9,10,3,null,false,null,null,true,9,null,0.9986991837505721,null
gen_000_ind_077,true,confidenceFactor,true,false,0.35,10,true,true,1,5,true,true,0.15,true,9,4,false,confidenceFactor,true,true,true,weka.attributeSelection.BestFirst,false,true,10,true,false,acc,MajorityVotingAggregator,false,true,2,7,8,null,true,null,null,false,5,null,0.9986160815153926,null
gen_000_ind_078,false,reducedErrorPruning,null,false,null,null,true,true,null,null,true,false,null,true,2,2,null,unpruned,null,true,true,null,false,false,null,null,false,null,RuleExtractorAggregator,false,true,null,4,7,null,false,9,null,false,6,null,0.9788867704330718,null
gen_000_ind_079,null,reducedErrorPruning,false,true,0.15,6,false,false,null,null,true,true,null,true,null,9,null,confidenceFactor,false,null,false,weka.attributeSelection.GreedyStepwise,false,true,null,true,false,auc,RuleExtractorAggregator,true,false,2,null,null,null,false,6,false,false,5,false,0.9823299720793859,null
gen_000_ind_080,false,unpruned,false,null,0.15,1,false,true,1,10,true,true,null,true,null,2,null,confidenceFactor,true,false,true,weka.attributeSelection.BestFirst,false,true,null,false,true,mae,CompetenceBasedAggregator,true,true,6,2,null,null,false,null,null,false,4,null,0.9987933098133249,null
gen_000_ind_081,false,unpruned,true,null,0.35,2,true,true,1,2,true,true,null,true,null,7,false,confidenceFactor,true,false,false,weka.attributeSelection.BestFirst,false,true,5,true,true,mae,CompetenceBasedAggregator,true,true,3,3,null,null,true,null,null,true,5,null,0.9986553833916408,null
gen_000_ind_082,true,unpruned,false,null,0.15,4,false,true,1,3,true,true,null,true,2,8,null,confidenceFactor,true,true,false,weka.attributeSelection.BestFirst,true,true,null,true,false,mae,RuleExtractorAggregator,true,false,8,3,4,null,true,null,null,true,3,null,0.9813498824068058,null
gen_000_ind_083,true,confidenceFactor,null,true,null,4,false,true,1,3,true,true,0.35,true,9,2,null,unpruned,true,true,true,weka.attributeSelection.BestFirst,false,false,null,null,true,rmse,MajorityVotingAggregator,true,true,null,7,3,null,false,null,null,false,7,null,0.9985477906128188,null
gen_000_ind_084,true,null,false,null,null,2,null,true,null,null,false,true,null,true,null,6,null,unpruned,true,false,false,weka.attributeSelection.GreedyStepwise,true,true,null,false,false,mae,RuleExtractorAggregator,null,null,7,7,null,null,null,null,true,null,null,false,0.9894312183505795,null
gen_000_ind_085,false,reducedErrorPruning,true,false,null,5,false,true,0,1,true,true,null,true,4,2,true,reducedErrorPruning,false,true,false,weka.attributeSelection.BestFirst,false,true,8,true,true,mae,CompetenceBasedAggregator,false,true,7,6,6,3,true,5,null,true,7,null,0.9982459214209267,null
gen_000_ind_086,true,reducedErrorPruning,true,false,0.45,1,false,true,null,null,true,true,null,true,null,9,false,confidenceFactor,false,false,true,weka.attributeSelection.GreedyStepwise,false,true,4,true,false,rmse,RuleExtractorAggregator,false,false,2,3,null,null,false,3,true,false,2,false,0.9865766014053701,null
gen_000_ind_087,true,unpruned,true,null,null,1,false,true,null,null,true,true,null,true,5,7,false,unpruned,true,true,false,weka.attributeSelection.GreedyStepwise,false,true,4,true,true,acc,CompetenceBasedAggregator,true,true,8,10,7,null,true,null,false,false,4,false,0.9989223528216031,null
gen_000_ind_088,false,reducedErrorPruning,true,true,null,1,false,true,1,8,true,true,null,false,10,null,false,null,true,true,null,weka.attributeSelection.BestFirst,null,true,10,true,null,auc,MajorityVotingAggregator,false,false,2,6,3,null,true,10,null,true,10,null,0.998133250420759,null
gen_000_ind_089,false,unpruned,true,null,null,3,false,true,2,9,true,true,null,false,null,null,true,null,true,false,null,weka.attributeSelection.BestFirst,null,true,9,false,null,acc,CompetenceBasedAggregator,true,false,10,10,null,null,true,null,null,true,8,null,0.9982109293951187,null
gen_000_ind_090,true,confidenceFactor,null,true,null,5,false,true,1,5,true,true,0.05,true,8,10,null,reducedErrorPruning,false,true,false,weka.attributeSelection.BestFirst,false,false,null,null,false,mae,RuleExtractorAggregator,false,true,null,6,4,3,true,null,null,true,4,null,0.9808529086065212,null
gen_000_ind_091,true,unpruned,true,null,0.45,6,true,true,0,10,true,true,null,true,2,7,false,confidenceFactor,true,true,true,weka.attributeSelection.BestFirst,false,true,6,false,false,rmse,MajorityVotingAggregator,false,true,9,10,5,null,false,null,null,false,10,null,0.9986577827375512,null
gen_000_ind_092,false,unpruned,true,null,null,8,true,true,2,10,true,true,null,false,null,null,false,null,true,false,null,weka.attributeSelection.BestFirst,null,true,2,true,null,auc,RuleExtractorAggregator,false,true,6,8,null,null,true,null,null,false,2,null,0.9933248549621346,null
gen_000_ind_093,false,reducedErrorPruning,null,true,null,2,false,true,1,7,true,true,null,true,4,5,null,unpruned,false,true,false,weka.attributeSelection.BestFirst,true,false,null,null,true,mae,RuleExtractorAggregator,false,true,null,5,5,null,false,10,null,false,7,null,0.9836374321546639,null
gen_000_ind_094,false,reducedErrorPruning,true,true,null,9,false,true,null,null,true,true,null,false,null,null,true,null,false,false,null,weka.attributeSelection.GreedyStepwise,null,true,4,true,null,auc,CompetenceBasedAggregator,false,true,5,8,null,null,false,9,true,true,3,false,0.9985509479266573,null
gen_000_ind_095,true,unpruned,true,null,null,7,true,true,0,9,true,true,null,false,10,null,true,null,true,true,null,weka.attributeSelection.BestFirst,null,true,7,true,null,rmse,CompetenceBasedAggregator,true,true,8,6,5,null,true,null,null,true,10,null,0.9980324392554971,null
gen_000_ind_096,false,confidenceFactor,null,false,null,1,true,true,2,4,true,true,0.45,true,2,7,null,reducedErrorPruning,false,true,true,weka.attributeSelection.BestFirst,false,false,null,null,false,mae,MajorityVotingAggregator,true,true,null,4,9,3,true,null,null,true,9,null,0.998056331530632,null
gen_000_ind_097,true,confidenceFactor,false,true,null,8,true,true,1,8,true,true,0.05,true,5,2,null,unpruned,true,true,false,weka.attributeSelection.BestFirst,false,true,null,false,false,auc,CompetenceBasedAggregator,true,true,8,4,5,null,true,null,null,false,10,null,0.9987744817356159,null
gen_000_ind_098,true,reducedErrorPruning,true,false,0.45,6,false,true,null,null,true,true,null,true,2,2,false,confidenceFactor,true,true,true,weka.attributeSelection.GreedyStepwise,false,true,9,true,true,auc,MajorityVotingAggregator,true,true,9,3,9,null,true,5,false,true,7,false,0.9986077073310989,null
gen_000_ind_099,false,null,false,null,0.45,2,null,true,null,null,false,true,null,true,null,7,null,confidenceFactor,false,false,true,weka.attributeSelection.GreedyStepwise,false,true,null,true,false,mae,CompetenceBasedAggregator,null,null,5,5,null,null,null,null,false,null,null,false,0.9981597550348233,null
gen_001_ind_000,true,unpruned,true,null,0.05,1,false,true,null,null,true,true,null,true,3,2,false,confidenceFactor,false,true,false,weka.attributeSelection.GreedyStepwise,true,true,7,false,true,acc,CompetenceBasedAggregator,false,true,8,8,8,null,true,null,false,true,2,false,0.9990689902687248,null
gen_001_ind_001,false,unpruned,true,null,null,1,true,true,0,6,true,true,null,true,1,4,false,unpruned,false,true,true,weka.attributeSelection.BestFirst,true,true,7,true,false,acc,MajorityVotingAggregator,true,false,3,2,3,null,true,null,null,false,3,null,0.9990426637172577,null
gen_001_ind_002,true,confidenceFactor,true,true,null,1,true,true,1,7,true,true,0.25,true,null,9,false,unpruned,false,false,false,weka.attributeSelection.BestFirst,false,true,6,false,true,auc,CompetenceBasedAggregator,true,true,5,3,null,null,true,null,null,false,7,null,0.9989733214116658,null
gen_001_ind_003,true,confidenceFactor,false,true,null,null,true,true,null,null,true,false,0.25,true,2,6,null,unpruned,null,true,true,null,false,true,null,false,false,null,CompetenceBasedAggregator,true,true,8,4,2,null,false,null,null,true,2,null,0.998946118555007,null
gen_001_ind_004,true,unpruned,true,null,null,1,false,true,null,null,true,true,null,true,5,7,false,unpruned,true,true,false,weka.attributeSelection.GreedyStepwise,false,true,4,true,true,acc,CompetenceBasedAggregator,true,true,8,10,7,null,true,null,false,false,4,false,0.9989223528216031,null
gen_001_ind_005,false,confidenceFactor,false,false,null,1,false,true,null,null,true,true,0.05,true,8,8,null,unpruned,false,true,false,weka.attributeSelection.GreedyStepwise,false,true,null,true,false,auc,CompetenceBasedAggregator,true,false,6,8,3,null,false,null,true,false,2,false,0.9989238426506157,null
gen_001_ind_006,true,confidenceFactor,false,true,0.25,1,false,true,1,5,true,true,0.05,true,null,3,null,confidenceFactor,false,false,false,weka.attributeSelection.BestFirst,true,true,null,true,false,acc,CompetenceBasedAggregator,false,true,5,5,null,null,true,null,null,false,3,null,0.9988923739050879,null
gen_001_ind_007,true,unpruned,false,null,0.35,1,true,true,null,null,true,true,null,true,4,9,null,confidenceFactor,false,true,true,weka.attributeSelection.GreedyStepwise,true,true,null,false,true,acc,CompetenceBasedAggregator,true,false,3,2,7,null,false,null,false,false,10,false,0.9989014473946172,null
gen_001_ind_008,true,unpruned,true,null,0.25,1,false,true,1,2,true,true,null,true,null,6,false,confidenceFactor,false,false,true,weka.attributeSelection.BestFirst,true,true,8,true,true,auc,CompetenceBasedAggregator,false,false,4,2,null,null,false,null,null,false,2,null,0.9989028446695704,null
gen_001_ind_009,true,unpruned,true,null,null,null,true,true,null,null,true,false,null,true,null,7,false,unpruned,null,false,false,null,false,true,7,true,true,null,MajorityVotingAggregator,true,false,7,6,null,null,true,null,null,false,2,null,0.9987839660433471,null
gen_001_ind_010,false,unpruned,false,null,null,null,true,true,null,null,true,false,null,false,2,null,null,null,null,true,null,null,null,true,null,true,null,null,CompetenceBasedAggregator,false,true,3,10,5,null,false,null,null,false,2,null,0.9977628309094125,null
gen_001_ind_011,false,unpruned,true,null,0.15,null,false,true,null,null,true,false,null,true,10,6,false,confidenceFactor,null,true,true,null,true,true,4,false,true,null,CompetenceBasedAggregator,true,false,9,6,8,null,false,null,null,false,4,null,0.9987508970028298,null
gen_001_ind_012,true,reducedErrorPruning,true,true,null,5,true,true,null,null,true,true,null,true,1,6,false,reducedErrorPruning,false,true,false,weka.attributeSelection.GreedyStepwise,false,true,8,false,true,acc,RuleExtractorAggregator,true,false,6,7,5,6,false,4,false,true,10,true,0.9854751136410356,null
gen_001_ind_013,true,confidenceFactor,false,false,0.45,null,false,true,null,null,true,false,0.25,true,null,8,null,confidenceFactor,null,false,false,null,false,true,null,true,true,null,CompetenceBasedAggregator,true,true,7,2,null,null,false,null,null,false,4,null,0.9987200277299365,null
gen_001_ind_014,false,reducedErrorPruning,true,true,null,8,true,true,null,null,true,true,null,true,null,2,false,unpruned,true,false,false,weka.attributeSelection.GreedyStepwise,false,true,3,false,false,rmse,RuleExtractorAggregator,true,true,3,10,null,null,false,2,false,true,10,false,0.9796428454065819,null
gen_001_ind_015,false,unpruned,false,null,null,8,false,true,null,null,true,true,null,true,10,6,null,unpruned,false,true,true,weka.attributeSelection.GreedyStepwise,true,true,null,true,false,auc,RuleExtractorAggregator,false,false,5,10,10,null,true,null,false,false,10,true,0.9887647360491354,null
gen_001_ind_016,null,null,false,null,0.35,4,null,false,null,null,false,true,null,true,null,6,null,confidenceFactor,true,null,true,weka.attributeSelection.GreedyStepwise,false,true,null,true,true,rmse,CompetenceBasedAggregator,null,null,9,null,null,null,null,null,false,null,null,true,0.9970119274712823,null
gen_001_ind_017,true,reducedErrorPruning,true,true,null,8,true,true,null,null,true,true,null,true,null,3,true,reducedErrorPruning,true,false,true,weka.attributeSelection.GreedyStepwise,false,true,7,true,false,acc,MajorityVotingAggregator,true,true,8,4,null,9,true,5,false,true,10,false,0.9986754537975461,null
gen_001_ind_018,false,confidenceFactor,true,false,null,10,false,true,2,5,true,true,0.15,true,8,7,true,unpruned,false,true,false,weka.attributeSelection.BestFirst,true,true,2,false,true,rmse,MajorityVotingAggregator,true,true,10,6,8,null,true,null,null,false,6,null,0.998445578510899,null
gen_001_ind_019,false,confidenceFactor,false,false,null,3,false,true,null,null,true,true,0.05,true,2,6,null,unpruned,false,true,true,weka.attributeSelection.GreedyStepwise,true,true,null,true,true,mae,CompetenceBasedAggregator,true,true,6,10,10,null,false,null,true,true,7,false,0.9989215724377589,null
gen_001_ind_020,true,null,true,null,null,7,null,true,null,null,false,true,null,true,7,7,false,unpruned,true,true,true,weka.attributeSelection.GreedyStepwise,true,true,4,false,true,mae,CompetenceBasedAggregator,null,null,4,5,3,null,null,null,false,null,null,false,0.9983480890342815,null
gen_001_ind_021,false,reducedErrorPruning,false,false,null,8,true,true,null,null,true,true,null,false,1,null,null,null,true,true,null,weka.attributeSelection.GreedyStepwise,null,true,null,false,null,mae,MajorityVotingAggregator,false,true,2,8,9,null,true,6,true,true,5,true,0.9980654848933603,null
gen_001_ind_022,null,confidenceFactor,true,false,null,null,false,false,null,null,true,false,0.25,true,null,7,true,unpruned,null,null,true,null,false,true,10,true,false,null,MajorityVotingAggregator,false,true,7,null,null,null,true,null,null,true,8,null,0.9973113204303262,null
gen_001_ind_023,false,confidenceFactor,true,false,null,9,false,true,0,1,true,true,0.15,false,1,null,false,null,false,true,null,weka.attributeSelection.BestFirst,null,true,9,false,null,auc,CompetenceBasedAggregator,true,false,8,9,7,null,true,null,null,true,7,null,0.9977762354762667,null
gen_001_ind_024,true,confidenceFactor,true,false,0.45,7,true,true,0,7,true,true,0.35,true,8,3,false,confidenceFactor,false,true,false,weka.attributeSelection.BestFirst,false,true,3,false,true,rmse,RuleExtractorAggregator,true,false,2,3,7,null,false,null,null,false,9,null,0.9826166521100227,null
gen_001_ind_025,false,confidenceFactor,true,false,0.45,2,false,true,null,null,true,true,0.15,true,null,2,false,confidenceFactor,false,false,false,weka.attributeSelection.GreedyStepwise,false,true,8,false,true,acc,RuleExtractorAggregator,true,false,8,6,null,null,false,null,false,false,2,false,0.9811273364845722,null
gen_001_ind_026,false,null,true,null,null,9,null,true,1,4,false,true,null,true,7,4,true,unpruned,true,true,false,weka.attributeSelection.BestFirst,false,true,3,false,false,rmse,CompetenceBasedAggregator,null,null,6,7,8,null,null,null,null,null,null,null,0.9981352325920672,null
gen_001_ind_027,false,confidenceFactor,null,true,null,2,false,true,1,5,true,true,0.25,false,5,null,null,null,false,true,null,weka.attributeSelection.BestFirst,null,false,null,null,null,auc,MajorityVotingAggregator,false,false,null,7,6,null,true,null,null,true,9,null,0.9973261444655679,null
gen_001_ind_028,false,confidenceFactor,false,true,null,2,true,true,1,4,true,true,0.05,false,4,null,null,null,true,true,null,weka.attributeSelection.BestFirst,null,true,null,true,null,rmse,MajorityVotingAggregator,true,true,5,9,5,null,true,null,null,false,7,null,0.9978670705961419,null
gen_001_ind_029,true,confidenceFactor,false,false,0.15,2,false,true,null,null,true,true,0.35,true,null,5,null,confidenceFactor,true,false,true,weka.attributeSelection.GreedyStepwise,true,true,null,true,false,mae,MajorityVotingAggregator,true,false,5,3,null,null,false,null,true,true,5,false,0.9987309050386688,null
gen_001_ind_030,true,null,true,null,null,7,null,true,null,null,false,true,null,true,null,7,true,unpruned,false,false,false,weka.attributeSelection.GreedyStepwise,false,true,2,true,false,rmse,MajorityVotingAggregator,null,null,4,3,null,null,null,null,false,null,null,true,0.9981861927672611,null
gen_001_ind_031,false,null,false,null,null,5,null,true,null,null,false,true,null,true,null,10,null,unpruned,false,false,true,weka.attributeSelection.GreedyStepwise,true,true,null,false,true,mae,MajorityVotingAggregator,null,null,3,5,null,null,null,null,true,null,null,false,0.9983062494066977,null
gen_001_ind_032,true,reducedErrorPruning,true,true,0.15,5,true,true,0,1,true,true,null,true,null,9,false,confidenceFactor,true,false,false,weka.attributeSelection.BestFirst,false,true,8,false,true,rmse,MajorityVotingAggregator,true,false,4,10,null,null,true,5,null,true,5,null,0.9985930276303085,null
gen_001_ind_033,false,unpruned,false,null,null,4,true,true,null,null,true,true,null,true,null,7,null,unpruned,true,false,true,weka.attributeSelection.GreedyStepwise,false,true,null,true,false,acc,CompetenceBasedAggregator,true,false,2,8,null,null,false,null,true,false,9,false,0.9989622134964151,null
gen_001_ind_034,true,reducedErrorPruning,true,false,null,null,false,true,null,null,true,false,null,true,9,2,true,unpruned,null,true,false,null,true,true,10,false,true,null,MajorityVotingAggregator,true,false,6,8,6,null,true,9,null,true,10,null,0.9985517577585377,null
gen_001_ind_035,true,reducedErrorPruning,null,true,null,null,false,true,null,null,true,false,null,true,null,7,null,unpruned,null,false,true,null,false,false,null,null,false,null,CompetenceBasedAggregator,false,true,null,2,null,null,true,3,null,true,10,null,0.997739841492929,null
gen_001_ind_036,false,confidenceFactor,false,false,null,null,false,true,null,null,true,false,0.35,true,2,7,null,unpruned,null,true,false,null,true,true,null,false,true,null,CompetenceBasedAggregator,false,true,4,4,10,null,true,null,null,true,10,null,0.9985581979252766,null
gen_001_ind_037,true,reducedErrorPruning,true,false,0.25,5,false,true,2,8,true,true,null,true,null,8,true,confidenceFactor,true,false,true,weka.attributeSelection.BestFirst,true,true,2,true,true,acc,CompetenceBasedAggregator,true,false,3,10,null,null,true,8,null,false,7,null,0.9985788754713901,null
gen_001_ind_038,true,unpruned,false,null,null,8,false,true,1,7,true,true,null,false,3,null,null,null,false,true,null,weka.attributeSelection.BestFirst,null,true,null,false,null,mae,CompetenceBasedAggregator,false,true,8,9,4,null,false,null,null,false,6,null,0.9980431220140623,null
gen_001_ind_039,true,unpruned,true,null,null,null,true,true,null,null,true,false,null,true,null,2,true,unpruned,null,false,false,null,false,true,3,true,true,null,MajorityVotingAggregator,true,true,8,5,null,null,true,null,null,false,7,null,0.9987198084753027,null
gen_001_ind_040,true,confidenceFactor,true,true,null,10,false,true,2,10,true,true,0.05,true,5,3,false,unpruned,false,true,false,weka.attributeSelection.BestFirst,false,true,3,true,false,acc,MajorityVotingAggregator,true,true,7,10,7,null,false,null,null,true,8,null,0.9987124044476469,null
gen_001_ind_041,true,confidenceFactor,false,true,null,null,true,true,null,null,true,false,0.35,true,3,4,null,reducedErrorPruning,null,true,false,null,false,true,null,true,true,null,CompetenceBasedAggregator,true,false,5,10,7,2,false,null,null,true,5,null,0.9985844164762918,null
gen_001_ind_042,false,null,false,null,null,null,null,true,null,null,false,false,null,false,7,null,null,null,null,true,null,null,null,true,null,true,null,null,CompetenceBasedAggregator,null,null,8,10,4,null,null,null,null,null,null,null,0.996404303877809,null
gen_001_ind_043,false,unpruned,true,null,0.35,1,false,true,0,3,true,true,null,true,2,3,false,confidenceFactor,false,true,false,weka.attributeSelection.BestFirst,false,true,2,false,true,rmse,CompetenceBasedAggregator,false,true,7,9,5,null,false,null,null,false,8,null,0.9986854868928099,null
gen_001_ind_044,false,reducedErrorPruning,true,false,null,4,false,true,2,1,true,true,null,true,null,6,false,unpruned,false,false,false,weka.attributeSelection.BestFirst,false,true,3,false,true,mae,CompetenceBasedAggregator,true,false,4,2,null,null,true,10,null,true,8,null,0.9987095163664457,null
gen_001_ind_045,null,reducedErrorPruning,false,false,null,8,false,false,0,5,true,true,null,true,null,5,null,unpruned,false,null,true,weka.attributeSelection.BestFirst,true,true,null,false,false,auc,MajorityVotingAggregator,false,false,6,null,null,null,true,3,null,true,10,null,0.998377126167551,null
gen_001_ind_046,true,reducedErrorPruning,false,true,null,10,true,true,null,null,true,true,null,true,2,3,null,reducedErrorPruning,true,true,true,weka.attributeSelection.GreedyStepwise,true,true,null,false,false,rmse,CompetenceBasedAggregator,true,false,6,9,3,7,true,2,false,false,10,false,0.9982357454840795,null
gen_001_ind_047,false,unpruned,false,null,null,8,true,true,2,8,true,true,null,true,4,9,null,reducedErrorPruning,true,true,true,weka.attributeSelection.BestFirst,false,true,null,true,false,acc,CompetenceBasedAggregator,false,false,10,4,7,7,false,null,null,true,3,null,0.9987732624251846,null
gen_001_ind_048,false,reducedErrorPruning,false,false,null,9,true,true,2,1,true,true,null,true,null,7,null,unpruned,true,false,false,weka.attributeSelection.BestFirst,false,true,null,false,false,rmse,MajorityVotingAggregator,true,false,3,3,null,null,true,2,null,false,5,null,0.9985478939640553,null
gen_001_ind_049,false,unpruned,null,null,null,5,false,true,null,null,true,true,null,true,4,4,null,reducedErrorPruning,false,true,false,weka.attributeSelection.GreedyStepwise,true,false,null,null,false,mae,CompetenceBasedAggregator,true,false,null,7,8,9,true,null,false,false,7,false,0.998315261646996,null
gen_001_ind_050,null,unpruned,true,null,null,1,false,false,1,2,true,true,null,true,null,4,true,unpruned,false,null,true,weka.attributeSelection.BestFirst,true,true,4,false,false,auc,CompetenceBasedAggregator,false,false,8,null,null,null,false,null,null,false,9,null,0.9984860700069232,null
gen_001_ind_051,true,null,null,null,null,3,null,true,null,null,false,true,null,false,null,null,null,null,false,false,null,weka.attributeSelection.GreedyStepwise,null,false,null,null,null,auc,CompetenceBasedAggregator,null,null,null,6,null,null,null,null,true,null,null,true,0.9929014952037907,null
gen_001_ind_052,true,null,false,null,null,2,null,true,2,3,false,true,null,true,3,10,null,unpruned,false,true,false,weka.attributeSelection.BestFirst,false,true,null,false,true,acc,CompetenceBasedAggregator,null,null,6,9,5,null,null,null,null,null,null,null,0.9987336793997654,null
gen_001_ind_053,null,null,false,null,null,null,null,false,null,null,false,false,null,true,null,8,null,unpruned,null,null,false,null,true,true,null,true,true,null,CompetenceBasedAggregator,null,null,4,null,null,null,null,null,null,null,null,null,0.9955411206439075,null
gen_001_ind_054,false,reducedErrorPruning,null,false,null,3,false,true,null,null,true,true,null,true,null,10,null,reducedErrorPruning,true,false,true,weka.attributeSelection.GreedyStepwise,true,false,null,null,true,acc,MajorityVotingAggregator,true,false,null,5,null,5,true,6,false,false,6,true,0.9977278880595293,null
gen_001_ind_055,false,null,true,null,0.05,2,null,true,null,null,false,true,null,true,null,8,true,confidenceFactor,true,false,true,weka.attributeSelection.GreedyStepwise,false,true,2,true,false,acc,RuleExtractorAggregator,null,null,6,5,null,null,null,null,true,null,null,false,0.9849049517990593,null
gen_001_ind_056,null,unpruned,true,null,0.05,2,true,false,null,null,true,true,null,true,null,9,false,confidenceFactor,false,null,true,weka.attributeSelection.GreedyStepwise,false,true,8,true,true,mae,MajorityVotingAggregator,true,true,10,null,null,null,true,null,false,true,10,false,0.9973903145742569,null
gen_001_ind_057,false,unpruned,false,null,null,1,true,true,null,null,true,true,null,true,null,2,null,unpruned,false,false,true,weka.attributeSelection.GreedyStepwise,true,true,null,true,false,mae,CompetenceBasedAggregator,true,true,6,10,null,null,true,null,false,false,7,true,0.998761560558606,null
gen_001_ind_058,true,confidenceFactor,true,false,null,9,true,true,2,8,true,true,0.45,true,null,6,true,reducedErrorPruning,false,false,true,weka.attributeSelection.BestFirst,true,true,6,false,true,acc,CompetenceBasedAggregator,true,false,2,8,null,7,false,null,null,false,8,null,0.9988122358906105,null
gen_001_ind_059,false,reducedErrorPruning,true,false,null,4,false,true,null,null,true,true,null,false,null,null,false,null,false,false,null,weka.attributeSelection.GreedyStepwise,null,true,9,true,null,auc,CompetenceBasedAggregator,false,false,10,3,null,null,true,2,false,false,7,false,0.9981161994899062,null
gen_001_ind_060,false,confidenceFactor,null,false,null,4,false,true,null,null,true,true,0.25,true,8,4,null,unpruned,true,true,true,weka.attributeSelection.GreedyStepwise,true,false,null,null,true,acc,CompetenceBasedAggregator,false,false,null,3,8,null,false,null,true,false,10,true,0.9986480966649414,null
gen_001_ind_061,false,unpruned,true,null,0.25,null,true,true,null,null,true,false,null,true,null,3,false,confidenceFactor,null,false,true,null,false,true,5,false,false,null,MajorityVotingAggregator,false,false,9,2,null,null,true,null,null,true,5,null,0.9985814826850934,null
gen_001_ind_062,false,confidenceFactor,false,true,null,9,true,true,0,8,true,true,0.45,true,8,2,null,unpruned,true,true,false,weka.attributeSelection.BestFirst,true,true,null,true,true,rmse,CompetenceBasedAggregator,false,false,6,2,9,null,true,null,null,true,8,null,0.9985731650875179,null
gen_001_ind_063,false,unpruned,false,null,null,null,true,true,null,null,true,false,null,true,null,5,null,reducedErrorPruning,null,false,false,null,false,true,null,true,true,null,MajorityVotingAggregator,false,true,8,4,null,10,false,null,null,true,10,null,0.9985700735498411,null
gen_001_ind_064,false,reducedErrorPruning,true,false,0.25,9,false,true,1,10,true,true,null,true,null,5,true,confidenceFactor,true,false,false,weka.attributeSelection.BestFirst,true,true,3,false,true,rmse,RuleExtractorAggregator,true,false,5,5,null,null,false,3,null,true,10,null,0.9879551781571732,null
gen_001_ind_065,false,null,true,null,null,6,null,true,1,9,false,true,null,true,10,4,true,reducedErrorPruning,true,true,false,weka.attributeSelection.BestFirst,true,true,2,true,false,acc,RuleExtractorAggregator,null,null,3,9,7,2,null,null,null,null,null,null,0.9855393108479182,null
gen_001_ind_066,false,confidenceFactor,true,false,0.45,10,false,true,1,7,true,true,0.35,true,null,4,false,confidenceFactor,false,false,false,weka.attributeSelection.BestFirst,false,true,9,false,true,acc,CompetenceBasedAggregator,false,true,8,7,null,null,false,null,null,false,7,null,0.9989373790783954,null
gen_001_ind_067,false,reducedErrorPruning,false,false,null,3,false,true,2,10,true,true,null,true,null,4,null,reducedErrorPruning,false,false,false,weka.attributeSelection.BestFirst,false,true,null,false,false,rmse,CompetenceBasedAggregator,false,false,2,2,null,3,false,2,null,false,10,null,0.9986056807558217,null
gen_001_ind_068,true,null,false,null,null,6,null,true,0,3,false,true,null,true,null,3,null,reducedErrorPruning,true,false,true,weka.attributeSelection.BestFirst,true,true,null,true,false,rmse,CompetenceBasedAggregator,null,null,3,6,null,7,null,null,null,null,null,null,0.9984483748337792,null
gen_001_ind_069,false,confidenceFactor,false,false,0.25,9,false,true,0,10,true,true,0.35,true,null,4,null,confidenceFactor,false,false,false,weka.attributeSelection.BestFirst,false,true,null,true,true,acc,CompetenceBasedAggregator,true,true,9,5,null,null,true,null,null,true,5,null,0.9988675926622868,null
gen_001_ind_070,false,reducedErrorPruning,true,false,null,9,false,true,0,10,true,true,null,false,null,null,false,null,false,false,null,weka.attributeSelection.BestFirst,null,true,10,false,null,mae,MajorityVotingAggregator,false,true,6,2,null,null,false,2,null,true,4,null,0.998019483908416,null
gen_001_ind_071,false,reducedErrorPruning,true,false,null,10,false,true,0,7,true,true,null,true,null,5,false,reducedErrorPruning,false,false,true,weka.attributeSelection.BestFirst,false,true,2,false,false,acc,MajorityVotingAggregator,true,true,3,7,null,2,false,10,null,true,5,null,0.9983859240827687,null
gen_001_ind_072,null,unpruned,false,null,null,6,true,false,1,9,true,true,null,true,null,4,null,unpruned,true,null,true,weka.attributeSelection.BestFirst,true,true,null,false,false,mae,RuleExtractorAggregator,true,true,2,null,null,null,true,null,null,true,3,null,0.9868663299403508,null
gen_001_ind_073,null,null,true,null,null,3,null,false,0,5,false,true,null,false,null,null,true,null,false,null,null,weka.attributeSelection.BestFirst,null,true,7,false,null,mae,CompetenceBasedAggregator,null,null,5,null,null,null,null,null,null,null,null,null,0.9921249351333887,null
gen_001_ind_074,true,null,true,null,0.05,null,null,true,null,null,false,false,null,true,8,2,false,confidenceFactor,null,true,true,null,true,true,4,false,true,null,CompetenceBasedAggregator,null,null,10,10,3,null,null,null,null,null,null,null,0.9977813084266568,null
gen_001_ind_075,true,confidenceFactor,true,false,null,6,true,true,2,7,true,true,0.05,true,null,8,true,reducedErrorPruning,true,false,true,weka.attributeSelection.BestFirst,false,true,5,true,true,mae,MajorityVotingAggregator,false,false,2,7,null,10,true,null,null,false,3,null,0.9987092162263872,null
gen_001_ind_076,null,reducedErrorPruning,true,false,null,1,true,false,2,6,true,true,null,true,null,5,false,reducedErrorPruning,true,null,true,weka.attributeSelection.BestFirst,false,true,3,false,false,rmse,CompetenceBasedAggregator,true,true,3,null,null,8,false,5,null,true,6,null,0.9978818530381455,null
gen_001_ind_077,false,unpruned,true,null,0.25,5,false,true,2,5,true,true,null,true,null,2,false,confidenceFactor,true,false,true,weka.attributeSelection.BestFirst,false,true,3,false,false,auc,CompetenceBasedAggregator,true,false,4,5,null,null,false,null,null,false,6,null,0.9988947445211809,null
gen_001_ind_078,null,unpruned,false,null,0.35,5,true,false,null,null,true,true,null,true,null,6,null,confidenceFactor,true,null,false,weka.attributeSelection.GreedyStepwise,false,true,null,true,false,acc,MajorityVotingAggregator,false,false,4,null,null,null,false,null,false,false,2,true,0.9978797383877677,null
gen_001_ind_079,false,unpruned,true,null,0.35,6,true,true,null,null,true,true,null,true,7,6,false,confidenceFactor,false,true,true,weka.attributeSelection.GreedyStepwise,false,true,2,true,true,rmse,MajorityVotingAggregator,false,false,5,8,7,null,false,null,true,false,7,true,0.9988822929498571,null
gen_001_ind_080,null,reducedErrorPruning,true,true,0.35,null,false,false,null,null,true,false,null,true,null,5,false,confidenceFactor,null,null,false,null,true,true,8,true,true,null,MajorityVotingAggregator,true,false,8,null,null,null,true,9,null,true,7,null,0.9974120463273689,null
gen_001_ind_081,true,null,true,null,null,9,null,true,null,null,false,true,null,true,null,6,false,reducedErrorPruning,false,false,true,weka.attributeSelection.GreedyStepwise,true,true,3,true,false,rmse,CompetenceBasedAggregator,null,null,9,5,null,7,null,null,true,null,null,true,0.9979498428920124,null
gen_001_ind_082,true,unpruned,true,null,null,6,false,true,1,8,true,true,null,true,9,3,true,reducedErrorPruning,true,true,true,weka.attributeSelection.BestFirst,false,true,2,true,false,rmse,CompetenceBasedAggregator,true,true,7,2,4,10,true,null,null,false,8,null,0.9985477561240839,null
gen_001_ind_083,false,reducedErrorPruning,false,true,null,1,false,true,null,null,true,true,null,true,2,9,null,reducedErrorPruning,true,true,false,weka.attributeSelection.GreedyStepwise,true,true,null,true,true,mae,MajorityVotingAggregator,false,true,3,10,9,6,true,10,false,true,2,true,0.9984062261951868,null
gen_001_ind_084,null,unpruned,true,null,null,2,false,false,2,3,true,true,null,true,null,8,false,unpruned,false,null,true,weka.attributeSelection.BestFirst,true,true,9,true,false,mae,MajorityVotingAggregator,false,true,4,null,null,null,true,null,null,true,8,null,0.9980263575774666,null
gen_001_ind_085,false,reducedErrorPruning,false,false,null,3,false,true,1,10,true,true,null,true,4,6,null,unpruned,true,true,true,weka.attributeSelection.BestFirst,true,true,null,false,true,rmse,CompetenceBasedAggregator,true,false,8,10,4,null,true,2,null,false,7,null,0.9986117126201103,null
gen_001_ind_086,false,reducedErrorPruning,true,true,null,9,true,true,null,null,true,true,null,true,null,10,false,unpruned,true,false,true,weka.attributeSelection.GreedyStepwise,true,true,8,false,true,auc,CompetenceBasedAggregator,false,true,5,3,null,null,true,6,false,true,7,true,0.9987603997644875,null
gen_001_ind_087,true,confidenceFactor,true,true,null,4,true,true,2,9,true,true,0.15,true,6,7,false,reducedErrorPruning,false,true,false,weka.attributeSelection.BestFirst,false,true,7,true,true,auc,CompetenceBasedAggregator,true,true,2,2,7,6,true,null,null,true,4,null,0.998765600620285,null
gen_001_ind_088,false,confidenceFactor,true,true,null,1,true,true,1,4,true,true,0.05,true,null,2,false,reducedErrorPruning,false,false,true,weka.attributeSelection.BestFirst,false,true,3,true,false,auc,CompetenceBasedAggregator,true,false,2,3,null,10,false,null,null,true,6,null,0.9988922058703797,null
gen_001_ind_089,true,reducedErrorPruning,true,true,null,1,false,true,0,3,true,true,null,true,3,5,true,unpruned,true,true,true,weka.attributeSelection.BestFirst,false,true,9,false,false,rmse,CompetenceBasedAggregator,false,true,4,9,3,null,false,5,null,false,6,null,0.9986654034018005,null
gen_001_ind_090,true,null,true,null,0.25,9,null,true,null,null,false,true,null,true,10,7,false,confidenceFactor,false,true,true,weka.attributeSelection.GreedyStepwise,false,true,5,true,true,mae,CompetenceBasedAggregator,null,null,6,6,4,null,null,null,false,null,null,true,0.9984765246778936,null
gen_001_ind_091,false,confidenceFactor,null,false,null,2,false,true,2,6,true,true,0.25,false,null,null,null,null,true,false,null,weka.attributeSelection.BestFirst,null,false,null,null,null,acc,CompetenceBasedAggregator,false,true,null,3,null,null,true,null,null,false,3,null,0.997895902509317,null
gen_001_ind_092,true,unpruned,true,null,null,5,false,true,0,9,true,true,null,true,3,3,true,unpruned,true,true,false,weka.attributeSelection.BestFirst,false,true,9,false,false,auc,CompetenceBasedAggregator,true,false,4,3,3,null,false,null,null,false,3,null,0.9987206931314866,null
gen_001_ind_093,null,unpruned,false,null,null,null,false,false,null,null,true,false,null,true,null,3,null,reducedErrorPruning,null,null,false,null,false,true,null,false,true,null,MajorityVotingAggregator,true,true,10,null,null,9,false,null,null,false,2,null,0.9976515779805458,null
gen_001_ind_094,true,confidenceFactor,null,true,null,1,false,true,null,null,true,true,0.35,true,4,7,null,unpruned,false,true,true,weka.attributeSelection.GreedyStepwise,true,false,null,null,true,auc,CompetenceBasedAggregator,false,false,null,6,2,null,false,null,true,true,9,true,0.9983860320873802,null
gen_001_ind_095,false,reducedErrorPruning,true,false,0.05,10,true,true,1,6,true,true,null,true,null,10,true,confidenceFactor,true,false,false,weka.attributeSelection.BestFirst,true,true,9,false,false,acc,RuleExtractorAggregator,false,true,10,10,null,null,true,2,null,false,9,null,0.9874833193737065,null
gen_001_ind_096,false,reducedErrorPruning,false,false,null,10,true,true,null,null,true,true,null,true,null,7,null,unpruned,false,false,true,weka.attributeSelection.GreedyStepwise,true,true,null,true,true,acc,RuleExtractorAggregator,false,true,7,8,null,null,false,6,true,false,6,false,0.9885417115130719,null
gen_001_ind_097,true,confidenceFactor,true,true,0.35,5,false,true,null,null,true,true,0.35,true,null,7,true,confidenceFactor,true,false,false,weka.attributeSelection.GreedyStepwise,true,true,9,false,false,rmse,RuleExtractorAggregator,true,false,3,5,null,null,false,null,false,false,2,true,0.9885287338372007,null
gen_001_ind_098,true,confidenceFactor,false,false,0.15,1,true,true,1,2,true,true,0.45,true,6,3,null,confidenceFactor,false,true,true,weka.attributeSelection.BestFirst,false,true,null,false,true,acc,CompetenceBasedAggregator,true,true,3,3,2,null,true,null,null,true,2,null,0.9989655355391864,null
gen_001_ind_099,false,unpruned,false,null,null,10,true,true,1,3,true,true,null,true,null,4,null,reducedErrorPruning,true,false,true,weka.attributeSelection.BestFirst,false,true,null,true,false,acc,MajorityVotingAggregator,true,true,6,6,null,3,true,null,null,false,8,null,0.9986472387826375,null
gen_002_ind_000,true,unpruned,true,null,0.05,1,false,true,null,null,true,true,null,true,3,2,false,confidenceFactor,false,true,false,weka.attributeSelection.GreedyStepwise,true,true,7,false,true,acc,CompetenceBasedAggregator,false,true,8,8,8,null,true,null,false,true,2,false,0.9990689902687248,null
gen_002_ind_001,false,unpruned,true,null,null,1,true,true,0,6,true,true,null,true,1,4,false,unpruned,false,true,true,weka.attributeSelection.BestFirst,true,true,7,true,false,acc,MajorityVotingAggregator,true,false,3,2,3,null,true,null,null,false,3,null,0.9990426637172577,null
gen_002_ind_002,true,confidenceFactor,true,true,null,1,true,true,1,7,true,true,0.25,true,null,9,false,unpruned,false,false,false,weka.attributeSelection.BestFirst,false,true,6,false,true,auc,CompetenceBasedAggregator,true,true,5,3,null,null,true,null,null,false,7,null,0.9989733214116658,null
gen_002_ind_003,true,confidenceFactor,false,false,0.15,1,true,true,1,2,true,true,0.45,true,6,3,null,confidenceFactor,false,true,true,weka.attributeSelection.BestFirst,false,true,null,false,true,acc,CompetenceBasedAggregator,true,true,3,3,2,null,true,null,null,true,2,null,0.9989655355391864,null
gen_002_ind_004,false,unpruned,false,null,null,4,true,true,null,null,true,true,null,true,null,7,null,unpruned,true,false,true,weka.attributeSelection.GreedyStepwise,false,true,null,true,false,acc,CompetenceBasedAggregator,true,false,2,8,null,null,false,null,true,false,9,false,0.9989622134964151,null
gen_002_ind_005,true,confidenceFactor,false,false,0.15,1,true,true,1,2,true,true,0.45,true,6,3,null,confidenceFactor,false,true,true,weka.attributeSelection.BestFirst,false,true,null,false,true,acc,CompetenceBasedAggregator,true,true,3,3,2,null,true,null,null,true,2,null,0.9989655355391864,null
gen_002_ind_006,false,confidenceFactor,false,false,null,3,false,true,null,null,true,true,0.05,true,2,6,null,unpruned,false,true,true,weka.attributeSelection.GreedyStepwise,true,true,null,true,true,mae,CompetenceBasedAggregator,true,true,6,10,10,null,false,null,true,true,7,false,0.9989215724377589,null
gen_002_ind_007,false,confidenceFactor,false,false,0.25,9,false,true,0,10,true,true,0.35,true,null,4,null,confidenceFactor,false,false,false,weka.attributeSelection.BestFirst,false,true,null,true,true,acc,CompetenceBasedAggregator,true,true,9,5,null,null,true,null,null,true,5,null,0.9988675926622868,null
gen_002_ind_008,false,unpruned,true,null,0.35,6,true,true,null,null,true,true,null,true,7,6,false,confidenceFactor,false,true,true,weka.attributeSelection.GreedyStepwise,false,true,2,true,true,rmse,MajorityVotingAggregator,false,false,5,8,7,null,false,null,true,false,7,true,0.9988822929498571,null
gen_002_ind_009,false,confidenceFactor,true,false,0.45,10,false,true,1,7,true,true,0.35,true,null,4,false,confidenceFactor,false,false,false,weka.attributeSelection.BestFirst,false,true,9,false,true,acc,CompetenceBasedAggregator,false,true,8,7,null,null,false,null,null,false,7,null,0.9989373790783954,null
gen_002_ind_010,false,null,true,null,null,4,null,true,2,1,false,true,null,true,null,4,false,reducedErrorPruning,true,false,false,weka.attributeSelection.BestFirst,false,true,3,false,true,auc,CompetenceBasedAggregator,null,null,3,3,null,7,null,null,null,null,null,null,0.9983738277379608,null
gen_002_ind_011,false,confidenceFactor,false,false,null,6,true,true,2,6,true,true,0.45,true,7,7,null,reducedErrorPruning,true,true,false,weka.attributeSelection.BestFirst,true,true,null,true,false,mae,RuleExtractorAggregator,true,false,9,4,10,10,false,null,null,true,9,null,0.9866426341714071,null
gen_002_ind_012,false,reducedErrorPruning,false,true,0.25,1,false,true,null,null,true,true,null,true,4,7,null,confidenceFactor,false,true,true,weka.attributeSelection.GreedyStepwise,true,true,null,false,true,auc,CompetenceBasedAggregator,false,false,2,6,7,null,true,10,true,true,4,false,0.9988209884124544,null
gen_002_ind_013,true,unpruned,false,null,0.35,5,false,true,1,9,true,true,null,true,null,9,null,confidenceFactor,false,false,true,weka.attributeSelection.BestFirst,false,true,null,true,true,auc,CompetenceBasedAggregator,false,false,5,7,null,null,false,null,null,false,6,null,0.9988082336765579,null
gen_002_ind_014,true,confidenceFactor,false,false,0.35,3,true,true,null,null,true,true,0.35,true,8,9,null,confidenceFactor,false,true,true,weka.attributeSelection.GreedyStepwise,true,true,null,false,false,auc,MajorityVotingAggregator,true,false,6,5,10,null,true,null,true,false,10,true,0.9984506642075589,null
gen_002_ind_015,true,null,false,null,null,3,null,true,null,null,false,true,null,true,null,3,null,unpruned,true,false,true,weka.attributeSelection.GreedyStepwise,true,true,null,false,true,acc,CompetenceBasedAggregator,null,null,2,8,null,null,null,null,false,null,null,true,0.9982929680773964,null
gen_002_ind_016,false,reducedErrorPruning,false,false,null,3,false,true,0,4,true,true,null,true,7,8,null,unpruned,false,true,true,weka.attributeSelection.BestFirst,false,true,null,true,true,acc,CompetenceBasedAggregator,true,true,10,6,2,null,false,7,null,false,7,null,0.9984582319784943,null
gen_002_ind_017,true,unpruned,null,null,null,9,true,true,null,null,true,true,null,true,null,7,null,unpruned,false,false,true,weka.attributeSelection.GreedyStepwise,true,false,null,null,true,mae,CompetenceBasedAggregator,false,true,null,3,null,null,false,null,true,true,3,false,0.9985549221856835,null
gen_002_ind_018,false,confidenceFactor,true,false,null,null,true,true,null,null,true,false,0.05,false,null,null,false,null,null,false,null,null,null,true,8,true,null,null,CompetenceBasedAggregator,false,true,2,8,null,null,true,null,null,false,2,null,0.9977916257554,null
gen_002_ind_019,true,null,true,null,0.35,5,null,true,0,4,false,true,null,true,null,8,false,confidenceFactor,false,false,true,weka.attributeSelection.BestFirst,false,true,8,true,true,rmse,CompetenceBasedAggregator,null,null,2,3,null,null,null,null,null,null,null,null,0.9983496025945533,null
gen_002_ind_020,false,reducedErrorPruning,false,true,null,1,false,true,1,4,true,true,null,false,9,null,null,null,true,true,null,weka.attributeSelection.BestFirst,null,true,null,false,null,mae,CompetenceBasedAggregator,true,true,6,2,3,null,false,2,null,false,7,null,0.9981854925666536,null
gen_002_ind_021,true,null,true,null,null,7,null,true,null,null,false,true,null,false,7,null,false,null,true,true,null,weka.attributeSelection.GreedyStepwise,null,true,3,false,null,mae,MajorityVotingAggregator,null,null,5,4,5,null,null,null,false,null,null,false,0.9968739848788442,null
gen_002_ind_022,null,reducedErrorPruning,false,false,null,6,true,false,null,null,true,true,null,true,null,8,null,reducedErrorPruning,true,null,true,weka.attributeSelection.GreedyStepwise,false,true,null,true,false,rmse,MajorityVotingAggregator,true,true,9,null,null,8,false,10,true,false,5,true,0.997462798909347,null
gen_002_ind_023,true,reducedErrorPruning,false,false,0.25,10,false,true,2,6,true,true,null,true,null,4,null,confidenceFactor,false,false,true,weka.attributeSelection.BestFirst,false,true,null,false,false,mae,CompetenceBasedAggregator,true,true,10,2,null,null,true,6,null,true,2,null,0.9985181416556408,null
gen_002_ind_024,false,unpruned,true,null,null,10,false,true,2,7,true,true,null,true,null,7,false,reducedErrorPruning,false,false,true,weka.attributeSelection.BestFirst,true,true,9,true,true,rmse,CompetenceBasedAggregator,false,false,5,7,null,5,true,null,null,false,3,null,0.9986440385343351,null
gen_002_ind_025,null,reducedErrorPruning,false,true,0.15,6,false,false,null,null,true,true,null,true,null,4,null,confidenceFactor,true,null,false,weka.attributeSelection.GreedyStepwise,true,true,null,true,false,mae,CompetenceBasedAggregator,true,true,10,null,null,null,true,3,false,false,8,true,0.9978147755434618,null
gen_002_ind_026,null,unpruned,true,null,null,9,true,false,2,10,true,true,null,true,null,7,false,reducedErrorPruning,false,null,true,weka.attributeSelection.BestFirst,false,true,5,true,true,mae,CompetenceBasedAggregator,false,true,10,null,null,8,true,null,null,false,9,null,0.9977014551744808,null
gen_002_ind_027,true,confidenceFactor,false,false,null,9,true,true,2,1,true,true,0.05,true,null,9,null,reducedErrorPruning,false,false,false,weka.attributeSelection.BestFirst,false,true,null,false,true,rmse,MajorityVotingAggregator,false,false,6,7,null,6,false,null,null,true,6,null,0.9985621590202737,null
gen_002_ind_028,true,reducedErrorPruning,false,false,null,10,true,true,1,9,true,true,null,true,null,9,null,unpruned,true,false,true,weka.attributeSelection.BestFirst,false,true,null,false,true,mae,CompetenceBasedAggregator,false,true,2,8,null,null,true,7,null,false,7,null,0.9989414261604412,null
gen_002_ind_029,false,unpruned,true,null,null,null,false,true,null,null,true,false,null,true,null,5,false,reducedErrorPruning,null,false,false,null,false,true,9,true,true,null,MajorityVotingAggregator,true,true,6,9,null,5,false,null,null,true,3,null,0.9985632939166502,null
gen_002_ind_030,false,reducedErrorPruning,null,false,0.15,9,false,true,0,2,true,true,null,true,null,9,null,confidenceFactor,true,false,true,weka.attributeSelection.BestFirst,true,false,null,null,true,mae,CompetenceBasedAggregator,false,true,null,4,null,null,false,10,null,false,7,null,0.9980537500053084,null
gen_002_ind_031,false,reducedErrorPruning,true,false,0.25,null,false,true,null,null,true,false,null,true,null,6,false,confidenceFactor,null,false,false,null,true,true,10,false,true,null,CompetenceBasedAggregator,false,true,3,4,null,null,true,9,null,false,8,null,0.9984090051010197,null
gen_002_ind_032,true,null,true,null,null,null,null,true,null,null,false,false,null,true,null,7,true,unpruned,null,false,false,null,false,true,7,true,false,null,MajorityVotingAggregator,null,null,2,3,null,null,null,null,null,null,null,null,0.9974100486208102,null
gen_002_ind_033,false,reducedErrorPruning,false,true,null,4,false,true,1,4,true,true,null,true,null,7,null,unpruned,true,false,true,weka.attributeSelection.BestFirst,true,true,null,true,true,acc,RuleExtractorAggregator,true,true,8,9,null,null,false,8,null,false,8,null,0.9899501727608941,null
gen_002_ind_034,true,unpruned,false,null,null,1,true,true,2,3,true,true,null,true,null,8,null,unpruned,true,false,false,weka.attributeSelection.BestFirst,false,true,null,false,true,acc,CompetenceBasedAggregator,false,true,4,2,null,null,true,null,null,true,7,null,0.9989731571449229,null
gen_002_ind_035,null,confidenceFactor,false,true,null,null,false,false,null,null,true,false,0.35,true,null,4,null,reducedErrorPruning,null,null,false,null,false,true,null,true,false,null,CompetenceBasedAggregator,true,true,2,null,null,2,true,null,null,false,8,null,0.9971579289198802,null
gen_002_ind_036,true,confidenceFactor,true,false,null,6,true,true,null,null,true,true,0.35,true,8,6,false,reducedErrorPruning,true,true,false,weka.attributeSelection.GreedyStepwise,true,true,7,true,false,auc,CompetenceBasedAggregator,true,true,10,8,5,8,false,null,false,true,6,true,0.9984462639175502,null
gen_002_ind_037,false,confidenceFactor,true,true,0.15,8,false,true,2,7,true,true,0.15,true,9,9,true,confidenceFactor,true,true,false,weka.attributeSelection.BestFirst,true,true,5,false,true,acc,MajorityVotingAggregator,false,true,3,9,6,null,true,null,null,false,10,null,0.9986374919438692,null
gen_002_ind_038,true,reducedErrorPruning,false,true,0.25,2,true,true,2,2,true,true,null,true,null,2,null,confidenceFactor,false,false,false,weka.attributeSelection.BestFirst,false,true,null,false,true,auc,MajorityVotingAggregator,true,true,4,9,null,null,true,3,null,true,5,null,0.9987801143247905,null
gen_002_ind_039,false,confidenceFactor,false,false,0.25,2,false,true,null,null,true,true,0.45,true,null,4,null,confidenceFactor,true,false,false,weka.attributeSelection.GreedyStepwise,false,true,null,false,true,mae,CompetenceBasedAggregator,true,false,10,5,null,null,false,null,true,true,7,false,0.9988117753648285,null
gen_002_ind_040,false,reducedErrorPruning,true,true,null,null,true,true,null,null,true,false,null,true,5,6,false,unpruned,null,true,false,null,true,true,3,true,true,null,MajorityVotingAggregator,true,true,8,10,2,null,true,4,null,false,6,null,0.9985590292218612,null
gen_002_ind_041,true,unpruned,false,null,null,6,false,true,null,null,true,true,null,false,6,null,null,null,false,true,null,weka.attributeSelection.GreedyStepwise,null,true,null,false,null,acc,RuleExtractorAggregator,true,false,4,8,6,null,true,null,true,false,10,true,0.9873031407253248,null
gen_002_ind_042,false,confidenceFactor,true,true,null,10,false,true,null,null,true,true,0.45,true,null,2,false,reducedErrorPruning,true,false,true,weka.attributeSelection.GreedyStepwise,false,true,6,true,true,auc,CompetenceBasedAggregator,false,false,5,4,null,8,true,null,false,true,7,true,0.9987236316985932,null
gen_002_ind_043,false,confidenceFactor,false,false,null,5,false,true,0,5,true,true,0.25,true,3,3,null,unpruned,true,true,false,weka.attributeSelection.BestFirst,true,true,null,true,false,mae,MajorityVotingAggregator,false,true,3,5,3,null,false,null,null,false,5,null,0.9984969474151862,null
gen_002_ind_044,false,reducedErrorPruning,true,true,null,4,true,true,null,null,true,true,null,true,null,5,true,unpruned,false,false,false,weka.attributeSelection.GreedyStepwise,true,true,2,true,false,auc,MajorityVotingAggregator,true,true,7,2,null,null,false,3,true,false,9,true,0.9987070927860209,null
gen_002_ind_045,null,confidenceFactor,true,false,null,3,true,false,2,8,true,true,0.05,false,null,null,true,null,false,null,null,weka.attributeSelection.BestFirst,null,true,5,false,null,auc,CompetenceBasedAggregator,false,false,9,null,null,null,false,null,null,false,5,null,0.9964394220225655,null
gen_002_ind_046,true,confidenceFactor,true,true,null,null,true,true,null,null,true,false,0.05,false,null,null,true,null,null,false,null,null,null,true,5,true,null,null,RuleExtractorAggregator,false,true,8,4,null,null,true,null,null,true,10,null,0.9907178896444906,null
gen_002_ind_047,true,unpruned,true,null,null,null,false,true,null,null,true,false,null,true,9,6,false,reducedErrorPruning,null,true,false,null,true,true,10,false,true,null,MajorityVotingAggregator,false,false,8,5,5,7,true,null,null,true,4,null,0.9982714627887891,null
gen_002_ind_048,false,reducedErrorPruning,null,true,0.25,7,false,true,1,7,true,true,null,true,null,8,null,confidenceFactor,true,false,true,weka.attributeSelection.BestFirst,false,false,null,null,false,acc,RuleExtractorAggregator,true,true,null,3,null,null,false,3,null,true,3,null,0.9833236261423848,null
gen_002_ind_049,true,unpruned,true,null,0.35,5,true,true,2,3,true,true,null,true,5,9,false,confidenceFactor,true,true,true,weka.attributeSelection.BestFirst,false,true,4,false,false,rmse,CompetenceBasedAggregator,false,false,6,4,7,null,true,null,null,false,7,null,0.998538346021253,null
gen_002_ind_050,true,reducedErrorPruning,true,false,0.35,10,false,true,1,4,true,true,null,true,4,10,true,confidenceFactor,false,true,true,weka.attributeSelection.BestFirst,true,true,10,false,false,mae,MajorityVotingAggregator,true,false,7,8,8,null,true,7,null,false,6,null,0.9985384495791069,null
gen_002_ind_051,false,confidenceFactor,false,true,0.35,3,false,true,null,null,true,true,0.25,true,null,9,null,confidenceFactor,false,false,false,weka.attributeSelection.GreedyStepwise,false,true,null,false,false,mae,CompetenceBasedAggregator,true,false,3,3,null,null,true,null,true,false,3,false,0.9986537649906619,null
gen_002_ind_052,false,reducedErrorPruning,true,true,null,9,false,true,2,1,true,true,null,true,4,8,false,unpruned,false,true,false,weka.attributeSelection.BestFirst,false,true,10,true,true,acc,RuleExtractorAggregator,true,true,6,4,5,null,false,10,null,false,3,null,0.9869964379277487,null
gen_002_ind_053,false,unpruned,false,null,null,2,true,true,null,null,true,true,null,true,3,6,null,reducedErrorPruning,true,true,true,weka.attributeSelection.GreedyStepwise,false,true,null,false,true,rmse,CompetenceBasedAggregator,true,false,7,5,8,3,true,null,false,true,6,false,0.9984388771814728,null
gen_002_ind_054,false,reducedErrorPruning,null,false,0.15,9,false,true,null,null,true,true,null,true,9,2,null,confidenceFactor,true,true,false,weka.attributeSelection.GreedyStepwise,true,false,null,null,true,mae,CompetenceBasedAggregator,false,false,null,6,3,null,true,7,false,false,3,false,0.9983608182241597,null
gen_002_ind_055,false,unpruned,true,null,0.35,2,false,true,2,7,true,true,null,true,6,4,true,confidenceFactor,true,true,true,weka.attributeSelection.BestFirst,true,true,5,true,true,acc,MajorityVotingAggregator,true,true,7,5,5,null,true,null,null,true,8,null,0.9986096169524364,null
gen_002_ind_056,false,reducedErrorPruning,true,false,null,1,false,true,null,null,true,true,null,true,2,7,false,unpruned,true,true,false,weka.attributeSelection.GreedyStepwise,true,true,4,false,true,acc,MajorityVotingAggregator,true,false,4,4,4,null,false,7,true,false,5,false,0.9988194365157048,null
gen_002_ind_057,true,unpruned,false,null,null,1,false,true,1,7,true,true,null,true,null,2,null,unpruned,true,false,true,weka.attributeSelection.BestFirst,true,true,null,false,false,auc,CompetenceBasedAggregator,false,true,9,9,null,null,false,null,null,false,4,null,0.9989674605675652,null
gen_002_ind_058,true,confidenceFactor,false,true,null,null,false,true,null,null,true,false,0.15,false,null,null,null,null,null,false,null,null,null,true,null,false,null,null,CompetenceBasedAggregator,false,true,3,4,null,null,false,null,null,false,10,null,0.9978255128106293,null
gen_002_ind_059,true,confidenceFactor,false,true,0.45,10,false,true,null,null,true,true,0.35,true,null,8,null,confidenceFactor,true,false,false,weka.attributeSelection.GreedyStepwise,true,true,null,false,false,acc,CompetenceBasedAggregator,false,true,8,5,null,null,false,null,true,false,10,true,0.9985120220004783,null
gen_002_ind_060,false,confidenceFactor,false,true,null,7,true,true,null,null,true,true,0.25,true,7,7,null,unpruned,false,true,true,weka.attributeSelection.GreedyStepwise,false,true,null,false,false,mae,CompetenceBasedAggregator,true,false,10,3,3,null,true,null,false,true,3,false,0.9987886976712096,null
gen_002_ind_061,false,reducedErrorPruning,true,false,null,5,true,true,null,null,true,true,null,true,8,10,true,unpruned,true,true,true,weka.attributeSelection.GreedyStepwise,true,true,8,true,false,mae,RuleExtractorAggregator,false,true,4,9,9,null,true,6,true,false,2,false,0.9871314590879108,null
gen_002_ind_062,false,confidenceFactor,false,false,null,8,true,true,1,9,true,true,0.25,true,null,3,null,reducedErrorPruning,true,false,false,weka.attributeSelection.BestFirst,false,true,null,true,false,acc,MajorityVotingAggregator,false,true,6,2,null,4,true,null,null,false,9,null,0.9986295782354893,null
gen_002_ind_063,false,confidenceFactor,true,true,0.15,10,true,true,null,null,true,true,0.45,true,4,6,true,confidenceFactor,false,true,false,weka.attributeSelection.GreedyStepwise,false,true,6,true,true,acc,CompetenceBasedAggregator,true,true,2,2,10,null,true,null,false,false,7,false,0.9988528251953441,null
gen_002_ind_064,true,confidenceFactor,false,false,null,8,true,true,null,null,true,true,0.35,true,null,10,null,reducedErrorPruning,false,false,false,weka.attributeSelection.GreedyStepwise,false,true,null,false,false,mae,CompetenceBasedAggregator,false,false,8,6,null,2,false,null,false,false,4,false,0.9985132567620493,null
gen_002_ind_065,false,unpruned,false,null,null,9,true,true,0,8,true,true,null,true,null,7,null,unpruned,false,false,false,weka.attributeSelection.BestFirst,false,true,null,false,true,acc,RuleExtractorAggregator,false,true,3,4,null,null,true,null,null,true,7,null,0.9909559499488765,null
gen_002_ind_066,null,unpruned,false,null,null,10,true,false,2,5,true,true,null,true,null,2,null,unpruned,true,null,true,weka.attributeSelection.BestFirst,true,true,null,true,false,acc,CompetenceBasedAggregator,true,false,5,null,null,null,true,null,null,true,4,null,0.9986157537876469,null
gen_002_ind_067,false,reducedErrorPruning,false,false,null,null,false,true,null,null,true,false,null,true,null,9,null,unpruned,null,false,false,null,false,true,null,true,false,null,CompetenceBasedAggregator,false,true,9,9,null,null,false,5,null,false,2,null,0.9984811330893149,null
gen_002_ind_068,true,reducedErrorPruning,false,false,null,5,false,true,0,3,true,true,null,true,7,8,null,reducedErrorPruning,true,true,true,weka.attributeSelection.BestFirst,false,true,null,false,true,mae,CompetenceBasedAggregator,false,true,10,10,9,8,false,5,null,true,8,null,0.9983762790427058,null
gen_002_ind_069,true,null,true,null,null,9,null,true,null,null,false,true,null,true,null,9,true,unpruned,true,false,false,weka.attributeSelection.GreedyStepwise,true,true,3,false,true,auc,MajorityVotingAggregator,null,null,2,10,null,null,null,null,false,null,null,false,0.9986454967473065,null
gen_002_ind_070,null,unpruned,true,null,null,5,true,false,null,null,true,true,null,true,null,6,false,unpruned,false,null,true,weka.attributeSelection.GreedyStepwise,false,true,2,false,false,auc,MajorityVotingAggregator,false,false,2,null,null,null,false,null,true,false,5,true,0.9983443329294008,null
gen_002_ind_071,true,reducedErrorPruning,false,true,null,1,false,true,null,null,true,true,null,true,null,7,null,reducedErrorPruning,true,false,true,weka.attributeSelection.GreedyStepwise,false,true,null,false,true,acc,RuleExtractorAggregator,true,true,2,7,null,9,true,8,false,false,2,false,0.9878835884933868,null
gen_002_ind_072,false,confidenceFactor,true,false,0.35,3,false,true,1,6,true,true,0.35,true,8,5,false,confidenceFactor,false,true,false,weka.attributeSelection.BestFirst,false,true,7,true,true,auc,CompetenceBasedAggregator,false,false,8,8,5,null,true,null,null,true,6,null,0.9987300525646343,null
gen_002_ind_073,false,confidenceFactor,false,false,null,10,true,true,null,null,true,true,0.15,true,null,9,null,reducedErrorPruning,true,false,false,weka.attributeSelection.GreedyStepwise,false,true,null,true,true,mae,CompetenceBasedAggregator,true,true,3,6,null,3,true,null,false,true,2,false,0.9986186928462187,null
gen_002_ind_074,false,reducedErrorPruning,true,false,null,6,false,true,1,10,true,true,null,true,3,10,true,reducedErrorPruning,true,true,true,weka.attributeSelection.BestFirst,true,true,2,true,false,auc,MajorityVotingAggregator,false,true,2,7,7,2,false,4,null,false,4,null,0.9985877543980204,null
gen_002_ind_075,false,confidenceFactor,true,false,null,2,false,true,0,2,true,true,0.35,true,null,2,false,reducedErrorPruning,true,false,true,weka.attributeSelection.BestFirst,true,true,3,true,false,rmse,CompetenceBasedAggregator,false,true,4,2,null,9,false,null,null,true,8,null,0.9985953575214292,null
gen_002_ind_076,false,confidenceFactor,true,true,null,6,true,true,null,null,true,true,0.25,false,1,null,false,null,false,true,null,weka.attributeSelection.GreedyStepwise,null,true,7,false,null,mae,CompetenceBasedAggregator,false,true,10,5,3,null,false,null,false,false,4,true,0.9980111339436913,null
gen_002_ind_077,false,reducedErrorPruning,false,true,0.05,7,true,true,2,10,true,true,null,true,7,8,null,confidenceFactor,true,true,true,weka.attributeSelection.BestFirst,false,true,null,true,false,auc,CompetenceBasedAggregator,true,false,9,10,6,null,false,10,null,false,6,null,0.9985799110251559,null
gen_002_ind_078,true,unpruned,null,null,0.15,8,true,true,2,5,true,true,null,true,null,2,null,confidenceFactor,true,false,true,weka.attributeSelection.BestFirst,true,false,null,null,true,rmse,MajorityVotingAggregator,true,false,null,4,null,null,true,null,null,true,10,null,0.9982674242299412,null
gen_002_ind_079,true,unpruned,false,null,null,2,false,true,null,null,true,true,null,true,null,2,null,unpruned,true,false,false,weka.attributeSelection.GreedyStepwise,true,true,null,true,true,mae,CompetenceBasedAggregator,true,true,9,10,null,null,false,null,false,false,10,false,0.99880372794703,null
gen_002_ind_080,false,unpruned,false,null,null,1,false,true,null,null,true,true,null,false,null,null,null,null,false,false,null,weka.attributeSelection.GreedyStepwise,null,true,null,false,null,acc,RuleExtractorAggregator,true,false,9,5,null,null,true,null,false,false,6,false,0.9917676087309804,null
gen_002_ind_081,false,unpruned,false,null,0.35,8,false,true,null,null,true,true,null,true,10,9,null,confidenceFactor,true,true,false,weka.attributeSelection.GreedyStepwise,true,true,null,false,true,mae,CompetenceBasedAggregator,false,false,8,9,4,null,true,null,true,true,7,false,0.998574640806315,null
gen_002_ind_082,false,confidenceFactor,false,true,null,4,false,true,null,null,true,true,0.45,true,5,8,null,unpruned,true,true,false,weka.attributeSelection.GreedyStepwise,true,true,null,false,true,acc,CompetenceBasedAggregator,true,true,9,2,4,null,false,null,false,false,4,true,0.9989947931813843,null
gen_002_ind_083,false,reducedErrorPruning,null,true,0.25,5,false,true,null,null,true,true,null,true,null,7,null,confidenceFactor,false,false,false,weka.attributeSelection.GreedyStepwise,true,false,null,null,false,mae,CompetenceBasedAggregator,true,false,null,3,null,null,true,8,false,false,4,false,0.9984015944901994,null
gen_002_ind_084,true,reducedErrorPruning,true,false,0.05,2,true,true,2,4,true,true,null,true,5,3,false,confidenceFactor,true,true,true,weka.attributeSelection.BestFirst,false,true,7,false,false,mae,CompetenceBasedAggregator,false,true,4,7,4,null,false,2,null,false,2,null,0.9986626193626742,null
gen_002_ind_085,null,reducedErrorPruning,true,false,null,4,false,false,null,null,true,true,null,false,null,null,false,null,true,null,null,weka.attributeSelection.GreedyStepwise,null,true,10,false,null,rmse,MajorityVotingAggregator,false,false,6,null,null,null,false,8,true,false,2,true,0.9963978563470761,null
gen_002_ind_086,true,null,true,null,null,7,null,true,1,9,false,true,null,true,null,7,false,reducedErrorPruning,false,false,false,weka.attributeSelection.BestFirst,true,true,8,false,false,acc,CompetenceBasedAggregator,null,null,3,7,null,2,null,null,null,null,null,null,0.9982219209169074,null
gen_002_ind_087,false,confidenceFactor,false,false,null,null,true,true,null,null,true,false,0.15,true,null,9,null,unpruned,null,false,true,null,true,true,null,false,true,null,MajorityVotingAggregator,false,false,2,8,null,null,false,null,null,true,5,null,0.9983111085309739,null
gen_002_ind_088,false,confidenceFactor,false,true,null,8,false,true,null,null,true,true,0.05,true,null,3,null,unpruned,false,false,true,weka.attributeSelection.GreedyStepwise,false,true,null,false,false,acc,MajorityVotingAggregator,false,true,4,2,null,null,false,null,true,false,6,false,0.9991120866581669,null
gen_002_ind_089,false,unpruned,false,null,null,3,false,true,0,1,true,true,null,false,null,null,null,null,false,false,null,weka.attributeSelection.BestFirst,null,true,null,true,null,auc,MajorityVotingAggregator,false,false,5,4,null,null,true,null,null,true,5,null,0.9982070098372862,null
gen_002_ind_090,false,reducedErrorPruning,true,true,null,9,true,true,null,null,true,true,null,true,null,2,true,unpruned,true,false,false,weka.attributeSelection.GreedyStepwise,true,true,3,false,false,auc,RuleExtractorAggregator,true,true,4,5,null,null,true,5,false,true,6,false,0.9774046609119168,null
gen_002_ind_091,false,unpruned,false,null,0.25,5,true,true,null,null,true,true,null,true,3,6,null,confidenceFactor,true,true,true,weka.attributeSelection.GreedyStepwise,true,true,null,false,true,acc,CompetenceBasedAggregator,true,false,9,10,8,null,true,null,true,false,6,false,0.9988942957930643,null
gen_002_ind_092,true,unpruned,true,null,null,9,false,true,null,null,true,true,null,true,5,3,true,unpruned,false,true,true,weka.attributeSelection.GreedyStepwise,false,true,6,true,false,rmse,CompetenceBasedAggregator,false,false,7,2,6,null,false,null,true,false,2,true,0.998835211570737,null
gen_002_ind_093,true,unpruned,false,null,null,3,true,true,2,8,true,true,null,true,null,7,null,unpruned,true,false,false,weka.attributeSelection.BestFirst,true,true,null,true,true,auc,CompetenceBasedAggregator,false,true,10,2,null,null,false,null,null,false,4,null,0.9987477860935344,null
gen_002_ind_094,true,confidenceFactor,false,false,null,null,false,true,null,null,true,false,0.35,true,null,8,null,reducedErrorPruning,null,false,false,null,false,true,null,false,true,null,CompetenceBasedAggregator,true,false,5,9,null,4,true,null,null,true,6,null,0.9986456173447994,null
gen_002_ind_095,false,unpruned,null,null,null,9,true,true,1,10,true,true,null,true,null,9,null,reducedErrorPruning,true,false,true,weka.attributeSelection.BestFirst,true,false,null,null,true,rmse,MajorityVotingAggregator,true,false,null,6,null,3,false,null,null,true,4,null,0.9984280684725949,null
gen_002_ind_096,false,reducedErrorPruning,false,true,null,null,false,true,null,null,true,false,null,true,null,5,null,unpruned,null,false,true,null,true,true,null,false,false,null,CompetenceBasedAggregator,false,false,8,5,null,null,false,6,null,false,6,null,0.99859970940814,null
gen_002_ind_097,true,confidenceFactor,true,false,0.35,null,false,true,null,null,true,false,0.25,true,null,9,false,confidenceFactor,null,false,true,null,false,true,4,true,true,null,CompetenceBasedAggregator,true,true,9,7,null,null,true,null,null,true,7,null,0.9985390966833491,null
gen_002_ind_098,true,reducedErrorPruning,null,true,0.25,7,false,true,2,4,true,true,null,true,8,3,null,confidenceFactor,true,true,true,weka.attributeSelection.BestFirst,true,false,null,null,false,acc,MajorityVotingAggregator,true,false,null,5,6,null,true,4,null,false,5,null,0.998549758101508,null
gen_002_ind_099,null,unpruned,true,null,null,5,false,false,null,null,true,true,null,true,null,8,true,unpruned,true,null,false,weka.attributeSelection.GreedyStepwise,false,true,10,false,false,auc,CompetenceBasedAggregator,false,true,9,null,null,null,false,null,true,true,6,true,0.9979302988102059,null
