gen,nevals,min,median,max,currentGenBestValFitness,currentGenBestTestFitness,lap time (seconds),discarded individuals (including burn-in),GM connections,GM mean heuristic,sampling order
0,100,0.84705882,1.00000000,1.00000000,1.00000000,1.00000000,0008,0034,0035,0.00000000,"PART,J48,SimpleCart,SimpleCart_usePrune,PART_minNumObj,PART_doNotMakeSplitPointActualValue,J48_pruning,JRip,PART_binarySplits,SimpleCart_heuristic,JRip_usePruning,JRip_folds,DecisionTable,Aggregator,SimpleCart_minNumObj,DecisionTable_useIBk,J48_useMDLcorrection,PART_pruning,J48_useLaplace,PART_confidenceFactorValue,SimpleCart_numFoldsPruning,J48_collapseTree,J48_numFolds,JRip_minNo,J48_confidenceFactorValue,JRip_optimizations,DecisionTable_search,SimpleCart_useOneSE,J48_minNumObj,J48_doNotMakeSplitPointActualValue,PART_useMDLcorrection,J48_binarySplits,J48_subtreeRaising,BestFirst_searchTermination,DecisionTable_evaluationMeasure,JRip_checkErrorRate,PART_numFolds,GreedyStepwise_searchBackwards,BestFirst_direction,GreedyStepwise_conservativeForwardSelection,DecisionTable_crossVal"
1,90,0.88392157,1.00000000,1.00000000,1.00000000,1.00000000,0007,0034,0035,0.00000000,"J48,JRip,SimpleCart,J48_useLaplace,J48_collapseTree,JRip_minNo,J48_binarySplits,SimpleCart_heuristic,SimpleCart_minNumObj,J48_pruning,J48_doNotMakeSplitPointActualValue,SimpleCart_usePrune,JRip_checkErrorRate,DecisionTable,DecisionTable_evaluationMeasure,PART,J48_subtreeRaising,J48_useMDLcorrection,PART_useMDLcorrection,J48_numFolds,Aggregator,SimpleCart_useOneSE,DecisionTable_crossVal,J48_minNumObj,PART_doNotMakeSplitPointActualValue,DecisionTable_useIBk,PART_pruning,SimpleCart_numFoldsPruning,PART_binarySplits,JRip_usePruning,J48_confidenceFactorValue,DecisionTable_search,PART_numFolds,PART_minNumObj,BestFirst_direction,JRip_optimizations,BestFirst_searchTermination,PART_confidenceFactorValue,JRip_folds,GreedyStepwise_conservativeForwardSelection,GreedyStepwise_searchBackwards"
2,90,0.84274510,1.00000000,1.00000000,1.00000000,0.98343685,0007,0034,0035,0.00000000,"JRip,Aggregator,J48,J48_binarySplits,DecisionTable,JRip_minNo,J48_useMDLcorrection,SimpleCart,SimpleCart_heuristic,J48_pruning,PART,J48_doNotMakeSplitPointActualValue,DecisionTable_crossVal,PART_useMDLcorrection,J48_minNumObj,SimpleCart_minNumObj,JRip_usePruning,PART_doNotMakeSplitPointActualValue,JRip_checkErrorRate,J48_collapseTree,DecisionTable_evaluationMeasure,DecisionTable_useIBk,JRip_folds,J48_subtreeRaising,DecisionTable_search,J48_numFolds,J48_confidenceFactorValue,J48_useLaplace,GreedyStepwise_conservativeForwardSelection,PART_pruning,BestFirst_direction,SimpleCart_usePrune,GreedyStepwise_searchBackwards,PART_binarySplits,PART_minNumObj,BestFirst_searchTermination,JRip_optimizations,SimpleCart_useOneSE,PART_numFolds,PART_confidenceFactorValue,SimpleCart_numFoldsPruning"
3,90,0.89039216,1.00000000,1.00000000,1.00000000,1.00000000,0006,0034,0035,0.00000000,"PART,PART_minNumObj,Aggregator,SimpleCart,SimpleCart_heuristic,PART_binarySplits,PART_useMDLcorrection,SimpleCart_usePrune,PART_doNotMakeSplitPointActualValue,JRip,PART_pruning,DecisionTable,SimpleCart_useOneSE,J48,JRip_checkErrorRate,DecisionTable_useIBk,SimpleCart_minNumObj,J48_doNotMakeSplitPointActualValue,J48_pruning,SimpleCart_numFoldsPruning,DecisionTable_crossVal,DecisionTable_evaluationMeasure,J48_binarySplits,J48_useLaplace,J48_minNumObj,J48_confidenceFactorValue,PART_confidenceFactorValue,DecisionTable_search,J48_useMDLcorrection,JRip_usePruning,JRip_minNo,BestFirst_direction,J48_numFolds,PART_numFolds,GreedyStepwise_conservativeForwardSelection,J48_collapseTree,JRip_optimizations,J48_subtreeRaising,JRip_folds,GreedyStepwise_searchBackwards,BestFirst_searchTermination"
4,90,0.83568627,1.00000000,1.00000000,1.00000000,0.98343685,0009,0110,0072,0.54057832,"Aggregator,J48,J48_minNumObj,JRip,JRip_checkErrorRate,J48_useLaplace,JRip_minNo,DecisionTable,SimpleCart,DecisionTable_evaluationMeasure,DecisionTable_crossVal,J48_collapseTree,SimpleCart_minNumObj,JRip_usePruning,DecisionTable_search,SimpleCart_usePrune,SimpleCart_numFoldsPruning,JRip_optimizations,SimpleCart_heuristic,DecisionTable_useIBk,PART_confidenceFactorValue,PART_useMDLcorrection,J48_numFolds,J48_useMDLcorrection,J48_binarySplits,J48_subtreeRaising,BestFirst_direction,SimpleCart_useOneSE,GreedyStepwise_conservativeForwardSelection,JRip_folds,PART_pruning,PART_numFolds,PART_binarySplits,GreedyStepwise_searchBackwards,PART,J48_pruning,PART_minNumObj,BestFirst_searchTermination,J48_confidenceFactorValue,J48_doNotMakeSplitPointActualValue,PART_doNotMakeSplitPointActualValue"
5,90,0.84274510,1.00000000,1.00000000,1.00000000,1.00000000,0008,0068,0072,0.54057832,"Aggregator,J48,J48_useMDLcorrection,J48_useLaplace,J48_minNumObj,JRip,JRip_minNo,SimpleCart,SimpleCart_minNumObj,JRip_usePruning,DecisionTable,SimpleCart_usePrune,DecisionTable_search,DecisionTable_useIBk,SimpleCart_heuristic,SimpleCart_numFoldsPruning,DecisionTable_crossVal,DecisionTable_evaluationMeasure,JRip_optimizations,J48_collapseTree,PART_pruning,PART_confidenceFactorValue,PART_numFolds,PART_useMDLcorrection,PART_binarySplits,J48_numFolds,J48_binarySplits,JRip_checkErrorRate,J48_subtreeRaising,GreedyStepwise_conservativeForwardSelection,BestFirst_direction,SimpleCart_useOneSE,JRip_folds,BestFirst_searchTermination,GreedyStepwise_searchBackwards,PART,PART_doNotMakeSplitPointActualValue,J48_doNotMakeSplitPointActualValue,PART_minNumObj,J48_pruning,J48_confidenceFactorValue"
6,90,0.85254902,1.00000000,1.00000000,1.00000000,1.00000000,0008,0034,0072,0.54057832,"Aggregator,J48,J48_useMDLcorrection,J48_collapseTree,J48_doNotMakeSplitPointActualValue,J48_binarySplits,J48_minNumObj,JRip,JRip_minNo,DecisionTable,DecisionTable_search,DecisionTable_evaluationMeasure,SimpleCart,SimpleCart_usePrune,DecisionTable_useIBk,DecisionTable_crossVal,SimpleCart_heuristic,SimpleCart_numFoldsPruning,SimpleCart_minNumObj,J48_useLaplace,JRip_usePruning,JRip_optimizations,JRip_folds,SimpleCart_useOneSE,BestFirst_direction,BestFirst_searchTermination,GreedyStepwise_searchBackwards,PART,PART_pruning,PART_numFolds,PART_useMDLcorrection,PART_doNotMakeSplitPointActualValue,PART_confidenceFactorValue,PART_binarySplits,PART_minNumObj,J48_pruning,J48_subtreeRaising,J48_numFolds,J48_confidenceFactorValue,GreedyStepwise_conservativeForwardSelection,JRip_checkErrorRate"
7,90,0.85960784,1.00000000,1.00000000,1.00000000,1.00000000,0007,0034,0054,0.57410899,"PART,PART_binarySplits,PART_pruning,PART_minNumObj,DecisionTable,PART_doNotMakeSplitPointActualValue,SimpleCart,Aggregator,J48,PART_useMDLcorrection,PART_numFolds,PART_confidenceFactorValue,SimpleCart_usePrune,SimpleCart_useOneSE,SimpleCart_numFoldsPruning,J48_useMDLcorrection,J48_binarySplits,SimpleCart_minNumObj,DecisionTable_search,GreedyStepwise_conservativeForwardSelection,BestFirst_direction,BestFirst_searchTermination,GreedyStepwise_searchBackwards,J48_collapseTree,DecisionTable_useIBk,SimpleCart_heuristic,J48_doNotMakeSplitPointActualValue,DecisionTable_crossVal,J48_minNumObj,J48_useLaplace,DecisionTable_evaluationMeasure,J48_pruning,J48_confidenceFactorValue,JRip,J48_subtreeRaising,JRip_checkErrorRate,J48_numFolds,JRip_minNo,JRip_usePruning,JRip_folds,JRip_optimizations"
8,90,0.83568627,1.00000000,1.00000000,1.00000000,1.00000000,0006,0034,0054,0.57410899,"PART,Aggregator,J48,PART_binarySplits,SimpleCart,PART_minNumObj,PART_pruning,PART_confidenceFactorValue,PART_numFolds,DecisionTable,PART_useMDLcorrection,PART_doNotMakeSplitPointActualValue,DecisionTable_crossVal,J48_minNumObj,J48_pruning,SimpleCart_heuristic,J48_doNotMakeSplitPointActualValue,J48_collapseTree,J48_confidenceFactorValue,JRip,DecisionTable_evaluationMeasure,J48_subtreeRaising,SimpleCart_usePrune,JRip_checkErrorRate,SimpleCart_useOneSE,JRip_minNo,JRip_usePruning,J48_useLaplace,DecisionTable_useIBk,J48_useMDLcorrection,SimpleCart_numFoldsPruning,JRip_optimizations,J48_numFolds,JRip_folds,BestFirst_direction,BestFirst_searchTermination,GreedyStepwise_conservativeForwardSelection,GreedyStepwise_searchBackwards,J48_binarySplits,DecisionTable_search,SimpleCart_minNumObj"
9,90,0.86823529,1.00000000,1.00000000,1.00000000,1.00000000,0006,0068,0054,0.57410899,"PART,PART_binarySplits,PART_useMDLcorrection,DecisionTable,PART_minNumObj,J48,Aggregator,PART_doNotMakeSplitPointActualValue,SimpleCart,PART_pruning,PART_confidenceFactorValue,PART_numFolds,GreedyStepwise_conservativeForwardSelection,J48_confidenceFactorValue,BestFirst_searchTermination,SimpleCart_numFoldsPruning,GreedyStepwise_searchBackwards,JRip_folds,BestFirst_direction,JRip_optimizations,J48_subtreeRaising,SimpleCart_useOneSE,DecisionTable_crossVal,J48_minNumObj,DecisionTable_search,J48_binarySplits,SimpleCart_minNumObj,SimpleCart_heuristic,J48_useMDLcorrection,DecisionTable_useIBk,J48_useLaplace,DecisionTable_evaluationMeasure,SimpleCart_usePrune,J48_pruning,J48_collapseTree,J48_doNotMakeSplitPointActualValue,JRip,JRip_checkErrorRate,JRip_usePruning,JRip_minNo,J48_numFolds"
10,90,0.84274510,1.00000000,1.00000000,0.97722960,1.00000000,0006,0054,0054,0.57410899,"SimpleCart,J48,DecisionTable,Aggregator,PART,PART_doNotMakeSplitPointActualValue,PART_binarySplits,PART_minNumObj,PART_pruning,PART_useMDLcorrection,PART_numFolds,PART_confidenceFactorValue,DecisionTable_crossVal,J48_minNumObj,SimpleCart_usePrune,SimpleCart_numFoldsPruning,SimpleCart_useOneSE,J48_doNotMakeSplitPointActualValue,J48_collapseTree,DecisionTable_search,J48_binarySplits,GreedyStepwise_conservativeForwardSelection,SimpleCart_minNumObj,BestFirst_searchTermination,GreedyStepwise_searchBackwards,BestFirst_direction,JRip_checkErrorRate,J48_useLaplace,DecisionTable_useIBk,J48_useMDLcorrection,J48_numFolds,JRip_minNo,JRip_usePruning,JRip_folds,JRip_optimizations,DecisionTable_evaluationMeasure,SimpleCart_heuristic,J48_pruning,J48_confidenceFactorValue,JRip,J48_subtreeRaising"
11,90,0.86980392,1.00000000,1.00000000,1.00000000,1.00000000,0007,0034,0054,0.57410899,"Aggregator,DecisionTable,SimpleCart,J48,PART,PART_pruning,PART_confidenceFactorValue,PART_minNumObj,PART_useMDLcorrection,PART_doNotMakeSplitPointActualValue,PART_binarySplits,PART_numFolds,J48_minNumObj,DecisionTable_crossVal,J48_useLaplace,J48_collapseTree,SimpleCart_minNumObj,DecisionTable_useIBk,J48_binarySplits,DecisionTable_search,GreedyStepwise_searchBackwards,BestFirst_direction,GreedyStepwise_conservativeForwardSelection,BestFirst_searchTermination,J48_useMDLcorrection,J48_doNotMakeSplitPointActualValue,SimpleCart_usePrune,SimpleCart_numFoldsPruning,SimpleCart_useOneSE,SimpleCart_heuristic,J48_pruning,DecisionTable_evaluationMeasure,J48_confidenceFactorValue,JRip,J48_subtreeRaising,JRip_checkErrorRate,JRip_usePruning,JRip_minNo,JRip_folds,J48_numFolds,JRip_optimizations"
12,90,0.92254902,1.00000000,1.00000000,1.00000000,1.00000000,0007,0034,0054,0.57410899,"DecisionTable,Aggregator,PART,PART_pruning,PART_minNumObj,J48,PART_binarySplits,PART_doNotMakeSplitPointActualValue,PART_useMDLcorrection,SimpleCart,PART_numFolds,PART_confidenceFactorValue,DecisionTable_useIBk,J48_collapseTree,SimpleCart_heuristic,DecisionTable_crossVal,J48_minNumObj,J48_useMDLcorrection,J48_binarySplits,SimpleCart_minNumObj,DecisionTable_search,GreedyStepwise_searchBackwards,BestFirst_direction,GreedyStepwise_conservativeForwardSelection,BestFirst_searchTermination,SimpleCart_usePrune,SimpleCart_numFoldsPruning,SimpleCart_useOneSE,J48_useLaplace,DecisionTable_evaluationMeasure,J48_pruning,J48_doNotMakeSplitPointActualValue,JRip,J48_subtreeRaising,J48_confidenceFactorValue,JRip_checkErrorRate,JRip_minNo,JRip_usePruning,JRip_folds,J48_numFolds,JRip_optimizations"
13,90,0.88725490,1.00000000,1.00000000,1.00000000,1.00000000,0006,0054,0054,0.57410899,"SimpleCart,PART,J48,Aggregator,PART_minNumObj,PART_binarySplits,DecisionTable,PART_pruning,PART_confidenceFactorValue,PART_doNotMakeSplitPointActualValue,PART_numFolds,PART_useMDLcorrection,SimpleCart_numFoldsPruning,GreedyStepwise_searchBackwards,BestFirst_searchTermination,GreedyStepwise_conservativeForwardSelection,JRip_optimizations,JRip_folds,J48_subtreeRaising,BestFirst_direction,SimpleCart_useOneSE,J48_confidenceFactorValue,DecisionTable_search,J48_binarySplits,SimpleCart_minNumObj,J48_useMDLcorrection,SimpleCart_heuristic,DecisionTable_evaluationMeasure,DecisionTable_useIBk,J48_collapseTree,SimpleCart_usePrune,J48_useLaplace,J48_minNumObj,DecisionTable_crossVal,J48_pruning,J48_doNotMakeSplitPointActualValue,JRip,JRip_checkErrorRate,JRip_minNo,J48_numFolds,JRip_usePruning"
14,90,0.92254902,1.00000000,1.00000000,1.00000000,1.00000000,0006,0068,0054,0.57410899,"PART,SimpleCart,DecisionTable,PART_minNumObj,PART_pruning,PART_binarySplits,J48,PART_useMDLcorrection,Aggregator,PART_doNotMakeSplitPointActualValue,PART_numFolds,PART_confidenceFactorValue,BestFirst_direction,GreedyStepwise_conservativeForwardSelection,SimpleCart_useOneSE,J48_subtreeRaising,BestFirst_searchTermination,GreedyStepwise_searchBackwards,SimpleCart_numFoldsPruning,JRip_optimizations,JRip_folds,J48_confidenceFactorValue,SimpleCart_heuristic,J48_minNumObj,DecisionTable_crossVal,J48_useMDLcorrection,DecisionTable_search,J48_binarySplits,SimpleCart_minNumObj,J48_pruning,J48_doNotMakeSplitPointActualValue,DecisionTable_evaluationMeasure,J48_collapseTree,JRip,JRip_minNo,DecisionTable_useIBk,J48_useLaplace,J48_numFolds,JRip_usePruning,SimpleCart_usePrune,JRip_checkErrorRate"
15,90,0.83568627,1.00000000,1.00000000,1.00000000,1.00000000,0007,0034,0054,0.57410899,"Aggregator,PART,J48,DecisionTable,PART_minNumObj,PART_pruning,PART_useMDLcorrection,SimpleCart,PART_numFolds,PART_doNotMakeSplitPointActualValue,PART_binarySplits,PART_confidenceFactorValue,J48_doNotMakeSplitPointActualValue,SimpleCart_usePrune,SimpleCart_numFoldsPruning,SimpleCart_useOneSE,J48_binarySplits,DecisionTable_search,SimpleCart_minNumObj,BestFirst_direction,BestFirst_searchTermination,GreedyStepwise_searchBackwards,GreedyStepwise_conservativeForwardSelection,J48_useMDLcorrection,DecisionTable_useIBk,DecisionTable_crossVal,J48_minNumObj,DecisionTable_evaluationMeasure,J48_useLaplace,SimpleCart_heuristic,J48_pruning,J48_collapseTree,J48_subtreeRaising,JRip,J48_confidenceFactorValue,JRip_checkErrorRate,JRip_minNo,J48_numFolds,JRip_usePruning,JRip_optimizations,JRip_folds"
16,90,0.83568627,1.00000000,1.00000000,1.00000000,1.00000000,0006,0060,0054,0.57410899,"J48,DecisionTable,PART,PART_pruning,Aggregator,PART_numFolds,PART_doNotMakeSplitPointActualValue,SimpleCart,PART_useMDLcorrection,PART_minNumObj,PART_binarySplits,PART_confidenceFactorValue,JRip_optimizations,J48_confidenceFactorValue,SimpleCart_useOneSE,SimpleCart_numFoldsPruning,BestFirst_searchTermination,J48_subtreeRaising,GreedyStepwise_searchBackwards,BestFirst_direction,GreedyStepwise_conservativeForwardSelection,JRip_folds,J48_useLaplace,J48_pruning,SimpleCart_heuristic,J48_collapseTree,DecisionTable_evaluationMeasure,J48_doNotMakeSplitPointActualValue,JRip,SimpleCart_minNumObj,DecisionTable_crossVal,J48_minNumObj,J48_numFolds,DecisionTable_search,J48_binarySplits,J48_useMDLcorrection,DecisionTable_useIBk,JRip_checkErrorRate,SimpleCart_usePrune,JRip_usePruning,JRip_minNo"
17,90,0.88254902,1.00000000,1.00000000,1.00000000,1.00000000,0006,0034,0054,0.57410899,"Aggregator,PART,J48,SimpleCart,DecisionTable,PART_doNotMakeSplitPointActualValue,PART_minNumObj,PART_useMDLcorrection,PART_binarySplits,PART_pruning,PART_confidenceFactorValue,PART_numFolds,J48_pruning,J48_subtreeRaising,JRip,J48_confidenceFactorValue,DecisionTable_evaluationMeasure,J48_collapseTree,J48_doNotMakeSplitPointActualValue,SimpleCart_heuristic,JRip_usePruning,JRip_optimizations,JRip_folds,J48_useLaplace,J48_minNumObj,DecisionTable_crossVal,J48_binarySplits,SimpleCart_minNumObj,DecisionTable_search,GreedyStepwise_searchBackwards,GreedyStepwise_conservativeForwardSelection,BestFirst_searchTermination,BestFirst_direction,JRip_checkErrorRate,J48_numFolds,J48_useMDLcorrection,JRip_minNo,DecisionTable_useIBk,SimpleCart_usePrune,SimpleCart_numFoldsPruning,SimpleCart_useOneSE"
18,90,0.90470588,1.00000000,1.00000000,1.00000000,1.00000000,0006,0034,0054,0.57410899,"Aggregator,SimpleCart,J48,PART,DecisionTable,PART_minNumObj,PART_useMDLcorrection,PART_binarySplits,PART_doNotMakeSplitPointActualValue,PART_pruning,PART_numFolds,PART_confidenceFactorValue,DecisionTable_useIBk,SimpleCart_heuristic,J48_doNotMakeSplitPointActualValue,J48_useMDLcorrection,DecisionTable_search,GreedyStepwise_searchBackwards,BestFirst_searchTermination,J48_binarySplits,BestFirst_direction,GreedyStepwise_conservativeForwardSelection,SimpleCart_minNumObj,J48_minNumObj,DecisionTable_crossVal,DecisionTable_evaluationMeasure,J48_pruning,J48_collapseTree,JRip,J48_confidenceFactorValue,J48_subtreeRaising,JRip_minNo,JRip_usePruning,JRip_optimizations,JRip_folds,SimpleCart_usePrune,JRip_checkErrorRate,SimpleCart_numFoldsPruning,J48_useLaplace,SimpleCart_useOneSE,J48_numFolds"
19,90,0.85980392,1.00000000,1.00000000,1.00000000,1.00000000,0006,0061,0054,0.57410899,"SimpleCart,Aggregator,PART,DecisionTable,J48,PART_minNumObj,PART_doNotMakeSplitPointActualValue,PART_binarySplits,PART_pruning,PART_useMDLcorrection,PART_numFolds,PART_confidenceFactorValue,BestFirst_searchTermination,J48_confidenceFactorValue,SimpleCart_numFoldsPruning,GreedyStepwise_conservativeForwardSelection,JRip_optimizations,SimpleCart_useOneSE,J48_subtreeRaising,BestFirst_direction,JRip_folds,GreedyStepwise_searchBackwards,DecisionTable_useIBk,SimpleCart_minNumObj,J48_useLaplace,J48_collapseTree,J48_pruning,SimpleCart_heuristic,DecisionTable_evaluationMeasure,J48_doNotMakeSplitPointActualValue,JRip,JRip_minNo,JRip_checkErrorRate,JRip_usePruning,SimpleCart_usePrune,J48_numFolds,J48_useMDLcorrection,DecisionTable_search,J48_binarySplits,DecisionTable_crossVal,J48_minNumObj"
20,90,0.88019608,1.00000000,1.00000000,1.00000000,0.98343685,0007,0034,0054,0.57410899,"PART,SimpleCart,J48,PART_useMDLcorrection,Aggregator,PART_doNotMakeSplitPointActualValue,DecisionTable,PART_pruning,PART_binarySplits,PART_confidenceFactorValue,PART_minNumObj,PART_numFolds,J48_useMDLcorrection,SimpleCart_minNumObj,J48_collapseTree,SimpleCart_usePrune,SimpleCart_numFoldsPruning,SimpleCart_useOneSE,J48_useLaplace,J48_binarySplits,DecisionTable_search,BestFirst_direction,GreedyStepwise_conservativeForwardSelection,BestFirst_searchTermination,GreedyStepwise_searchBackwards,DecisionTable_evaluationMeasure,J48_doNotMakeSplitPointActualValue,J48_minNumObj,DecisionTable_crossVal,DecisionTable_useIBk,SimpleCart_heuristic,J48_pruning,J48_subtreeRaising,J48_confidenceFactorValue,JRip,JRip_checkErrorRate,JRip_usePruning,JRip_folds,JRip_optimizations,JRip_minNo,J48_numFolds"
21,90,0.87921569,1.00000000,1.00000000,1.00000000,1.00000000,0006,0034,0054,0.57410899,"DecisionTable,J48,SimpleCart,PART,Aggregator,PART_doNotMakeSplitPointActualValue,PART_useMDLcorrection,PART_pruning,PART_minNumObj,PART_confidenceFactorValue,PART_binarySplits,PART_numFolds,SimpleCart_heuristic,DecisionTable_search,BestFirst_searchTermination,J48_binarySplits,BestFirst_direction,GreedyStepwise_searchBackwards,SimpleCart_minNumObj,GreedyStepwise_conservativeForwardSelection,J48_minNumObj,DecisionTable_crossVal,J48_useLaplace,SimpleCart_usePrune,SimpleCart_useOneSE,SimpleCart_numFoldsPruning,J48_pruning,J48_collapseTree,DecisionTable_evaluationMeasure,J48_confidenceFactorValue,J48_doNotMakeSplitPointActualValue,J48_subtreeRaising,JRip,JRip_checkErrorRate,JRip_minNo,JRip_usePruning,J48_numFolds,J48_useMDLcorrection,DecisionTable_useIBk,JRip_folds,JRip_optimizations"
22,90,0.84117647,1.00000000,1.00000000,1.00000000,0.98343685,0007,0053,0054,0.57410899,"Aggregator,SimpleCart,DecisionTable,J48,PART,PART_minNumObj,PART_binarySplits,PART_useMDLcorrection,PART_doNotMakeSplitPointActualValue,PART_pruning,PART_confidenceFactorValue,PART_numFolds,GreedyStepwise_searchBackwards,J48_confidenceFactorValue,GreedyStepwise_conservativeForwardSelection,JRip_folds,SimpleCart_numFoldsPruning,JRip_optimizations,BestFirst_direction,SimpleCart_useOneSE,BestFirst_searchTermination,J48_subtreeRaising,SimpleCart_heuristic,J48_minNumObj,DecisionTable_crossVal,DecisionTable_search,J48_binarySplits,SimpleCart_minNumObj,DecisionTable_useIBk,DecisionTable_evaluationMeasure,J48_doNotMakeSplitPointActualValue,J48_useLaplace,SimpleCart_usePrune,J48_useMDLcorrection,J48_pruning,JRip,J48_collapseTree,JRip_checkErrorRate,JRip_usePruning,J48_numFolds,JRip_minNo"
23,90,0.85215686,1.00000000,1.00000000,1.00000000,0.98343685,0007,0034,0054,0.57410899,"PART,DecisionTable,SimpleCart,PART_useMDLcorrection,PART_pruning,Aggregator,J48,PART_confidenceFactorValue,PART_numFolds,PART_binarySplits,PART_minNumObj,PART_doNotMakeSplitPointActualValue,DecisionTable_crossVal,J48_minNumObj,J48_useLaplace,SimpleCart_heuristic,DecisionTable_useIBk,J48_pruning,J48_doNotMakeSplitPointActualValue,J48_collapseTree,J48_confidenceFactorValue,DecisionTable_evaluationMeasure,JRip,J48_subtreeRaising,JRip_minNo,SimpleCart_usePrune,SimpleCart_numFoldsPruning,JRip_checkErrorRate,JRip_usePruning,J48_numFolds,SimpleCart_useOneSE,JRip_folds,J48_useMDLcorrection,JRip_optimizations,J48_binarySplits,SimpleCart_minNumObj,DecisionTable_search,BestFirst_direction,GreedyStepwise_searchBackwards,BestFirst_searchTermination,GreedyStepwise_conservativeForwardSelection"
24,90,0.87686275,1.00000000,1.00000000,1.00000000,1.00000000,0007,0034,0054,0.57410899,"PART,PART_binarySplits,PART_minNumObj,PART_doNotMakeSplitPointActualValue,Aggregator,PART_pruning,DecisionTable,PART_confidenceFactorValue,SimpleCart,J48,PART_useMDLcorrection,PART_numFolds,DecisionTable_crossVal,J48_minNumObj,DecisionTable_useIBk,J48_doNotMakeSplitPointActualValue,J48_collapseTree,J48_pruning,SimpleCart_heuristic,DecisionTable_evaluationMeasure,J48_subtreeRaising,JRip,J48_confidenceFactorValue,JRip_minNo,JRip_usePruning,JRip_optimizations,JRip_folds,J48_numFolds,SimpleCart_usePrune,JRip_checkErrorRate,J48_useMDLcorrection,SimpleCart_useOneSE,J48_useLaplace,SimpleCart_numFoldsPruning,DecisionTable_search,J48_binarySplits,BestFirst_searchTermination,SimpleCart_minNumObj,GreedyStepwise_conservativeForwardSelection,GreedyStepwise_searchBackwards,BestFirst_direction"
25,90,0.89803922,1.00000000,1.00000000,1.00000000,1.00000000,0006,0061,0054,0.57410899,"Aggregator,J48,PART,DecisionTable,SimpleCart,PART_useMDLcorrection,PART_binarySplits,PART_doNotMakeSplitPointActualValue,PART_minNumObj,PART_pruning,PART_numFolds,PART_confidenceFactorValue,GreedyStepwise_conservativeForwardSelection,JRip_optimizations,J48_subtreeRaising,BestFirst_direction,SimpleCart_useOneSE,GreedyStepwise_searchBackwards,BestFirst_searchTermination,SimpleCart_numFoldsPruning,J48_confidenceFactorValue,JRip_folds,J48_pruning,J48_doNotMakeSplitPointActualValue,J48_collapseTree,SimpleCart_heuristic,DecisionTable_evaluationMeasure,JRip,JRip_usePruning,JRip_checkErrorRate,J48_useMDLcorrection,J48_numFolds,DecisionTable_useIBk,JRip_minNo,SimpleCart_usePrune,J48_useLaplace,SimpleCart_minNumObj,DecisionTable_crossVal,J48_minNumObj,J48_binarySplits,DecisionTable_search"
26,90,0.85176471,1.00000000,1.00000000,1.00000000,1.00000000,0007,0056,0054,0.57410899,"DecisionTable,Aggregator,J48,SimpleCart,PART,PART_useMDLcorrection,PART_minNumObj,PART_doNotMakeSplitPointActualValue,PART_pruning,PART_binarySplits,PART_numFolds,PART_confidenceFactorValue,J48_subtreeRaising,GreedyStepwise_conservativeForwardSelection,BestFirst_searchTermination,BestFirst_direction,J48_confidenceFactorValue,SimpleCart_numFoldsPruning,GreedyStepwise_searchBackwards,SimpleCart_useOneSE,JRip_optimizations,JRip_folds,SimpleCart_usePrune,J48_pruning,DecisionTable_evaluationMeasure,SimpleCart_heuristic,J48_collapseTree,J48_doNotMakeSplitPointActualValue,JRip,JRip_checkErrorRate,J48_useMDLcorrection,J48_numFolds,J48_useLaplace,DecisionTable_useIBk,JRip_minNo,JRip_usePruning,DecisionTable_crossVal,J48_minNumObj,SimpleCart_minNumObj,DecisionTable_search,J48_binarySplits"
27,90,0.88000000,1.00000000,1.00000000,0.97722960,0.98343685,0007,0034,0054,0.57410899,"J48,DecisionTable,Aggregator,PART,SimpleCart,PART_useMDLcorrection,PART_doNotMakeSplitPointActualValue,PART_pruning,PART_binarySplits,PART_minNumObj,PART_confidenceFactorValue,PART_numFolds,J48_collapseTree,J48_minNumObj,DecisionTable_crossVal,DecisionTable_evaluationMeasure,SimpleCart_heuristic,DecisionTable_useIBk,J48_useMDLcorrection,J48_pruning,J48_doNotMakeSplitPointActualValue,J48_subtreeRaising,J48_confidenceFactorValue,JRip,J48_numFolds,JRip_checkErrorRate,J48_useLaplace,SimpleCart_usePrune,SimpleCart_useOneSE,JRip_usePruning,SimpleCart_numFoldsPruning,JRip_minNo,JRip_folds,JRip_optimizations,SimpleCart_minNumObj,DecisionTable_search,J48_binarySplits,GreedyStepwise_conservativeForwardSelection,BestFirst_searchTermination,BestFirst_direction,GreedyStepwise_searchBackwards"
28,90,0.90764706,1.00000000,1.00000000,1.00000000,1.00000000,0006,0065,0054,0.57410899,"DecisionTable,SimpleCart,PART,Aggregator,PART_pruning,J48,PART_binarySplits,PART_useMDLcorrection,PART_doNotMakeSplitPointActualValue,PART_confidenceFactorValue,PART_numFolds,PART_minNumObj,GreedyStepwise_conservativeForwardSelection,BestFirst_direction,JRip_optimizations,SimpleCart_numFoldsPruning,SimpleCart_useOneSE,GreedyStepwise_searchBackwards,J48_confidenceFactorValue,JRip_folds,BestFirst_searchTermination,J48_subtreeRaising,DecisionTable_crossVal,J48_minNumObj,J48_useLaplace,DecisionTable_evaluationMeasure,SimpleCart_usePrune,DecisionTable_useIBk,J48_doNotMakeSplitPointActualValue,DecisionTable_search,J48_binarySplits,SimpleCart_minNumObj,SimpleCart_heuristic,J48_useMDLcorrection,J48_pruning,J48_collapseTree,JRip,JRip_checkErrorRate,J48_numFolds,JRip_minNo,JRip_usePruning"
29,90,0.90333333,1.00000000,1.00000000,1.00000000,1.00000000,0005,0034,0054,0.57410899,"PART,SimpleCart,PART_minNumObj,PART_binarySplits,J48,DecisionTable,PART_pruning,PART_numFolds,Aggregator,PART_useMDLcorrection,PART_confidenceFactorValue,PART_doNotMakeSplitPointActualValue,J48_useLaplace,J48_pruning,J48_doNotMakeSplitPointActualValue,JRip,SimpleCart_heuristic,DecisionTable_evaluationMeasure,J48_collapseTree,J48_confidenceFactorValue,J48_subtreeRaising,SimpleCart_usePrune,JRip_checkErrorRate,SimpleCart_numFoldsPruning,SimpleCart_useOneSE,JRip_usePruning,J48_useMDLcorrection,DecisionTable_useIBk,J48_numFolds,JRip_minNo,JRip_optimizations,JRip_folds,GreedyStepwise_conservativeForwardSelection,BestFirst_searchTermination,BestFirst_direction,GreedyStepwise_searchBackwards,J48_minNumObj,DecisionTable_crossVal,DecisionTable_search,J48_binarySplits,SimpleCart_minNumObj"
30,90,0.97343137,1.00000000,1.00000000,1.00000000,1.00000000,0005,0047,0054,0.57410899,"DecisionTable,SimpleCart,PART,PART_doNotMakeSplitPointActualValue,Aggregator,PART_pruning,PART_binarySplits,PART_useMDLcorrection,J48,PART_confidenceFactorValue,PART_minNumObj,PART_numFolds,J48_subtreeRaising,GreedyStepwise_conservativeForwardSelection,JRip_optimizations,JRip_folds,BestFirst_searchTermination,BestFirst_direction,J48_confidenceFactorValue,SimpleCart_numFoldsPruning,SimpleCart_useOneSE,GreedyStepwise_searchBackwards,DecisionTable_useIBk,SimpleCart_minNumObj,J48_useMDLcorrection,DecisionTable_evaluationMeasure,J48_doNotMakeSplitPointActualValue,J48_pruning,J48_collapseTree,SimpleCart_heuristic,JRip,JRip_checkErrorRate,J48_useLaplace,SimpleCart_usePrune,JRip_minNo,J48_numFolds,JRip_usePruning,J48_binarySplits,DecisionTable_search,DecisionTable_crossVal,J48_minNumObj"
31,90,0.86470588,1.00000000,1.00000000,1.00000000,1.00000000,0007,0034,0054,0.57410899,"J48,PART,Aggregator,SimpleCart,DecisionTable,PART_useMDLcorrection,PART_doNotMakeSplitPointActualValue,PART_binarySplits,PART_pruning,PART_minNumObj,PART_numFolds,PART_confidenceFactorValue,DecisionTable_crossVal,J48_minNumObj,SimpleCart_usePrune,SimpleCart_useOneSE,SimpleCart_numFoldsPruning,J48_binarySplits,DecisionTable_search,GreedyStepwise_conservativeForwardSelection,GreedyStepwise_searchBackwards,SimpleCart_minNumObj,BestFirst_searchTermination,BestFirst_direction,J48_useLaplace,J48_doNotMakeSplitPointActualValue,DecisionTable_useIBk,J48_collapseTree,DecisionTable_evaluationMeasure,J48_pruning,SimpleCart_heuristic,J48_subtreeRaising,J48_confidenceFactorValue,JRip,JRip_checkErrorRate,JRip_usePruning,JRip_folds,JRip_optimizations,J48_useMDLcorrection,J48_numFolds,JRip_minNo"
32,90,0.89176471,1.00000000,1.00000000,1.00000000,1.00000000,0006,0035,0054,0.57410899,"SimpleCart,Aggregator,J48,DecisionTable,PART,PART_doNotMakeSplitPointActualValue,PART_minNumObj,PART_binarySplits,PART_useMDLcorrection,PART_pruning,PART_confidenceFactorValue,PART_numFolds,DecisionTable_useIBk,J48_minNumObj,DecisionTable_crossVal,SimpleCart_heuristic,SimpleCart_minNumObj,J48_pruning,JRip,DecisionTable_evaluationMeasure,J48_subtreeRaising,J48_collapseTree,J48_doNotMakeSplitPointActualValue,J48_confidenceFactorValue,JRip_minNo,J48_useMDLcorrection,J48_binarySplits,DecisionTable_search,BestFirst_direction,GreedyStepwise_searchBackwards,GreedyStepwise_conservativeForwardSelection,BestFirst_searchTermination,J48_useLaplace,JRip_usePruning,JRip_folds,JRip_optimizations,J48_numFolds,JRip_checkErrorRate,SimpleCart_usePrune,SimpleCart_useOneSE,SimpleCart_numFoldsPruning"
33,90,0.97176471,1.00000000,1.00000000,1.00000000,1.00000000,0006,0034,0054,0.57410899,"Aggregator,J48,PART,PART_minNumObj,PART_useMDLcorrection,SimpleCart,PART_pruning,PART_binarySplits,DecisionTable,PART_numFolds,PART_confidenceFactorValue,PART_doNotMakeSplitPointActualValue,SimpleCart_heuristic,SimpleCart_usePrune,SimpleCart_useOneSE,SimpleCart_numFoldsPruning,J48_useLaplace,J48_binarySplits,DecisionTable_search,SimpleCart_minNumObj,GreedyStepwise_conservativeForwardSelection,BestFirst_searchTermination,GreedyStepwise_searchBackwards,BestFirst_direction,DecisionTable_crossVal,J48_minNumObj,DecisionTable_useIBk,J48_useMDLcorrection,J48_doNotMakeSplitPointActualValue,J48_pruning,DecisionTable_evaluationMeasure,J48_confidenceFactorValue,J48_collapseTree,J48_subtreeRaising,JRip,JRip_checkErrorRate,JRip_usePruning,JRip_minNo,J48_numFolds,JRip_folds,JRip_optimizations"
34,90,0.92372549,1.00000000,1.00000000,0.97722960,1.00000000,0007,0051,0054,0.57410899,"SimpleCart,Aggregator,J48,PART,DecisionTable,PART_useMDLcorrection,PART_binarySplits,PART_doNotMakeSplitPointActualValue,PART_pruning,PART_minNumObj,PART_numFolds,PART_confidenceFactorValue,GreedyStepwise_searchBackwards,BestFirst_searchTermination,GreedyStepwise_conservativeForwardSelection,SimpleCart_useOneSE,BestFirst_direction,JRip_optimizations,SimpleCart_numFoldsPruning,J48_confidenceFactorValue,J48_subtreeRaising,JRip_folds,J48_useLaplace,DecisionTable_evaluationMeasure,SimpleCart_usePrune,DecisionTable_search,J48_binarySplits,SimpleCart_minNumObj,J48_collapseTree,J48_doNotMakeSplitPointActualValue,SimpleCart_heuristic,DecisionTable_useIBk,J48_minNumObj,DecisionTable_crossVal,J48_pruning,JRip,JRip_checkErrorRate,JRip_usePruning,J48_numFolds,J48_useMDLcorrection,JRip_minNo"
35,90,0.94166667,1.00000000,1.00000000,1.00000000,1.00000000,0006,0034,0054,0.57410899,"DecisionTable,PART,SimpleCart,PART_binarySplits,PART_doNotMakeSplitPointActualValue,J48,Aggregator,PART_useMDLcorrection,PART_minNumObj,PART_pruning,PART_confidenceFactorValue,PART_numFolds,J48_minNumObj,DecisionTable_crossVal,DecisionTable_search,J48_binarySplits,BestFirst_direction,GreedyStepwise_searchBackwards,BestFirst_searchTermination,GreedyStepwise_conservativeForwardSelection,SimpleCart_minNumObj,J48_doNotMakeSplitPointActualValue,J48_useMDLcorrection,SimpleCart_heuristic,J48_pruning,DecisionTable_evaluationMeasure,JRip,J48_confidenceFactorValue,J48_collapseTree,J48_subtreeRaising,JRip_usePruning,JRip_folds,JRip_optimizations,J48_numFolds,JRip_minNo,SimpleCart_usePrune,SimpleCart_numFoldsPruning,JRip_checkErrorRate,SimpleCart_useOneSE,DecisionTable_useIBk,J48_useLaplace"
36,90,0.88549020,1.00000000,1.00000000,1.00000000,1.00000000,0006,0034,0054,0.57410899,"J48,PART,PART_doNotMakeSplitPointActualValue,DecisionTable,PART_minNumObj,Aggregator,PART_pruning,SimpleCart,PART_useMDLcorrection,PART_numFolds,PART_binarySplits,PART_confidenceFactorValue,J48_binarySplits,DecisionTable_search,GreedyStepwise_conservativeForwardSelection,SimpleCart_minNumObj,BestFirst_searchTermination,GreedyStepwise_searchBackwards,BestFirst_direction,J48_useLaplace,J48_doNotMakeSplitPointActualValue,SimpleCart_heuristic,SimpleCart_usePrune,SimpleCart_numFoldsPruning,SimpleCart_useOneSE,DecisionTable_evaluationMeasure,DecisionTable_useIBk,J48_pruning,J48_confidenceFactorValue,J48_collapseTree,J48_subtreeRaising,JRip,JRip_checkErrorRate,J48_numFolds,JRip_usePruning,JRip_minNo,JRip_folds,J48_useMDLcorrection,JRip_optimizations,J48_minNumObj,DecisionTable_crossVal"
37,90,0.83568627,1.00000000,1.00000000,1.00000000,1.00000000,0006,0034,0054,0.57410899,"SimpleCart,Aggregator,DecisionTable,PART,J48,PART_useMDLcorrection,PART_doNotMakeSplitPointActualValue,PART_binarySplits,PART_minNumObj,PART_pruning,PART_confidenceFactorValue,PART_numFolds,DecisionTable_search,J48_binarySplits,GreedyStepwise_conservativeForwardSelection,GreedyStepwise_searchBackwards,BestFirst_searchTermination,SimpleCart_minNumObj,BestFirst_direction,J48_useLaplace,DecisionTable_useIBk,SimpleCart_heuristic,J48_minNumObj,DecisionTable_crossVal,J48_collapseTree,J48_pruning,J48_doNotMakeSplitPointActualValue,DecisionTable_evaluationMeasure,JRip,J48_subtreeRaising,J48_confidenceFactorValue,JRip_checkErrorRate,J48_useMDLcorrection,JRip_minNo,SimpleCart_usePrune,SimpleCart_numFoldsPruning,JRip_usePruning,J48_numFolds,SimpleCart_useOneSE,JRip_optimizations,JRip_folds"
38,90,0.97098039,1.00000000,1.00000000,1.00000000,1.00000000,0006,0034,0054,0.57410899,"J48,SimpleCart,Aggregator,PART,DecisionTable,PART_minNumObj,PART_pruning,PART_useMDLcorrection,PART_numFolds,PART_confidenceFactorValue,PART_binarySplits,PART_doNotMakeSplitPointActualValue,J48_useMDLcorrection,J48_binarySplits,DecisionTable_search,GreedyStepwise_conservativeForwardSelection,SimpleCart_minNumObj,BestFirst_direction,BestFirst_searchTermination,GreedyStepwise_searchBackwards,J48_collapseTree,DecisionTable_useIBk,DecisionTable_evaluationMeasure,SimpleCart_usePrune,SimpleCart_numFoldsPruning,SimpleCart_useOneSE,J48_useLaplace,J48_pruning,SimpleCart_heuristic,J48_doNotMakeSplitPointActualValue,J48_confidenceFactorValue,J48_subtreeRaising,JRip,JRip_checkErrorRate,JRip_minNo,J48_numFolds,JRip_usePruning,JRip_optimizations,JRip_folds,DecisionTable_crossVal,J48_minNumObj"
39,90,0.95490196,1.00000000,1.00000000,1.00000000,1.00000000,0006,0034,0054,0.57410899,"Aggregator,J48,PART,DecisionTable,SimpleCart,PART_binarySplits,PART_pruning,PART_minNumObj,PART_useMDLcorrection,PART_confidenceFactorValue,PART_doNotMakeSplitPointActualValue,PART_numFolds,SimpleCart_heuristic,J48_collapseTree,SimpleCart_minNumObj,SimpleCart_usePrune,SimpleCart_useOneSE,SimpleCart_numFoldsPruning,J48_useLaplace,J48_minNumObj,DecisionTable_crossVal,DecisionTable_useIBk,DecisionTable_search,GreedyStepwise_conservativeForwardSelection,J48_binarySplits,BestFirst_direction,GreedyStepwise_searchBackwards,BestFirst_searchTermination,J48_pruning,J48_subtreeRaising,DecisionTable_evaluationMeasure,J48_doNotMakeSplitPointActualValue,JRip,J48_confidenceFactorValue,JRip_checkErrorRate,JRip_minNo,J48_numFolds,JRip_usePruning,J48_useMDLcorrection,JRip_folds,JRip_optimizations"
40,90,0.86803922,1.00000000,1.00000000,1.00000000,1.00000000,0006,0052,0054,0.57410899,"SimpleCart,J48,DecisionTable,Aggregator,PART,PART_doNotMakeSplitPointActualValue,PART_useMDLcorrection,PART_pruning,PART_binarySplits,PART_numFolds,PART_minNumObj,PART_confidenceFactorValue,GreedyStepwise_conservativeForwardSelection,JRip_optimizations,SimpleCart_numFoldsPruning,BestFirst_direction,JRip_folds,BestFirst_searchTermination,J48_subtreeRaising,J48_confidenceFactorValue,GreedyStepwise_searchBackwards,SimpleCart_useOneSE,DecisionTable_crossVal,J48_minNumObj,SimpleCart_heuristic,DecisionTable_evaluationMeasure,DecisionTable_search,J48_binarySplits,SimpleCart_minNumObj,J48_doNotMakeSplitPointActualValue,DecisionTable_useIBk,SimpleCart_usePrune,J48_pruning,JRip,J48_collapseTree,JRip_checkErrorRate,JRip_usePruning,JRip_minNo,J48_numFolds,J48_useLaplace,J48_useMDLcorrection"
41,90,0.94490196,1.00000000,1.00000000,1.00000000,1.00000000,0007,0034,0054,0.57410899,"DecisionTable,PART,J48,PART_doNotMakeSplitPointActualValue,Aggregator,SimpleCart,PART_minNumObj,PART_pruning,PART_binarySplits,PART_useMDLcorrection,PART_numFolds,PART_confidenceFactorValue,J48_binarySplits,DecisionTable_search,BestFirst_searchTermination,SimpleCart_minNumObj,GreedyStepwise_conservativeForwardSelection,BestFirst_direction,GreedyStepwise_searchBackwards,J48_pruning,JRip,J48_subtreeRaising,J48_collapseTree,J48_confidenceFactorValue,SimpleCart_heuristic,DecisionTable_evaluationMeasure,J48_doNotMakeSplitPointActualValue,DecisionTable_crossVal,J48_minNumObj,JRip_minNo,JRip_usePruning,JRip_optimizations,JRip_folds,J48_useLaplace,SimpleCart_usePrune,JRip_checkErrorRate,SimpleCart_numFoldsPruning,DecisionTable_useIBk,J48_numFolds,SimpleCart_useOneSE,J48_useMDLcorrection"
42,90,0.89588235,1.00000000,1.00000000,1.00000000,1.00000000,0006,0034,0054,0.57410899,"PART,DecisionTable,PART_useMDLcorrection,PART_pruning,Aggregator,J48,PART_confidenceFactorValue,SimpleCart,PART_binarySplits,PART_minNumObj,PART_doNotMakeSplitPointActualValue,PART_numFolds,DecisionTable_useIBk,SimpleCart_minNumObj,J48_useMDLcorrection,J48_doNotMakeSplitPointActualValue,SimpleCart_heuristic,SimpleCart_usePrune,SimpleCart_numFoldsPruning,SimpleCart_useOneSE,J48_binarySplits,DecisionTable_search,BestFirst_direction,BestFirst_searchTermination,GreedyStepwise_searchBackwards,GreedyStepwise_conservativeForwardSelection,DecisionTable_evaluationMeasure,J48_collapseTree,J48_minNumObj,DecisionTable_crossVal,J48_pruning,JRip,J48_confidenceFactorValue,JRip_checkErrorRate,J48_subtreeRaising,J48_useLaplace,J48_numFolds,JRip_usePruning,JRip_minNo,JRip_folds,JRip_optimizations"
43,90,0.97588235,1.00000000,1.00000000,1.00000000,1.00000000,0006,0034,0054,0.57410899,"J48,DecisionTable,SimpleCart,Aggregator,PART,PART_pruning,PART_numFolds,PART_minNumObj,PART_useMDLcorrection,PART_doNotMakeSplitPointActualValue,PART_confidenceFactorValue,PART_binarySplits,DecisionTable_search,BestFirst_searchTermination,J48_binarySplits,GreedyStepwise_conservativeForwardSelection,SimpleCart_minNumObj,GreedyStepwise_searchBackwards,BestFirst_direction,DecisionTable_evaluationMeasure,DecisionTable_crossVal,J48_minNumObj,SimpleCart_heuristic,J48_useMDLcorrection,J48_collapseTree,J48_doNotMakeSplitPointActualValue,SimpleCart_usePrune,SimpleCart_numFoldsPruning,SimpleCart_useOneSE,J48_useLaplace,DecisionTable_useIBk,J48_pruning,J48_confidenceFactorValue,JRip,J48_subtreeRaising,JRip_checkErrorRate,JRip_minNo,JRip_usePruning,J48_numFolds,JRip_optimizations,JRip_folds"
44,90,0.88117647,1.00000000,1.00000000,1.00000000,1.00000000,0007,0034,0054,0.57410899,"Aggregator,DecisionTable,PART,PART_pruning,SimpleCart,J48,PART_minNumObj,PART_confidenceFactorValue,PART_useMDLcorrection,PART_binarySplits,PART_numFolds,PART_doNotMakeSplitPointActualValue,SimpleCart_minNumObj,J48_collapseTree,J48_doNotMakeSplitPointActualValue,DecisionTable_crossVal,J48_minNumObj,DecisionTable_evaluationMeasure,J48_binarySplits,DecisionTable_search,GreedyStepwise_searchBackwards,BestFirst_searchTermination,BestFirst_direction,GreedyStepwise_conservativeForwardSelection,J48_useLaplace,SimpleCart_usePrune,SimpleCart_numFoldsPruning,SimpleCart_useOneSE,SimpleCart_heuristic,J48_useMDLcorrection,DecisionTable_useIBk,J48_pruning,JRip,J48_subtreeRaising,JRip_checkErrorRate,J48_confidenceFactorValue,J48_numFolds,JRip_minNo,JRip_usePruning,JRip_optimizations,JRip_folds"
45,90,0.97176471,1.00000000,1.00000000,1.00000000,1.00000000,0006,0034,0054,0.57410899,"Aggregator,SimpleCart,PART,J48,DecisionTable,PART_doNotMakeSplitPointActualValue,PART_useMDLcorrection,PART_binarySplits,PART_pruning,PART_minNumObj,PART_confidenceFactorValue,PART_numFolds,SimpleCart_minNumObj,DecisionTable_search,J48_binarySplits,BestFirst_searchTermination,GreedyStepwise_conservativeForwardSelection,GreedyStepwise_searchBackwards,BestFirst_direction,DecisionTable_crossVal,J48_minNumObj,SimpleCart_usePrune,SimpleCart_useOneSE,SimpleCart_numFoldsPruning,DecisionTable_evaluationMeasure,SimpleCart_heuristic,J48_doNotMakeSplitPointActualValue,DecisionTable_useIBk,J48_useLaplace,J48_collapseTree,J48_pruning,JRip,J48_confidenceFactorValue,JRip_checkErrorRate,J48_numFolds,J48_subtreeRaising,JRip_usePruning,JRip_folds,JRip_optimizations,J48_useMDLcorrection,JRip_minNo"
46,90,0.96980392,1.00000000,1.00000000,1.00000000,1.00000000,0008,0034,0054,0.57410899,"PART,PART_minNumObj,SimpleCart,Aggregator,J48,DecisionTable,PART_doNotMakeSplitPointActualValue,PART_pruning,PART_useMDLcorrection,PART_binarySplits,PART_numFolds,PART_confidenceFactorValue,J48_minNumObj,DecisionTable_crossVal,DecisionTable_useIBk,J48_useLaplace,J48_collapseTree,DecisionTable_search,GreedyStepwise_conservativeForwardSelection,J48_binarySplits,BestFirst_searchTermination,GreedyStepwise_searchBackwards,BestFirst_direction,SimpleCart_minNumObj,J48_useMDLcorrection,SimpleCart_heuristic,DecisionTable_evaluationMeasure,J48_pruning,J48_doNotMakeSplitPointActualValue,J48_subtreeRaising,JRip,J48_confidenceFactorValue,JRip_usePruning,JRip_optimizations,JRip_folds,J48_numFolds,JRip_minNo,SimpleCart_usePrune,JRip_checkErrorRate,SimpleCart_numFoldsPruning,SimpleCart_useOneSE"
47,90,0.84333333,1.00000000,1.00000000,1.00000000,1.00000000,0006,0034,0054,0.57410899,"SimpleCart,DecisionTable,PART,PART_useMDLcorrection,Aggregator,PART_minNumObj,J48,PART_binarySplits,PART_doNotMakeSplitPointActualValue,PART_pruning,PART_confidenceFactorValue,PART_numFolds,J48_collapseTree,SimpleCart_minNumObj,J48_minNumObj,DecisionTable_crossVal,J48_pruning,J48_doNotMakeSplitPointActualValue,DecisionTable_evaluationMeasure,J48_confidenceFactorValue,JRip,J48_subtreeRaising,SimpleCart_heuristic,J48_numFolds,JRip_usePruning,JRip_optimizations,JRip_folds,JRip_minNo,DecisionTable_search,J48_binarySplits,BestFirst_direction,BestFirst_searchTermination,GreedyStepwise_searchBackwards,GreedyStepwise_conservativeForwardSelection,JRip_checkErrorRate,J48_useLaplace,DecisionTable_useIBk,SimpleCart_usePrune,J48_useMDLcorrection,SimpleCart_numFoldsPruning,SimpleCart_useOneSE"
48,90,0.97647059,1.00000000,1.00000000,1.00000000,0.98343685,0006,0050,0054,0.57410899,"PART,J48,PART_doNotMakeSplitPointActualValue,PART_minNumObj,Aggregator,PART_binarySplits,PART_pruning,DecisionTable,PART_useMDLcorrection,SimpleCart,PART_numFolds,PART_confidenceFactorValue,BestFirst_searchTermination,SimpleCart_useOneSE,J48_confidenceFactorValue,J48_subtreeRaising,SimpleCart_numFoldsPruning,GreedyStepwise_conservativeForwardSelection,JRip_folds,GreedyStepwise_searchBackwards,JRip_optimizations,BestFirst_direction,SimpleCart_minNumObj,DecisionTable_evaluationMeasure,SimpleCart_usePrune,DecisionTable_useIBk,J48_collapseTree,J48_binarySplits,DecisionTable_search,J48_minNumObj,DecisionTable_crossVal,J48_doNotMakeSplitPointActualValue,J48_useMDLcorrection,J48_pruning,SimpleCart_heuristic,JRip,JRip_checkErrorRate,J48_numFolds,J48_useLaplace,JRip_usePruning,JRip_minNo"
49,90,0.97539216,1.00000000,1.00000000,1.00000000,1.00000000,0006,0034,0054,0.57410899,"J48,SimpleCart,DecisionTable,Aggregator,PART,PART_doNotMakeSplitPointActualValue,PART_pruning,PART_minNumObj,PART_useMDLcorrection,PART_binarySplits,PART_confidenceFactorValue,PART_numFolds,DecisionTable_useIBk,J48_pruning,SimpleCart_heuristic,DecisionTable_evaluationMeasure,J48_confidenceFactorValue,J48_doNotMakeSplitPointActualValue,J48_collapseTree,JRip,J48_subtreeRaising,J48_numFolds,J48_useLaplace,J48_minNumObj,DecisionTable_crossVal,JRip_usePruning,JRip_optimizations,JRip_folds,JRip_minNo,DecisionTable_search,J48_binarySplits,SimpleCart_minNumObj,GreedyStepwise_conservativeForwardSelection,GreedyStepwise_searchBackwards,BestFirst_searchTermination,BestFirst_direction,SimpleCart_usePrune,JRip_checkErrorRate,SimpleCart_numFoldsPruning,SimpleCart_useOneSE,J48_useMDLcorrection"
50,90,0.97058824,1.00000000,1.00000000,1.00000000,1.00000000,0006,0034,0054,0.57410899,"J48,Aggregator,PART,DecisionTable,PART_minNumObj,SimpleCart,PART_pruning,PART_useMDLcorrection,PART_confidenceFactorValue,PART_binarySplits,PART_numFolds,PART_doNotMakeSplitPointActualValue,DecisionTable_evaluationMeasure,SimpleCart_heuristic,J48_useMDLcorrection,DecisionTable_search,BestFirst_searchTermination,GreedyStepwise_conservativeForwardSelection,GreedyStepwise_searchBackwards,J48_binarySplits,SimpleCart_minNumObj,BestFirst_direction,SimpleCart_usePrune,SimpleCart_numFoldsPruning,SimpleCart_useOneSE,DecisionTable_useIBk,DecisionTable_crossVal,J48_minNumObj,J48_pruning,JRip,J48_confidenceFactorValue,J48_collapseTree,J48_doNotMakeSplitPointActualValue,J48_subtreeRaising,JRip_checkErrorRate,J48_numFolds,J48_useLaplace,JRip_minNo,JRip_usePruning,JRip_optimizations,JRip_folds"
51,90,0.97303922,1.00000000,1.00000000,1.00000000,1.00000000,0005,0034,0054,0.57410899,"J48,PART,DecisionTable,PART_pruning,PART_binarySplits,PART_useMDLcorrection,SimpleCart,PART_confidenceFactorValue,Aggregator,PART_doNotMakeSplitPointActualValue,PART_minNumObj,PART_numFolds,SimpleCart_heuristic,SimpleCart_minNumObj,J48_useMDLcorrection,J48_minNumObj,DecisionTable_crossVal,DecisionTable_search,J48_binarySplits,BestFirst_searchTermination,GreedyStepwise_conservativeForwardSelection,GreedyStepwise_searchBackwards,BestFirst_direction,DecisionTable_useIBk,J48_useLaplace,SimpleCart_usePrune,SimpleCart_numFoldsPruning,SimpleCart_useOneSE,J48_doNotMakeSplitPointActualValue,J48_collapseTree,DecisionTable_evaluationMeasure,J48_pruning,J48_confidenceFactorValue,JRip,J48_subtreeRaising,JRip_checkErrorRate,JRip_usePruning,J48_numFolds,JRip_minNo,JRip_optimizations,JRip_folds"
52,90,0.96980392,1.00000000,1.00000000,1.00000000,1.00000000,0005,0034,0054,0.57410899,"DecisionTable,J48,PART,SimpleCart,PART_useMDLcorrection,PART_minNumObj,Aggregator,PART_doNotMakeSplitPointActualValue,PART_pruning,PART_binarySplits,PART_confidenceFactorValue,PART_numFolds,J48_minNumObj,DecisionTable_crossVal,J48_doNotMakeSplitPointActualValue,J48_useMDLcorrection,J48_useLaplace,SimpleCart_heuristic,SimpleCart_usePrune,SimpleCart_numFoldsPruning,SimpleCart_useOneSE,DecisionTable_useIBk,J48_collapseTree,J48_pruning,DecisionTable_evaluationMeasure,JRip,J48_subtreeRaising,JRip_checkErrorRate,J48_confidenceFactorValue,JRip_minNo,JRip_usePruning,J48_numFolds,JRip_folds,JRip_optimizations,DecisionTable_search,J48_binarySplits,BestFirst_direction,GreedyStepwise_searchBackwards,GreedyStepwise_conservativeForwardSelection,BestFirst_searchTermination,SimpleCart_minNumObj"
53,90,0.97647059,1.00000000,1.00000000,1.00000000,1.00000000,0006,0054,0054,0.57410899,"SimpleCart,PART,Aggregator,PART_doNotMakeSplitPointActualValue,J48,PART_pruning,PART_confidenceFactorValue,PART_minNumObj,DecisionTable,PART_binarySplits,PART_useMDLcorrection,PART_numFolds,GreedyStepwise_searchBackwards,BestFirst_direction,JRip_folds,J48_subtreeRaising,BestFirst_searchTermination,J48_confidenceFactorValue,GreedyStepwise_conservativeForwardSelection,SimpleCart_useOneSE,SimpleCart_numFoldsPruning,JRip_optimizations,J48_binarySplits,DecisionTable_search,SimpleCart_minNumObj,J48_useLaplace,J48_pruning,JRip,J48_collapseTree,DecisionTable_evaluationMeasure,J48_doNotMakeSplitPointActualValue,SimpleCart_heuristic,JRip_checkErrorRate,DecisionTable_useIBk,JRip_usePruning,SimpleCart_usePrune,JRip_minNo,J48_numFolds,J48_useMDLcorrection,J48_minNumObj,DecisionTable_crossVal"
54,90,0.95215686,1.00000000,1.00000000,1.00000000,1.00000000,0006,0034,0054,0.57410899,"SimpleCart,PART,Aggregator,DecisionTable,PART_doNotMakeSplitPointActualValue,PART_minNumObj,PART_binarySplits,PART_useMDLcorrection,J48,PART_pruning,PART_numFolds,PART_confidenceFactorValue,DecisionTable_crossVal,J48_minNumObj,DecisionTable_search,BestFirst_searchTermination,BestFirst_direction,J48_binarySplits,GreedyStepwise_conservativeForwardSelection,GreedyStepwise_searchBackwards,SimpleCart_minNumObj,J48_useMDLcorrection,SimpleCart_heuristic,J48_collapseTree,J48_pruning,J48_subtreeRaising,JRip,DecisionTable_evaluationMeasure,J48_doNotMakeSplitPointActualValue,J48_confidenceFactorValue,JRip_usePruning,JRip_folds,JRip_optimizations,DecisionTable_useIBk,JRip_minNo,SimpleCart_usePrune,JRip_checkErrorRate,J48_numFolds,SimpleCart_numFoldsPruning,SimpleCart_useOneSE,J48_useLaplace"
55,90,0.97647059,1.00000000,1.00000000,1.00000000,1.00000000,0005,0057,0054,0.57410899,"PART,PART_doNotMakeSplitPointActualValue,Aggregator,PART_useMDLcorrection,J48,PART_binarySplits,PART_pruning,SimpleCart,PART_numFolds,DecisionTable,PART_minNumObj,PART_confidenceFactorValue,JRip_optimizations,BestFirst_searchTermination,J48_subtreeRaising,SimpleCart_numFoldsPruning,GreedyStepwise_searchBackwards,J48_confidenceFactorValue,GreedyStepwise_conservativeForwardSelection,BestFirst_direction,SimpleCart_useOneSE,JRip_folds,J48_useLaplace,J48_useMDLcorrection,SimpleCart_usePrune,DecisionTable_useIBk,DecisionTable_evaluationMeasure,J48_doNotMakeSplitPointActualValue,J48_collapseTree,SimpleCart_heuristic,SimpleCart_minNumObj,DecisionTable_crossVal,J48_minNumObj,DecisionTable_search,J48_binarySplits,J48_pruning,JRip,JRip_checkErrorRate,JRip_usePruning,J48_numFolds,JRip_minNo"
56,90,0.97588235,1.00000000,1.00000000,1.00000000,1.00000000,0006,0034,0054,0.57410899,"SimpleCart,J48,DecisionTable,Aggregator,PART,PART_binarySplits,PART_minNumObj,PART_pruning,PART_useMDLcorrection,PART_doNotMakeSplitPointActualValue,PART_confidenceFactorValue,PART_numFolds,SimpleCart_minNumObj,SimpleCart_usePrune,SimpleCart_useOneSE,SimpleCart_numFoldsPruning,J48_pruning,DecisionTable_evaluationMeasure,J48_confidenceFactorValue,JRip,J48_doNotMakeSplitPointActualValue,J48_subtreeRaising,SimpleCart_heuristic,J48_collapseTree,JRip_checkErrorRate,J48_numFolds,DecisionTable_useIBk,J48_useMDLcorrection,J48_useLaplace,JRip_usePruning,JRip_minNo,JRip_optimizations,JRip_folds,J48_binarySplits,DecisionTable_search,BestFirst_direction,GreedyStepwise_conservativeForwardSelection,BestFirst_searchTermination,GreedyStepwise_searchBackwards,DecisionTable_crossVal,J48_minNumObj"
57,90,0.97647059,1.00000000,1.00000000,1.00000000,1.00000000,0007,0034,0054,0.57410899,"SimpleCart,Aggregator,DecisionTable,PART,J48,PART_doNotMakeSplitPointActualValue,PART_binarySplits,PART_pruning,PART_useMDLcorrection,PART_confidenceFactorValue,PART_minNumObj,PART_numFolds,J48_binarySplits,SimpleCart_minNumObj,DecisionTable_search,GreedyStepwise_conservativeForwardSelection,BestFirst_direction,GreedyStepwise_searchBackwards,BestFirst_searchTermination,J48_collapseTree,SimpleCart_heuristic,DecisionTable_crossVal,J48_minNumObj,DecisionTable_evaluationMeasure,J48_useMDLcorrection,J48_useLaplace,J48_doNotMakeSplitPointActualValue,SimpleCart_usePrune,SimpleCart_useOneSE,SimpleCart_numFoldsPruning,DecisionTable_useIBk,J48_pruning,JRip,JRip_checkErrorRate,J48_confidenceFactorValue,JRip_usePruning,JRip_optimizations,J48_subtreeRaising,JRip_folds,J48_numFolds,JRip_minNo"
58,90,0.95284314,1.00000000,1.00000000,1.00000000,1.00000000,0006,0066,0054,0.57410899,"J48,DecisionTable,Aggregator,PART,PART_useMDLcorrection,PART_doNotMakeSplitPointActualValue,SimpleCart,PART_minNumObj,PART_binarySplits,PART_pruning,PART_confidenceFactorValue,PART_numFolds,J48_doNotMakeSplitPointActualValue,SimpleCart_usePrune,SimpleCart_numFoldsPruning,SimpleCart_useOneSE,J48_useLaplace,DecisionTable_crossVal,J48_minNumObj,DecisionTable_search,BestFirst_direction,J48_binarySplits,BestFirst_searchTermination,GreedyStepwise_conservativeForwardSelection,GreedyStepwise_searchBackwards,SimpleCart_minNumObj,JRip_checkErrorRate,J48_useMDLcorrection,DecisionTable_useIBk,JRip_minNo,JRip_usePruning,JRip_optimizations,JRip_folds,J48_numFolds,DecisionTable_evaluationMeasure,J48_pruning,J48_collapseTree,JRip,J48_confidenceFactorValue,SimpleCart_heuristic,J48_subtreeRaising"
59,90,0.83568627,1.00000000,1.00000000,1.00000000,1.00000000,0006,0065,0054,0.57410899,"Aggregator,SimpleCart,DecisionTable,PART,PART_pruning,PART_confidenceFactorValue,J48,PART_binarySplits,PART_doNotMakeSplitPointActualValue,PART_minNumObj,PART_useMDLcorrection,PART_numFolds,J48_minNumObj,DecisionTable_crossVal,J48_useMDLcorrection,SimpleCart_usePrune,SimpleCart_useOneSE,SimpleCart_numFoldsPruning,DecisionTable_evaluationMeasure,SimpleCart_heuristic,DecisionTable_search,J48_binarySplits,SimpleCart_minNumObj,BestFirst_direction,BestFirst_searchTermination,GreedyStepwise_searchBackwards,GreedyStepwise_conservativeForwardSelection,JRip_checkErrorRate,DecisionTable_useIBk,J48_useLaplace,JRip_usePruning,JRip_optimizations,JRip_folds,J48_numFolds,JRip_minNo,J48_doNotMakeSplitPointActualValue,J48_pruning,J48_collapseTree,J48_confidenceFactorValue,J48_subtreeRaising,JRip"
60,90,0.97647059,1.00000000,1.00000000,1.00000000,1.00000000,0005,0034,0054,0.57410899,"Aggregator,J48,PART,DecisionTable,PART_minNumObj,PART_doNotMakeSplitPointActualValue,PART_binarySplits,PART_pruning,PART_numFolds,SimpleCart,PART_useMDLcorrection,PART_confidenceFactorValue,J48_doNotMakeSplitPointActualValue,SimpleCart_minNumObj,J48_collapseTree,J48_minNumObj,DecisionTable_crossVal,SimpleCart_usePrune,SimpleCart_useOneSE,SimpleCart_numFoldsPruning,SimpleCart_heuristic,DecisionTable_useIBk,J48_pruning,DecisionTable_evaluationMeasure,J48_confidenceFactorValue,J48_subtreeRaising,JRip,JRip_checkErrorRate,J48_numFolds,JRip_usePruning,JRip_minNo,J48_useLaplace,JRip_folds,J48_useMDLcorrection,JRip_optimizations,J48_binarySplits,DecisionTable_search,GreedyStepwise_searchBackwards,BestFirst_searchTermination,GreedyStepwise_conservativeForwardSelection,BestFirst_direction"
61,90,0.97647059,1.00000000,1.00000000,1.00000000,0.98343685,0006,0055,0054,0.57410899,"J48,PART,PART_minNumObj,DecisionTable,Aggregator,SimpleCart,PART_doNotMakeSplitPointActualValue,PART_binarySplits,PART_useMDLcorrection,PART_pruning,PART_numFolds,PART_confidenceFactorValue,JRip_folds,J48_confidenceFactorValue,GreedyStepwise_conservativeForwardSelection,J48_subtreeRaising,SimpleCart_numFoldsPruning,JRip_optimizations,SimpleCart_useOneSE,GreedyStepwise_searchBackwards,BestFirst_direction,BestFirst_searchTermination,SimpleCart_usePrune,DecisionTable_search,J48_binarySplits,SimpleCart_minNumObj,J48_collapseTree,DecisionTable_evaluationMeasure,J48_pruning,SimpleCart_heuristic,J48_doNotMakeSplitPointActualValue,JRip,JRip_checkErrorRate,DecisionTable_useIBk,J48_useLaplace,J48_useMDLcorrection,JRip_minNo,J48_numFolds,JRip_usePruning,DecisionTable_crossVal,J48_minNumObj"
62,90,0.91607843,1.00000000,1.00000000,1.00000000,1.00000000,0006,0076,0054,0.57410899,"DecisionTable,Aggregator,SimpleCart,J48,PART,PART_useMDLcorrection,PART_binarySplits,PART_doNotMakeSplitPointActualValue,PART_minNumObj,PART_pruning,PART_numFolds,PART_confidenceFactorValue,J48_collapseTree,SimpleCart_usePrune,SimpleCart_numFoldsPruning,SimpleCart_useOneSE,JRip_checkErrorRate,DecisionTable_useIBk,J48_useMDLcorrection,J48_useLaplace,JRip_usePruning,JRip_optimizations,JRip_folds,J48_numFolds,JRip_minNo,GreedyStepwise_searchBackwards,J48_subtreeRaising,GreedyStepwise_conservativeForwardSelection,BestFirst_searchTermination,BestFirst_direction,J48_confidenceFactorValue,J48_doNotMakeSplitPointActualValue,DecisionTable_crossVal,J48_minNumObj,DecisionTable_search,J48_binarySplits,SimpleCart_minNumObj,SimpleCart_heuristic,DecisionTable_evaluationMeasure,J48_pruning,JRip"
63,90,0.97558824,1.00000000,1.00000000,1.00000000,0.98343685,0007,0034,0054,0.57410899,"SimpleCart,Aggregator,PART,DecisionTable,PART_useMDLcorrection,J48,PART_binarySplits,PART_minNumObj,PART_doNotMakeSplitPointActualValue,PART_pruning,PART_numFolds,PART_confidenceFactorValue,DecisionTable_search,GreedyStepwise_searchBackwards,GreedyStepwise_conservativeForwardSelection,J48_binarySplits,BestFirst_searchTermination,BestFirst_direction,SimpleCart_minNumObj,J48_doNotMakeSplitPointActualValue,SimpleCart_usePrune,SimpleCart_numFoldsPruning,SimpleCart_useOneSE,J48_useLaplace,SimpleCart_heuristic,DecisionTable_evaluationMeasure,DecisionTable_crossVal,J48_minNumObj,J48_collapseTree,DecisionTable_useIBk,J48_pruning,JRip,J48_confidenceFactorValue,J48_subtreeRaising,JRip_checkErrorRate,JRip_usePruning,JRip_optimizations,J48_useMDLcorrection,J48_numFolds,JRip_minNo,JRip_folds"
64,90,0.94578431,1.00000000,1.00000000,1.00000000,1.00000000,0005,0034,0054,0.57410899,"J48,PART,PART_useMDLcorrection,PART_doNotMakeSplitPointActualValue,SimpleCart,Aggregator,PART_minNumObj,PART_pruning,PART_confidenceFactorValue,DecisionTable,PART_binarySplits,PART_numFolds,SimpleCart_heuristic,J48_minNumObj,DecisionTable_crossVal,SimpleCart_usePrune,SimpleCart_numFoldsPruning,SimpleCart_useOneSE,J48_pruning,J48_doNotMakeSplitPointActualValue,DecisionTable_evaluationMeasure,JRip,J48_confidenceFactorValue,J48_subtreeRaising,JRip_checkErrorRate,J48_collapseTree,J48_numFolds,J48_useLaplace,JRip_usePruning,JRip_minNo,DecisionTable_useIBk,JRip_optimizations,J48_useMDLcorrection,JRip_folds,BestFirst_searchTermination,GreedyStepwise_conservativeForwardSelection,BestFirst_direction,GreedyStepwise_searchBackwards,DecisionTable_search,J48_binarySplits,SimpleCart_minNumObj"
65,90,0.96980392,1.00000000,1.00000000,1.00000000,1.00000000,0005,0034,0054,0.57410899,"Aggregator,SimpleCart,J48,PART,PART_pruning,DecisionTable,PART_doNotMakeSplitPointActualValue,PART_minNumObj,PART_useMDLcorrection,PART_numFolds,PART_confidenceFactorValue,PART_binarySplits,DecisionTable_evaluationMeasure,DecisionTable_crossVal,J48_minNumObj,J48_pruning,JRip,J48_subtreeRaising,J48_collapseTree,SimpleCart_heuristic,J48_doNotMakeSplitPointActualValue,J48_confidenceFactorValue,JRip_checkErrorRate,JRip_minNo,SimpleCart_usePrune,J48_useMDLcorrection,J48_numFolds,SimpleCart_numFoldsPruning,SimpleCart_useOneSE,JRip_usePruning,J48_useLaplace,JRip_optimizations,DecisionTable_useIBk,JRip_folds,BestFirst_searchTermination,GreedyStepwise_searchBackwards,GreedyStepwise_conservativeForwardSelection,BestFirst_direction,SimpleCart_minNumObj,J48_binarySplits,DecisionTable_search"
66,90,0.87686275,1.00000000,1.00000000,1.00000000,1.00000000,0007,0034,0054,0.57410899,"Aggregator,DecisionTable,SimpleCart,J48,PART,PART_pruning,PART_useMDLcorrection,PART_confidenceFactorValue,PART_minNumObj,PART_numFolds,PART_doNotMakeSplitPointActualValue,PART_binarySplits,J48_collapseTree,DecisionTable_crossVal,J48_minNumObj,DecisionTable_useIBk,DecisionTable_evaluationMeasure,J48_pruning,J48_doNotMakeSplitPointActualValue,SimpleCart_heuristic,J48_subtreeRaising,JRip,J48_confidenceFactorValue,J48_numFolds,JRip_usePruning,JRip_folds,JRip_optimizations,JRip_checkErrorRate,J48_useMDLcorrection,SimpleCart_usePrune,J48_useLaplace,JRip_minNo,SimpleCart_numFoldsPruning,SimpleCart_useOneSE,DecisionTable_search,J48_binarySplits,BestFirst_direction,GreedyStepwise_searchBackwards,GreedyStepwise_conservativeForwardSelection,BestFirst_searchTermination,SimpleCart_minNumObj"
67,90,0.84784314,1.00000000,1.00000000,0.97722960,1.00000000,0007,0060,0054,0.57410899,"J48,DecisionTable,Aggregator,SimpleCart,PART,PART_binarySplits,PART_useMDLcorrection,PART_doNotMakeSplitPointActualValue,PART_pruning,PART_numFolds,PART_minNumObj,PART_confidenceFactorValue,BestFirst_searchTermination,GreedyStepwise_searchBackwards,J48_subtreeRaising,JRip_folds,SimpleCart_numFoldsPruning,JRip_optimizations,SimpleCart_useOneSE,BestFirst_direction,GreedyStepwise_conservativeForwardSelection,J48_confidenceFactorValue,J48_pruning,JRip,J48_collapseTree,J48_doNotMakeSplitPointActualValue,SimpleCart_heuristic,DecisionTable_evaluationMeasure,J48_minNumObj,DecisionTable_crossVal,J48_binarySplits,SimpleCart_minNumObj,DecisionTable_search,J48_numFolds,DecisionTable_useIBk,JRip_minNo,JRip_usePruning,J48_useLaplace,JRip_checkErrorRate,J48_useMDLcorrection,SimpleCart_usePrune"
68,90,0.96980392,1.00000000,1.00000000,1.00000000,1.00000000,0006,0034,0054,0.57410899,"DecisionTable,PART,PART_useMDLcorrection,PART_doNotMakeSplitPointActualValue,PART_binarySplits,J48,PART_minNumObj,SimpleCart,Aggregator,PART_pruning,PART_confidenceFactorValue,PART_numFolds,SimpleCart_usePrune,SimpleCart_useOneSE,SimpleCart_numFoldsPruning,J48_useLaplace,SimpleCart_heuristic,J48_doNotMakeSplitPointActualValue,DecisionTable_useIBk,SimpleCart_minNumObj,DecisionTable_evaluationMeasure,J48_binarySplits,DecisionTable_search,BestFirst_direction,BestFirst_searchTermination,GreedyStepwise_searchBackwards,GreedyStepwise_conservativeForwardSelection,J48_pruning,J48_collapseTree,JRip,J48_confidenceFactorValue,J48_subtreeRaising,JRip_checkErrorRate,J48_numFolds,JRip_minNo,JRip_usePruning,JRip_folds,JRip_optimizations,J48_useMDLcorrection,J48_minNumObj,DecisionTable_crossVal"
69,90,0.92137255,1.00000000,1.00000000,1.00000000,1.00000000,0006,0053,0054,0.57410899,"SimpleCart,Aggregator,J48,DecisionTable,PART,PART_doNotMakeSplitPointActualValue,PART_minNumObj,PART_binarySplits,PART_useMDLcorrection,PART_pruning,PART_confidenceFactorValue,PART_numFolds,SimpleCart_useOneSE,GreedyStepwise_searchBackwards,GreedyStepwise_conservativeForwardSelection,J48_subtreeRaising,BestFirst_searchTermination,BestFirst_direction,SimpleCart_numFoldsPruning,J48_confidenceFactorValue,JRip_folds,JRip_optimizations,SimpleCart_usePrune,J48_useMDLcorrection,J48_doNotMakeSplitPointActualValue,J48_pruning,J48_collapseTree,DecisionTable_evaluationMeasure,JRip,SimpleCart_heuristic,JRip_checkErrorRate,JRip_usePruning,J48_numFolds,JRip_minNo,J48_useLaplace,DecisionTable_useIBk,DecisionTable_crossVal,J48_minNumObj,SimpleCart_minNumObj,DecisionTable_search,J48_binarySplits"
70,90,0.83568627,1.00000000,1.00000000,1.00000000,1.00000000,0006,0034,0054,0.57410899,"PART,PART_pruning,DecisionTable,PART_doNotMakeSplitPointActualValue,PART_useMDLcorrection,J48,PART_binarySplits,PART_confidenceFactorValue,Aggregator,PART_numFolds,SimpleCart,PART_minNumObj,SimpleCart_minNumObj,J48_minNumObj,DecisionTable_crossVal,DecisionTable_evaluationMeasure,J48_doNotMakeSplitPointActualValue,J48_pruning,J48_subtreeRaising,J48_collapseTree,SimpleCart_heuristic,JRip,J48_confidenceFactorValue,JRip_checkErrorRate,JRip_usePruning,JRip_minNo,DecisionTable_useIBk,J48_useLaplace,J48_useMDLcorrection,J48_numFolds,SimpleCart_usePrune,JRip_folds,SimpleCart_useOneSE,JRip_optimizations,SimpleCart_numFoldsPruning,BestFirst_searchTermination,GreedyStepwise_conservativeForwardSelection,BestFirst_direction,GreedyStepwise_searchBackwards,J48_binarySplits,DecisionTable_search"
71,90,0.85529412,1.00000000,1.00000000,1.00000000,1.00000000,0006,0083,0054,0.57410899,"PART,J48,PART_pruning,PART_doNotMakeSplitPointActualValue,SimpleCart,PART_numFolds,PART_minNumObj,Aggregator,DecisionTable,PART_useMDLcorrection,PART_confidenceFactorValue,PART_binarySplits,GreedyStepwise_conservativeForwardSelection,GreedyStepwise_searchBackwards,SimpleCart_numFoldsPruning,SimpleCart_useOneSE,BestFirst_direction,J48_confidenceFactorValue,JRip_folds,JRip_optimizations,J48_subtreeRaising,BestFirst_searchTermination,SimpleCart_heuristic,J48_minNumObj,DecisionTable_crossVal,J48_useMDLcorrection,J48_useLaplace,DecisionTable_evaluationMeasure,DecisionTable_search,J48_binarySplits,SimpleCart_minNumObj,J48_doNotMakeSplitPointActualValue,SimpleCart_usePrune,JRip_checkErrorRate,DecisionTable_useIBk,JRip_usePruning,J48_numFolds,JRip_minNo,J48_pruning,JRip,J48_collapseTree"
72,90,0.97647059,1.00000000,1.00000000,1.00000000,1.00000000,0006,0063,0054,0.57410899,"J48,PART,Aggregator,PART_minNumObj,SimpleCart,DecisionTable,PART_useMDLcorrection,PART_pruning,PART_doNotMakeSplitPointActualValue,PART_binarySplits,PART_confidenceFactorValue,PART_numFolds,J48_subtreeRaising,BestFirst_searchTermination,JRip_optimizations,SimpleCart_useOneSE,J48_confidenceFactorValue,SimpleCart_numFoldsPruning,GreedyStepwise_conservativeForwardSelection,GreedyStepwise_searchBackwards,JRip_folds,BestFirst_direction,J48_pruning,J48_doNotMakeSplitPointActualValue,JRip,DecisionTable_evaluationMeasure,SimpleCart_heuristic,J48_collapseTree,JRip_minNo,DecisionTable_search,J48_binarySplits,SimpleCart_minNumObj,J48_useMDLcorrection,DecisionTable_crossVal,J48_minNumObj,DecisionTable_useIBk,JRip_usePruning,J48_useLaplace,JRip_checkErrorRate,SimpleCart_usePrune,J48_numFolds"
73,90,0.96892157,1.00000000,1.00000000,1.00000000,1.00000000,0006,0052,0054,0.57410899,"SimpleCart,Aggregator,DecisionTable,J48,PART,PART_binarySplits,PART_useMDLcorrection,PART_doNotMakeSplitPointActualValue,PART_minNumObj,PART_pruning,PART_numFolds,PART_confidenceFactorValue,BestFirst_searchTermination,GreedyStepwise_conservativeForwardSelection,J48_confidenceFactorValue,J48_subtreeRaising,JRip_folds,GreedyStepwise_searchBackwards,JRip_optimizations,BestFirst_direction,SimpleCart_useOneSE,SimpleCart_numFoldsPruning,J48_collapseTree,J48_useLaplace,DecisionTable_useIBk,J48_pruning,J48_doNotMakeSplitPointActualValue,SimpleCart_heuristic,DecisionTable_evaluationMeasure,JRip,J48_numFolds,DecisionTable_search,J48_binarySplits,SimpleCart_minNumObj,J48_minNumObj,DecisionTable_crossVal,SimpleCart_usePrune,JRip_checkErrorRate,JRip_usePruning,JRip_minNo,J48_useMDLcorrection"
74,90,0.93205882,1.00000000,1.00000000,1.00000000,1.00000000,0006,0034,0054,0.57410899,"SimpleCart,DecisionTable,Aggregator,J48,PART,PART_doNotMakeSplitPointActualValue,PART_minNumObj,PART_useMDLcorrection,PART_binarySplits,PART_pruning,PART_confidenceFactorValue,PART_numFolds,SimpleCart_usePrune,SimpleCart_numFoldsPruning,SimpleCart_useOneSE,DecisionTable_useIBk,J48_useMDLcorrection,DecisionTable_search,BestFirst_direction,GreedyStepwise_conservativeForwardSelection,BestFirst_searchTermination,J48_binarySplits,GreedyStepwise_searchBackwards,SimpleCart_minNumObj,J48_useLaplace,J48_collapseTree,SimpleCart_heuristic,J48_doNotMakeSplitPointActualValue,DecisionTable_crossVal,J48_minNumObj,J48_pruning,DecisionTable_evaluationMeasure,J48_subtreeRaising,JRip,J48_confidenceFactorValue,JRip_checkErrorRate,J48_numFolds,JRip_minNo,JRip_usePruning,JRip_folds,JRip_optimizations"
75,90,0.97225490,1.00000000,1.00000000,1.00000000,1.00000000,0005,0034,0054,0.57410899,"DecisionTable,J48,PART,SimpleCart,PART_doNotMakeSplitPointActualValue,Aggregator,PART_minNumObj,PART_useMDLcorrection,PART_pruning,PART_binarySplits,PART_confidenceFactorValue,PART_numFolds,SimpleCart_heuristic,J48_useMDLcorrection,J48_collapseTree,J48_doNotMakeSplitPointActualValue,SimpleCart_usePrune,SimpleCart_numFoldsPruning,SimpleCart_useOneSE,DecisionTable_crossVal,J48_minNumObj,DecisionTable_evaluationMeasure,J48_useLaplace,DecisionTable_useIBk,J48_binarySplits,SimpleCart_minNumObj,DecisionTable_search,GreedyStepwise_conservativeForwardSelection,BestFirst_searchTermination,GreedyStepwise_searchBackwards,BestFirst_direction,J48_pruning,J48_confidenceFactorValue,J48_subtreeRaising,JRip,JRip_checkErrorRate,JRip_usePruning,J48_numFolds,JRip_minNo,JRip_folds,JRip_optimizations"
76,90,0.96774510,1.00000000,1.00000000,1.00000000,1.00000000,0006,0034,0054,0.57410899,"J48,DecisionTable,SimpleCart,PART,Aggregator,PART_pruning,PART_minNumObj,PART_numFolds,PART_doNotMakeSplitPointActualValue,PART_useMDLcorrection,PART_confidenceFactorValue,PART_binarySplits,DecisionTable_evaluationMeasure,J48_collapseTree,SimpleCart_heuristic,DecisionTable_search,GreedyStepwise_searchBackwards,GreedyStepwise_conservativeForwardSelection,BestFirst_direction,BestFirst_searchTermination,J48_binarySplits,SimpleCart_minNumObj,J48_useMDLcorrection,J48_doNotMakeSplitPointActualValue,J48_minNumObj,DecisionTable_crossVal,J48_pruning,JRip,J48_subtreeRaising,J48_confidenceFactorValue,JRip_usePruning,JRip_optimizations,JRip_folds,JRip_minNo,J48_numFolds,JRip_checkErrorRate,SimpleCart_usePrune,DecisionTable_useIBk,J48_useLaplace,SimpleCart_useOneSE,SimpleCart_numFoldsPruning"
77,90,0.97647059,1.00000000,1.00000000,1.00000000,1.00000000,0007,0034,0054,0.57410899,"SimpleCart,DecisionTable,J48,PART,Aggregator,PART_doNotMakeSplitPointActualValue,PART_minNumObj,PART_binarySplits,PART_useMDLcorrection,PART_pruning,PART_numFolds,PART_confidenceFactorValue,SimpleCart_minNumObj,J48_doNotMakeSplitPointActualValue,J48_binarySplits,DecisionTable_search,BestFirst_direction,BestFirst_searchTermination,GreedyStepwise_searchBackwards,GreedyStepwise_conservativeForwardSelection,DecisionTable_crossVal,J48_minNumObj,DecisionTable_evaluationMeasure,J48_collapseTree,J48_useMDLcorrection,SimpleCart_usePrune,SimpleCart_useOneSE,SimpleCart_numFoldsPruning,J48_pruning,JRip,JRip_checkErrorRate,SimpleCart_heuristic,J48_subtreeRaising,J48_confidenceFactorValue,DecisionTable_useIBk,JRip_minNo,J48_useLaplace,J48_numFolds,JRip_usePruning,JRip_optimizations,JRip_folds"
78,90,0.89078431,1.00000000,1.00000000,1.00000000,1.00000000,0006,0050,0054,0.57410899,"DecisionTable,J48,PART,PART_useMDLcorrection,SimpleCart,Aggregator,PART_minNumObj,PART_pruning,PART_doNotMakeSplitPointActualValue,PART_binarySplits,PART_confidenceFactorValue,PART_numFolds,JRip_optimizations,JRip_folds,GreedyStepwise_conservativeForwardSelection,SimpleCart_useOneSE,BestFirst_searchTermination,GreedyStepwise_searchBackwards,J48_subtreeRaising,J48_confidenceFactorValue,SimpleCart_numFoldsPruning,BestFirst_direction,J48_minNumObj,DecisionTable_crossVal,DecisionTable_useIBk,SimpleCart_minNumObj,DecisionTable_search,J48_binarySplits,J48_collapseTree,J48_doNotMakeSplitPointActualValue,SimpleCart_usePrune,J48_useLaplace,SimpleCart_heuristic,J48_useMDLcorrection,J48_pruning,DecisionTable_evaluationMeasure,JRip,JRip_checkErrorRate,J48_numFolds,JRip_usePruning,JRip_minNo"
79,90,0.95019608,1.00000000,1.00000000,1.00000000,1.00000000,0006,0055,0054,0.57410899,"SimpleCart,J48,DecisionTable,Aggregator,PART,PART_minNumObj,PART_doNotMakeSplitPointActualValue,PART_binarySplits,PART_useMDLcorrection,PART_pruning,PART_numFolds,PART_confidenceFactorValue,J48_subtreeRaising,BestFirst_searchTermination,SimpleCart_useOneSE,GreedyStepwise_searchBackwards,SimpleCart_numFoldsPruning,JRip_folds,J48_confidenceFactorValue,JRip_optimizations,BestFirst_direction,GreedyStepwise_conservativeForwardSelection,J48_minNumObj,DecisionTable_crossVal,DecisionTable_search,J48_binarySplits,SimpleCart_minNumObj,J48_doNotMakeSplitPointActualValue,DecisionTable_evaluationMeasure,DecisionTable_useIBk,J48_useMDLcorrection,SimpleCart_heuristic,J48_collapseTree,J48_pruning,JRip,JRip_minNo,JRip_checkErrorRate,J48_useLaplace,SimpleCart_usePrune,J48_numFolds,JRip_usePruning"
80,90,0.97647059,1.00000000,1.00000000,1.00000000,1.00000000,0006,0051,0054,0.57410899,"PART,Aggregator,PART_binarySplits,PART_minNumObj,PART_pruning,SimpleCart,PART_confidenceFactorValue,PART_doNotMakeSplitPointActualValue,PART_useMDLcorrection,J48,DecisionTable,PART_numFolds,J48_confidenceFactorValue,SimpleCart_numFoldsPruning,JRip_optimizations,J48_subtreeRaising,BestFirst_searchTermination,GreedyStepwise_conservativeForwardSelection,SimpleCart_useOneSE,JRip_folds,GreedyStepwise_searchBackwards,BestFirst_direction,J48_collapseTree,SimpleCart_heuristic,J48_minNumObj,DecisionTable_crossVal,DecisionTable_search,J48_binarySplits,SimpleCart_minNumObj,J48_useLaplace,SimpleCart_usePrune,JRip_checkErrorRate,DecisionTable_useIBk,J48_useMDLcorrection,J48_doNotMakeSplitPointActualValue,DecisionTable_evaluationMeasure,J48_pruning,JRip,J48_numFolds,JRip_minNo,JRip_usePruning"
81,90,0.97647059,1.00000000,1.00000000,1.00000000,1.00000000,0006,0034,0054,0.57410899,"Aggregator,PART,J48,PART_useMDLcorrection,SimpleCart,DecisionTable,PART_doNotMakeSplitPointActualValue,PART_binarySplits,PART_minNumObj,PART_pruning,PART_confidenceFactorValue,PART_numFolds,SimpleCart_usePrune,SimpleCart_numFoldsPruning,SimpleCart_useOneSE,J48_useLaplace,J48_useMDLcorrection,J48_collapseTree,DecisionTable_evaluationMeasure,J48_minNumObj,DecisionTable_crossVal,SimpleCart_heuristic,SimpleCart_minNumObj,DecisionTable_search,BestFirst_direction,J48_binarySplits,GreedyStepwise_searchBackwards,GreedyStepwise_conservativeForwardSelection,BestFirst_searchTermination,J48_doNotMakeSplitPointActualValue,DecisionTable_useIBk,J48_pruning,J48_confidenceFactorValue,JRip,J48_subtreeRaising,JRip_checkErrorRate,JRip_usePruning,J48_numFolds,JRip_minNo,JRip_folds,JRip_optimizations"
82,90,0.95274510,1.00000000,1.00000000,0.97722960,1.00000000,0006,0055,0054,0.57410899,"J48,DecisionTable,SimpleCart,PART,Aggregator,PART_doNotMakeSplitPointActualValue,PART_useMDLcorrection,PART_minNumObj,PART_pruning,PART_binarySplits,PART_numFolds,PART_confidenceFactorValue,BestFirst_direction,J48_confidenceFactorValue,GreedyStepwise_searchBackwards,SimpleCart_useOneSE,SimpleCart_numFoldsPruning,JRip_optimizations,JRip_folds,GreedyStepwise_conservativeForwardSelection,BestFirst_searchTermination,J48_subtreeRaising,J48_useMDLcorrection,SimpleCart_heuristic,J48_useLaplace,DecisionTable_evaluationMeasure,J48_binarySplits,DecisionTable_search,SimpleCart_minNumObj,J48_minNumObj,DecisionTable_crossVal,J48_doNotMakeSplitPointActualValue,J48_pruning,J48_collapseTree,JRip,JRip_minNo,JRip_usePruning,JRip_checkErrorRate,DecisionTable_useIBk,SimpleCart_usePrune,J48_numFolds"
83,90,0.94813725,1.00000000,1.00000000,0.97722960,1.00000000,0006,0034,0054,0.57410899,"SimpleCart,Aggregator,J48,DecisionTable,PART,PART_minNumObj,PART_doNotMakeSplitPointActualValue,PART_useMDLcorrection,PART_pruning,PART_binarySplits,PART_confidenceFactorValue,PART_numFolds,DecisionTable_crossVal,J48_minNumObj,DecisionTable_useIBk,J48_doNotMakeSplitPointActualValue,J48_useMDLcorrection,J48_collapseTree,SimpleCart_heuristic,SimpleCart_minNumObj,J48_pruning,DecisionTable_evaluationMeasure,J48_confidenceFactorValue,JRip,J48_subtreeRaising,SimpleCart_useOneSE,JRip_folds,JRip_optimizations,SimpleCart_numFoldsPruning,BestFirst_direction,GreedyStepwise_conservativeForwardSelection,BestFirst_searchTermination,GreedyStepwise_searchBackwards,JRip_checkErrorRate,SimpleCart_usePrune,J48_useLaplace,JRip_minNo,J48_numFolds,JRip_usePruning,J48_binarySplits,DecisionTable_search"
84,90,0.95294118,1.00000000,1.00000000,1.00000000,1.00000000,0006,0048,0054,0.57410899,"SimpleCart,J48,PART,PART_binarySplits,DecisionTable,PART_doNotMakeSplitPointActualValue,PART_minNumObj,Aggregator,PART_pruning,PART_confidenceFactorValue,PART_useMDLcorrection,PART_numFolds,BestFirst_searchTermination,J48_subtreeRaising,SimpleCart_useOneSE,GreedyStepwise_conservativeForwardSelection,J48_confidenceFactorValue,SimpleCart_numFoldsPruning,BestFirst_direction,GreedyStepwise_searchBackwards,JRip_optimizations,JRip_folds,DecisionTable_search,J48_binarySplits,SimpleCart_minNumObj,J48_pruning,J48_doNotMakeSplitPointActualValue,JRip,SimpleCart_heuristic,J48_collapseTree,DecisionTable_evaluationMeasure,DecisionTable_useIBk,J48_minNumObj,DecisionTable_crossVal,J48_numFolds,JRip_usePruning,JRip_checkErrorRate,J48_useMDLcorrection,J48_useLaplace,SimpleCart_usePrune,JRip_minNo"
85,90,0.97647059,1.00000000,1.00000000,1.00000000,1.00000000,0006,0034,0054,0.57410899,"SimpleCart,J48,DecisionTable,PART,Aggregator,PART_doNotMakeSplitPointActualValue,PART_minNumObj,PART_useMDLcorrection,PART_pruning,PART_binarySplits,PART_numFolds,PART_confidenceFactorValue,DecisionTable_search,BestFirst_direction,GreedyStepwise_conservativeForwardSelection,J48_binarySplits,GreedyStepwise_searchBackwards,BestFirst_searchTermination,SimpleCart_minNumObj,DecisionTable_evaluationMeasure,SimpleCart_usePrune,SimpleCart_numFoldsPruning,SimpleCart_useOneSE,DecisionTable_crossVal,J48_minNumObj,J48_useMDLcorrection,J48_pruning,J48_doNotMakeSplitPointActualValue,SimpleCart_heuristic,J48_confidenceFactorValue,J48_collapseTree,JRip,JRip_checkErrorRate,J48_subtreeRaising,JRip_usePruning,JRip_optimizations,J48_numFolds,J48_useLaplace,JRip_minNo,DecisionTable_useIBk,JRip_folds"
86,90,0.84274510,1.00000000,1.00000000,1.00000000,1.00000000,0006,0068,0054,0.57410899,"J48,Aggregator,SimpleCart,DecisionTable,PART,PART_binarySplits,PART_useMDLcorrection,PART_doNotMakeSplitPointActualValue,PART_minNumObj,PART_pruning,PART_confidenceFactorValue,PART_numFolds,J48_collapseTree,SimpleCart_minNumObj,J48_useMDLcorrection,DecisionTable_evaluationMeasure,SimpleCart_usePrune,SimpleCart_useOneSE,SimpleCart_numFoldsPruning,DecisionTable_crossVal,J48_minNumObj,JRip_checkErrorRate,J48_useLaplace,DecisionTable_useIBk,J48_numFolds,JRip_minNo,JRip_usePruning,JRip_optimizations,JRip_folds,J48_subtreeRaising,BestFirst_direction,GreedyStepwise_searchBackwards,BestFirst_searchTermination,GreedyStepwise_conservativeForwardSelection,J48_confidenceFactorValue,J48_doNotMakeSplitPointActualValue,SimpleCart_heuristic,DecisionTable_search,J48_binarySplits,J48_pruning,JRip"
87,90,0.84666667,1.00000000,1.00000000,1.00000000,1.00000000,0006,0061,0054,0.57410899,"SimpleCart,J48,DecisionTable,Aggregator,PART,PART_minNumObj,PART_pruning,PART_useMDLcorrection,PART_doNotMakeSplitPointActualValue,PART_numFolds,PART_binarySplits,PART_confidenceFactorValue,SimpleCart_heuristic,DecisionTable_crossVal,J48_minNumObj,SimpleCart_minNumObj,J48_useMDLcorrection,J48_doNotMakeSplitPointActualValue,J48_collapseTree,SimpleCart_usePrune,SimpleCart_useOneSE,SimpleCart_numFoldsPruning,J48_useLaplace,J48_binarySplits,DecisionTable_search,GreedyStepwise_searchBackwards,BestFirst_direction,BestFirst_searchTermination,GreedyStepwise_conservativeForwardSelection,JRip_checkErrorRate,DecisionTable_useIBk,JRip_usePruning,JRip_folds,JRip_optimizations,JRip_minNo,J48_numFolds,J48_pruning,JRip,DecisionTable_evaluationMeasure,J48_confidenceFactorValue,J48_subtreeRaising"
88,90,0.97588235,1.00000000,1.00000000,1.00000000,1.00000000,0006,0034,0054,0.57410899,"Aggregator,DecisionTable,PART,SimpleCart,PART_minNumObj,PART_binarySplits,J48,PART_pruning,PART_doNotMakeSplitPointActualValue,PART_numFolds,PART_confidenceFactorValue,PART_useMDLcorrection,SimpleCart_heuristic,DecisionTable_search,GreedyStepwise_searchBackwards,BestFirst_direction,J48_binarySplits,GreedyStepwise_conservativeForwardSelection,BestFirst_searchTermination,SimpleCart_minNumObj,DecisionTable_crossVal,J48_minNumObj,J48_collapseTree,J48_pruning,DecisionTable_evaluationMeasure,J48_doNotMakeSplitPointActualValue,JRip,J48_confidenceFactorValue,J48_subtreeRaising,JRip_usePruning,JRip_optimizations,JRip_folds,JRip_minNo,JRip_checkErrorRate,J48_useLaplace,J48_numFolds,J48_useMDLcorrection,DecisionTable_useIBk,SimpleCart_usePrune,SimpleCart_numFoldsPruning,SimpleCart_useOneSE"
89,90,0.97647059,1.00000000,1.00000000,1.00000000,1.00000000,0006,0034,0054,0.57410899,"DecisionTable,PART,SimpleCart,PART_minNumObj,PART_pruning,PART_confidenceFactorValue,PART_useMDLcorrection,J48,Aggregator,PART_binarySplits,PART_doNotMakeSplitPointActualValue,PART_numFolds,J48_useLaplace,SimpleCart_usePrune,SimpleCart_numFoldsPruning,SimpleCart_useOneSE,J48_collapseTree,J48_minNumObj,DecisionTable_crossVal,DecisionTable_useIBk,J48_pruning,J48_doNotMakeSplitPointActualValue,J48_confidenceFactorValue,SimpleCart_heuristic,J48_subtreeRaising,JRip,DecisionTable_evaluationMeasure,JRip_checkErrorRate,JRip_usePruning,J48_useMDLcorrection,J48_numFolds,JRip_folds,JRip_optimizations,JRip_minNo,SimpleCart_minNumObj,J48_binarySplits,DecisionTable_search,BestFirst_searchTermination,GreedyStepwise_conservativeForwardSelection,GreedyStepwise_searchBackwards,BestFirst_direction"
90,90,0.96617647,1.00000000,1.00000000,1.00000000,1.00000000,0006,0049,0054,0.57410899,"SimpleCart,J48,Aggregator,PART,DecisionTable,PART_doNotMakeSplitPointActualValue,PART_pruning,PART_minNumObj,PART_useMDLcorrection,PART_binarySplits,PART_confidenceFactorValue,PART_numFolds,J48_confidenceFactorValue,BestFirst_direction,SimpleCart_numFoldsPruning,JRip_folds,J48_subtreeRaising,BestFirst_searchTermination,GreedyStepwise_searchBackwards,SimpleCart_useOneSE,JRip_optimizations,GreedyStepwise_conservativeForwardSelection,DecisionTable_search,J48_binarySplits,SimpleCart_minNumObj,J48_useLaplace,J48_doNotMakeSplitPointActualValue,J48_pruning,DecisionTable_evaluationMeasure,J48_collapseTree,JRip,SimpleCart_heuristic,JRip_checkErrorRate,DecisionTable_useIBk,JRip_usePruning,SimpleCart_usePrune,J48_useMDLcorrection,JRip_minNo,J48_numFolds,DecisionTable_crossVal,J48_minNumObj"
91,90,0.97647059,1.00000000,1.00000000,1.00000000,1.00000000,0006,0034,0054,0.57410899,"PART,DecisionTable,PART_binarySplits,Aggregator,SimpleCart,J48,PART_useMDLcorrection,PART_minNumObj,PART_doNotMakeSplitPointActualValue,PART_pruning,PART_confidenceFactorValue,PART_numFolds,SimpleCart_usePrune,SimpleCart_useOneSE,SimpleCart_numFoldsPruning,J48_pruning,J48_confidenceFactorValue,J48_collapseTree,SimpleCart_heuristic,J48_doNotMakeSplitPointActualValue,DecisionTable_evaluationMeasure,JRip,J48_subtreeRaising,JRip_checkErrorRate,J48_useMDLcorrection,DecisionTable_useIBk,JRip_usePruning,J48_useLaplace,JRip_folds,JRip_minNo,J48_numFolds,JRip_optimizations,GreedyStepwise_conservativeForwardSelection,BestFirst_searchTermination,BestFirst_direction,GreedyStepwise_searchBackwards,J48_binarySplits,SimpleCart_minNumObj,DecisionTable_search,DecisionTable_crossVal,J48_minNumObj"
92,90,0.97647059,1.00000000,1.00000000,1.00000000,1.00000000,0005,0055,0054,0.57410899,"SimpleCart,PART,DecisionTable,PART_doNotMakeSplitPointActualValue,PART_useMDLcorrection,PART_pruning,PART_minNumObj,PART_binarySplits,J48,Aggregator,PART_numFolds,PART_confidenceFactorValue,JRip_optimizations,GreedyStepwise_conservativeForwardSelection,BestFirst_direction,GreedyStepwise_searchBackwards,J48_subtreeRaising,SimpleCart_numFoldsPruning,BestFirst_searchTermination,JRip_folds,SimpleCart_useOneSE,J48_confidenceFactorValue,SimpleCart_heuristic,SimpleCart_minNumObj,DecisionTable_search,J48_binarySplits,J48_minNumObj,DecisionTable_crossVal,J48_doNotMakeSplitPointActualValue,J48_useLaplace,J48_useMDLcorrection,J48_collapseTree,DecisionTable_useIBk,SimpleCart_usePrune,DecisionTable_evaluationMeasure,J48_pruning,JRip,JRip_checkErrorRate,JRip_usePruning,JRip_minNo,J48_numFolds"
93,90,0.86352941,1.00000000,1.00000000,1.00000000,1.00000000,0006,0044,0054,0.57410899,"DecisionTable,PART,J48,SimpleCart,PART_doNotMakeSplitPointActualValue,Aggregator,PART_useMDLcorrection,PART_binarySplits,PART_pruning,PART_numFolds,PART_minNumObj,PART_confidenceFactorValue,GreedyStepwise_conservativeForwardSelection,J48_subtreeRaising,SimpleCart_useOneSE,SimpleCart_numFoldsPruning,JRip_folds,JRip_optimizations,GreedyStepwise_searchBackwards,BestFirst_direction,BestFirst_searchTermination,J48_confidenceFactorValue,DecisionTable_search,J48_binarySplits,SimpleCart_minNumObj,J48_pruning,J48_collapseTree,SimpleCart_heuristic,DecisionTable_evaluationMeasure,J48_doNotMakeSplitPointActualValue,JRip,J48_useLaplace,J48_useMDLcorrection,J48_numFolds,JRip_checkErrorRate,DecisionTable_useIBk,JRip_usePruning,SimpleCart_usePrune,JRip_minNo,DecisionTable_crossVal,J48_minNumObj"
94,90,0.96529412,1.00000000,1.00000000,1.00000000,0.98343685,0005,0034,0054,0.57410899,"DecisionTable,J48,SimpleCart,Aggregator,PART,PART_doNotMakeSplitPointActualValue,PART_minNumObj,PART_pruning,PART_confidenceFactorValue,PART_useMDLcorrection,PART_binarySplits,PART_numFolds,DecisionTable_crossVal,J48_minNumObj,J48_useLaplace,J48_collapseTree,SimpleCart_minNumObj,SimpleCart_usePrune,SimpleCart_numFoldsPruning,SimpleCart_useOneSE,DecisionTable_search,BestFirst_searchTermination,J48_binarySplits,GreedyStepwise_conservativeForwardSelection,GreedyStepwise_searchBackwards,BestFirst_direction,J48_useMDLcorrection,DecisionTable_useIBk,DecisionTable_evaluationMeasure,J48_doNotMakeSplitPointActualValue,SimpleCart_heuristic,J48_pruning,J48_subtreeRaising,JRip,J48_confidenceFactorValue,JRip_checkErrorRate,J48_numFolds,JRip_minNo,JRip_usePruning,JRip_folds,JRip_optimizations"
95,90,0.86607843,1.00000000,1.00000000,1.00000000,1.00000000,0006,0051,0054,0.57410899,"Aggregator,J48,SimpleCart,DecisionTable,PART,PART_pruning,PART_numFolds,PART_minNumObj,PART_doNotMakeSplitPointActualValue,PART_confidenceFactorValue,PART_useMDLcorrection,PART_binarySplits,BestFirst_direction,J48_subtreeRaising,SimpleCart_useOneSE,JRip_optimizations,GreedyStepwise_conservativeForwardSelection,BestFirst_searchTermination,J48_confidenceFactorValue,GreedyStepwise_searchBackwards,JRip_folds,SimpleCart_numFoldsPruning,J48_minNumObj,DecisionTable_crossVal,DecisionTable_search,J48_binarySplits,SimpleCart_minNumObj,DecisionTable_evaluationMeasure,SimpleCart_heuristic,DecisionTable_useIBk,SimpleCart_usePrune,J48_useMDLcorrection,J48_pruning,J48_doNotMakeSplitPointActualValue,J48_collapseTree,JRip,JRip_checkErrorRate,J48_useLaplace,J48_numFolds,JRip_usePruning,JRip_minNo"
96,90,0.96588235,1.00000000,1.00000000,1.00000000,1.00000000,0007,0034,0054,0.57410899,"Aggregator,DecisionTable,J48,SimpleCart,PART,PART_doNotMakeSplitPointActualValue,PART_pruning,PART_binarySplits,PART_useMDLcorrection,PART_minNumObj,PART_confidenceFactorValue,PART_numFolds,J48_useMDLcorrection,J48_useLaplace,J48_minNumObj,DecisionTable_crossVal,J48_doNotMakeSplitPointActualValue,SimpleCart_heuristic,SimpleCart_minNumObj,DecisionTable_evaluationMeasure,DecisionTable_useIBk,J48_pruning,JRip,J48_collapseTree,J48_subtreeRaising,J48_confidenceFactorValue,JRip_usePruning,JRip_optimizations,JRip_folds,J48_numFolds,JRip_checkErrorRate,JRip_minNo,SimpleCart_usePrune,SimpleCart_useOneSE,SimpleCart_numFoldsPruning,GreedyStepwise_searchBackwards,GreedyStepwise_conservativeForwardSelection,BestFirst_searchTermination,BestFirst_direction,DecisionTable_search,J48_binarySplits"
97,90,0.91529412,1.00000000,1.00000000,1.00000000,1.00000000,0007,0034,0054,0.57410899,"Aggregator,DecisionTable,J48,PART,SimpleCart,PART_doNotMakeSplitPointActualValue,PART_minNumObj,PART_useMDLcorrection,PART_binarySplits,PART_pruning,PART_numFolds,PART_confidenceFactorValue,DecisionTable_search,GreedyStepwise_searchBackwards,BestFirst_direction,GreedyStepwise_conservativeForwardSelection,J48_binarySplits,BestFirst_searchTermination,SimpleCart_minNumObj,J48_useLaplace,J48_pruning,JRip,J48_collapseTree,SimpleCart_heuristic,DecisionTable_evaluationMeasure,J48_subtreeRaising,J48_confidenceFactorValue,J48_doNotMakeSplitPointActualValue,JRip_minNo,SimpleCart_usePrune,SimpleCart_useOneSE,SimpleCart_numFoldsPruning,JRip_checkErrorRate,DecisionTable_useIBk,JRip_usePruning,JRip_folds,J48_useMDLcorrection,J48_numFolds,JRip_optimizations,J48_minNumObj,DecisionTable_crossVal"
98,90,0.95686275,1.00000000,1.00000000,1.00000000,0.98343685,0005,0034,0054,0.57410899,"DecisionTable,Aggregator,SimpleCart,PART,J48,PART_pruning,PART_minNumObj,PART_doNotMakeSplitPointActualValue,PART_numFolds,PART_confidenceFactorValue,PART_useMDLcorrection,PART_binarySplits,J48_doNotMakeSplitPointActualValue,J48_binarySplits,DecisionTable_search,BestFirst_searchTermination,BestFirst_direction,GreedyStepwise_searchBackwards,SimpleCart_minNumObj,GreedyStepwise_conservativeForwardSelection,SimpleCart_heuristic,DecisionTable_crossVal,J48_minNumObj,J48_useLaplace,DecisionTable_useIBk,J48_pruning,DecisionTable_evaluationMeasure,J48_confidenceFactorValue,JRip,J48_collapseTree,J48_subtreeRaising,JRip_minNo,JRip_checkErrorRate,J48_useMDLcorrection,JRip_usePruning,JRip_folds,SimpleCart_usePrune,SimpleCart_useOneSE,J48_numFolds,SimpleCart_numFoldsPruning,JRip_optimizations"
99,90,0.97647059,1.00000000,1.00000000,1.00000000,1.00000000,0007,0034,0054,0.57410899,"SimpleCart,J48,PART,Aggregator,PART_minNumObj,DecisionTable,PART_binarySplits,PART_pruning,PART_doNotMakeSplitPointActualValue,PART_confidenceFactorValue,PART_numFolds,PART_useMDLcorrection,J48_collapseTree,SimpleCart_minNumObj,J48_minNumObj,DecisionTable_crossVal,DecisionTable_search,BestFirst_direction,BestFirst_searchTermination,J48_binarySplits,GreedyStepwise_conservativeForwardSelection,GreedyStepwise_searchBackwards,J48_useMDLcorrection,SimpleCart_usePrune,SimpleCart_numFoldsPruning,SimpleCart_useOneSE,J48_useLaplace,SimpleCart_heuristic,DecisionTable_evaluationMeasure,DecisionTable_useIBk,J48_pruning,J48_doNotMakeSplitPointActualValue,J48_subtreeRaising,JRip,J48_confidenceFactorValue,JRip_checkErrorRate,JRip_minNo,J48_numFolds,JRip_usePruning,JRip_folds,JRip_optimizations"
