gen,nevals,min,median,max,currentGenBestValFitness,currentGenBestTestFitness,lap time (seconds),discarded individuals (including burn-in),GM connections,GM mean heuristic,sampling order
0,100,0.84066355,0.89741664,0.90659099,0.88069393,0.84923747,0032,0034,0035,0.00000000,"DecisionTable,Aggregator,J48,DecisionTable_evaluationMeasure,J48_binarySplits,JRip,J48_minNumObj,J48_collapseTree,JRip_minNo,SimpleCart,DecisionTable_crossVal,DecisionTable_useIBk,J48_doNotMakeSplitPointActualValue,DecisionTable_search,JRip_usePruning,PART,PART_doNotMakeSplitPointActualValue,BestFirst_searchTermination,PART_binarySplits,PART_useMDLcorrection,GreedyStepwise_searchBackwards,PART_minNumObj,SimpleCart_heuristic,BestFirst_direction,SimpleCart_usePrune,J48_pruning,J48_useLaplace,J48_numFolds,J48_useMDLcorrection,SimpleCart_minNumObj,SimpleCart_numFoldsPruning,JRip_checkErrorRate,GreedyStepwise_conservativeForwardSelection,JRip_folds,J48_confidenceFactorValue,JRip_optimizations,PART_pruning,SimpleCart_useOneSE,J48_subtreeRaising,PART_confidenceFactorValue,PART_numFolds"
1,90,0.83469183,0.89901161,0.90815762,0.87672029,0.89433551,0024,0034,0035,0.00000000,"DecisionTable,PART,DecisionTable_useIBk,DecisionTable_crossVal,PART_doNotMakeSplitPointActualValue,DecisionTable_search,Aggregator,SimpleCart,GreedyStepwise_searchBackwards,GreedyStepwise_conservativeForwardSelection,BestFirst_searchTermination,PART_useMDLcorrection,DecisionTable_evaluationMeasure,SimpleCart_minNumObj,J48,PART_pruning,J48_binarySplits,J48_useMDLcorrection,JRip,PART_minNumObj,PART_binarySplits,J48_pruning,J48_doNotMakeSplitPointActualValue,JRip_minNo,SimpleCart_heuristic,BestFirst_direction,JRip_checkErrorRate,J48_collapseTree,J48_subtreeRaising,SimpleCart_usePrune,J48_confidenceFactorValue,PART_confidenceFactorValue,JRip_usePruning,SimpleCart_useOneSE,J48_minNumObj,PART_numFolds,JRip_folds,J48_useLaplace,J48_numFolds,SimpleCart_numFoldsPruning,JRip_optimizations"
2,90,0.83220790,0.89852405,0.90832374,0.86741617,0.88496732,0023,0034,0035,0.00000000,"JRip,SimpleCart,JRip_checkErrorRate,JRip_usePruning,JRip_minNo,PART,PART_useMDLcorrection,SimpleCart_minNumObj,PART_binarySplits,SimpleCart_heuristic,DecisionTable,DecisionTable_useIBk,PART_pruning,Aggregator,J48,PART_confidenceFactorValue,PART_minNumObj,JRip_folds,J48_useMDLcorrection,SimpleCart_usePrune,PART_doNotMakeSplitPointActualValue,JRip_optimizations,DecisionTable_evaluationMeasure,J48_collapseTree,DecisionTable_crossVal,J48_doNotMakeSplitPointActualValue,J48_minNumObj,SimpleCart_useOneSE,DecisionTable_search,J48_pruning,SimpleCart_numFoldsPruning,PART_numFolds,J48_subtreeRaising,GreedyStepwise_conservativeForwardSelection,J48_binarySplits,J48_useLaplace,BestFirst_searchTermination,BestFirst_direction,J48_numFolds,GreedyStepwise_searchBackwards,J48_confidenceFactorValue"
3,90,0.85579231,0.89945548,0.90832374,0.86741617,0.88496732,0021,0034,0035,0.00000000,"SimpleCart,PART,PART_doNotMakeSplitPointActualValue,JRip,DecisionTable,JRip_usePruning,PART_pruning,SimpleCart_minNumObj,JRip_optimizations,PART_minNumObj,SimpleCart_heuristic,JRip_folds,DecisionTable_useIBk,SimpleCart_usePrune,DecisionTable_crossVal,Aggregator,PART_confidenceFactorValue,J48,DecisionTable_search,PART_binarySplits,PART_numFolds,PART_useMDLcorrection,DecisionTable_evaluationMeasure,SimpleCart_useOneSE,JRip_minNo,J48_minNumObj,J48_doNotMakeSplitPointActualValue,JRip_checkErrorRate,BestFirst_searchTermination,BestFirst_direction,SimpleCart_numFoldsPruning,J48_collapseTree,J48_binarySplits,GreedyStepwise_searchBackwards,GreedyStepwise_conservativeForwardSelection,J48_useLaplace,J48_pruning,J48_useMDLcorrection,J48_numFolds,J48_subtreeRaising,J48_confidenceFactorValue"
4,90,0.83847259,0.90225607,0.90881896,0.87604187,0.88736383,0026,0034,0073,0.51938330,"PART,DecisionTable,J48,DecisionTable_search,DecisionTable_evaluationMeasure,BestFirst_direction,J48_pruning,DecisionTable_crossVal,J48_binarySplits,J48_numFolds,JRip,PART_pruning,JRip_usePruning,JRip_folds,Aggregator,J48_minNumObj,BestFirst_searchTermination,PART_doNotMakeSplitPointActualValue,PART_useMDLcorrection,PART_binarySplits,PART_confidenceFactorValue,J48_useMDLcorrection,J48_doNotMakeSplitPointActualValue,J48_subtreeRaising,PART_minNumObj,JRip_minNo,JRip_optimizations,PART_numFolds,J48_useLaplace,JRip_checkErrorRate,J48_confidenceFactorValue,SimpleCart,SimpleCart_minNumObj,GreedyStepwise_conservativeForwardSelection,GreedyStepwise_searchBackwards,SimpleCart_usePrune,SimpleCart_useOneSE,SimpleCart_numFoldsPruning,DecisionTable_useIBk,SimpleCart_heuristic,J48_collapseTree"
5,90,0.85932202,0.90307578,0.91024757,0.88205079,0.88976035,0029,0034,0073,0.51938330,"PART,J48,DecisionTable,PART_binarySplits,J48_useMDLcorrection,PART_doNotMakeSplitPointActualValue,J48_minNumObj,J48_binarySplits,J48_collapseTree,DecisionTable_search,BestFirst_searchTermination,PART_useMDLcorrection,BestFirst_direction,GreedyStepwise_conservativeForwardSelection,GreedyStepwise_searchBackwards,PART_pruning,PART_numFolds,J48_useLaplace,DecisionTable_crossVal,PART_minNumObj,DecisionTable_evaluationMeasure,DecisionTable_useIBk,PART_confidenceFactorValue,J48_pruning,J48_subtreeRaising,J48_numFolds,JRip,JRip_minNo,JRip_usePruning,JRip_checkErrorRate,JRip_optimizations,JRip_folds,Aggregator,J48_confidenceFactorValue,SimpleCart,SimpleCart_minNumObj,SimpleCart_usePrune,SimpleCart_useOneSE,SimpleCart_numFoldsPruning,SimpleCart_heuristic,J48_doNotMakeSplitPointActualValue"
6,90,0.84155109,0.90336104,0.91024757,0.88205079,0.88976035,0023,0034,0073,0.51938330,"PART,J48,DecisionTable,PART_useMDLcorrection,J48_useMDLcorrection,J48_collapseTree,J48_doNotMakeSplitPointActualValue,J48_pruning,J48_subtreeRaising,J48_confidenceFactorValue,SimpleCart,DecisionTable_search,SimpleCart_minNumObj,J48_numFolds,SimpleCart_usePrune,GreedyStepwise_conservativeForwardSelection,SimpleCart_numFoldsPruning,GreedyStepwise_searchBackwards,JRip,PART_pruning,SimpleCart_heuristic,DecisionTable_useIBk,PART_confidenceFactorValue,SimpleCart_useOneSE,JRip_usePruning,JRip_folds,Aggregator,DecisionTable_crossVal,J48_binarySplits,BestFirst_direction,JRip_minNo,JRip_optimizations,BestFirst_searchTermination,PART_binarySplits,PART_doNotMakeSplitPointActualValue,J48_minNumObj,PART_minNumObj,PART_numFolds,DecisionTable_evaluationMeasure,JRip_checkErrorRate,J48_useLaplace"
7,90,0.86293252,0.89916003,0.91029662,0.88224462,0.87930283,0025,0189,0055,0.58869401,"DecisionTable,PART,PART_binarySplits,SimpleCart,PART_useMDLcorrection,DecisionTable_evaluationMeasure,SimpleCart_heuristic,J48_collapseTree,JRip_checkErrorRate,J48_subtreeRaising,GreedyStepwise_searchBackwards,SimpleCart_useOneSE,JRip_usePruning,PART_confidenceFactorValue,BestFirst_searchTermination,J48_binarySplits,BestFirst_direction,PART_numFolds,J48_confidenceFactorValue,J48_useLaplace,J48_numFolds,DecisionTable_crossVal,JRip_folds,PART_pruning,SimpleCart_minNumObj,J48,J48_pruning,J48_minNumObj,J48_useMDLcorrection,PART_minNumObj,JRip_minNo,DecisionTable_search,GreedyStepwise_conservativeForwardSelection,DecisionTable_useIBk,SimpleCart_numFoldsPruning,JRip_optimizations,Aggregator,J48_doNotMakeSplitPointActualValue,JRip,PART_doNotMakeSplitPointActualValue,SimpleCart_usePrune"
8,90,0.82445478,0.89695970,0.91091705,0.88224462,0.88976035,0028,0034,0055,0.58869401,"DecisionTable,SimpleCart,PART,PART_useMDLcorrection,DecisionTable_evaluationMeasure,SimpleCart_heuristic,PART_binarySplits,SimpleCart_minNumObj,PART_pruning,J48,J48_binarySplits,J48_minNumObj,J48_useLaplace,PART_numFolds,PART_confidenceFactorValue,PART_minNumObj,J48_pruning,J48_collapseTree,J48_useMDLcorrection,J48_numFolds,J48_confidenceFactorValue,J48_subtreeRaising,DecisionTable_crossVal,DecisionTable_useIBk,DecisionTable_search,BestFirst_searchTermination,BestFirst_direction,GreedyStepwise_searchBackwards,GreedyStepwise_conservativeForwardSelection,J48_doNotMakeSplitPointActualValue,PART_doNotMakeSplitPointActualValue,SimpleCart_usePrune,SimpleCart_useOneSE,SimpleCart_numFoldsPruning,JRip,Aggregator,JRip_checkErrorRate,JRip_usePruning,JRip_minNo,JRip_folds,JRip_optimizations"
9,90,0.81068023,0.90140338,0.91091705,0.88224462,0.88976035,0030,0162,0055,0.58869401,"SimpleCart,SimpleCart_heuristic,DecisionTable,DecisionTable_evaluationMeasure,PART,PART_binarySplits,PART_useMDLcorrection,JRip_usePruning,JRip_checkErrorRate,BestFirst_direction,J48_confidenceFactorValue,J48_subtreeRaising,J48_numFolds,J48_useLaplace,GreedyStepwise_searchBackwards,SimpleCart_useOneSE,BestFirst_searchTermination,PART_numFolds,J48_binarySplits,J48_collapseTree,PART_confidenceFactorValue,SimpleCart_usePrune,DecisionTable_useIBk,SimpleCart_numFoldsPruning,Aggregator,JRip_optimizations,PART_pruning,SimpleCart_minNumObj,J48,J48_pruning,J48_minNumObj,J48_useMDLcorrection,J48_doNotMakeSplitPointActualValue,JRip,PART_minNumObj,PART_doNotMakeSplitPointActualValue,DecisionTable_search,GreedyStepwise_conservativeForwardSelection,JRip_minNo,DecisionTable_crossVal,JRip_folds"
10,90,0.83805813,0.89841693,0.91091705,0.88224462,0.88976035,0024,0049,0047,0.62719529,"SimpleCart,DecisionTable,DecisionTable_useIBk,DecisionTable_evaluationMeasure,PART,DecisionTable_crossVal,SimpleCart_usePrune,PART_doNotMakeSplitPointActualValue,PART_binarySplits,PART_useMDLcorrection,PART_minNumObj,SimpleCart_heuristic,SimpleCart_numFoldsPruning,SimpleCart_minNumObj,SimpleCart_useOneSE,PART_pruning,PART_confidenceFactorValue,PART_numFolds,DecisionTable_search,GreedyStepwise_searchBackwards,BestFirst_searchTermination,BestFirst_direction,JRip_checkErrorRate,GreedyStepwise_conservativeForwardSelection,JRip_minNo,Aggregator,J48_useMDLcorrection,J48_numFolds,J48_minNumObj,J48_useLaplace,J48_collapseTree,J48_confidenceFactorValue,J48_pruning,J48_subtreeRaising,JRip,J48,JRip_usePruning,J48_doNotMakeSplitPointActualValue,J48_binarySplits,JRip_folds,JRip_optimizations"
11,90,0.72601464,0.90011353,0.91091705,0.88224462,0.88976035,0022,0308,0047,0.62719529,"DecisionTable,PART,DecisionTable_evaluationMeasure,PART_doNotMakeSplitPointActualValue,DecisionTable_useIBk,PART_useMDLcorrection,PART_minNumObj,SimpleCart,DecisionTable_crossVal,PART_binarySplits,SimpleCart_usePrune,J48_subtreeRaising,GreedyStepwise_searchBackwards,J48_numFolds,J48_collapseTree,JRip_optimizations,JRip_usePruning,JRip_folds,J48_useLaplace,J48_pruning,J48_confidenceFactorValue,PART_numFolds,J48_doNotMakeSplitPointActualValue,J48_minNumObj,J48_binarySplits,PART_confidenceFactorValue,J48_useMDLcorrection,BestFirst_searchTermination,BestFirst_direction,SimpleCart_minNumObj,DecisionTable_search,GreedyStepwise_conservativeForwardSelection,SimpleCart_heuristic,SimpleCart_useOneSE,SimpleCart_numFoldsPruning,PART_pruning,JRip_checkErrorRate,JRip_minNo,Aggregator,J48,JRip"
12,90,0.84992305,0.90055246,0.91091705,0.88224462,0.88976035,0023,0365,0047,0.62719529,"PART,PART_binarySplits,DecisionTable,DecisionTable_useIBk,SimpleCart,SimpleCart_usePrune,PART_useMDLcorrection,PART_doNotMakeSplitPointActualValue,DecisionTable_crossVal,PART_minNumObj,DecisionTable_evaluationMeasure,JRip_folds,BestFirst_direction,PART_confidenceFactorValue,J48_collapseTree,J48_confidenceFactorValue,J48_numFolds,JRip_optimizations,J48_useMDLcorrection,J48_pruning,J48_subtreeRaising,BestFirst_searchTermination,J48_binarySplits,J48_doNotMakeSplitPointActualValue,J48_minNumObj,JRip_usePruning,PART_numFolds,J48_useLaplace,GreedyStepwise_searchBackwards,DecisionTable_search,GreedyStepwise_conservativeForwardSelection,SimpleCart_numFoldsPruning,SimpleCart_useOneSE,SimpleCart_heuristic,SimpleCart_minNumObj,PART_pruning,JRip,JRip_checkErrorRate,J48,JRip_minNo,Aggregator"
13,90,0.85280756,0.89850063,0.91091705,0.88224462,0.88976035,0024,0034,0035,0.00000000,"J48,J48_useLaplace,J48_collapseTree,J48_useMDLcorrection,JRip,PART,JRip_checkErrorRate,J48_pruning,J48_subtreeRaising,SimpleCart,J48_confidenceFactorValue,J48_minNumObj,PART_useMDLcorrection,PART_minNumObj,Aggregator,JRip_usePruning,DecisionTable,J48_numFolds,J48_binarySplits,JRip_optimizations,JRip_minNo,SimpleCart_usePrune,DecisionTable_useIBk,DecisionTable_crossVal,J48_doNotMakeSplitPointActualValue,SimpleCart_numFoldsPruning,SimpleCart_minNumObj,PART_pruning,JRip_folds,SimpleCart_heuristic,PART_doNotMakeSplitPointActualValue,DecisionTable_search,PART_binarySplits,DecisionTable_evaluationMeasure,PART_numFolds,GreedyStepwise_searchBackwards,SimpleCart_useOneSE,PART_confidenceFactorValue,BestFirst_searchTermination,BestFirst_direction,GreedyStepwise_conservativeForwardSelection"
14,90,0.86480748,0.89708528,0.91091705,0.88224462,0.88976035,0021,0034,0035,0.00000000,"SimpleCart,Aggregator,J48,PART,PART_pruning,J48_binarySplits,SimpleCart_minNumObj,SimpleCart_heuristic,J48_useLaplace,J48_minNumObj,PART_confidenceFactorValue,J48_useMDLcorrection,JRip,DecisionTable,DecisionTable_evaluationMeasure,JRip_minNo,J48_collapseTree,PART_doNotMakeSplitPointActualValue,PART_minNumObj,PART_numFolds,SimpleCart_usePrune,JRip_usePruning,J48_doNotMakeSplitPointActualValue,PART_binarySplits,J48_pruning,J48_numFolds,PART_useMDLcorrection,JRip_folds,SimpleCart_numFoldsPruning,DecisionTable_search,DecisionTable_useIBk,J48_confidenceFactorValue,DecisionTable_crossVal,JRip_checkErrorRate,GreedyStepwise_conservativeForwardSelection,BestFirst_searchTermination,SimpleCart_useOneSE,J48_subtreeRaising,BestFirst_direction,GreedyStepwise_searchBackwards,JRip_optimizations"
15,90,0.86174030,0.89739252,0.91091705,0.88224462,0.88976035,0021,0034,0035,0.00000000,"PART,J48,J48_binarySplits,J48_useMDLcorrection,J48_useLaplace,PART_pruning,DecisionTable,PART_doNotMakeSplitPointActualValue,DecisionTable_useIBk,SimpleCart,JRip,PART_confidenceFactorValue,J48_collapseTree,DecisionTable_crossVal,PART_useMDLcorrection,SimpleCart_usePrune,JRip_minNo,PART_binarySplits,J48_pruning,DecisionTable_search,Aggregator,DecisionTable_evaluationMeasure,PART_minNumObj,SimpleCart_heuristic,J48_minNumObj,SimpleCart_minNumObj,J48_doNotMakeSplitPointActualValue,PART_numFolds,JRip_usePruning,GreedyStepwise_conservativeForwardSelection,J48_numFolds,J48_subtreeRaising,JRip_optimizations,BestFirst_searchTermination,GreedyStepwise_searchBackwards,BestFirst_direction,SimpleCart_numFoldsPruning,JRip_checkErrorRate,SimpleCart_useOneSE,J48_confidenceFactorValue,JRip_folds"
16,90,0.85662542,0.89813625,0.91091705,0.88224462,0.88976035,0028,0034,0035,0.00000000,"PART,PART_pruning,PART_doNotMakeSplitPointActualValue,DecisionTable,PART_useMDLcorrection,DecisionTable_search,PART_minNumObj,GreedyStepwise_conservativeForwardSelection,DecisionTable_crossVal,J48,Aggregator,BestFirst_searchTermination,PART_confidenceFactorValue,DecisionTable_evaluationMeasure,J48_pruning,SimpleCart,JRip,BestFirst_direction,PART_numFolds,PART_binarySplits,J48_binarySplits,JRip_usePruning,DecisionTable_useIBk,JRip_minNo,J48_useLaplace,J48_numFolds,J48_collapseTree,J48_minNumObj,JRip_folds,GreedyStepwise_searchBackwards,J48_useMDLcorrection,J48_confidenceFactorValue,J48_doNotMakeSplitPointActualValue,JRip_checkErrorRate,JRip_optimizations,J48_subtreeRaising,SimpleCart_minNumObj,SimpleCart_heuristic,SimpleCart_usePrune,SimpleCart_numFoldsPruning,SimpleCart_useOneSE"
17,90,0.83226269,0.89868018,0.91091705,0.88224462,0.88976035,0031,0034,0035,0.00000000,"DecisionTable,J48,DecisionTable_search,J48_doNotMakeSplitPointActualValue,BestFirst_direction,J48_useMDLcorrection,SimpleCart,SimpleCart_usePrune,BestFirst_searchTermination,J48_binarySplits,DecisionTable_crossVal,JRip,SimpleCart_numFoldsPruning,DecisionTable_useIBk,J48_useLaplace,GreedyStepwise_conservativeForwardSelection,J48_pruning,DecisionTable_evaluationMeasure,JRip_checkErrorRate,JRip_minNo,J48_confidenceFactorValue,SimpleCart_minNumObj,GreedyStepwise_searchBackwards,PART,Aggregator,PART_pruning,J48_minNumObj,J48_collapseTree,J48_subtreeRaising,SimpleCart_useOneSE,PART_binarySplits,PART_numFolds,PART_confidenceFactorValue,SimpleCart_heuristic,J48_numFolds,PART_doNotMakeSplitPointActualValue,PART_useMDLcorrection,JRip_usePruning,PART_minNumObj,JRip_folds,JRip_optimizations"
18,90,0.85428594,0.89769695,0.91091705,0.88224462,0.88976035,0022,0034,0035,0.00000000,"SimpleCart,DecisionTable,DecisionTable_evaluationMeasure,J48,DecisionTable_useIBk,SimpleCart_heuristic,J48_doNotMakeSplitPointActualValue,J48_minNumObj,SimpleCart_minNumObj,J48_collapseTree,PART,DecisionTable_search,JRip,SimpleCart_usePrune,JRip_checkErrorRate,PART_binarySplits,SimpleCart_numFoldsPruning,GreedyStepwise_searchBackwards,PART_minNumObj,DecisionTable_crossVal,J48_useLaplace,J48_useMDLcorrection,BestFirst_searchTermination,JRip_usePruning,J48_binarySplits,PART_doNotMakeSplitPointActualValue,Aggregator,JRip_folds,J48_pruning,PART_useMDLcorrection,BestFirst_direction,J48_numFolds,JRip_minNo,GreedyStepwise_conservativeForwardSelection,PART_pruning,SimpleCart_useOneSE,J48_subtreeRaising,PART_confidenceFactorValue,PART_numFolds,JRip_optimizations,J48_confidenceFactorValue"
19,90,0.84686485,0.89768650,0.91091705,0.88224462,0.88976035,0022,0034,0035,0.00000000,"DecisionTable,DecisionTable_crossVal,PART,PART_minNumObj,Aggregator,PART_pruning,DecisionTable_search,PART_doNotMakeSplitPointActualValue,PART_confidenceFactorValue,DecisionTable_evaluationMeasure,DecisionTable_useIBk,SimpleCart,SimpleCart_minNumObj,GreedyStepwise_conservativeForwardSelection,SimpleCart_heuristic,J48,JRip,JRip_minNo,J48_useMDLcorrection,BestFirst_direction,BestFirst_searchTermination,PART_binarySplits,PART_useMDLcorrection,J48_doNotMakeSplitPointActualValue,JRip_usePruning,JRip_folds,J48_pruning,J48_collapseTree,J48_binarySplits,JRip_optimizations,J48_subtreeRaising,PART_numFolds,GreedyStepwise_searchBackwards,J48_minNumObj,JRip_checkErrorRate,J48_useLaplace,J48_numFolds,SimpleCart_usePrune,J48_confidenceFactorValue,SimpleCart_useOneSE,SimpleCart_numFoldsPruning"
20,90,0.83500483,0.89648362,0.91091705,0.88224462,0.88976035,0022,0034,0035,0.00000000,"J48,JRip,J48_binarySplits,DecisionTable,DecisionTable_search,J48_useLaplace,BestFirst_direction,J48_useMDLcorrection,GreedyStepwise_conservativeForwardSelection,DecisionTable_useIBk,SimpleCart,DecisionTable_evaluationMeasure,J48_collapseTree,Aggregator,J48_pruning,J48_minNumObj,JRip_minNo,PART,J48_doNotMakeSplitPointActualValue,PART_minNumObj,JRip_checkErrorRate,PART_pruning,BestFirst_searchTermination,GreedyStepwise_searchBackwards,JRip_usePruning,SimpleCart_usePrune,J48_subtreeRaising,J48_numFolds,PART_useMDLcorrection,PART_doNotMakeSplitPointActualValue,DecisionTable_crossVal,JRip_folds,PART_confidenceFactorValue,SimpleCart_heuristic,JRip_optimizations,SimpleCart_minNumObj,J48_confidenceFactorValue,SimpleCart_useOneSE,PART_binarySplits,SimpleCart_numFoldsPruning,PART_numFolds"
21,90,0.83603615,0.89699942,0.91091705,0.88224462,0.88976035,0022,0034,0035,0.00000000,"SimpleCart,SimpleCart_heuristic,PART,PART_useMDLcorrection,SimpleCart_minNumObj,PART_pruning,SimpleCart_usePrune,DecisionTable,J48,Aggregator,PART_minNumObj,JRip,J48_minNumObj,DecisionTable_useIBk,PART_doNotMakeSplitPointActualValue,J48_useMDLcorrection,DecisionTable_evaluationMeasure,JRip_minNo,J48_useLaplace,DecisionTable_search,DecisionTable_crossVal,SimpleCart_useOneSE,PART_binarySplits,PART_confidenceFactorValue,JRip_usePruning,SimpleCart_numFoldsPruning,J48_binarySplits,JRip_optimizations,JRip_checkErrorRate,PART_numFolds,BestFirst_direction,J48_pruning,J48_doNotMakeSplitPointActualValue,J48_collapseTree,GreedyStepwise_conservativeForwardSelection,BestFirst_searchTermination,J48_subtreeRaising,JRip_folds,J48_confidenceFactorValue,GreedyStepwise_searchBackwards,J48_numFolds"
22,90,0.87380930,0.89689538,0.91091705,0.88224462,0.88976035,0022,0034,0035,0.00000000,"JRip,J48,DecisionTable,J48_useMDLcorrection,SimpleCart,J48_collapseTree,J48_binarySplits,SimpleCart_minNumObj,DecisionTable_useIBk,J48_pruning,SimpleCart_usePrune,J48_useLaplace,PART,JRip_checkErrorRate,PART_minNumObj,DecisionTable_evaluationMeasure,DecisionTable_crossVal,J48_doNotMakeSplitPointActualValue,SimpleCart_useOneSE,Aggregator,PART_doNotMakeSplitPointActualValue,PART_binarySplits,J48_subtreeRaising,JRip_usePruning,SimpleCart_heuristic,DecisionTable_search,JRip_minNo,J48_minNumObj,JRip_optimizations,J48_confidenceFactorValue,J48_numFolds,BestFirst_direction,PART_pruning,SimpleCart_numFoldsPruning,PART_useMDLcorrection,GreedyStepwise_conservativeForwardSelection,PART_confidenceFactorValue,BestFirst_searchTermination,GreedyStepwise_searchBackwards,JRip_folds,PART_numFolds"
23,90,0.84536693,0.89861754,0.91091705,0.88224462,0.88976035,0022,0034,0035,0.00000000,"DecisionTable,DecisionTable_evaluationMeasure,DecisionTable_crossVal,SimpleCart,DecisionTable_useIBk,Aggregator,DecisionTable_search,PART,JRip,JRip_usePruning,JRip_folds,J48,PART_useMDLcorrection,J48_doNotMakeSplitPointActualValue,SimpleCart_usePrune,BestFirst_searchTermination,SimpleCart_heuristic,J48_collapseTree,SimpleCart_minNumObj,PART_doNotMakeSplitPointActualValue,J48_minNumObj,J48_useMDLcorrection,JRip_minNo,PART_pruning,GreedyStepwise_searchBackwards,JRip_optimizations,SimpleCart_numFoldsPruning,SimpleCart_useOneSE,J48_binarySplits,JRip_checkErrorRate,PART_minNumObj,PART_numFolds,PART_binarySplits,J48_useLaplace,BestFirst_direction,GreedyStepwise_conservativeForwardSelection,J48_pruning,PART_confidenceFactorValue,J48_confidenceFactorValue,J48_numFolds,J48_subtreeRaising"
24,90,0.85591205,0.89884302,0.91091705,0.88224462,0.88976035,0025,0034,0035,0.00000000,"DecisionTable,DecisionTable_crossVal,JRip,Aggregator,DecisionTable_evaluationMeasure,J48,JRip_minNo,JRip_checkErrorRate,SimpleCart,SimpleCart_heuristic,PART,PART_minNumObj,DecisionTable_search,J48_minNumObj,DecisionTable_useIBk,J48_useMDLcorrection,PART_doNotMakeSplitPointActualValue,J48_doNotMakeSplitPointActualValue,JRip_usePruning,SimpleCart_usePrune,PART_useMDLcorrection,J48_collapseTree,J48_binarySplits,GreedyStepwise_conservativeForwardSelection,J48_useLaplace,J48_pruning,SimpleCart_useOneSE,SimpleCart_numFoldsPruning,PART_binarySplits,SimpleCart_minNumObj,GreedyStepwise_searchBackwards,PART_pruning,JRip_optimizations,BestFirst_searchTermination,BestFirst_direction,J48_numFolds,J48_subtreeRaising,JRip_folds,J48_confidenceFactorValue,PART_confidenceFactorValue,PART_numFolds"
25,90,0.73769672,0.89789831,0.91091705,0.88224462,0.88976035,0023,0034,0035,0.00000000,"J48,J48_minNumObj,Aggregator,PART,DecisionTable,DecisionTable_search,GreedyStepwise_conservativeForwardSelection,J48_collapseTree,GreedyStepwise_searchBackwards,J48_doNotMakeSplitPointActualValue,PART_doNotMakeSplitPointActualValue,JRip,DecisionTable_useIBk,J48_useLaplace,J48_binarySplits,PART_minNumObj,PART_binarySplits,JRip_minNo,J48_useMDLcorrection,JRip_usePruning,SimpleCart,PART_pruning,DecisionTable_evaluationMeasure,J48_pruning,SimpleCart_heuristic,J48_subtreeRaising,PART_numFolds,JRip_checkErrorRate,J48_numFolds,SimpleCart_minNumObj,DecisionTable_crossVal,PART_useMDLcorrection,JRip_optimizations,BestFirst_direction,BestFirst_searchTermination,SimpleCart_usePrune,PART_confidenceFactorValue,JRip_folds,J48_confidenceFactorValue,SimpleCart_useOneSE,SimpleCart_numFoldsPruning"
26,90,0.84777216,0.89865581,0.91091705,0.88224462,0.88976035,0025,0034,0035,0.00000000,"SimpleCart,SimpleCart_minNumObj,PART,JRip,PART_doNotMakeSplitPointActualValue,JRip_checkErrorRate,J48,PART_binarySplits,JRip_minNo,Aggregator,DecisionTable,J48_pruning,DecisionTable_search,J48_collapseTree,SimpleCart_heuristic,J48_useLaplace,DecisionTable_evaluationMeasure,GreedyStepwise_searchBackwards,J48_confidenceFactorValue,J48_numFolds,J48_subtreeRaising,J48_doNotMakeSplitPointActualValue,J48_useMDLcorrection,SimpleCart_usePrune,J48_binarySplits,BestFirst_direction,PART_useMDLcorrection,JRip_usePruning,BestFirst_searchTermination,J48_minNumObj,PART_minNumObj,PART_pruning,DecisionTable_useIBk,PART_numFolds,DecisionTable_crossVal,GreedyStepwise_conservativeForwardSelection,SimpleCart_useOneSE,SimpleCart_numFoldsPruning,JRip_folds,JRip_optimizations,PART_confidenceFactorValue"
27,90,0.85678284,0.89832679,0.91091705,0.88224462,0.88976035,0023,0034,0035,0.00000000,"JRip,Aggregator,DecisionTable,DecisionTable_crossVal,SimpleCart,SimpleCart_usePrune,J48,JRip_usePruning,J48_pruning,JRip_folds,SimpleCart_minNumObj,SimpleCart_useOneSE,J48_confidenceFactorValue,JRip_optimizations,DecisionTable_evaluationMeasure,J48_minNumObj,PART,JRip_minNo,PART_binarySplits,DecisionTable_useIBk,J48_useLaplace,JRip_checkErrorRate,J48_subtreeRaising,J48_useMDLcorrection,SimpleCart_numFoldsPruning,DecisionTable_search,SimpleCart_heuristic,PART_minNumObj,J48_doNotMakeSplitPointActualValue,PART_pruning,J48_collapseTree,J48_numFolds,PART_numFolds,J48_binarySplits,PART_useMDLcorrection,PART_doNotMakeSplitPointActualValue,BestFirst_direction,GreedyStepwise_conservativeForwardSelection,BestFirst_searchTermination,GreedyStepwise_searchBackwards,PART_confidenceFactorValue"
28,90,0.81076918,0.89792274,0.91091705,0.88224462,0.88976035,0028,0034,0035,0.00000000,"SimpleCart,PART,JRip,JRip_minNo,Aggregator,SimpleCart_minNumObj,PART_minNumObj,PART_binarySplits,JRip_usePruning,DecisionTable,DecisionTable_evaluationMeasure,PART_useMDLcorrection,PART_doNotMakeSplitPointActualValue,DecisionTable_crossVal,JRip_folds,PART_pruning,SimpleCart_usePrune,J48,JRip_checkErrorRate,PART_confidenceFactorValue,SimpleCart_heuristic,J48_binarySplits,JRip_optimizations,J48_useLaplace,J48_minNumObj,J48_collapseTree,J48_useMDLcorrection,DecisionTable_useIBk,DecisionTable_search,SimpleCart_useOneSE,J48_pruning,J48_numFolds,PART_numFolds,GreedyStepwise_conservativeForwardSelection,BestFirst_searchTermination,J48_doNotMakeSplitPointActualValue,SimpleCart_numFoldsPruning,J48_subtreeRaising,GreedyStepwise_searchBackwards,J48_confidenceFactorValue,BestFirst_direction"
29,90,0.83264852,0.89776447,0.91091705,0.88224462,0.88976035,0024,0034,0035,0.00000000,"JRip,JRip_checkErrorRate,Aggregator,DecisionTable,JRip_minNo,DecisionTable_crossVal,JRip_usePruning,JRip_optimizations,DecisionTable_evaluationMeasure,SimpleCart,SimpleCart_heuristic,SimpleCart_usePrune,DecisionTable_search,PART,SimpleCart_numFoldsPruning,PART_minNumObj,J48,BestFirst_direction,PART_binarySplits,SimpleCart_minNumObj,PART_doNotMakeSplitPointActualValue,GreedyStepwise_conservativeForwardSelection,GreedyStepwise_searchBackwards,DecisionTable_useIBk,J48_pruning,J48_collapseTree,PART_useMDLcorrection,J48_useLaplace,BestFirst_searchTermination,J48_useMDLcorrection,JRip_folds,PART_pruning,J48_confidenceFactorValue,J48_minNumObj,SimpleCart_useOneSE,J48_doNotMakeSplitPointActualValue,J48_binarySplits,PART_numFolds,PART_confidenceFactorValue,J48_numFolds,J48_subtreeRaising"
30,90,0.82337346,0.89930832,0.91091705,0.88224462,0.88976035,0023,0034,0035,0.00000000,"Aggregator,JRip,DecisionTable,JRip_minNo,PART,DecisionTable_crossVal,PART_binarySplits,PART_pruning,PART_minNumObj,DecisionTable_search,DecisionTable_useIBk,BestFirst_searchTermination,GreedyStepwise_conservativeForwardSelection,PART_useMDLcorrection,J48,J48_doNotMakeSplitPointActualValue,SimpleCart,JRip_usePruning,JRip_checkErrorRate,J48_useMDLcorrection,GreedyStepwise_searchBackwards,PART_numFolds,PART_doNotMakeSplitPointActualValue,SimpleCart_heuristic,J48_pruning,DecisionTable_evaluationMeasure,J48_useLaplace,J48_numFolds,PART_confidenceFactorValue,BestFirst_direction,J48_binarySplits,SimpleCart_minNumObj,JRip_optimizations,J48_minNumObj,J48_collapseTree,J48_subtreeRaising,SimpleCart_usePrune,JRip_folds,J48_confidenceFactorValue,SimpleCart_useOneSE,SimpleCart_numFoldsPruning"
31,90,0.82539940,0.89811613,0.91091705,0.88224462,0.88976035,0022,0034,0035,0.00000000,"JRip,JRip_checkErrorRate,JRip_minNo,PART,DecisionTable,SimpleCart,JRip_usePruning,Aggregator,DecisionTable_evaluationMeasure,DecisionTable_crossVal,JRip_folds,J48,DecisionTable_useIBk,SimpleCart_usePrune,PART_doNotMakeSplitPointActualValue,PART_binarySplits,PART_useMDLcorrection,J48_binarySplits,J48_doNotMakeSplitPointActualValue,SimpleCart_useOneSE,J48_minNumObj,PART_minNumObj,DecisionTable_search,GreedyStepwise_searchBackwards,SimpleCart_minNumObj,PART_pruning,GreedyStepwise_conservativeForwardSelection,JRip_optimizations,SimpleCart_heuristic,BestFirst_direction,PART_numFolds,BestFirst_searchTermination,J48_useLaplace,J48_collapseTree,J48_pruning,SimpleCart_numFoldsPruning,J48_confidenceFactorValue,J48_useMDLcorrection,J48_numFolds,PART_confidenceFactorValue,J48_subtreeRaising"
32,90,0.86395047,0.89704770,0.91091705,0.88224462,0.88976035,0027,0034,0035,0.00000000,"PART,PART_minNumObj,PART_binarySplits,PART_useMDLcorrection,J48,J48_binarySplits,J48_doNotMakeSplitPointActualValue,SimpleCart,PART_pruning,SimpleCart_heuristic,JRip,JRip_usePruning,SimpleCart_usePrune,PART_doNotMakeSplitPointActualValue,DecisionTable,Aggregator,J48_useMDLcorrection,JRip_minNo,JRip_optimizations,J48_collapseTree,J48_useLaplace,J48_pruning,SimpleCart_useOneSE,DecisionTable_crossVal,DecisionTable_search,J48_minNumObj,J48_subtreeRaising,PART_numFolds,SimpleCart_minNumObj,JRip_folds,BestFirst_searchTermination,GreedyStepwise_conservativeForwardSelection,DecisionTable_evaluationMeasure,JRip_checkErrorRate,DecisionTable_useIBk,PART_confidenceFactorValue,SimpleCart_numFoldsPruning,BestFirst_direction,GreedyStepwise_searchBackwards,J48_numFolds,J48_confidenceFactorValue"
33,90,0.86584507,0.89997553,0.91091705,0.88224462,0.88976035,0027,0034,0035,0.00000000,"J48,J48_binarySplits,J48_doNotMakeSplitPointActualValue,J48_minNumObj,DecisionTable,SimpleCart,PART,JRip,J48_pruning,SimpleCart_heuristic,J48_useLaplace,Aggregator,PART_pruning,PART_binarySplits,DecisionTable_search,DecisionTable_crossVal,J48_confidenceFactorValue,SimpleCart_minNumObj,JRip_minNo,PART_doNotMakeSplitPointActualValue,JRip_usePruning,J48_useMDLcorrection,BestFirst_searchTermination,J48_numFolds,J48_collapseTree,GreedyStepwise_conservativeForwardSelection,JRip_checkErrorRate,PART_minNumObj,SimpleCart_usePrune,DecisionTable_useIBk,BestFirst_direction,DecisionTable_evaluationMeasure,GreedyStepwise_searchBackwards,PART_useMDLcorrection,JRip_optimizations,PART_confidenceFactorValue,J48_subtreeRaising,PART_numFolds,SimpleCart_useOneSE,JRip_folds,SimpleCart_numFoldsPruning"
34,90,0.87551541,0.89857719,0.91091705,0.88224462,0.88976035,0026,0034,0035,0.00000000,"Aggregator,J48,DecisionTable,PART,J48_binarySplits,DecisionTable_useIBk,J48_collapseTree,JRip,JRip_checkErrorRate,DecisionTable_crossVal,J48_pruning,J48_useMDLcorrection,J48_numFolds,PART_pruning,PART_doNotMakeSplitPointActualValue,J48_subtreeRaising,J48_useLaplace,J48_doNotMakeSplitPointActualValue,PART_binarySplits,JRip_minNo,SimpleCart,DecisionTable_search,DecisionTable_evaluationMeasure,PART_numFolds,J48_minNumObj,SimpleCart_minNumObj,GreedyStepwise_conservativeForwardSelection,PART_minNumObj,PART_useMDLcorrection,JRip_usePruning,PART_confidenceFactorValue,BestFirst_searchTermination,SimpleCart_usePrune,BestFirst_direction,J48_confidenceFactorValue,SimpleCart_useOneSE,GreedyStepwise_searchBackwards,JRip_optimizations,SimpleCart_numFoldsPruning,SimpleCart_heuristic,JRip_folds"
35,90,0.80066536,0.89807963,0.91091705,0.88224462,0.88976035,0024,0034,0035,0.00000000,"JRip,PART,PART_useMDLcorrection,JRip_checkErrorRate,PART_doNotMakeSplitPointActualValue,DecisionTable,PART_minNumObj,PART_pruning,SimpleCart,Aggregator,JRip_minNo,SimpleCart_usePrune,PART_numFolds,SimpleCart_heuristic,SimpleCart_numFoldsPruning,DecisionTable_search,J48,JRip_usePruning,DecisionTable_crossVal,SimpleCart_minNumObj,BestFirst_direction,J48_pruning,PART_binarySplits,J48_collapseTree,GreedyStepwise_searchBackwards,JRip_optimizations,J48_doNotMakeSplitPointActualValue,PART_confidenceFactorValue,DecisionTable_evaluationMeasure,DecisionTable_useIBk,BestFirst_searchTermination,GreedyStepwise_conservativeForwardSelection,SimpleCart_useOneSE,JRip_folds,J48_useLaplace,J48_subtreeRaising,J48_useMDLcorrection,J48_minNumObj,J48_binarySplits,J48_numFolds,J48_confidenceFactorValue"
36,90,0.73665242,0.89670113,0.91091705,0.88224462,0.88976035,0021,0034,0035,0.00000000,"PART,JRip,DecisionTable,PART_minNumObj,Aggregator,PART_pruning,JRip_checkErrorRate,PART_numFolds,PART_confidenceFactorValue,PART_doNotMakeSplitPointActualValue,DecisionTable_evaluationMeasure,J48,JRip_usePruning,DecisionTable_search,J48_minNumObj,BestFirst_searchTermination,J48_collapseTree,PART_binarySplits,JRip_minNo,DecisionTable_crossVal,SimpleCart,PART_useMDLcorrection,SimpleCart_usePrune,DecisionTable_useIBk,SimpleCart_numFoldsPruning,GreedyStepwise_searchBackwards,J48_pruning,BestFirst_direction,J48_binarySplits,J48_doNotMakeSplitPointActualValue,J48_numFolds,J48_useLaplace,SimpleCart_heuristic,J48_useMDLcorrection,GreedyStepwise_conservativeForwardSelection,JRip_optimizations,JRip_folds,J48_subtreeRaising,SimpleCart_useOneSE,SimpleCart_minNumObj,J48_confidenceFactorValue"
37,90,0.83132753,0.89699481,0.91091705,0.88224462,0.88976035,0025,0034,0035,0.00000000,"SimpleCart,SimpleCart_heuristic,DecisionTable,J48,J48_useLaplace,J48_collapseTree,J48_pruning,DecisionTable_evaluationMeasure,SimpleCart_usePrune,PART,J48_minNumObj,DecisionTable_useIBk,J48_confidenceFactorValue,J48_binarySplits,DecisionTable_search,Aggregator,JRip,JRip_minNo,DecisionTable_crossVal,JRip_usePruning,GreedyStepwise_searchBackwards,SimpleCart_minNumObj,J48_numFolds,PART_doNotMakeSplitPointActualValue,SimpleCart_useOneSE,PART_pruning,J48_subtreeRaising,JRip_folds,PART_useMDLcorrection,J48_useMDLcorrection,GreedyStepwise_conservativeForwardSelection,PART_binarySplits,J48_doNotMakeSplitPointActualValue,SimpleCart_numFoldsPruning,BestFirst_direction,BestFirst_searchTermination,PART_minNumObj,PART_confidenceFactorValue,PART_numFolds,JRip_checkErrorRate,JRip_optimizations"
38,90,0.84299983,0.89741340,0.91091705,0.88224462,0.88976035,0027,0034,0035,0.00000000,"DecisionTable,DecisionTable_crossVal,Aggregator,J48,J48_binarySplits,J48_pruning,J48_minNumObj,DecisionTable_evaluationMeasure,J48_subtreeRaising,SimpleCart,PART,JRip,DecisionTable_useIBk,SimpleCart_usePrune,DecisionTable_search,PART_binarySplits,J48_useLaplace,SimpleCart_heuristic,JRip_minNo,BestFirst_direction,J48_useMDLcorrection,JRip_checkErrorRate,J48_collapseTree,PART_pruning,J48_doNotMakeSplitPointActualValue,J48_numFolds,J48_confidenceFactorValue,PART_useMDLcorrection,JRip_usePruning,PART_minNumObj,SimpleCart_minNumObj,PART_doNotMakeSplitPointActualValue,SimpleCart_numFoldsPruning,BestFirst_searchTermination,SimpleCart_useOneSE,JRip_optimizations,PART_confidenceFactorValue,GreedyStepwise_searchBackwards,GreedyStepwise_conservativeForwardSelection,PART_numFolds,JRip_folds"
39,90,0.80146893,0.89753523,0.91091705,0.88224462,0.88976035,0024,0034,0035,0.00000000,"J48,Aggregator,J48_useLaplace,J48_useMDLcorrection,JRip,J48_minNumObj,PART,SimpleCart,J48_doNotMakeSplitPointActualValue,PART_pruning,J48_pruning,JRip_minNo,PART_minNumObj,JRip_checkErrorRate,J48_binarySplits,PART_useMDLcorrection,JRip_usePruning,J48_collapseTree,DecisionTable,PART_numFolds,PART_doNotMakeSplitPointActualValue,PART_confidenceFactorValue,PART_binarySplits,DecisionTable_useIBk,JRip_folds,SimpleCart_heuristic,JRip_optimizations,J48_numFolds,J48_subtreeRaising,SimpleCart_usePrune,DecisionTable_evaluationMeasure,SimpleCart_minNumObj,J48_confidenceFactorValue,DecisionTable_crossVal,DecisionTable_search,BestFirst_searchTermination,SimpleCart_useOneSE,SimpleCart_numFoldsPruning,GreedyStepwise_searchBackwards,GreedyStepwise_conservativeForwardSelection,BestFirst_direction"
40,90,0.83699500,0.89797835,0.91091705,0.88224462,0.88976035,0022,0034,0035,0.00000000,"SimpleCart,Aggregator,PART,JRip,JRip_minNo,PART_binarySplits,J48,J48_useLaplace,PART_useMDLcorrection,SimpleCart_minNumObj,JRip_usePruning,DecisionTable,JRip_optimizations,J48_collapseTree,J48_doNotMakeSplitPointActualValue,PART_doNotMakeSplitPointActualValue,JRip_folds,SimpleCart_usePrune,PART_minNumObj,JRip_checkErrorRate,SimpleCart_heuristic,PART_pruning,J48_binarySplits,DecisionTable_useIBk,PART_numFolds,J48_useMDLcorrection,J48_minNumObj,J48_pruning,DecisionTable_search,DecisionTable_crossVal,SimpleCart_numFoldsPruning,DecisionTable_evaluationMeasure,GreedyStepwise_searchBackwards,SimpleCart_useOneSE,BestFirst_searchTermination,GreedyStepwise_conservativeForwardSelection,J48_numFolds,PART_confidenceFactorValue,BestFirst_direction,J48_confidenceFactorValue,J48_subtreeRaising"
41,90,0.79967965,0.89739418,0.91091705,0.88224462,0.88976035,0025,0034,0035,0.00000000,"SimpleCart,PART,SimpleCart_minNumObj,J48,SimpleCart_heuristic,PART_doNotMakeSplitPointActualValue,Aggregator,J48_binarySplits,SimpleCart_usePrune,PART_minNumObj,J48_minNumObj,DecisionTable,J48_pruning,JRip,JRip_usePruning,PART_binarySplits,J48_useLaplace,PART_pruning,J48_subtreeRaising,J48_doNotMakeSplitPointActualValue,DecisionTable_search,PART_useMDLcorrection,J48_numFolds,PART_numFolds,PART_confidenceFactorValue,J48_collapseTree,DecisionTable_crossVal,GreedyStepwise_searchBackwards,J48_useMDLcorrection,SimpleCart_useOneSE,SimpleCart_numFoldsPruning,JRip_minNo,JRip_optimizations,DecisionTable_useIBk,JRip_checkErrorRate,DecisionTable_evaluationMeasure,BestFirst_direction,JRip_folds,J48_confidenceFactorValue,GreedyStepwise_conservativeForwardSelection,BestFirst_searchTermination"
42,90,0.87396842,0.89765000,0.91091705,0.88224462,0.88976035,0030,0034,0035,0.00000000,"DecisionTable,DecisionTable_crossVal,JRip,Aggregator,SimpleCart,J48,DecisionTable_evaluationMeasure,JRip_usePruning,JRip_checkErrorRate,JRip_folds,DecisionTable_useIBk,PART,J48_binarySplits,JRip_minNo,J48_pruning,SimpleCart_heuristic,J48_doNotMakeSplitPointActualValue,J48_collapseTree,PART_pruning,DecisionTable_search,J48_subtreeRaising,PART_minNumObj,SimpleCart_minNumObj,PART_doNotMakeSplitPointActualValue,PART_useMDLcorrection,SimpleCart_usePrune,JRip_optimizations,BestFirst_searchTermination,J48_minNumObj,J48_useMDLcorrection,PART_numFolds,J48_confidenceFactorValue,J48_useLaplace,GreedyStepwise_conservativeForwardSelection,J48_numFolds,PART_binarySplits,SimpleCart_numFoldsPruning,PART_confidenceFactorValue,GreedyStepwise_searchBackwards,BestFirst_direction,SimpleCart_useOneSE"
43,90,0.86768899,0.89660300,0.91091705,0.88224462,0.88976035,0027,0034,0035,0.00000000,"JRip,JRip_minNo,SimpleCart,DecisionTable,JRip_checkErrorRate,PART,SimpleCart_heuristic,DecisionTable_crossVal,J48,PART_binarySplits,DecisionTable_useIBk,J48_useLaplace,PART_pruning,J48_binarySplits,SimpleCart_usePrune,J48_doNotMakeSplitPointActualValue,DecisionTable_search,BestFirst_direction,JRip_usePruning,JRip_optimizations,PART_doNotMakeSplitPointActualValue,Aggregator,DecisionTable_evaluationMeasure,J48_pruning,PART_minNumObj,PART_confidenceFactorValue,J48_confidenceFactorValue,J48_useMDLcorrection,SimpleCart_minNumObj,J48_numFolds,GreedyStepwise_searchBackwards,GreedyStepwise_conservativeForwardSelection,J48_subtreeRaising,J48_collapseTree,SimpleCart_useOneSE,J48_minNumObj,PART_useMDLcorrection,PART_numFolds,JRip_folds,BestFirst_searchTermination,SimpleCart_numFoldsPruning"
44,90,0.84745092,0.89730859,0.91091705,0.88224462,0.88976035,0024,0034,0035,0.00000000,"PART,J48,DecisionTable,PART_minNumObj,Aggregator,PART_doNotMakeSplitPointActualValue,J48_collapseTree,DecisionTable_crossVal,J48_minNumObj,J48_doNotMakeSplitPointActualValue,J48_binarySplits,J48_useMDLcorrection,DecisionTable_evaluationMeasure,JRip,JRip_checkErrorRate,JRip_usePruning,J48_pruning,PART_useMDLcorrection,J48_subtreeRaising,DecisionTable_search,SimpleCart,JRip_optimizations,GreedyStepwise_conservativeForwardSelection,JRip_minNo,PART_binarySplits,J48_useLaplace,BestFirst_searchTermination,J48_confidenceFactorValue,PART_pruning,DecisionTable_useIBk,SimpleCart_heuristic,JRip_folds,GreedyStepwise_searchBackwards,BestFirst_direction,SimpleCart_minNumObj,J48_numFolds,PART_confidenceFactorValue,SimpleCart_usePrune,PART_numFolds,SimpleCart_numFoldsPruning,SimpleCart_useOneSE"
45,90,0.83141793,0.89802821,0.91091705,0.88224462,0.88976035,0025,0034,0035,0.00000000,"J48,DecisionTable,DecisionTable_evaluationMeasure,J48_minNumObj,JRip,J48_useMDLcorrection,J48_useLaplace,PART,J48_collapseTree,PART_minNumObj,J48_pruning,SimpleCart,J48_subtreeRaising,J48_doNotMakeSplitPointActualValue,Aggregator,DecisionTable_search,J48_binarySplits,SimpleCart_usePrune,DecisionTable_crossVal,JRip_checkErrorRate,PART_binarySplits,BestFirst_searchTermination,SimpleCart_minNumObj,PART_useMDLcorrection,DecisionTable_useIBk,BestFirst_direction,GreedyStepwise_conservativeForwardSelection,SimpleCart_heuristic,JRip_minNo,PART_doNotMakeSplitPointActualValue,PART_pruning,GreedyStepwise_searchBackwards,J48_numFolds,PART_numFolds,SimpleCart_numFoldsPruning,JRip_usePruning,J48_confidenceFactorValue,SimpleCart_useOneSE,PART_confidenceFactorValue,JRip_folds,JRip_optimizations"
46,90,0.85640430,0.89653125,0.91091705,0.88224462,0.88976035,0025,0034,0035,0.00000000,"PART,SimpleCart,DecisionTable,DecisionTable_evaluationMeasure,Aggregator,SimpleCart_heuristic,J48,PART_useMDLcorrection,DecisionTable_search,DecisionTable_useIBk,SimpleCart_usePrune,SimpleCart_useOneSE,J48_collapseTree,DecisionTable_crossVal,PART_doNotMakeSplitPointActualValue,SimpleCart_numFoldsPruning,JRip,GreedyStepwise_searchBackwards,PART_minNumObj,J48_doNotMakeSplitPointActualValue,PART_pruning,SimpleCart_minNumObj,PART_binarySplits,J48_binarySplits,GreedyStepwise_conservativeForwardSelection,BestFirst_searchTermination,BestFirst_direction,J48_useLaplace,PART_confidenceFactorValue,J48_pruning,J48_minNumObj,JRip_minNo,J48_useMDLcorrection,JRip_usePruning,J48_numFolds,PART_numFolds,JRip_checkErrorRate,JRip_folds,J48_subtreeRaising,J48_confidenceFactorValue,JRip_optimizations"
47,90,0.85343992,0.89842059,0.91091705,0.88224462,0.88976035,0025,0034,0035,0.00000000,"Aggregator,PART,JRip,PART_binarySplits,JRip_usePruning,PART_doNotMakeSplitPointActualValue,PART_pruning,J48,J48_useLaplace,SimpleCart,JRip_minNo,DecisionTable,JRip_optimizations,JRip_checkErrorRate,J48_useMDLcorrection,PART_useMDLcorrection,PART_minNumObj,JRip_folds,J48_pruning,J48_confidenceFactorValue,DecisionTable_crossVal,J48_minNumObj,PART_confidenceFactorValue,J48_numFolds,SimpleCart_heuristic,J48_doNotMakeSplitPointActualValue,DecisionTable_useIBk,PART_numFolds,SimpleCart_minNumObj,SimpleCart_usePrune,DecisionTable_search,J48_binarySplits,J48_collapseTree,DecisionTable_evaluationMeasure,SimpleCart_numFoldsPruning,BestFirst_searchTermination,J48_subtreeRaising,GreedyStepwise_searchBackwards,GreedyStepwise_conservativeForwardSelection,SimpleCart_useOneSE,BestFirst_direction"
48,90,0.86069542,0.89812497,0.91091705,0.88224462,0.88976035,0024,0034,0035,0.00000000,"DecisionTable,JRip,J48,Aggregator,DecisionTable_crossVal,JRip_minNo,PART,J48_binarySplits,J48_pruning,PART_useMDLcorrection,PART_binarySplits,SimpleCart,PART_pruning,J48_numFolds,DecisionTable_search,J48_collapseTree,J48_useLaplace,J48_useMDLcorrection,DecisionTable_useIBk,J48_confidenceFactorValue,PART_minNumObj,JRip_checkErrorRate,JRip_usePruning,DecisionTable_evaluationMeasure,GreedyStepwise_conservativeForwardSelection,SimpleCart_heuristic,J48_doNotMakeSplitPointActualValue,JRip_folds,SimpleCart_usePrune,SimpleCart_useOneSE,J48_minNumObj,PART_numFolds,BestFirst_direction,J48_subtreeRaising,PART_confidenceFactorValue,PART_doNotMakeSplitPointActualValue,GreedyStepwise_searchBackwards,SimpleCart_minNumObj,SimpleCart_numFoldsPruning,BestFirst_searchTermination,JRip_optimizations"
49,90,0.73763680,0.89786812,0.91091705,0.88224462,0.88976035,0031,0034,0035,0.00000000,"J48,J48_useMDLcorrection,PART,PART_binarySplits,J48_pruning,PART_useMDLcorrection,J48_collapseTree,JRip,Aggregator,J48_subtreeRaising,PART_pruning,PART_minNumObj,J48_numFolds,PART_doNotMakeSplitPointActualValue,DecisionTable,SimpleCart,J48_doNotMakeSplitPointActualValue,J48_useLaplace,J48_minNumObj,DecisionTable_search,J48_binarySplits,J48_confidenceFactorValue,PART_numFolds,JRip_minNo,BestFirst_searchTermination,PART_confidenceFactorValue,SimpleCart_minNumObj,DecisionTable_crossVal,GreedyStepwise_conservativeForwardSelection,JRip_checkErrorRate,SimpleCart_heuristic,DecisionTable_evaluationMeasure,JRip_usePruning,SimpleCart_usePrune,SimpleCart_numFoldsPruning,JRip_optimizations,BestFirst_direction,SimpleCart_useOneSE,DecisionTable_useIBk,GreedyStepwise_searchBackwards,JRip_folds"
50,90,0.80099992,0.89813902,0.91091705,0.88224462,0.88976035,0027,0034,0035,0.00000000,"PART,DecisionTable,J48,J48_pruning,Aggregator,J48_numFolds,PART_useMDLcorrection,PART_binarySplits,J48_doNotMakeSplitPointActualValue,PART_doNotMakeSplitPointActualValue,J48_confidenceFactorValue,J48_collapseTree,PART_pruning,SimpleCart,DecisionTable_search,DecisionTable_crossVal,BestFirst_direction,JRip,J48_binarySplits,PART_numFolds,J48_useMDLcorrection,J48_useLaplace,JRip_usePruning,PART_minNumObj,BestFirst_searchTermination,J48_subtreeRaising,DecisionTable_useIBk,DecisionTable_evaluationMeasure,SimpleCart_usePrune,SimpleCart_heuristic,PART_confidenceFactorValue,GreedyStepwise_conservativeForwardSelection,JRip_optimizations,J48_minNumObj,GreedyStepwise_searchBackwards,SimpleCart_minNumObj,JRip_minNo,JRip_checkErrorRate,SimpleCart_useOneSE,JRip_folds,SimpleCart_numFoldsPruning"
51,90,0.86451357,0.89739285,0.91091705,0.88224462,0.88976035,0023,0034,0035,0.00000000,"Aggregator,JRip,SimpleCart,JRip_minNo,SimpleCart_minNumObj,DecisionTable,JRip_checkErrorRate,SimpleCart_heuristic,J48,PART,J48_binarySplits,DecisionTable_evaluationMeasure,J48_doNotMakeSplitPointActualValue,J48_useMDLcorrection,JRip_usePruning,DecisionTable_crossVal,PART_minNumObj,PART_doNotMakeSplitPointActualValue,PART_binarySplits,J48_collapseTree,J48_minNumObj,DecisionTable_useIBk,J48_useLaplace,DecisionTable_search,SimpleCart_usePrune,PART_pruning,J48_pruning,GreedyStepwise_conservativeForwardSelection,PART_useMDLcorrection,JRip_folds,BestFirst_direction,J48_numFolds,SimpleCart_numFoldsPruning,JRip_optimizations,SimpleCart_useOneSE,GreedyStepwise_searchBackwards,BestFirst_searchTermination,PART_numFolds,J48_subtreeRaising,PART_confidenceFactorValue,J48_confidenceFactorValue"
52,90,0.83197654,0.89941442,0.91091705,0.88224462,0.88976035,0024,0034,0035,0.00000000,"JRip,Aggregator,JRip_usePruning,DecisionTable,SimpleCart,PART,DecisionTable_useIBk,JRip_optimizations,J48,J48_binarySplits,DecisionTable_crossVal,JRip_checkErrorRate,J48_pruning,SimpleCart_usePrune,JRip_minNo,SimpleCart_numFoldsPruning,SimpleCart_useOneSE,PART_binarySplits,PART_useMDLcorrection,SimpleCart_heuristic,J48_useMDLcorrection,PART_doNotMakeSplitPointActualValue,DecisionTable_search,J48_doNotMakeSplitPointActualValue,JRip_folds,PART_pruning,DecisionTable_evaluationMeasure,GreedyStepwise_conservativeForwardSelection,SimpleCart_minNumObj,PART_minNumObj,J48_numFolds,J48_collapseTree,J48_subtreeRaising,J48_minNumObj,BestFirst_searchTermination,J48_useLaplace,J48_confidenceFactorValue,PART_numFolds,BestFirst_direction,GreedyStepwise_searchBackwards,PART_confidenceFactorValue"
53,90,0.86407319,0.89861792,0.91091705,0.88224462,0.88976035,0022,0034,0035,0.00000000,"DecisionTable,DecisionTable_search,Aggregator,J48,SimpleCart,DecisionTable_useIBk,J48_binarySplits,SimpleCart_minNumObj,PART,BestFirst_direction,J48_minNumObj,DecisionTable_evaluationMeasure,SimpleCart_usePrune,PART_doNotMakeSplitPointActualValue,DecisionTable_crossVal,J48_useMDLcorrection,SimpleCart_heuristic,JRip,PART_useMDLcorrection,GreedyStepwise_searchBackwards,J48_pruning,GreedyStepwise_conservativeForwardSelection,BestFirst_searchTermination,J48_collapseTree,JRip_minNo,J48_doNotMakeSplitPointActualValue,J48_useLaplace,SimpleCart_numFoldsPruning,PART_binarySplits,PART_pruning,JRip_checkErrorRate,PART_minNumObj,SimpleCart_useOneSE,JRip_usePruning,J48_subtreeRaising,J48_confidenceFactorValue,PART_numFolds,JRip_optimizations,PART_confidenceFactorValue,J48_numFolds,JRip_folds"
54,90,0.86544815,0.89708071,0.91091705,0.88224462,0.88976035,0025,0034,0035,0.00000000,"J48,JRip,J48_collapseTree,Aggregator,J48_useMDLcorrection,J48_minNumObj,J48_doNotMakeSplitPointActualValue,J48_useLaplace,DecisionTable,J48_pruning,J48_binarySplits,DecisionTable_crossVal,PART,SimpleCart,PART_useMDLcorrection,SimpleCart_usePrune,JRip_checkErrorRate,JRip_minNo,J48_confidenceFactorValue,JRip_usePruning,DecisionTable_useIBk,DecisionTable_evaluationMeasure,PART_doNotMakeSplitPointActualValue,DecisionTable_search,BestFirst_direction,PART_binarySplits,PART_pruning,SimpleCart_minNumObj,PART_confidenceFactorValue,JRip_optimizations,SimpleCart_heuristic,J48_numFolds,J48_subtreeRaising,PART_minNumObj,SimpleCart_numFoldsPruning,SimpleCart_useOneSE,JRip_folds,BestFirst_searchTermination,GreedyStepwise_conservativeForwardSelection,GreedyStepwise_searchBackwards,PART_numFolds"
55,90,0.85920625,0.89865600,0.91091705,0.88224462,0.88976035,0027,0034,0035,0.00000000,"SimpleCart,SimpleCart_heuristic,JRip,J48,J48_useLaplace,J48_doNotMakeSplitPointActualValue,J48_collapseTree,JRip_usePruning,SimpleCart_minNumObj,JRip_minNo,PART,DecisionTable,PART_doNotMakeSplitPointActualValue,JRip_folds,PART_useMDLcorrection,PART_binarySplits,Aggregator,DecisionTable_crossVal,J48_minNumObj,DecisionTable_useIBk,PART_minNumObj,JRip_checkErrorRate,J48_useMDLcorrection,SimpleCart_usePrune,JRip_optimizations,J48_pruning,DecisionTable_search,J48_numFolds,BestFirst_direction,J48_binarySplits,BestFirst_searchTermination,DecisionTable_evaluationMeasure,PART_pruning,PART_numFolds,GreedyStepwise_searchBackwards,PART_confidenceFactorValue,J48_subtreeRaising,J48_confidenceFactorValue,SimpleCart_useOneSE,SimpleCart_numFoldsPruning,GreedyStepwise_conservativeForwardSelection"
56,90,0.82631535,0.89681975,0.91091705,0.88224462,0.88976035,0027,0034,0035,0.00000000,"J48,JRip,Aggregator,JRip_usePruning,J48_collapseTree,DecisionTable,DecisionTable_evaluationMeasure,DecisionTable_search,GreedyStepwise_conservativeForwardSelection,J48_minNumObj,J48_pruning,GreedyStepwise_searchBackwards,SimpleCart,SimpleCart_minNumObj,J48_subtreeRaising,JRip_minNo,DecisionTable_useIBk,J48_useMDLcorrection,J48_numFolds,BestFirst_searchTermination,J48_useLaplace,PART,JRip_folds,J48_binarySplits,J48_doNotMakeSplitPointActualValue,JRip_checkErrorRate,J48_confidenceFactorValue,JRip_optimizations,PART_binarySplits,SimpleCart_heuristic,SimpleCart_usePrune,SimpleCart_numFoldsPruning,PART_useMDLcorrection,DecisionTable_crossVal,PART_pruning,BestFirst_direction,PART_confidenceFactorValue,PART_minNumObj,PART_doNotMakeSplitPointActualValue,SimpleCart_useOneSE,PART_numFolds"
57,90,0.85861975,0.89702894,0.91091705,0.88224462,0.88976035,0027,0034,0035,0.00000000,"DecisionTable,J48,DecisionTable_useIBk,J48_useLaplace,J48_useMDLcorrection,PART,J48_binarySplits,JRip,PART_minNumObj,DecisionTable_evaluationMeasure,PART_pruning,J48_doNotMakeSplitPointActualValue,DecisionTable_crossVal,PART_binarySplits,SimpleCart,J48_minNumObj,J48_pruning,JRip_usePruning,DecisionTable_search,Aggregator,J48_collapseTree,JRip_optimizations,PART_numFolds,PART_doNotMakeSplitPointActualValue,SimpleCart_heuristic,JRip_minNo,PART_confidenceFactorValue,JRip_folds,JRip_checkErrorRate,PART_useMDLcorrection,BestFirst_direction,J48_numFolds,BestFirst_searchTermination,J48_confidenceFactorValue,J48_subtreeRaising,SimpleCart_minNumObj,SimpleCart_usePrune,GreedyStepwise_searchBackwards,GreedyStepwise_conservativeForwardSelection,SimpleCart_numFoldsPruning,SimpleCart_useOneSE"
58,90,0.84535532,0.89745305,0.91091705,0.88224462,0.88976035,0021,0034,0035,0.00000000,"SimpleCart,JRip,J48,Aggregator,JRip_minNo,J48_minNumObj,DecisionTable,DecisionTable_evaluationMeasure,J48_binarySplits,PART,SimpleCart_heuristic,SimpleCart_minNumObj,SimpleCart_usePrune,JRip_checkErrorRate,J48_doNotMakeSplitPointActualValue,DecisionTable_search,J48_useLaplace,PART_minNumObj,GreedyStepwise_conservativeForwardSelection,J48_pruning,SimpleCart_numFoldsPruning,J48_collapseTree,J48_subtreeRaising,PART_doNotMakeSplitPointActualValue,JRip_usePruning,PART_binarySplits,BestFirst_searchTermination,SimpleCart_useOneSE,J48_confidenceFactorValue,JRip_optimizations,PART_useMDLcorrection,J48_useMDLcorrection,GreedyStepwise_searchBackwards,PART_pruning,DecisionTable_crossVal,DecisionTable_useIBk,JRip_folds,BestFirst_direction,J48_numFolds,PART_numFolds,PART_confidenceFactorValue"
59,90,0.86527343,0.89861046,0.91091705,0.88224462,0.88976035,0024,0034,0035,0.00000000,"SimpleCart,SimpleCart_usePrune,JRip,PART,Aggregator,SimpleCart_numFoldsPruning,PART_minNumObj,JRip_usePruning,JRip_folds,PART_useMDLcorrection,SimpleCart_heuristic,DecisionTable,JRip_checkErrorRate,J48,J48_useLaplace,DecisionTable_useIBk,SimpleCart_minNumObj,J48_useMDLcorrection,JRip_minNo,J48_binarySplits,SimpleCart_useOneSE,PART_pruning,PART_binarySplits,PART_doNotMakeSplitPointActualValue,PART_numFolds,DecisionTable_evaluationMeasure,PART_confidenceFactorValue,DecisionTable_search,J48_minNumObj,J48_doNotMakeSplitPointActualValue,GreedyStepwise_conservativeForwardSelection,BestFirst_direction,J48_collapseTree,JRip_optimizations,J48_pruning,DecisionTable_crossVal,GreedyStepwise_searchBackwards,BestFirst_searchTermination,J48_subtreeRaising,J48_numFolds,J48_confidenceFactorValue"
60,90,0.85464234,0.89799698,0.91091705,0.88224462,0.88976035,0022,0034,0035,0.00000000,"SimpleCart,SimpleCart_usePrune,PART,Aggregator,SimpleCart_numFoldsPruning,SimpleCart_heuristic,PART_doNotMakeSplitPointActualValue,PART_useMDLcorrection,J48,SimpleCart_minNumObj,PART_binarySplits,JRip,J48_useLaplace,PART_pruning,DecisionTable,DecisionTable_search,SimpleCart_useOneSE,J48_doNotMakeSplitPointActualValue,J48_pruning,J48_confidenceFactorValue,J48_numFolds,PART_minNumObj,JRip_usePruning,DecisionTable_crossVal,J48_useMDLcorrection,JRip_minNo,JRip_folds,JRip_checkErrorRate,PART_numFolds,J48_binarySplits,J48_minNumObj,GreedyStepwise_searchBackwards,DecisionTable_evaluationMeasure,PART_confidenceFactorValue,J48_subtreeRaising,DecisionTable_useIBk,J48_collapseTree,BestFirst_searchTermination,JRip_optimizations,GreedyStepwise_conservativeForwardSelection,BestFirst_direction"
61,90,0.78892650,0.89779626,0.91091705,0.88224462,0.88976035,0021,0034,0035,0.00000000,"PART,PART_doNotMakeSplitPointActualValue,PART_minNumObj,SimpleCart,PART_binarySplits,SimpleCart_heuristic,PART_useMDLcorrection,JRip,JRip_usePruning,SimpleCart_usePrune,JRip_minNo,PART_pruning,DecisionTable,J48,PART_confidenceFactorValue,DecisionTable_crossVal,Aggregator,DecisionTable_search,SimpleCart_minNumObj,J48_binarySplits,JRip_optimizations,J48_pruning,J48_collapseTree,GreedyStepwise_conservativeForwardSelection,J48_useLaplace,BestFirst_direction,J48_doNotMakeSplitPointActualValue,SimpleCart_numFoldsPruning,PART_numFolds,J48_minNumObj,J48_useMDLcorrection,J48_numFolds,GreedyStepwise_searchBackwards,JRip_folds,SimpleCart_useOneSE,J48_subtreeRaising,JRip_checkErrorRate,DecisionTable_useIBk,DecisionTable_evaluationMeasure,BestFirst_searchTermination,J48_confidenceFactorValue"
62,90,0.68943155,0.89635935,0.91091705,0.88224462,0.88976035,0026,0034,0035,0.00000000,"J48,DecisionTable,PART,J48_collapseTree,PART_pruning,PART_useMDLcorrection,PART_doNotMakeSplitPointActualValue,J48_binarySplits,J48_useMDLcorrection,DecisionTable_search,DecisionTable_crossVal,J48_pruning,DecisionTable_useIBk,J48_doNotMakeSplitPointActualValue,PART_minNumObj,Aggregator,GreedyStepwise_conservativeForwardSelection,JRip,BestFirst_searchTermination,BestFirst_direction,GreedyStepwise_searchBackwards,JRip_checkErrorRate,PART_numFolds,J48_useLaplace,SimpleCart,J48_subtreeRaising,PART_confidenceFactorValue,J48_minNumObj,SimpleCart_minNumObj,DecisionTable_evaluationMeasure,PART_binarySplits,J48_confidenceFactorValue,J48_numFolds,SimpleCart_usePrune,SimpleCart_heuristic,SimpleCart_numFoldsPruning,JRip_usePruning,JRip_optimizations,JRip_minNo,JRip_folds,SimpleCart_useOneSE"
63,90,0.75064966,0.89665805,0.91091705,0.88224462,0.88976035,0023,0034,0035,0.00000000,"DecisionTable,PART,Aggregator,JRip,DecisionTable_crossVal,DecisionTable_useIBk,SimpleCart,PART_useMDLcorrection,DecisionTable_evaluationMeasure,SimpleCart_minNumObj,JRip_usePruning,PART_minNumObj,JRip_folds,J48,PART_binarySplits,DecisionTable_search,PART_pruning,J48_collapseTree,PART_doNotMakeSplitPointActualValue,J48_useLaplace,J48_minNumObj,J48_doNotMakeSplitPointActualValue,GreedyStepwise_searchBackwards,JRip_checkErrorRate,GreedyStepwise_conservativeForwardSelection,JRip_optimizations,SimpleCart_heuristic,BestFirst_searchTermination,JRip_minNo,J48_pruning,PART_confidenceFactorValue,J48_binarySplits,J48_useMDLcorrection,SimpleCart_usePrune,J48_numFolds,PART_numFolds,J48_confidenceFactorValue,BestFirst_direction,J48_subtreeRaising,SimpleCart_useOneSE,SimpleCart_numFoldsPruning"
64,90,0.79961978,0.89760316,0.91091705,0.88224462,0.88976035,0025,0034,0035,0.00000000,"J48,J48_collapseTree,SimpleCart,J48_minNumObj,SimpleCart_minNumObj,SimpleCart_usePrune,SimpleCart_useOneSE,J48_pruning,Aggregator,J48_useLaplace,J48_binarySplits,DecisionTable,JRip,PART,SimpleCart_heuristic,PART_minNumObj,DecisionTable_evaluationMeasure,DecisionTable_crossVal,J48_numFolds,DecisionTable_useIBk,J48_doNotMakeSplitPointActualValue,J48_useMDLcorrection,J48_confidenceFactorValue,SimpleCart_numFoldsPruning,PART_pruning,J48_subtreeRaising,PART_confidenceFactorValue,JRip_minNo,JRip_usePruning,PART_doNotMakeSplitPointActualValue,PART_binarySplits,DecisionTable_search,GreedyStepwise_searchBackwards,PART_useMDLcorrection,JRip_folds,JRip_checkErrorRate,BestFirst_direction,GreedyStepwise_conservativeForwardSelection,JRip_optimizations,PART_numFolds,BestFirst_searchTermination"
65,90,0.82023496,0.89804659,0.91091705,0.88224462,0.88976035,0032,0034,0035,0.00000000,"J48,J48_useMDLcorrection,Aggregator,DecisionTable,PART,J48_collapseTree,JRip,SimpleCart,J48_minNumObj,PART_doNotMakeSplitPointActualValue,J48_doNotMakeSplitPointActualValue,SimpleCart_usePrune,SimpleCart_heuristic,J48_useLaplace,JRip_minNo,PART_binarySplits,JRip_usePruning,SimpleCart_minNumObj,PART_minNumObj,PART_pruning,DecisionTable_useIBk,J48_pruning,J48_binarySplits,DecisionTable_search,GreedyStepwise_conservativeForwardSelection,SimpleCart_numFoldsPruning,SimpleCart_useOneSE,GreedyStepwise_searchBackwards,J48_subtreeRaising,DecisionTable_evaluationMeasure,PART_useMDLcorrection,DecisionTable_crossVal,JRip_checkErrorRate,BestFirst_direction,BestFirst_searchTermination,JRip_optimizations,JRip_folds,PART_confidenceFactorValue,PART_numFolds,J48_confidenceFactorValue,J48_numFolds"
66,90,0.87698713,0.89798129,0.91091705,0.88224462,0.88976035,0030,0034,0035,0.00000000,"PART,Aggregator,PART_doNotMakeSplitPointActualValue,DecisionTable,PART_binarySplits,DecisionTable_crossVal,JRip,J48,SimpleCart,PART_minNumObj,DecisionTable_evaluationMeasure,PART_useMDLcorrection,JRip_minNo,DecisionTable_search,JRip_checkErrorRate,DecisionTable_useIBk,GreedyStepwise_searchBackwards,PART_pruning,J48_minNumObj,SimpleCart_minNumObj,GreedyStepwise_conservativeForwardSelection,JRip_usePruning,JRip_optimizations,J48_useMDLcorrection,SimpleCart_usePrune,JRip_folds,J48_useLaplace,SimpleCart_heuristic,J48_collapseTree,J48_doNotMakeSplitPointActualValue,J48_pruning,J48_binarySplits,BestFirst_searchTermination,J48_confidenceFactorValue,SimpleCart_numFoldsPruning,J48_numFolds,BestFirst_direction,PART_numFolds,PART_confidenceFactorValue,SimpleCart_useOneSE,J48_subtreeRaising"
67,90,0.86010570,0.89835516,0.91091705,0.88224462,0.88976035,0026,0034,0035,0.00000000,"DecisionTable,Aggregator,SimpleCart,J48,PART,SimpleCart_usePrune,DecisionTable_evaluationMeasure,J48_useMDLcorrection,J48_minNumObj,SimpleCart_minNumObj,JRip,PART_minNumObj,PART_useMDLcorrection,J48_pruning,J48_useLaplace,JRip_minNo,PART_pruning,PART_confidenceFactorValue,DecisionTable_crossVal,J48_subtreeRaising,DecisionTable_search,J48_numFolds,J48_confidenceFactorValue,JRip_usePruning,PART_binarySplits,BestFirst_direction,PART_doNotMakeSplitPointActualValue,DecisionTable_useIBk,SimpleCart_heuristic,J48_collapseTree,J48_binarySplits,PART_numFolds,J48_doNotMakeSplitPointActualValue,BestFirst_searchTermination,GreedyStepwise_conservativeForwardSelection,SimpleCart_numFoldsPruning,JRip_optimizations,JRip_checkErrorRate,SimpleCart_useOneSE,GreedyStepwise_searchBackwards,JRip_folds"
68,90,0.83514761,0.89728784,0.91091705,0.88224462,0.88976035,0026,0034,0035,0.00000000,"PART,SimpleCart,PART_minNumObj,J48,J48_pruning,J48_confidenceFactorValue,Aggregator,DecisionTable,J48_minNumObj,SimpleCart_minNumObj,DecisionTable_search,J48_doNotMakeSplitPointActualValue,DecisionTable_evaluationMeasure,J48_binarySplits,SimpleCart_heuristic,JRip,J48_useMDLcorrection,PART_pruning,J48_subtreeRaising,PART_useMDLcorrection,GreedyStepwise_conservativeForwardSelection,GreedyStepwise_searchBackwards,JRip_minNo,J48_numFolds,PART_binarySplits,PART_doNotMakeSplitPointActualValue,SimpleCart_usePrune,PART_confidenceFactorValue,BestFirst_searchTermination,J48_useLaplace,J48_collapseTree,DecisionTable_crossVal,SimpleCart_numFoldsPruning,BestFirst_direction,DecisionTable_useIBk,JRip_usePruning,SimpleCart_useOneSE,JRip_checkErrorRate,PART_numFolds,JRip_folds,JRip_optimizations"
69,90,0.78993663,0.89825398,0.91091705,0.88224462,0.88976035,0030,0034,0035,0.00000000,"DecisionTable,DecisionTable_useIBk,JRip,JRip_minNo,J48,PART,SimpleCart,DecisionTable_search,Aggregator,J48_useMDLcorrection,JRip_usePruning,JRip_folds,J48_binarySplits,PART_minNumObj,JRip_optimizations,DecisionTable_evaluationMeasure,BestFirst_direction,PART_binarySplits,SimpleCart_minNumObj,JRip_checkErrorRate,PART_useMDLcorrection,SimpleCart_usePrune,GreedyStepwise_searchBackwards,PART_doNotMakeSplitPointActualValue,J48_collapseTree,DecisionTable_crossVal,J48_useLaplace,J48_pruning,GreedyStepwise_conservativeForwardSelection,PART_pruning,J48_minNumObj,PART_confidenceFactorValue,J48_doNotMakeSplitPointActualValue,J48_confidenceFactorValue,SimpleCart_heuristic,SimpleCart_useOneSE,BestFirst_searchTermination,SimpleCart_numFoldsPruning,J48_numFolds,J48_subtreeRaising,PART_numFolds"
70,90,0.83331057,0.89669854,0.91091705,0.88224462,0.88976035,0025,0034,0035,0.00000000,"JRip,JRip_minNo,JRip_checkErrorRate,SimpleCart,SimpleCart_usePrune,J48,J48_useLaplace,PART,PART_useMDLcorrection,SimpleCart_minNumObj,J48_doNotMakeSplitPointActualValue,J48_minNumObj,J48_collapseTree,DecisionTable,Aggregator,DecisionTable_useIBk,JRip_usePruning,SimpleCart_numFoldsPruning,PART_minNumObj,PART_doNotMakeSplitPointActualValue,J48_useMDLcorrection,SimpleCart_heuristic,SimpleCart_useOneSE,J48_binarySplits,J48_pruning,PART_pruning,PART_binarySplits,DecisionTable_search,DecisionTable_evaluationMeasure,JRip_optimizations,J48_numFolds,BestFirst_searchTermination,GreedyStepwise_searchBackwards,GreedyStepwise_conservativeForwardSelection,PART_confidenceFactorValue,DecisionTable_crossVal,BestFirst_direction,PART_numFolds,JRip_folds,J48_subtreeRaising,J48_confidenceFactorValue"
71,90,0.87457237,0.89816055,0.91091705,0.88224462,0.88976035,0025,0034,0035,0.00000000,"Aggregator,SimpleCart,PART,J48,DecisionTable,J48_binarySplits,SimpleCart_minNumObj,J48_pruning,PART_pruning,PART_doNotMakeSplitPointActualValue,JRip,J48_subtreeRaising,J48_doNotMakeSplitPointActualValue,J48_confidenceFactorValue,PART_binarySplits,JRip_checkErrorRate,SimpleCart_heuristic,DecisionTable_evaluationMeasure,J48_numFolds,DecisionTable_crossVal,JRip_minNo,J48_collapseTree,DecisionTable_useIBk,PART_minNumObj,DecisionTable_search,SimpleCart_usePrune,J48_minNumObj,J48_useMDLcorrection,PART_useMDLcorrection,J48_useLaplace,JRip_usePruning,PART_confidenceFactorValue,GreedyStepwise_searchBackwards,PART_numFolds,SimpleCart_useOneSE,BestFirst_searchTermination,JRip_optimizations,GreedyStepwise_conservativeForwardSelection,BestFirst_direction,SimpleCart_numFoldsPruning,JRip_folds"
72,90,0.80335444,0.89912950,0.91091705,0.88224462,0.88976035,0022,0034,0035,0.00000000,"Aggregator,SimpleCart,PART,DecisionTable,JRip,JRip_usePruning,JRip_checkErrorRate,SimpleCart_heuristic,SimpleCart_minNumObj,PART_minNumObj,JRip_optimizations,J48,PART_doNotMakeSplitPointActualValue,JRip_minNo,DecisionTable_search,BestFirst_searchTermination,SimpleCart_usePrune,SimpleCart_numFoldsPruning,J48_minNumObj,PART_useMDLcorrection,J48_collapseTree,J48_binarySplits,J48_useMDLcorrection,DecisionTable_crossVal,GreedyStepwise_searchBackwards,PART_binarySplits,DecisionTable_useIBk,PART_pruning,J48_useLaplace,GreedyStepwise_conservativeForwardSelection,J48_doNotMakeSplitPointActualValue,DecisionTable_evaluationMeasure,PART_confidenceFactorValue,JRip_folds,BestFirst_direction,SimpleCart_useOneSE,J48_pruning,J48_confidenceFactorValue,J48_subtreeRaising,J48_numFolds,PART_numFolds"
73,90,0.82716230,0.89654543,0.91091705,0.88224462,0.88976035,0020,0034,0035,0.00000000,"J48,DecisionTable,J48_doNotMakeSplitPointActualValue,SimpleCart,J48_minNumObj,SimpleCart_usePrune,SimpleCart_useOneSE,J48_pruning,J48_collapseTree,SimpleCart_numFoldsPruning,J48_binarySplits,JRip,DecisionTable_evaluationMeasure,J48_subtreeRaising,J48_useMDLcorrection,Aggregator,DecisionTable_useIBk,PART,JRip_minNo,SimpleCart_minNumObj,J48_numFolds,J48_useLaplace,PART_useMDLcorrection,DecisionTable_search,J48_confidenceFactorValue,JRip_usePruning,DecisionTable_crossVal,PART_doNotMakeSplitPointActualValue,SimpleCart_heuristic,GreedyStepwise_conservativeForwardSelection,GreedyStepwise_searchBackwards,PART_minNumObj,JRip_checkErrorRate,PART_pruning,PART_binarySplits,BestFirst_searchTermination,JRip_folds,BestFirst_direction,JRip_optimizations,PART_confidenceFactorValue,PART_numFolds"
74,90,0.82660020,0.89660063,0.91091705,0.88224462,0.88976035,0020,0034,0035,0.00000000,"SimpleCart,JRip,JRip_usePruning,Aggregator,SimpleCart_heuristic,JRip_folds,SimpleCart_usePrune,JRip_minNo,JRip_checkErrorRate,SimpleCart_minNumObj,J48,J48_useLaplace,DecisionTable,PART,JRip_optimizations,PART_minNumObj,J48_binarySplits,DecisionTable_crossVal,PART_useMDLcorrection,DecisionTable_search,PART_doNotMakeSplitPointActualValue,J48_minNumObj,DecisionTable_evaluationMeasure,J48_collapseTree,DecisionTable_useIBk,SimpleCart_numFoldsPruning,J48_useMDLcorrection,PART_pruning,SimpleCart_useOneSE,PART_binarySplits,J48_pruning,BestFirst_searchTermination,PART_numFolds,J48_subtreeRaising,J48_doNotMakeSplitPointActualValue,GreedyStepwise_searchBackwards,BestFirst_direction,J48_numFolds,GreedyStepwise_conservativeForwardSelection,J48_confidenceFactorValue,PART_confidenceFactorValue"
75,90,0.83580579,0.89887766,0.91091705,0.88224462,0.88976035,0019,0034,0035,0.00000000,"PART,DecisionTable,Aggregator,SimpleCart,JRip,SimpleCart_heuristic,PART_binarySplits,PART_minNumObj,JRip_usePruning,JRip_minNo,PART_pruning,JRip_folds,J48,PART_useMDLcorrection,J48_collapseTree,DecisionTable_crossVal,PART_doNotMakeSplitPointActualValue,DecisionTable_evaluationMeasure,J48_doNotMakeSplitPointActualValue,SimpleCart_usePrune,J48_minNumObj,J48_useLaplace,J48_binarySplits,JRip_checkErrorRate,DecisionTable_useIBk,DecisionTable_search,SimpleCart_minNumObj,JRip_optimizations,PART_confidenceFactorValue,PART_numFolds,GreedyStepwise_searchBackwards,SimpleCart_numFoldsPruning,J48_pruning,J48_subtreeRaising,SimpleCart_useOneSE,BestFirst_searchTermination,J48_useMDLcorrection,J48_numFolds,J48_confidenceFactorValue,BestFirst_direction,GreedyStepwise_conservativeForwardSelection"
76,90,0.85019469,0.89882095,0.91091705,0.88224462,0.88976035,0021,0034,0035,0.00000000,"PART,Aggregator,PART_binarySplits,JRip,PART_pruning,JRip_checkErrorRate,SimpleCart,PART_confidenceFactorValue,JRip_minNo,J48,PART_doNotMakeSplitPointActualValue,JRip_usePruning,DecisionTable,J48_collapseTree,PART_useMDLcorrection,DecisionTable_search,PART_minNumObj,J48_doNotMakeSplitPointActualValue,JRip_optimizations,PART_numFolds,BestFirst_direction,SimpleCart_heuristic,SimpleCart_usePrune,J48_useLaplace,J48_binarySplits,BestFirst_searchTermination,JRip_folds,GreedyStepwise_conservativeForwardSelection,SimpleCart_minNumObj,J48_useMDLcorrection,J48_minNumObj,GreedyStepwise_searchBackwards,DecisionTable_useIBk,J48_pruning,DecisionTable_crossVal,DecisionTable_evaluationMeasure,SimpleCart_useOneSE,SimpleCart_numFoldsPruning,J48_subtreeRaising,J48_confidenceFactorValue,J48_numFolds"
77,90,0.83332364,0.89771205,0.91091705,0.88224462,0.88976035,0024,0034,0035,0.00000000,"J48,Aggregator,J48_doNotMakeSplitPointActualValue,J48_minNumObj,DecisionTable,PART,DecisionTable_crossVal,DecisionTable_evaluationMeasure,J48_binarySplits,J48_collapseTree,JRip,SimpleCart,DecisionTable_search,J48_pruning,J48_useLaplace,PART_pruning,PART_minNumObj,J48_useMDLcorrection,PART_binarySplits,JRip_checkErrorRate,JRip_usePruning,SimpleCart_heuristic,BestFirst_searchTermination,PART_numFolds,JRip_optimizations,PART_useMDLcorrection,DecisionTable_useIBk,SimpleCart_minNumObj,JRip_minNo,BestFirst_direction,SimpleCart_usePrune,PART_confidenceFactorValue,GreedyStepwise_conservativeForwardSelection,PART_doNotMakeSplitPointActualValue,J48_numFolds,J48_subtreeRaising,GreedyStepwise_searchBackwards,J48_confidenceFactorValue,JRip_folds,SimpleCart_useOneSE,SimpleCart_numFoldsPruning"
78,90,0.85207878,0.89973540,0.91091705,0.88224462,0.88976035,0024,0034,0035,0.00000000,"SimpleCart,J48,J48_doNotMakeSplitPointActualValue,J48_useMDLcorrection,SimpleCart_heuristic,J48_useLaplace,DecisionTable,PART,DecisionTable_crossVal,DecisionTable_useIBk,DecisionTable_evaluationMeasure,J48_pruning,PART_minNumObj,Aggregator,J48_minNumObj,JRip,J48_numFolds,PART_doNotMakeSplitPointActualValue,PART_pruning,JRip_checkErrorRate,J48_binarySplits,J48_collapseTree,SimpleCart_usePrune,SimpleCart_minNumObj,PART_numFolds,DecisionTable_search,PART_binarySplits,GreedyStepwise_searchBackwards,BestFirst_direction,SimpleCart_numFoldsPruning,PART_useMDLcorrection,BestFirst_searchTermination,PART_confidenceFactorValue,J48_confidenceFactorValue,JRip_minNo,J48_subtreeRaising,GreedyStepwise_conservativeForwardSelection,JRip_usePruning,SimpleCart_useOneSE,JRip_optimizations,JRip_folds"
79,90,0.87404647,0.89895784,0.91091705,0.88224462,0.88976035,0022,0034,0035,0.00000000,"J48,DecisionTable,JRip,DecisionTable_search,JRip_minNo,SimpleCart,SimpleCart_heuristic,DecisionTable_useIBk,J48_pruning,J48_collapseTree,J48_binarySplits,J48_confidenceFactorValue,PART,Aggregator,PART_useMDLcorrection,BestFirst_direction,PART_doNotMakeSplitPointActualValue,PART_pruning,PART_minNumObj,GreedyStepwise_conservativeForwardSelection,J48_doNotMakeSplitPointActualValue,J48_minNumObj,DecisionTable_evaluationMeasure,JRip_usePruning,GreedyStepwise_searchBackwards,SimpleCart_usePrune,JRip_folds,JRip_checkErrorRate,J48_subtreeRaising,SimpleCart_numFoldsPruning,J48_useLaplace,DecisionTable_crossVal,J48_numFolds,PART_binarySplits,BestFirst_searchTermination,J48_useMDLcorrection,PART_numFolds,SimpleCart_minNumObj,JRip_optimizations,PART_confidenceFactorValue,SimpleCart_useOneSE"
80,90,0.81625771,0.89741414,0.91091705,0.88224462,0.88976035,0021,0034,0035,0.00000000,"SimpleCart,J48,JRip,JRip_checkErrorRate,JRip_usePruning,SimpleCart_minNumObj,DecisionTable,J48_minNumObj,DecisionTable_useIBk,J48_useLaplace,J48_useMDLcorrection,J48_doNotMakeSplitPointActualValue,Aggregator,PART,SimpleCart_heuristic,PART_doNotMakeSplitPointActualValue,PART_useMDLcorrection,J48_binarySplits,DecisionTable_crossVal,JRip_optimizations,JRip_minNo,J48_collapseTree,DecisionTable_search,DecisionTable_evaluationMeasure,SimpleCart_usePrune,BestFirst_searchTermination,BestFirst_direction,GreedyStepwise_searchBackwards,J48_pruning,JRip_folds,J48_confidenceFactorValue,PART_binarySplits,SimpleCart_numFoldsPruning,GreedyStepwise_conservativeForwardSelection,PART_minNumObj,PART_pruning,PART_numFolds,SimpleCart_useOneSE,J48_numFolds,J48_subtreeRaising,PART_confidenceFactorValue"
81,90,0.87931014,0.89968276,0.91091705,0.88224462,0.88976035,0019,0034,0035,0.00000000,"SimpleCart,SimpleCart_usePrune,JRip,SimpleCart_numFoldsPruning,SimpleCart_useOneSE,PART,DecisionTable,Aggregator,SimpleCart_heuristic,PART_binarySplits,SimpleCart_minNumObj,J48,DecisionTable_crossVal,DecisionTable_useIBk,JRip_checkErrorRate,J48_pruning,DecisionTable_search,J48_useLaplace,JRip_minNo,J48_doNotMakeSplitPointActualValue,JRip_usePruning,J48_minNumObj,PART_minNumObj,JRip_optimizations,DecisionTable_evaluationMeasure,PART_useMDLcorrection,J48_useMDLcorrection,PART_doNotMakeSplitPointActualValue,PART_pruning,BestFirst_direction,J48_numFolds,J48_subtreeRaising,J48_collapseTree,PART_confidenceFactorValue,GreedyStepwise_conservativeForwardSelection,J48_binarySplits,JRip_folds,GreedyStepwise_searchBackwards,J48_confidenceFactorValue,BestFirst_searchTermination,PART_numFolds"
82,90,0.85700861,0.89728540,0.91091705,0.88224462,0.88976035,0020,0034,0035,0.00000000,"JRip,JRip_checkErrorRate,SimpleCart,DecisionTable,JRip_minNo,Aggregator,JRip_usePruning,PART,SimpleCart_minNumObj,JRip_folds,J48,SimpleCart_heuristic,J48_collapseTree,J48_doNotMakeSplitPointActualValue,J48_binarySplits,PART_doNotMakeSplitPointActualValue,DecisionTable_crossVal,PART_useMDLcorrection,SimpleCart_usePrune,J48_pruning,DecisionTable_useIBk,PART_minNumObj,J48_useMDLcorrection,DecisionTable_search,PART_pruning,PART_confidenceFactorValue,DecisionTable_evaluationMeasure,J48_numFolds,GreedyStepwise_conservativeForwardSelection,J48_useLaplace,J48_minNumObj,J48_confidenceFactorValue,JRip_optimizations,PART_binarySplits,GreedyStepwise_searchBackwards,PART_numFolds,SimpleCart_numFoldsPruning,J48_subtreeRaising,BestFirst_searchTermination,SimpleCart_useOneSE,BestFirst_direction"
83,90,0.84296881,0.89843761,0.91091705,0.88224462,0.88976035,0025,0034,0035,0.00000000,"DecisionTable,JRip,PART,Aggregator,PART_pruning,SimpleCart,DecisionTable_evaluationMeasure,PART_binarySplits,PART_minNumObj,DecisionTable_useIBk,J48,JRip_usePruning,J48_collapseTree,PART_numFolds,JRip_minNo,J48_minNumObj,J48_binarySplits,PART_useMDLcorrection,DecisionTable_search,BestFirst_direction,PART_doNotMakeSplitPointActualValue,PART_confidenceFactorValue,DecisionTable_crossVal,BestFirst_searchTermination,SimpleCart_usePrune,JRip_checkErrorRate,JRip_folds,SimpleCart_useOneSE,SimpleCart_heuristic,J48_useLaplace,SimpleCart_minNumObj,SimpleCart_numFoldsPruning,J48_useMDLcorrection,GreedyStepwise_conservativeForwardSelection,J48_doNotMakeSplitPointActualValue,J48_pruning,GreedyStepwise_searchBackwards,J48_confidenceFactorValue,JRip_optimizations,J48_numFolds,J48_subtreeRaising"
84,90,0.81981819,0.89815452,0.91091705,0.88224462,0.88976035,0022,0034,0035,0.00000000,"JRip,Aggregator,JRip_usePruning,DecisionTable,J48,SimpleCart,DecisionTable_crossVal,DecisionTable_search,JRip_optimizations,GreedyStepwise_searchBackwards,PART,PART_doNotMakeSplitPointActualValue,PART_binarySplits,JRip_checkErrorRate,DecisionTable_evaluationMeasure,BestFirst_searchTermination,J48_collapseTree,J48_minNumObj,SimpleCart_usePrune,J48_useLaplace,PART_useMDLcorrection,J48_doNotMakeSplitPointActualValue,PART_minNumObj,DecisionTable_useIBk,GreedyStepwise_conservativeForwardSelection,J48_useMDLcorrection,SimpleCart_numFoldsPruning,JRip_minNo,JRip_folds,SimpleCart_heuristic,SimpleCart_minNumObj,J48_pruning,J48_binarySplits,SimpleCart_useOneSE,BestFirst_direction,PART_pruning,PART_confidenceFactorValue,PART_numFolds,J48_numFolds,J48_confidenceFactorValue,J48_subtreeRaising"
85,90,0.85646786,0.89751131,0.91091705,0.88224462,0.88976035,0021,0034,0035,0.00000000,"DecisionTable,SimpleCart,DecisionTable_evaluationMeasure,PART,DecisionTable_search,PART_minNumObj,PART_binarySplits,SimpleCart_usePrune,BestFirst_searchTermination,PART_pruning,DecisionTable_crossVal,J48,J48_pruning,SimpleCart_heuristic,PART_useMDLcorrection,J48_useMDLcorrection,SimpleCart_minNumObj,JRip,DecisionTable_useIBk,GreedyStepwise_searchBackwards,J48_binarySplits,J48_useLaplace,PART_doNotMakeSplitPointActualValue,JRip_usePruning,Aggregator,JRip_minNo,PART_confidenceFactorValue,GreedyStepwise_conservativeForwardSelection,JRip_optimizations,J48_collapseTree,SimpleCart_numFoldsPruning,BestFirst_direction,PART_numFolds,SimpleCart_useOneSE,J48_doNotMakeSplitPointActualValue,J48_subtreeRaising,J48_numFolds,JRip_folds,J48_minNumObj,J48_confidenceFactorValue,JRip_checkErrorRate"
86,90,0.81950193,0.89815569,0.91091705,0.88224462,0.88976035,0021,0034,0035,0.00000000,"SimpleCart,JRip,JRip_usePruning,PART,PART_binarySplits,Aggregator,J48,SimpleCart_heuristic,JRip_checkErrorRate,SimpleCart_usePrune,J48_collapseTree,PART_pruning,DecisionTable,J48_minNumObj,DecisionTable_evaluationMeasure,SimpleCart_minNumObj,DecisionTable_crossVal,PART_useMDLcorrection,PART_minNumObj,PART_doNotMakeSplitPointActualValue,JRip_minNo,JRip_optimizations,DecisionTable_search,J48_binarySplits,JRip_folds,PART_numFolds,J48_useMDLcorrection,J48_doNotMakeSplitPointActualValue,J48_useLaplace,BestFirst_searchTermination,GreedyStepwise_conservativeForwardSelection,J48_pruning,PART_confidenceFactorValue,GreedyStepwise_searchBackwards,SimpleCart_useOneSE,SimpleCart_numFoldsPruning,J48_numFolds,BestFirst_direction,DecisionTable_useIBk,J48_subtreeRaising,J48_confidenceFactorValue"
87,90,0.73854202,0.89675864,0.91091705,0.88224462,0.88976035,0018,0034,0035,0.00000000,"J48,DecisionTable,SimpleCart,DecisionTable_crossVal,J48_useMDLcorrection,PART,SimpleCart_minNumObj,J48_collapseTree,DecisionTable_useIBk,Aggregator,PART_useMDLcorrection,PART_pruning,SimpleCart_usePrune,DecisionTable_evaluationMeasure,J48_doNotMakeSplitPointActualValue,J48_pruning,J48_confidenceFactorValue,DecisionTable_search,JRip,PART_binarySplits,PART_confidenceFactorValue,JRip_minNo,SimpleCart_heuristic,J48_minNumObj,J48_useLaplace,J48_binarySplits,BestFirst_direction,PART_doNotMakeSplitPointActualValue,PART_minNumObj,SimpleCart_useOneSE,GreedyStepwise_conservativeForwardSelection,JRip_usePruning,J48_numFolds,JRip_checkErrorRate,PART_numFolds,BestFirst_searchTermination,SimpleCart_numFoldsPruning,GreedyStepwise_searchBackwards,J48_subtreeRaising,JRip_optimizations,JRip_folds"
88,90,0.88272263,0.89834514,0.91091705,0.88224462,0.88976035,0017,0034,0035,0.00000000,"Aggregator,PART,JRip,PART_binarySplits,J48,J48_minNumObj,J48_useMDLcorrection,DecisionTable,JRip_minNo,JRip_usePruning,J48_collapseTree,J48_pruning,SimpleCart,J48_numFolds,PART_pruning,DecisionTable_search,PART_confidenceFactorValue,J48_doNotMakeSplitPointActualValue,J48_subtreeRaising,BestFirst_searchTermination,JRip_checkErrorRate,GreedyStepwise_searchBackwards,BestFirst_direction,PART_minNumObj,J48_confidenceFactorValue,PART_numFolds,PART_doNotMakeSplitPointActualValue,PART_useMDLcorrection,DecisionTable_evaluationMeasure,JRip_optimizations,GreedyStepwise_conservativeForwardSelection,SimpleCart_heuristic,J48_useLaplace,DecisionTable_useIBk,J48_binarySplits,DecisionTable_crossVal,SimpleCart_minNumObj,JRip_folds,SimpleCart_usePrune,SimpleCart_numFoldsPruning,SimpleCart_useOneSE"
89,90,0.84732238,0.89779427,0.91091705,0.88224462,0.88976035,0015,0034,0035,0.00000000,"J48,DecisionTable,DecisionTable_useIBk,DecisionTable_crossVal,DecisionTable_evaluationMeasure,J48_minNumObj,Aggregator,J48_useLaplace,SimpleCart,J48_useMDLcorrection,JRip,PART,PART_useMDLcorrection,J48_binarySplits,JRip_checkErrorRate,SimpleCart_heuristic,J48_collapseTree,DecisionTable_search,SimpleCart_usePrune,BestFirst_searchTermination,J48_pruning,J48_doNotMakeSplitPointActualValue,BestFirst_direction,GreedyStepwise_searchBackwards,PART_binarySplits,JRip_usePruning,JRip_folds,JRip_optimizations,JRip_minNo,J48_numFolds,GreedyStepwise_conservativeForwardSelection,SimpleCart_minNumObj,PART_minNumObj,SimpleCart_numFoldsPruning,PART_doNotMakeSplitPointActualValue,J48_subtreeRaising,SimpleCart_useOneSE,PART_pruning,J48_confidenceFactorValue,PART_confidenceFactorValue,PART_numFolds"
90,90,0.81135679,0.89874117,0.91091705,0.88224462,0.88976035,0021,0034,0035,0.00000000,"Aggregator,J48,JRip,SimpleCart,PART,SimpleCart_heuristic,PART_doNotMakeSplitPointActualValue,J48_pruning,J48_collapseTree,J48_binarySplits,DecisionTable,DecisionTable_evaluationMeasure,DecisionTable_useIBk,JRip_checkErrorRate,JRip_usePruning,J48_numFolds,PART_pruning,DecisionTable_search,J48_doNotMakeSplitPointActualValue,GreedyStepwise_searchBackwards,J48_confidenceFactorValue,J48_minNumObj,BestFirst_direction,J48_useLaplace,JRip_minNo,SimpleCart_minNumObj,J48_useMDLcorrection,PART_confidenceFactorValue,J48_subtreeRaising,PART_binarySplits,DecisionTable_crossVal,SimpleCart_usePrune,PART_useMDLcorrection,GreedyStepwise_conservativeForwardSelection,BestFirst_searchTermination,JRip_optimizations,PART_numFolds,PART_minNumObj,SimpleCart_useOneSE,JRip_folds,SimpleCart_numFoldsPruning"
91,90,0.85639204,0.89838823,0.91091705,0.88224462,0.88976035,0017,0034,0035,0.00000000,"Aggregator,PART,J48,DecisionTable,PART_useMDLcorrection,SimpleCart,DecisionTable_crossVal,DecisionTable_search,SimpleCart_minNumObj,GreedyStepwise_searchBackwards,JRip,J48_doNotMakeSplitPointActualValue,J48_binarySplits,J48_useLaplace,DecisionTable_evaluationMeasure,JRip_checkErrorRate,DecisionTable_useIBk,GreedyStepwise_conservativeForwardSelection,BestFirst_searchTermination,PART_minNumObj,J48_useMDLcorrection,PART_doNotMakeSplitPointActualValue,PART_pruning,J48_minNumObj,BestFirst_direction,PART_binarySplits,J48_pruning,SimpleCart_heuristic,JRip_minNo,J48_collapseTree,SimpleCart_usePrune,PART_numFolds,SimpleCart_useOneSE,J48_confidenceFactorValue,JRip_usePruning,J48_subtreeRaising,J48_numFolds,JRip_folds,PART_confidenceFactorValue,SimpleCart_numFoldsPruning,JRip_optimizations"
92,90,0.72280037,0.89712917,0.91091705,0.88224462,0.88976035,0018,0034,0035,0.00000000,"DecisionTable,J48,SimpleCart,PART,PART_minNumObj,DecisionTable_useIBk,SimpleCart_heuristic,Aggregator,J48_pruning,DecisionTable_search,PART_useMDLcorrection,GreedyStepwise_conservativeForwardSelection,J48_confidenceFactorValue,J48_useMDLcorrection,DecisionTable_crossVal,J48_doNotMakeSplitPointActualValue,JRip,BestFirst_direction,PART_binarySplits,J48_collapseTree,SimpleCart_usePrune,J48_binarySplits,J48_minNumObj,DecisionTable_evaluationMeasure,JRip_minNo,SimpleCart_minNumObj,PART_doNotMakeSplitPointActualValue,J48_useLaplace,PART_pruning,JRip_checkErrorRate,PART_numFolds,J48_numFolds,BestFirst_searchTermination,SimpleCart_useOneSE,J48_subtreeRaising,GreedyStepwise_searchBackwards,SimpleCart_numFoldsPruning,JRip_usePruning,PART_confidenceFactorValue,JRip_folds,JRip_optimizations"
93,90,0.82158342,0.89655836,0.91091705,0.88224462,0.88976035,0022,0034,0035,0.00000000,"SimpleCart,Aggregator,J48,J48_doNotMakeSplitPointActualValue,J48_binarySplits,PART,SimpleCart_heuristic,DecisionTable,JRip,J48_minNumObj,J48_useLaplace,DecisionTable_useIBk,SimpleCart_usePrune,SimpleCart_numFoldsPruning,JRip_minNo,DecisionTable_search,J48_collapseTree,PART_minNumObj,SimpleCart_minNumObj,PART_useMDLcorrection,J48_useMDLcorrection,GreedyStepwise_conservativeForwardSelection,PART_binarySplits,J48_pruning,DecisionTable_evaluationMeasure,PART_doNotMakeSplitPointActualValue,BestFirst_searchTermination,JRip_usePruning,BestFirst_direction,JRip_checkErrorRate,JRip_optimizations,DecisionTable_crossVal,PART_pruning,J48_numFolds,PART_numFolds,GreedyStepwise_searchBackwards,J48_confidenceFactorValue,JRip_folds,SimpleCart_useOneSE,J48_subtreeRaising,PART_confidenceFactorValue"
94,90,0.85297454,0.89731685,0.91091705,0.88224462,0.88976035,0020,0034,0035,0.00000000,"J48,J48_minNumObj,Aggregator,PART,PART_binarySplits,J48_binarySplits,PART_minNumObj,PART_useMDLcorrection,J48_doNotMakeSplitPointActualValue,J48_pruning,PART_doNotMakeSplitPointActualValue,J48_useMDLcorrection,DecisionTable,J48_useLaplace,SimpleCart,J48_collapseTree,SimpleCart_minNumObj,PART_pruning,DecisionTable_search,GreedyStepwise_searchBackwards,JRip,PART_confidenceFactorValue,DecisionTable_useIBk,J48_confidenceFactorValue,DecisionTable_evaluationMeasure,PART_numFolds,BestFirst_searchTermination,DecisionTable_crossVal,J48_numFolds,SimpleCart_usePrune,JRip_usePruning,SimpleCart_heuristic,J48_subtreeRaising,BestFirst_direction,JRip_minNo,SimpleCart_numFoldsPruning,JRip_checkErrorRate,GreedyStepwise_conservativeForwardSelection,SimpleCart_useOneSE,JRip_folds,JRip_optimizations"
95,90,0.85812038,0.89794981,0.91091705,0.88224462,0.88976035,0020,0034,0035,0.00000000,"J48,J48_pruning,J48_binarySplits,J48_numFolds,PART,DecisionTable,J48_useLaplace,J48_confidenceFactorValue,PART_useMDLcorrection,Aggregator,PART_doNotMakeSplitPointActualValue,DecisionTable_search,J48_subtreeRaising,JRip,J48_doNotMakeSplitPointActualValue,GreedyStepwise_conservativeForwardSelection,SimpleCart,PART_minNumObj,DecisionTable_crossVal,PART_pruning,PART_binarySplits,PART_confidenceFactorValue,J48_useMDLcorrection,DecisionTable_useIBk,J48_minNumObj,J48_collapseTree,BestFirst_searchTermination,JRip_usePruning,PART_numFolds,DecisionTable_evaluationMeasure,BestFirst_direction,SimpleCart_usePrune,GreedyStepwise_searchBackwards,SimpleCart_minNumObj,SimpleCart_heuristic,JRip_minNo,JRip_checkErrorRate,SimpleCart_numFoldsPruning,JRip_optimizations,JRip_folds,SimpleCart_useOneSE"
96,90,0.83628848,0.89822801,0.91091705,0.88224462,0.88976035,0022,0034,0035,0.00000000,"SimpleCart,PART,PART_binarySplits,SimpleCart_usePrune,J48,J48_collapseTree,J48_useMDLcorrection,SimpleCart_heuristic,J48_pruning,PART_minNumObj,SimpleCart_numFoldsPruning,J48_useLaplace,J48_minNumObj,DecisionTable,J48_confidenceFactorValue,JRip,DecisionTable_crossVal,J48_subtreeRaising,Aggregator,SimpleCart_minNumObj,JRip_usePruning,DecisionTable_search,JRip_minNo,PART_useMDLcorrection,DecisionTable_evaluationMeasure,DecisionTable_useIBk,PART_pruning,J48_doNotMakeSplitPointActualValue,GreedyStepwise_searchBackwards,PART_doNotMakeSplitPointActualValue,J48_binarySplits,SimpleCart_useOneSE,JRip_optimizations,GreedyStepwise_conservativeForwardSelection,BestFirst_direction,J48_numFolds,BestFirst_searchTermination,JRip_checkErrorRate,JRip_folds,PART_numFolds,PART_confidenceFactorValue"
97,90,0.76638281,0.89652398,0.91091705,0.88224462,0.88976035,0019,0034,0035,0.00000000,"JRip,DecisionTable,PART,Aggregator,PART_doNotMakeSplitPointActualValue,DecisionTable_useIBk,DecisionTable_search,PART_binarySplits,J48,J48_minNumObj,J48_binarySplits,SimpleCart,PART_useMDLcorrection,JRip_usePruning,JRip_checkErrorRate,JRip_minNo,PART_pruning,SimpleCart_minNumObj,JRip_folds,DecisionTable_evaluationMeasure,BestFirst_direction,DecisionTable_crossVal,PART_numFolds,GreedyStepwise_conservativeForwardSelection,PART_minNumObj,J48_useMDLcorrection,BestFirst_searchTermination,SimpleCart_heuristic,JRip_optimizations,GreedyStepwise_searchBackwards,J48_useLaplace,J48_collapseTree,J48_pruning,J48_doNotMakeSplitPointActualValue,J48_numFolds,SimpleCart_usePrune,PART_confidenceFactorValue,SimpleCart_useOneSE,SimpleCart_numFoldsPruning,J48_confidenceFactorValue,J48_subtreeRaising"
98,90,0.81859090,0.89803879,0.91091705,0.88224462,0.88976035,0018,0034,0035,0.00000000,"J48,SimpleCart,JRip,J48_useMDLcorrection,J48_collapseTree,SimpleCart_minNumObj,DecisionTable,DecisionTable_search,DecisionTable_evaluationMeasure,DecisionTable_useIBk,J48_binarySplits,DecisionTable_crossVal,Aggregator,PART,J48_minNumObj,J48_useLaplace,J48_pruning,BestFirst_direction,J48_confidenceFactorValue,JRip_usePruning,PART_binarySplits,JRip_checkErrorRate,GreedyStepwise_searchBackwards,PART_pruning,J48_doNotMakeSplitPointActualValue,SimpleCart_heuristic,J48_subtreeRaising,SimpleCart_usePrune,JRip_minNo,SimpleCart_useOneSE,GreedyStepwise_conservativeForwardSelection,PART_doNotMakeSplitPointActualValue,JRip_optimizations,PART_useMDLcorrection,J48_numFolds,BestFirst_searchTermination,PART_numFolds,PART_confidenceFactorValue,PART_minNumObj,JRip_folds,SimpleCart_numFoldsPruning"
99,90,0.83739137,0.89745527,0.91091705,0.88224462,0.88976035,0019,0034,0035,0.00000000,"JRip,J48,J48_pruning,SimpleCart,SimpleCart_minNumObj,JRip_checkErrorRate,J48_useMDLcorrection,JRip_usePruning,J48_confidenceFactorValue,JRip_optimizations,PART,PART_useMDLcorrection,DecisionTable,DecisionTable_search,SimpleCart_heuristic,Aggregator,DecisionTable_useIBk,J48_numFolds,J48_subtreeRaising,BestFirst_searchTermination,J48_useLaplace,JRip_minNo,SimpleCart_usePrune,JRip_folds,PART_binarySplits,J48_binarySplits,J48_doNotMakeSplitPointActualValue,DecisionTable_crossVal,J48_minNumObj,J48_collapseTree,SimpleCart_numFoldsPruning,DecisionTable_evaluationMeasure,PART_pruning,GreedyStepwise_searchBackwards,BestFirst_direction,PART_doNotMakeSplitPointActualValue,PART_minNumObj,PART_numFolds,GreedyStepwise_conservativeForwardSelection,SimpleCart_useOneSE,PART_confidenceFactorValue"
