gen,nevals,min,median,max,currentGenBestValFitness,currentGenBestTestFitness,lap time (seconds),discarded individuals (including burn-in),GM connections,GM mean heuristic,sampling order
0,100,0.54808571,0.73784179,0.79430803,0.68084134,0.73807926,0031,0034,0035,0.00000000,"DecisionTable,DecisionTable_crossVal,DecisionTable_search,J48,GreedyStepwise_searchBackwards,DecisionTable_evaluationMeasure,J48_minNumObj,J48_useLaplace,J48_collapseTree,J48_useMDLcorrection,JRip,PART,SimpleCart,Aggregator,JRip_usePruning,SimpleCart_usePrune,PART_useMDLcorrection,GreedyStepwise_conservativeForwardSelection,BestFirst_searchTermination,BestFirst_direction,DecisionTable_useIBk,J48_binarySplits,SimpleCart_useOneSE,PART_pruning,J48_pruning,J48_doNotMakeSplitPointActualValue,JRip_checkErrorRate,PART_doNotMakeSplitPointActualValue,PART_binarySplits,JRip_folds,JRip_optimizations,PART_minNumObj,PART_numFolds,SimpleCart_numFoldsPruning,JRip_minNo,PART_confidenceFactorValue,J48_numFolds,SimpleCart_minNumObj,SimpleCart_heuristic,J48_confidenceFactorValue,J48_subtreeRaising"
1,90,0.55447126,0.76322979,0.79912183,0.66481945,0.80776072,0012,0034,0035,0.00000000,"J48,J48_binarySplits,PART,SimpleCart,Aggregator,J48_doNotMakeSplitPointActualValue,DecisionTable,J48_collapseTree,J48_useMDLcorrection,JRip,PART_minNumObj,JRip_checkErrorRate,PART_doNotMakeSplitPointActualValue,DecisionTable_evaluationMeasure,J48_useLaplace,PART_binarySplits,DecisionTable_crossVal,J48_pruning,J48_confidenceFactorValue,J48_minNumObj,PART_pruning,DecisionTable_useIBk,PART_useMDLcorrection,PART_confidenceFactorValue,DecisionTable_search,JRip_minNo,SimpleCart_heuristic,JRip_usePruning,SimpleCart_minNumObj,JRip_folds,SimpleCart_usePrune,BestFirst_direction,SimpleCart_useOneSE,SimpleCart_numFoldsPruning,BestFirst_searchTermination,J48_numFolds,GreedyStepwise_searchBackwards,GreedyStepwise_conservativeForwardSelection,J48_subtreeRaising,PART_numFolds,JRip_optimizations"
2,90,0.60291165,0.75870875,0.79912183,0.66481945,0.80776072,0013,0034,0035,0.00000000,"JRip,J48,DecisionTable,J48_useMDLcorrection,J48_useLaplace,DecisionTable_search,PART,PART_minNumObj,DecisionTable_crossVal,JRip_usePruning,JRip_folds,PART_pruning,BestFirst_searchTermination,JRip_minNo,DecisionTable_evaluationMeasure,J48_minNumObj,PART_binarySplits,JRip_optimizations,GreedyStepwise_conservativeForwardSelection,JRip_checkErrorRate,J48_pruning,BestFirst_direction,PART_useMDLcorrection,SimpleCart,GreedyStepwise_searchBackwards,J48_binarySplits,Aggregator,PART_doNotMakeSplitPointActualValue,J48_confidenceFactorValue,J48_collapseTree,DecisionTable_useIBk,J48_doNotMakeSplitPointActualValue,PART_confidenceFactorValue,J48_subtreeRaising,PART_numFolds,SimpleCart_heuristic,SimpleCart_minNumObj,SimpleCart_usePrune,J48_numFolds,SimpleCart_useOneSE,SimpleCart_numFoldsPruning"
3,90,0.59715404,0.75987872,0.79912183,0.66481945,0.80776072,0012,0034,0035,0.00000000,"JRip,JRip_usePruning,JRip_checkErrorRate,SimpleCart,PART,Aggregator,PART_useMDLcorrection,JRip_minNo,PART_binarySplits,J48,SimpleCart_minNumObj,PART_minNumObj,DecisionTable,J48_doNotMakeSplitPointActualValue,J48_minNumObj,SimpleCart_heuristic,DecisionTable_evaluationMeasure,JRip_optimizations,JRip_folds,J48_collapseTree,J48_pruning,J48_useMDLcorrection,SimpleCart_usePrune,PART_doNotMakeSplitPointActualValue,J48_numFolds,J48_useLaplace,PART_pruning,DecisionTable_useIBk,SimpleCart_numFoldsPruning,J48_binarySplits,DecisionTable_crossVal,J48_subtreeRaising,J48_confidenceFactorValue,DecisionTable_search,SimpleCart_useOneSE,GreedyStepwise_conservativeForwardSelection,BestFirst_searchTermination,PART_confidenceFactorValue,BestFirst_direction,PART_numFolds,GreedyStepwise_searchBackwards"
4,90,0.56022240,0.77344406,0.81348738,0.69094239,0.75882949,0014,0102,0073,0.46669080,"SimpleCart,JRip,DecisionTable,SimpleCart_heuristic,JRip_usePruning,SimpleCart_minNumObj,DecisionTable_useIBk,DecisionTable_search,DecisionTable_crossVal,JRip_checkErrorRate,BestFirst_searchTermination,DecisionTable_evaluationMeasure,JRip_minNo,GreedyStepwise_searchBackwards,PART_doNotMakeSplitPointActualValue,J48_subtreeRaising,PART_useMDLcorrection,J48_confidenceFactorValue,J48_pruning,J48_minNumObj,JRip_folds,Aggregator,PART_numFolds,JRip_optimizations,J48_doNotMakeSplitPointActualValue,J48_collapseTree,SimpleCart_numFoldsPruning,PART,PART_pruning,PART_binarySplits,PART_minNumObj,SimpleCart_usePrune,J48_numFolds,PART_confidenceFactorValue,J48,J48_useMDLcorrection,J48_binarySplits,GreedyStepwise_conservativeForwardSelection,J48_useLaplace,BestFirst_direction,SimpleCart_useOneSE"
5,90,0.61279444,0.77368812,0.81348738,0.69094239,0.75882949,0012,0045,0073,0.46669080,"SimpleCart,JRip,DecisionTable,SimpleCart_minNumObj,JRip_minNo,JRip_usePruning,JRip_optimizations,JRip_folds,DecisionTable_useIBk,SimpleCart_heuristic,JRip_checkErrorRate,DecisionTable_evaluationMeasure,DecisionTable_search,GreedyStepwise_searchBackwards,BestFirst_searchTermination,GreedyStepwise_conservativeForwardSelection,BestFirst_direction,SimpleCart_usePrune,SimpleCart_useOneSE,SimpleCart_numFoldsPruning,PART,PART_useMDLcorrection,PART_binarySplits,PART_doNotMakeSplitPointActualValue,PART_pruning,PART_numFolds,PART_minNumObj,DecisionTable_crossVal,J48_collapseTree,J48_minNumObj,Aggregator,J48_doNotMakeSplitPointActualValue,J48_binarySplits,J48_confidenceFactorValue,J48_subtreeRaising,J48_useLaplace,J48_pruning,J48_numFolds,PART_confidenceFactorValue,J48,J48_useMDLcorrection"
6,90,0.62065121,0.77541099,0.81348738,0.69094239,0.75882949,0012,0049,0073,0.46669080,"DecisionTable,JRip,SimpleCart,SimpleCart_minNumObj,DecisionTable_useIBk,DecisionTable_search,SimpleCart_heuristic,BestFirst_searchTermination,JRip_minNo,DecisionTable_evaluationMeasure,JRip_usePruning,GreedyStepwise_searchBackwards,SimpleCart_usePrune,BestFirst_direction,SimpleCart_useOneSE,DecisionTable_crossVal,JRip_folds,GreedyStepwise_conservativeForwardSelection,JRip_checkErrorRate,SimpleCart_numFoldsPruning,PART,PART_minNumObj,PART_useMDLcorrection,PART_doNotMakeSplitPointActualValue,PART_pruning,PART_numFolds,JRip_optimizations,PART_binarySplits,J48_useLaplace,J48_doNotMakeSplitPointActualValue,J48_confidenceFactorValue,J48_binarySplits,J48_subtreeRaising,J48_pruning,J48_collapseTree,J48_minNumObj,Aggregator,J48_numFolds,PART_confidenceFactorValue,J48,J48_useMDLcorrection"
7,90,0.56885294,0.77359009,0.81348738,0.69094239,0.75882949,0015,0034,0064,0.59913150,"PART,SimpleCart,DecisionTable,JRip,SimpleCart_usePrune,SimpleCart_useOneSE,SimpleCart_numFoldsPruning,DecisionTable_crossVal,JRip_usePruning,JRip_folds,JRip_optimizations,DecisionTable_search,GreedyStepwise_conservativeForwardSelection,BestFirst_searchTermination,GreedyStepwise_searchBackwards,BestFirst_direction,SimpleCart_heuristic,DecisionTable_useIBk,PART_binarySplits,J48_pruning,J48_subtreeRaising,J48_numFolds,J48_confidenceFactorValue,PART_minNumObj,JRip_checkErrorRate,Aggregator,PART_doNotMakeSplitPointActualValue,DecisionTable_evaluationMeasure,PART_useMDLcorrection,SimpleCart_minNumObj,PART_pruning,PART_confidenceFactorValue,PART_numFolds,J48,J48_useLaplace,J48_minNumObj,J48_binarySplits,J48_doNotMakeSplitPointActualValue,JRip_minNo,J48_useMDLcorrection,J48_collapseTree"
8,90,0.60347310,0.77454833,0.81348738,0.69094239,0.75882949,0012,0034,0064,0.59913150,"SimpleCart,PART,DecisionTable,JRip,SimpleCart_usePrune,SimpleCart_useOneSE,SimpleCart_numFoldsPruning,PART_useMDLcorrection,JRip_usePruning,JRip_folds,JRip_optimizations,JRip_checkErrorRate,Aggregator,PART_minNumObj,DecisionTable_search,DecisionTable_crossVal,GreedyStepwise_conservativeForwardSelection,BestFirst_direction,BestFirst_searchTermination,GreedyStepwise_searchBackwards,PART_pruning,PART_numFolds,J48,J48_minNumObj,J48_pruning,PART_confidenceFactorValue,JRip_minNo,J48_numFolds,PART_doNotMakeSplitPointActualValue,SimpleCart_minNumObj,J48_useMDLcorrection,J48_doNotMakeSplitPointActualValue,DecisionTable_evaluationMeasure,J48_confidenceFactorValue,J48_binarySplits,J48_useLaplace,J48_collapseTree,SimpleCart_heuristic,DecisionTable_useIBk,PART_binarySplits,J48_subtreeRaising"
9,90,0.61869440,0.77230096,0.81348738,0.69094239,0.75882949,0011,0034,0064,0.59913150,"DecisionTable,SimpleCart,PART,JRip,SimpleCart_usePrune,SimpleCart_useOneSE,SimpleCart_numFoldsPruning,PART_doNotMakeSplitPointActualValue,DecisionTable_crossVal,PART_pruning,PART_confidenceFactorValue,DecisionTable_useIBk,SimpleCart_heuristic,SimpleCart_minNumObj,PART_useMDLcorrection,PART_numFolds,J48,J48_doNotMakeSplitPointActualValue,J48_useLaplace,J48_pruning,J48_numFolds,J48_confidenceFactorValue,JRip_minNo,J48_useMDLcorrection,J48_collapseTree,JRip_usePruning,JRip_optimizations,JRip_folds,PART_minNumObj,J48_minNumObj,DecisionTable_evaluationMeasure,DecisionTable_search,GreedyStepwise_searchBackwards,BestFirst_searchTermination,GreedyStepwise_conservativeForwardSelection,BestFirst_direction,J48_binarySplits,PART_binarySplits,J48_subtreeRaising,JRip_checkErrorRate,Aggregator"
10,90,0.67013082,0.77092123,0.81348738,0.69094239,0.75882949,0012,0034,0035,0.00000000,"J48,J48_binarySplits,J48_collapseTree,JRip,PART,SimpleCart,PART_pruning,PART_useMDLcorrection,J48_useLaplace,J48_minNumObj,PART_doNotMakeSplitPointActualValue,SimpleCart_minNumObj,J48_doNotMakeSplitPointActualValue,DecisionTable,J48_useMDLcorrection,DecisionTable_evaluationMeasure,JRip_usePruning,Aggregator,J48_pruning,PART_binarySplits,JRip_minNo,DecisionTable_useIBk,JRip_checkErrorRate,DecisionTable_search,J48_numFolds,PART_numFolds,PART_minNumObj,SimpleCart_heuristic,PART_confidenceFactorValue,DecisionTable_crossVal,SimpleCart_usePrune,BestFirst_direction,GreedyStepwise_searchBackwards,J48_confidenceFactorValue,JRip_optimizations,JRip_folds,GreedyStepwise_conservativeForwardSelection,J48_subtreeRaising,BestFirst_searchTermination,SimpleCart_useOneSE,SimpleCart_numFoldsPruning"
11,90,0.62655495,0.76410899,0.81348738,0.69094239,0.75882949,0013,0034,0035,0.00000000,"PART,J48,J48_binarySplits,J48_useMDLcorrection,DecisionTable,PART_pruning,DecisionTable_crossVal,J48_collapseTree,J48_pruning,JRip,Aggregator,J48_minNumObj,PART_doNotMakeSplitPointActualValue,J48_doNotMakeSplitPointActualValue,PART_confidenceFactorValue,PART_useMDLcorrection,PART_minNumObj,SimpleCart,JRip_checkErrorRate,J48_subtreeRaising,PART_binarySplits,DecisionTable_useIBk,J48_useLaplace,SimpleCart_minNumObj,DecisionTable_search,J48_confidenceFactorValue,DecisionTable_evaluationMeasure,J48_numFolds,GreedyStepwise_conservativeForwardSelection,PART_numFolds,BestFirst_direction,JRip_usePruning,JRip_minNo,SimpleCart_usePrune,SimpleCart_numFoldsPruning,BestFirst_searchTermination,SimpleCart_useOneSE,JRip_folds,GreedyStepwise_searchBackwards,SimpleCart_heuristic,JRip_optimizations"
12,90,0.59366603,0.76638203,0.81348738,0.69094239,0.75882949,0014,0034,0035,0.00000000,"JRip,DecisionTable,DecisionTable_crossVal,DecisionTable_search,J48,PART,JRip_checkErrorRate,JRip_usePruning,J48_minNumObj,SimpleCart,Aggregator,BestFirst_searchTermination,SimpleCart_usePrune,DecisionTable_evaluationMeasure,PART_pruning,JRip_minNo,PART_doNotMakeSplitPointActualValue,J48_doNotMakeSplitPointActualValue,J48_useLaplace,J48_pruning,GreedyStepwise_searchBackwards,J48_collapseTree,BestFirst_direction,JRip_optimizations,DecisionTable_useIBk,PART_numFolds,J48_useMDLcorrection,J48_binarySplits,PART_useMDLcorrection,J48_numFolds,PART_minNumObj,PART_binarySplits,GreedyStepwise_conservativeForwardSelection,SimpleCart_heuristic,JRip_folds,SimpleCart_numFoldsPruning,SimpleCart_minNumObj,SimpleCart_useOneSE,J48_confidenceFactorValue,J48_subtreeRaising,PART_confidenceFactorValue"
13,90,0.63466315,0.76163688,0.81348738,0.69094239,0.75882949,0015,0034,0035,0.00000000,"DecisionTable,Aggregator,DecisionTable_crossVal,J48,PART,J48_minNumObj,DecisionTable_evaluationMeasure,SimpleCart,SimpleCart_minNumObj,JRip,DecisionTable_search,J48_pruning,DecisionTable_useIBk,J48_useLaplace,J48_numFolds,BestFirst_searchTermination,JRip_minNo,JRip_usePruning,JRip_checkErrorRate,PART_pruning,SimpleCart_usePrune,PART_useMDLcorrection,J48_collapseTree,J48_subtreeRaising,SimpleCart_heuristic,PART_doNotMakeSplitPointActualValue,BestFirst_direction,J48_doNotMakeSplitPointActualValue,JRip_folds,JRip_optimizations,J48_useMDLcorrection,GreedyStepwise_searchBackwards,GreedyStepwise_conservativeForwardSelection,PART_binarySplits,J48_binarySplits,PART_minNumObj,J48_confidenceFactorValue,SimpleCart_numFoldsPruning,PART_numFolds,SimpleCart_useOneSE,PART_confidenceFactorValue"
14,90,0.60605181,0.76737179,0.81348738,0.69094239,0.75882949,0013,0034,0035,0.00000000,"SimpleCart,J48,PART,J48_doNotMakeSplitPointActualValue,J48_pruning,J48_useLaplace,DecisionTable,J48_binarySplits,SimpleCart_minNumObj,PART_doNotMakeSplitPointActualValue,JRip,Aggregator,PART_minNumObj,DecisionTable_crossVal,J48_confidenceFactorValue,JRip_checkErrorRate,PART_pruning,PART_useMDLcorrection,SimpleCart_usePrune,J48_collapseTree,SimpleCart_useOneSE,JRip_usePruning,SimpleCart_heuristic,J48_subtreeRaising,J48_useMDLcorrection,JRip_optimizations,J48_numFolds,PART_binarySplits,DecisionTable_evaluationMeasure,DecisionTable_search,J48_minNumObj,DecisionTable_useIBk,PART_confidenceFactorValue,JRip_minNo,PART_numFolds,GreedyStepwise_conservativeForwardSelection,BestFirst_searchTermination,BestFirst_direction,JRip_folds,SimpleCart_numFoldsPruning,GreedyStepwise_searchBackwards"
15,90,0.48253214,0.75878595,0.81348738,0.69094239,0.75882949,0014,0034,0035,0.00000000,"SimpleCart,JRip,SimpleCart_heuristic,JRip_minNo,PART,Aggregator,JRip_usePruning,J48,JRip_folds,DecisionTable,SimpleCart_minNumObj,SimpleCart_usePrune,PART_minNumObj,J48_pruning,JRip_checkErrorRate,J48_doNotMakeSplitPointActualValue,PART_useMDLcorrection,J48_collapseTree,J48_minNumObj,J48_binarySplits,PART_doNotMakeSplitPointActualValue,J48_useMDLcorrection,J48_useLaplace,SimpleCart_numFoldsPruning,PART_binarySplits,DecisionTable_evaluationMeasure,JRip_optimizations,DecisionTable_search,PART_pruning,BestFirst_direction,BestFirst_searchTermination,DecisionTable_crossVal,DecisionTable_useIBk,J48_confidenceFactorValue,J48_subtreeRaising,J48_numFolds,GreedyStepwise_searchBackwards,SimpleCart_useOneSE,PART_numFolds,PART_confidenceFactorValue,GreedyStepwise_conservativeForwardSelection"
16,90,0.62692586,0.76585466,0.81348738,0.69094239,0.75882949,0014,0034,0035,0.00000000,"Aggregator,J48,JRip,J48_binarySplits,JRip_minNo,PART,SimpleCart,PART_pruning,JRip_usePruning,J48_useMDLcorrection,PART_confidenceFactorValue,JRip_checkErrorRate,J48_minNumObj,PART_minNumObj,PART_useMDLcorrection,DecisionTable,J48_pruning,DecisionTable_crossVal,J48_useLaplace,DecisionTable_search,J48_subtreeRaising,J48_doNotMakeSplitPointActualValue,J48_collapseTree,PART_doNotMakeSplitPointActualValue,SimpleCart_usePrune,SimpleCart_heuristic,PART_numFolds,DecisionTable_useIBk,PART_binarySplits,JRip_folds,SimpleCart_minNumObj,J48_numFolds,BestFirst_direction,J48_confidenceFactorValue,JRip_optimizations,BestFirst_searchTermination,GreedyStepwise_searchBackwards,SimpleCart_numFoldsPruning,GreedyStepwise_conservativeForwardSelection,DecisionTable_evaluationMeasure,SimpleCart_useOneSE"
17,90,0.62703876,0.76848008,0.81348738,0.69094239,0.75882949,0015,0034,0035,0.00000000,"JRip,Aggregator,JRip_usePruning,SimpleCart,SimpleCart_minNumObj,PART,JRip_checkErrorRate,PART_useMDLcorrection,SimpleCart_usePrune,DecisionTable,J48,DecisionTable_crossVal,PART_binarySplits,J48_binarySplits,JRip_minNo,SimpleCart_heuristic,SimpleCart_numFoldsPruning,J48_minNumObj,J48_pruning,DecisionTable_useIBk,JRip_optimizations,PART_pruning,J48_collapseTree,J48_subtreeRaising,SimpleCart_useOneSE,PART_minNumObj,J48_doNotMakeSplitPointActualValue,J48_confidenceFactorValue,PART_confidenceFactorValue,DecisionTable_search,JRip_folds,J48_useMDLcorrection,PART_doNotMakeSplitPointActualValue,BestFirst_searchTermination,GreedyStepwise_searchBackwards,DecisionTable_evaluationMeasure,J48_useLaplace,J48_numFolds,BestFirst_direction,PART_numFolds,GreedyStepwise_conservativeForwardSelection"
18,90,0.59017349,0.76304807,0.81348738,0.69094239,0.75882949,0012,0034,0035,0.00000000,"DecisionTable,J48,J48_collapseTree,J48_useMDLcorrection,DecisionTable_evaluationMeasure,J48_useLaplace,SimpleCart,JRip,J48_pruning,Aggregator,SimpleCart_minNumObj,DecisionTable_crossVal,PART,SimpleCart_heuristic,DecisionTable_useIBk,DecisionTable_search,PART_useMDLcorrection,J48_minNumObj,PART_pruning,J48_doNotMakeSplitPointActualValue,J48_binarySplits,JRip_checkErrorRate,GreedyStepwise_searchBackwards,PART_binarySplits,J48_numFolds,JRip_usePruning,J48_confidenceFactorValue,PART_doNotMakeSplitPointActualValue,PART_minNumObj,JRip_minNo,BestFirst_direction,SimpleCart_usePrune,BestFirst_searchTermination,PART_confidenceFactorValue,J48_subtreeRaising,GreedyStepwise_conservativeForwardSelection,PART_numFolds,SimpleCart_useOneSE,JRip_folds,JRip_optimizations,SimpleCart_numFoldsPruning"
19,90,0.62554379,0.76431359,0.81348738,0.69094239,0.75882949,0015,0034,0035,0.00000000,"J48,J48_pruning,J48_useLaplace,PART,J48_numFolds,J48_binarySplits,J48_subtreeRaising,DecisionTable,PART_useMDLcorrection,J48_doNotMakeSplitPointActualValue,DecisionTable_useIBk,J48_confidenceFactorValue,J48_collapseTree,JRip,PART_minNumObj,DecisionTable_crossVal,PART_pruning,Aggregator,PART_doNotMakeSplitPointActualValue,JRip_usePruning,SimpleCart,J48_minNumObj,DecisionTable_search,SimpleCart_minNumObj,BestFirst_searchTermination,J48_useMDLcorrection,DecisionTable_evaluationMeasure,PART_binarySplits,GreedyStepwise_searchBackwards,JRip_minNo,JRip_optimizations,JRip_folds,JRip_checkErrorRate,PART_numFolds,SimpleCart_usePrune,PART_confidenceFactorValue,GreedyStepwise_conservativeForwardSelection,SimpleCart_heuristic,BestFirst_direction,SimpleCart_useOneSE,SimpleCart_numFoldsPruning"
20,90,0.60882973,0.76649901,0.81348738,0.69094239,0.75882949,0015,0034,0035,0.00000000,"SimpleCart,Aggregator,DecisionTable,PART,SimpleCart_minNumObj,DecisionTable_crossVal,PART_doNotMakeSplitPointActualValue,DecisionTable_evaluationMeasure,JRip,J48,PART_minNumObj,PART_pruning,SimpleCart_heuristic,DecisionTable_search,J48_minNumObj,BestFirst_searchTermination,SimpleCart_usePrune,DecisionTable_useIBk,GreedyStepwise_searchBackwards,J48_useLaplace,PART_binarySplits,JRip_minNo,J48_collapseTree,J48_useMDLcorrection,PART_confidenceFactorValue,JRip_checkErrorRate,J48_doNotMakeSplitPointActualValue,J48_pruning,GreedyStepwise_conservativeForwardSelection,PART_numFolds,PART_useMDLcorrection,SimpleCart_numFoldsPruning,J48_binarySplits,SimpleCart_useOneSE,JRip_usePruning,JRip_folds,J48_confidenceFactorValue,JRip_optimizations,BestFirst_direction,J48_numFolds,J48_subtreeRaising"
21,90,0.64266183,0.76565901,0.81348738,0.69094239,0.75882949,0016,0034,0035,0.00000000,"PART,PART_doNotMakeSplitPointActualValue,Aggregator,PART_minNumObj,PART_binarySplits,PART_pruning,DecisionTable,PART_numFolds,JRip,JRip_minNo,DecisionTable_crossVal,J48,JRip_usePruning,DecisionTable_search,JRip_optimizations,SimpleCart,BestFirst_searchTermination,JRip_checkErrorRate,PART_useMDLcorrection,JRip_folds,J48_pruning,PART_confidenceFactorValue,J48_collapseTree,SimpleCart_heuristic,J48_binarySplits,J48_useMDLcorrection,J48_confidenceFactorValue,J48_doNotMakeSplitPointActualValue,GreedyStepwise_conservativeForwardSelection,DecisionTable_evaluationMeasure,DecisionTable_useIBk,J48_minNumObj,J48_subtreeRaising,J48_useLaplace,BestFirst_direction,J48_numFolds,SimpleCart_minNumObj,SimpleCart_usePrune,GreedyStepwise_searchBackwards,SimpleCart_numFoldsPruning,SimpleCart_useOneSE"
22,90,0.62524418,0.76729916,0.81348738,0.69094239,0.75882949,0015,0034,0035,0.00000000,"SimpleCart,SimpleCart_heuristic,JRip,DecisionTable,PART,JRip_checkErrorRate,PART_pruning,DecisionTable_evaluationMeasure,DecisionTable_crossVal,SimpleCart_usePrune,JRip_minNo,PART_confidenceFactorValue,Aggregator,SimpleCart_minNumObj,DecisionTable_search,J48,J48_useLaplace,PART_useMDLcorrection,DecisionTable_useIBk,JRip_usePruning,PART_doNotMakeSplitPointActualValue,PART_numFolds,J48_collapseTree,SimpleCart_numFoldsPruning,GreedyStepwise_conservativeForwardSelection,BestFirst_direction,J48_useMDLcorrection,PART_minNumObj,PART_binarySplits,J48_minNumObj,JRip_optimizations,SimpleCart_useOneSE,BestFirst_searchTermination,GreedyStepwise_searchBackwards,J48_doNotMakeSplitPointActualValue,J48_binarySplits,J48_pruning,J48_subtreeRaising,JRip_folds,J48_numFolds,J48_confidenceFactorValue"
23,90,0.64202382,0.77103310,0.81348738,0.69094239,0.75882949,0016,0034,0035,0.00000000,"SimpleCart,Aggregator,PART,PART_binarySplits,SimpleCart_heuristic,SimpleCart_minNumObj,PART_useMDLcorrection,JRip,SimpleCart_usePrune,J48,JRip_minNo,PART_doNotMakeSplitPointActualValue,DecisionTable,PART_minNumObj,DecisionTable_evaluationMeasure,J48_doNotMakeSplitPointActualValue,PART_pruning,DecisionTable_search,J48_minNumObj,SimpleCart_useOneSE,DecisionTable_useIBk,JRip_checkErrorRate,J48_binarySplits,PART_numFolds,GreedyStepwise_conservativeForwardSelection,DecisionTable_crossVal,JRip_usePruning,BestFirst_direction,SimpleCart_numFoldsPruning,J48_useLaplace,J48_pruning,JRip_optimizations,J48_collapseTree,J48_useMDLcorrection,J48_subtreeRaising,J48_numFolds,PART_confidenceFactorValue,BestFirst_searchTermination,JRip_folds,GreedyStepwise_searchBackwards,J48_confidenceFactorValue"
24,90,0.57046268,0.76478105,0.81348738,0.69094239,0.75882949,0014,0034,0035,0.00000000,"SimpleCart,SimpleCart_usePrune,PART,PART_minNumObj,DecisionTable,JRip,Aggregator,JRip_checkErrorRate,PART_useMDLcorrection,DecisionTable_crossVal,J48,J48_binarySplits,SimpleCart_heuristic,PART_doNotMakeSplitPointActualValue,DecisionTable_search,BestFirst_direction,J48_minNumObj,SimpleCart_useOneSE,PART_pruning,BestFirst_searchTermination,JRip_minNo,DecisionTable_useIBk,PART_numFolds,J48_pruning,DecisionTable_evaluationMeasure,SimpleCart_minNumObj,SimpleCart_numFoldsPruning,GreedyStepwise_conservativeForwardSelection,J48_collapseTree,PART_binarySplits,J48_doNotMakeSplitPointActualValue,GreedyStepwise_searchBackwards,J48_useMDLcorrection,J48_subtreeRaising,JRip_usePruning,J48_useLaplace,PART_confidenceFactorValue,J48_confidenceFactorValue,JRip_optimizations,J48_numFolds,JRip_folds"
25,90,0.57316056,0.76501659,0.81348738,0.69094239,0.75882949,0014,0034,0035,0.00000000,"PART,PART_pruning,PART_doNotMakeSplitPointActualValue,JRip,SimpleCart,DecisionTable,PART_numFolds,SimpleCart_heuristic,JRip_checkErrorRate,JRip_usePruning,SimpleCart_usePrune,SimpleCart_numFoldsPruning,Aggregator,PART_confidenceFactorValue,DecisionTable_search,DecisionTable_useIBk,PART_useMDLcorrection,GreedyStepwise_searchBackwards,DecisionTable_evaluationMeasure,JRip_folds,J48,J48_doNotMakeSplitPointActualValue,GreedyStepwise_conservativeForwardSelection,DecisionTable_crossVal,J48_collapseTree,JRip_minNo,PART_minNumObj,PART_binarySplits,J48_useLaplace,JRip_optimizations,SimpleCart_minNumObj,J48_pruning,J48_subtreeRaising,J48_binarySplits,SimpleCart_useOneSE,J48_useMDLcorrection,BestFirst_direction,BestFirst_searchTermination,J48_minNumObj,J48_confidenceFactorValue,J48_numFolds"
26,90,0.50721328,0.77057470,0.81348738,0.69094239,0.75882949,0014,0034,0035,0.00000000,"Aggregator,J48,DecisionTable,J48_collapseTree,PART,PART_useMDLcorrection,J48_binarySplits,JRip,J48_minNumObj,SimpleCart,J48_doNotMakeSplitPointActualValue,SimpleCart_usePrune,DecisionTable_useIBk,DecisionTable_search,DecisionTable_evaluationMeasure,SimpleCart_minNumObj,DecisionTable_crossVal,SimpleCart_numFoldsPruning,PART_doNotMakeSplitPointActualValue,BestFirst_direction,SimpleCart_useOneSE,J48_pruning,J48_useMDLcorrection,GreedyStepwise_searchBackwards,J48_subtreeRaising,J48_useLaplace,JRip_minNo,PART_pruning,PART_binarySplits,JRip_usePruning,PART_minNumObj,JRip_checkErrorRate,JRip_folds,SimpleCart_heuristic,J48_confidenceFactorValue,J48_numFolds,JRip_optimizations,BestFirst_searchTermination,GreedyStepwise_conservativeForwardSelection,PART_numFolds,PART_confidenceFactorValue"
27,90,0.57541161,0.76601934,0.81348738,0.69094239,0.75882949,0014,0034,0035,0.00000000,"Aggregator,JRip,JRip_usePruning,DecisionTable,J48,SimpleCart,J48_doNotMakeSplitPointActualValue,JRip_folds,PART,DecisionTable_search,J48_useMDLcorrection,J48_binarySplits,DecisionTable_evaluationMeasure,PART_useMDLcorrection,JRip_checkErrorRate,J48_useLaplace,JRip_optimizations,J48_collapseTree,JRip_minNo,PART_minNumObj,J48_minNumObj,SimpleCart_minNumObj,J48_pruning,PART_binarySplits,SimpleCart_usePrune,DecisionTable_useIBk,SimpleCart_heuristic,GreedyStepwise_conservativeForwardSelection,J48_subtreeRaising,BestFirst_direction,DecisionTable_crossVal,BestFirst_searchTermination,PART_pruning,GreedyStepwise_searchBackwards,J48_numFolds,PART_doNotMakeSplitPointActualValue,SimpleCart_useOneSE,PART_numFolds,SimpleCart_numFoldsPruning,PART_confidenceFactorValue,J48_confidenceFactorValue"
28,90,0.60183327,0.76421366,0.81348738,0.69094239,0.75882949,0015,0034,0035,0.00000000,"JRip,SimpleCart,PART,JRip_minNo,PART_useMDLcorrection,SimpleCart_minNumObj,SimpleCart_heuristic,JRip_usePruning,Aggregator,JRip_optimizations,J48,J48_collapseTree,PART_minNumObj,DecisionTable,DecisionTable_evaluationMeasure,JRip_checkErrorRate,PART_doNotMakeSplitPointActualValue,DecisionTable_search,PART_binarySplits,SimpleCart_usePrune,GreedyStepwise_conservativeForwardSelection,J48_useMDLcorrection,DecisionTable_useIBk,BestFirst_direction,JRip_folds,PART_pruning,PART_confidenceFactorValue,J48_minNumObj,SimpleCart_useOneSE,J48_pruning,J48_subtreeRaising,PART_numFolds,BestFirst_searchTermination,J48_useLaplace,DecisionTable_crossVal,J48_confidenceFactorValue,J48_doNotMakeSplitPointActualValue,J48_binarySplits,J48_numFolds,GreedyStepwise_searchBackwards,SimpleCart_numFoldsPruning"
29,90,0.65644457,0.76777471,0.81348738,0.69094239,0.75882949,0013,0034,0035,0.00000000,"SimpleCart,Aggregator,J48,SimpleCart_heuristic,JRip,SimpleCart_usePrune,JRip_minNo,PART,PART_doNotMakeSplitPointActualValue,SimpleCart_numFoldsPruning,J48_useLaplace,J48_pruning,DecisionTable,SimpleCart_minNumObj,JRip_checkErrorRate,DecisionTable_crossVal,PART_useMDLcorrection,J48_doNotMakeSplitPointActualValue,JRip_usePruning,J48_collapseTree,PART_binarySplits,PART_pruning,J48_subtreeRaising,SimpleCart_useOneSE,PART_minNumObj,J48_binarySplits,J48_minNumObj,J48_useMDLcorrection,PART_confidenceFactorValue,DecisionTable_useIBk,JRip_folds,DecisionTable_search,GreedyStepwise_conservativeForwardSelection,JRip_optimizations,J48_numFolds,BestFirst_searchTermination,BestFirst_direction,DecisionTable_evaluationMeasure,J48_confidenceFactorValue,PART_numFolds,GreedyStepwise_searchBackwards"
30,90,0.62035930,0.76776244,0.81348738,0.69094239,0.75882949,0015,0034,0035,0.00000000,"J48,J48_doNotMakeSplitPointActualValue,J48_collapseTree,DecisionTable,J48_useLaplace,DecisionTable_crossVal,PART,PART_minNumObj,DecisionTable_search,SimpleCart,JRip,SimpleCart_minNumObj,PART_pruning,J48_binarySplits,J48_minNumObj,DecisionTable_evaluationMeasure,J48_pruning,GreedyStepwise_searchBackwards,J48_subtreeRaising,PART_binarySplits,J48_confidenceFactorValue,DecisionTable_useIBk,J48_useMDLcorrection,JRip_minNo,JRip_usePruning,PART_doNotMakeSplitPointActualValue,GreedyStepwise_conservativeForwardSelection,Aggregator,SimpleCart_usePrune,JRip_optimizations,JRip_folds,BestFirst_searchTermination,PART_useMDLcorrection,PART_confidenceFactorValue,J48_numFolds,SimpleCart_heuristic,BestFirst_direction,PART_numFolds,JRip_checkErrorRate,SimpleCart_numFoldsPruning,SimpleCart_useOneSE"
31,90,0.58311502,0.76124746,0.81348738,0.69094239,0.75882949,0015,0034,0035,0.00000000,"JRip,SimpleCart,PART,PART_binarySplits,DecisionTable,SimpleCart_heuristic,JRip_usePruning,PART_minNumObj,JRip_folds,J48,DecisionTable_crossVal,JRip_minNo,J48_useLaplace,SimpleCart_minNumObj,PART_doNotMakeSplitPointActualValue,J48_useMDLcorrection,JRip_checkErrorRate,DecisionTable_evaluationMeasure,Aggregator,J48_collapseTree,J48_binarySplits,SimpleCart_usePrune,DecisionTable_useIBk,PART_pruning,JRip_optimizations,PART_useMDLcorrection,J48_pruning,DecisionTable_search,J48_minNumObj,SimpleCart_useOneSE,J48_doNotMakeSplitPointActualValue,BestFirst_searchTermination,J48_subtreeRaising,J48_numFolds,GreedyStepwise_conservativeForwardSelection,GreedyStepwise_searchBackwards,SimpleCart_numFoldsPruning,PART_numFolds,J48_confidenceFactorValue,PART_confidenceFactorValue,BestFirst_direction"
32,90,0.61277610,0.76795881,0.81348738,0.69094239,0.75882949,0015,0034,0035,0.00000000,"DecisionTable,SimpleCart,Aggregator,DecisionTable_useIBk,DecisionTable_crossVal,DecisionTable_evaluationMeasure,PART,PART_minNumObj,SimpleCart_minNumObj,PART_binarySplits,JRip,SimpleCart_usePrune,SimpleCart_heuristic,J48,SimpleCart_useOneSE,J48_binarySplits,J48_useLaplace,DecisionTable_search,SimpleCart_numFoldsPruning,PART_useMDLcorrection,PART_doNotMakeSplitPointActualValue,JRip_minNo,J48_doNotMakeSplitPointActualValue,PART_pruning,GreedyStepwise_conservativeForwardSelection,GreedyStepwise_searchBackwards,BestFirst_direction,JRip_checkErrorRate,PART_numFolds,JRip_usePruning,J48_minNumObj,J48_pruning,J48_collapseTree,J48_useMDLcorrection,PART_confidenceFactorValue,JRip_optimizations,BestFirst_searchTermination,J48_numFolds,J48_confidenceFactorValue,JRip_folds,J48_subtreeRaising"
33,90,0.60761038,0.76939232,0.81348738,0.69094239,0.75882949,0013,0034,0035,0.00000000,"DecisionTable,JRip,DecisionTable_crossVal,DecisionTable_useIBk,PART,Aggregator,J48,J48_binarySplits,SimpleCart,J48_useMDLcorrection,DecisionTable_evaluationMeasure,J48_doNotMakeSplitPointActualValue,JRip_checkErrorRate,PART_pruning,DecisionTable_search,JRip_minNo,J48_useLaplace,GreedyStepwise_conservativeForwardSelection,SimpleCart_minNumObj,JRip_usePruning,SimpleCart_usePrune,J48_collapseTree,GreedyStepwise_searchBackwards,PART_doNotMakeSplitPointActualValue,J48_minNumObj,J48_pruning,SimpleCart_heuristic,BestFirst_searchTermination,JRip_optimizations,J48_subtreeRaising,PART_minNumObj,PART_binarySplits,PART_useMDLcorrection,J48_numFolds,BestFirst_direction,PART_numFolds,SimpleCart_numFoldsPruning,PART_confidenceFactorValue,JRip_folds,SimpleCart_useOneSE,J48_confidenceFactorValue"
34,90,0.63056701,0.76672618,0.81348738,0.69094239,0.75882949,0014,0034,0035,0.00000000,"J48,J48_doNotMakeSplitPointActualValue,J48_binarySplits,DecisionTable,JRip,PART,DecisionTable_useIBk,JRip_usePruning,J48_collapseTree,J48_useMDLcorrection,SimpleCart,J48_minNumObj,Aggregator,SimpleCart_heuristic,J48_pruning,J48_useLaplace,PART_useMDLcorrection,SimpleCart_usePrune,JRip_checkErrorRate,DecisionTable_search,JRip_folds,BestFirst_direction,PART_pruning,GreedyStepwise_conservativeForwardSelection,DecisionTable_evaluationMeasure,DecisionTable_crossVal,J48_confidenceFactorValue,SimpleCart_minNumObj,J48_subtreeRaising,JRip_optimizations,PART_numFolds,PART_binarySplits,JRip_minNo,PART_doNotMakeSplitPointActualValue,PART_minNumObj,J48_numFolds,BestFirst_searchTermination,SimpleCart_useOneSE,SimpleCart_numFoldsPruning,GreedyStepwise_searchBackwards,PART_confidenceFactorValue"
35,90,0.57885082,0.76612632,0.81348738,0.69094239,0.75882949,0016,0034,0035,0.00000000,"Aggregator,SimpleCart,DecisionTable,SimpleCart_minNumObj,JRip,SimpleCart_usePrune,DecisionTable_search,SimpleCart_heuristic,J48,J48_minNumObj,PART,PART_useMDLcorrection,SimpleCart_numFoldsPruning,JRip_minNo,GreedyStepwise_searchBackwards,BestFirst_searchTermination,DecisionTable_useIBk,JRip_usePruning,PART_binarySplits,DecisionTable_evaluationMeasure,PART_pruning,BestFirst_direction,JRip_checkErrorRate,J48_pruning,PART_doNotMakeSplitPointActualValue,J48_collapseTree,DecisionTable_crossVal,J48_doNotMakeSplitPointActualValue,JRip_folds,J48_subtreeRaising,GreedyStepwise_conservativeForwardSelection,SimpleCart_useOneSE,J48_useMDLcorrection,JRip_optimizations,J48_binarySplits,PART_numFolds,J48_useLaplace,PART_confidenceFactorValue,PART_minNumObj,J48_confidenceFactorValue,J48_numFolds"
36,90,0.56678742,0.76038110,0.81348738,0.69094239,0.75882949,0018,0034,0035,0.00000000,"Aggregator,PART,PART_useMDLcorrection,SimpleCart,PART_binarySplits,DecisionTable,PART_minNumObj,J48,PART_pruning,J48_pruning,DecisionTable_useIBk,J48_useLaplace,SimpleCart_minNumObj,PART_doNotMakeSplitPointActualValue,J48_collapseTree,J48_doNotMakeSplitPointActualValue,PART_confidenceFactorValue,J48_numFolds,JRip,SimpleCart_heuristic,J48_subtreeRaising,JRip_checkErrorRate,JRip_minNo,J48_useMDLcorrection,SimpleCart_usePrune,J48_confidenceFactorValue,SimpleCart_numFoldsPruning,J48_binarySplits,DecisionTable_crossVal,J48_minNumObj,DecisionTable_evaluationMeasure,PART_numFolds,DecisionTable_search,GreedyStepwise_conservativeForwardSelection,BestFirst_searchTermination,JRip_usePruning,SimpleCart_useOneSE,GreedyStepwise_searchBackwards,BestFirst_direction,JRip_folds,JRip_optimizations"
37,90,0.47580295,0.76671536,0.81348738,0.69094239,0.75882949,0019,0034,0035,0.00000000,"DecisionTable,DecisionTable_evaluationMeasure,DecisionTable_crossVal,JRip,DecisionTable_search,Aggregator,BestFirst_searchTermination,SimpleCart,GreedyStepwise_conservativeForwardSelection,DecisionTable_useIBk,J48,GreedyStepwise_searchBackwards,SimpleCart_minNumObj,BestFirst_direction,PART,J48_doNotMakeSplitPointActualValue,J48_minNumObj,PART_minNumObj,J48_collapseTree,PART_doNotMakeSplitPointActualValue,J48_binarySplits,J48_useMDLcorrection,SimpleCart_heuristic,JRip_usePruning,JRip_minNo,SimpleCart_usePrune,JRip_folds,PART_binarySplits,JRip_checkErrorRate,J48_useLaplace,PART_pruning,J48_pruning,JRip_optimizations,PART_useMDLcorrection,SimpleCart_numFoldsPruning,SimpleCart_useOneSE,PART_confidenceFactorValue,PART_numFolds,J48_confidenceFactorValue,J48_subtreeRaising,J48_numFolds"
38,90,0.61106612,0.76460629,0.81348738,0.69094239,0.75882949,0016,0034,0035,0.00000000,"JRip,JRip_minNo,PART,PART_pruning,J48,PART_numFolds,J48_useLaplace,J48_doNotMakeSplitPointActualValue,DecisionTable,Aggregator,J48_collapseTree,JRip_checkErrorRate,PART_confidenceFactorValue,SimpleCart,J48_binarySplits,JRip_usePruning,J48_pruning,PART_doNotMakeSplitPointActualValue,DecisionTable_search,PART_useMDLcorrection,PART_binarySplits,J48_subtreeRaising,SimpleCart_heuristic,J48_useMDLcorrection,DecisionTable_useIBk,DecisionTable_evaluationMeasure,PART_minNumObj,JRip_optimizations,J48_minNumObj,J48_numFolds,J48_confidenceFactorValue,BestFirst_searchTermination,SimpleCart_minNumObj,DecisionTable_crossVal,GreedyStepwise_conservativeForwardSelection,SimpleCart_usePrune,GreedyStepwise_searchBackwards,JRip_folds,BestFirst_direction,SimpleCart_numFoldsPruning,SimpleCart_useOneSE"
39,90,0.60915995,0.76537530,0.81348738,0.69094239,0.75882949,0019,0034,0035,0.00000000,"JRip,DecisionTable,JRip_usePruning,SimpleCart,SimpleCart_heuristic,JRip_folds,DecisionTable_search,JRip_minNo,JRip_optimizations,DecisionTable_crossVal,PART,JRip_checkErrorRate,J48,J48_useMDLcorrection,DecisionTable_evaluationMeasure,PART_pruning,J48_useLaplace,Aggregator,J48_collapseTree,J48_doNotMakeSplitPointActualValue,SimpleCart_minNumObj,PART_minNumObj,GreedyStepwise_searchBackwards,DecisionTable_useIBk,BestFirst_direction,BestFirst_searchTermination,J48_minNumObj,SimpleCart_usePrune,PART_numFolds,SimpleCart_numFoldsPruning,GreedyStepwise_conservativeForwardSelection,PART_confidenceFactorValue,J48_pruning,PART_useMDLcorrection,PART_binarySplits,PART_doNotMakeSplitPointActualValue,J48_binarySplits,J48_numFolds,SimpleCart_useOneSE,J48_subtreeRaising,J48_confidenceFactorValue"
40,90,0.56869996,0.76881086,0.81348738,0.69094239,0.75882949,0018,0034,0035,0.00000000,"SimpleCart,Aggregator,PART,J48,JRip,DecisionTable,SimpleCart_usePrune,PART_minNumObj,SimpleCart_heuristic,JRip_minNo,J48_collapseTree,SimpleCart_minNumObj,PART_useMDLcorrection,J48_doNotMakeSplitPointActualValue,PART_binarySplits,DecisionTable_search,J48_minNumObj,JRip_checkErrorRate,PART_pruning,PART_confidenceFactorValue,J48_useLaplace,J48_pruning,PART_doNotMakeSplitPointActualValue,J48_binarySplits,JRip_usePruning,GreedyStepwise_conservativeForwardSelection,J48_numFolds,DecisionTable_useIBk,J48_useMDLcorrection,DecisionTable_crossVal,DecisionTable_evaluationMeasure,SimpleCart_numFoldsPruning,SimpleCart_useOneSE,GreedyStepwise_searchBackwards,J48_confidenceFactorValue,JRip_folds,J48_subtreeRaising,PART_numFolds,JRip_optimizations,BestFirst_searchTermination,BestFirst_direction"
41,90,0.57883560,0.76250625,0.81348738,0.69094239,0.75882949,0019,0034,0035,0.00000000,"J48,DecisionTable,SimpleCart,JRip,SimpleCart_minNumObj,J48_collapseTree,J48_binarySplits,JRip_minNo,JRip_checkErrorRate,J48_useLaplace,Aggregator,J48_doNotMakeSplitPointActualValue,PART,JRip_usePruning,DecisionTable_useIBk,J48_useMDLcorrection,DecisionTable_crossVal,JRip_optimizations,SimpleCart_heuristic,DecisionTable_search,DecisionTable_evaluationMeasure,J48_minNumObj,SimpleCart_usePrune,J48_pruning,PART_doNotMakeSplitPointActualValue,GreedyStepwise_searchBackwards,PART_pruning,SimpleCart_numFoldsPruning,PART_useMDLcorrection,PART_minNumObj,JRip_folds,PART_binarySplits,SimpleCart_useOneSE,PART_numFolds,J48_confidenceFactorValue,BestFirst_searchTermination,GreedyStepwise_conservativeForwardSelection,J48_subtreeRaising,BestFirst_direction,PART_confidenceFactorValue,J48_numFolds"
42,90,0.58740965,0.76439136,0.81348738,0.69094239,0.75882949,0019,0034,0035,0.00000000,"Aggregator,DecisionTable,JRip,JRip_minNo,SimpleCart,J48,SimpleCart_usePrune,DecisionTable_search,GreedyStepwise_searchBackwards,SimpleCart_numFoldsPruning,DecisionTable_crossVal,BestFirst_direction,J48_useMDLcorrection,PART,SimpleCart_heuristic,GreedyStepwise_conservativeForwardSelection,SimpleCart_minNumObj,JRip_checkErrorRate,J48_useLaplace,PART_doNotMakeSplitPointActualValue,DecisionTable_useIBk,DecisionTable_evaluationMeasure,SimpleCart_useOneSE,J48_minNumObj,JRip_usePruning,PART_minNumObj,J48_pruning,J48_binarySplits,BestFirst_searchTermination,J48_confidenceFactorValue,J48_collapseTree,J48_doNotMakeSplitPointActualValue,PART_useMDLcorrection,J48_subtreeRaising,PART_binarySplits,JRip_optimizations,PART_pruning,J48_numFolds,PART_confidenceFactorValue,JRip_folds,PART_numFolds"
43,90,0.56651057,0.76497289,0.81348738,0.69094239,0.75882949,0018,0034,0035,0.00000000,"JRip,J48,J48_collapseTree,Aggregator,SimpleCart,JRip_checkErrorRate,DecisionTable,SimpleCart_usePrune,J48_useLaplace,PART,SimpleCart_heuristic,SimpleCart_numFoldsPruning,PART_minNumObj,JRip_minNo,J48_minNumObj,DecisionTable_crossVal,PART_doNotMakeSplitPointActualValue,DecisionTable_useIBk,JRip_usePruning,DecisionTable_search,GreedyStepwise_conservativeForwardSelection,BestFirst_searchTermination,J48_useMDLcorrection,J48_pruning,BestFirst_direction,J48_doNotMakeSplitPointActualValue,PART_pruning,J48_binarySplits,PART_binarySplits,PART_useMDLcorrection,SimpleCart_minNumObj,JRip_folds,J48_confidenceFactorValue,SimpleCart_useOneSE,DecisionTable_evaluationMeasure,J48_numFolds,PART_confidenceFactorValue,PART_numFolds,GreedyStepwise_searchBackwards,JRip_optimizations,J48_subtreeRaising"
44,90,0.58747862,0.76777679,0.81348738,0.69094239,0.75882949,0016,0034,0035,0.00000000,"DecisionTable,SimpleCart,SimpleCart_minNumObj,DecisionTable_evaluationMeasure,DecisionTable_crossVal,Aggregator,JRip,SimpleCart_heuristic,SimpleCart_usePrune,SimpleCart_useOneSE,J48,JRip_minNo,PART,SimpleCart_numFoldsPruning,PART_minNumObj,DecisionTable_search,DecisionTable_useIBk,JRip_usePruning,J48_useMDLcorrection,J48_doNotMakeSplitPointActualValue,PART_useMDLcorrection,J48_minNumObj,BestFirst_searchTermination,PART_doNotMakeSplitPointActualValue,J48_binarySplits,PART_binarySplits,JRip_checkErrorRate,J48_collapseTree,JRip_optimizations,J48_useLaplace,GreedyStepwise_searchBackwards,J48_pruning,GreedyStepwise_conservativeForwardSelection,PART_pruning,JRip_folds,BestFirst_direction,J48_subtreeRaising,PART_numFolds,PART_confidenceFactorValue,J48_confidenceFactorValue,J48_numFolds"
45,90,0.57814460,0.76746162,0.81348738,0.69094239,0.75882949,0017,0034,0035,0.00000000,"Aggregator,J48,J48_pruning,J48_doNotMakeSplitPointActualValue,J48_useMDLcorrection,SimpleCart,J48_useLaplace,PART,J48_confidenceFactorValue,SimpleCart_heuristic,JRip,J48_numFolds,J48_subtreeRaising,SimpleCart_minNumObj,DecisionTable,PART_minNumObj,J48_collapseTree,SimpleCart_usePrune,J48_binarySplits,PART_pruning,JRip_minNo,J48_minNumObj,JRip_checkErrorRate,DecisionTable_search,BestFirst_direction,DecisionTable_crossVal,PART_doNotMakeSplitPointActualValue,JRip_usePruning,SimpleCart_numFoldsPruning,PART_useMDLcorrection,DecisionTable_useIBk,PART_binarySplits,PART_numFolds,GreedyStepwise_searchBackwards,DecisionTable_evaluationMeasure,JRip_optimizations,SimpleCart_useOneSE,PART_confidenceFactorValue,BestFirst_searchTermination,GreedyStepwise_conservativeForwardSelection,JRip_folds"
46,90,0.60694629,0.76263902,0.81348738,0.69094239,0.75882949,0016,0034,0035,0.00000000,"PART,Aggregator,SimpleCart,SimpleCart_heuristic,DecisionTable,SimpleCart_usePrune,SimpleCart_useOneSE,PART_minNumObj,JRip,PART_pruning,PART_doNotMakeSplitPointActualValue,SimpleCart_minNumObj,DecisionTable_evaluationMeasure,DecisionTable_useIBk,JRip_usePruning,J48,J48_binarySplits,JRip_optimizations,J48_pruning,J48_minNumObj,PART_binarySplits,J48_confidenceFactorValue,JRip_minNo,PART_useMDLcorrection,PART_numFolds,DecisionTable_search,J48_useLaplace,J48_collapseTree,DecisionTable_crossVal,SimpleCart_numFoldsPruning,J48_useMDLcorrection,J48_numFolds,J48_subtreeRaising,JRip_folds,JRip_checkErrorRate,PART_confidenceFactorValue,J48_doNotMakeSplitPointActualValue,GreedyStepwise_conservativeForwardSelection,GreedyStepwise_searchBackwards,BestFirst_direction,BestFirst_searchTermination"
47,90,0.57633472,0.76735168,0.81348738,0.69094239,0.75882949,0021,0034,0035,0.00000000,"Aggregator,J48,J48_doNotMakeSplitPointActualValue,JRip,SimpleCart,J48_useLaplace,PART,PART_binarySplits,J48_useMDLcorrection,PART_useMDLcorrection,JRip_checkErrorRate,J48_binarySplits,JRip_usePruning,JRip_minNo,SimpleCart_usePrune,SimpleCart_heuristic,J48_minNumObj,J48_pruning,DecisionTable,J48_collapseTree,DecisionTable_evaluationMeasure,DecisionTable_search,GreedyStepwise_searchBackwards,SimpleCart_minNumObj,PART_pruning,JRip_optimizations,DecisionTable_crossVal,J48_confidenceFactorValue,PART_minNumObj,DecisionTable_useIBk,PART_doNotMakeSplitPointActualValue,JRip_folds,BestFirst_searchTermination,PART_confidenceFactorValue,SimpleCart_numFoldsPruning,PART_numFolds,J48_subtreeRaising,SimpleCart_useOneSE,J48_numFolds,BestFirst_direction,GreedyStepwise_conservativeForwardSelection"
48,90,0.59534554,0.76447110,0.81348738,0.69094239,0.75882949,0018,0034,0035,0.00000000,"J48,DecisionTable,SimpleCart,J48_minNumObj,SimpleCart_heuristic,Aggregator,DecisionTable_evaluationMeasure,JRip,SimpleCart_minNumObj,DecisionTable_search,PART,PART_minNumObj,J48_useLaplace,DecisionTable_crossVal,JRip_minNo,J48_collapseTree,PART_binarySplits,JRip_usePruning,PART_doNotMakeSplitPointActualValue,J48_binarySplits,JRip_checkErrorRate,J48_pruning,GreedyStepwise_conservativeForwardSelection,J48_numFolds,BestFirst_searchTermination,J48_useMDLcorrection,SimpleCart_usePrune,J48_doNotMakeSplitPointActualValue,DecisionTable_useIBk,BestFirst_direction,SimpleCart_useOneSE,PART_useMDLcorrection,PART_pruning,SimpleCart_numFoldsPruning,JRip_optimizations,GreedyStepwise_searchBackwards,JRip_folds,J48_confidenceFactorValue,PART_numFolds,PART_confidenceFactorValue,J48_subtreeRaising"
49,90,0.58171423,0.76643206,0.81348738,0.69094239,0.75882949,0016,0034,0035,0.00000000,"JRip,PART,PART_binarySplits,PART_useMDLcorrection,SimpleCart,DecisionTable,DecisionTable_useIBk,DecisionTable_evaluationMeasure,SimpleCart_usePrune,Aggregator,PART_minNumObj,SimpleCart_minNumObj,SimpleCart_useOneSE,JRip_checkErrorRate,JRip_minNo,PART_doNotMakeSplitPointActualValue,PART_pruning,J48,DecisionTable_crossVal,JRip_usePruning,J48_collapseTree,JRip_folds,J48_binarySplits,DecisionTable_search,PART_confidenceFactorValue,J48_useMDLcorrection,PART_numFolds,J48_doNotMakeSplitPointActualValue,J48_pruning,J48_useLaplace,SimpleCart_heuristic,JRip_optimizations,J48_confidenceFactorValue,SimpleCart_numFoldsPruning,GreedyStepwise_searchBackwards,J48_numFolds,GreedyStepwise_conservativeForwardSelection,BestFirst_searchTermination,J48_minNumObj,BestFirst_direction,J48_subtreeRaising"
50,90,0.61119000,0.76898790,0.81348738,0.69094239,0.75882949,0015,0034,0035,0.00000000,"DecisionTable,SimpleCart,Aggregator,DecisionTable_search,SimpleCart_usePrune,GreedyStepwise_conservativeForwardSelection,SimpleCart_numFoldsPruning,GreedyStepwise_searchBackwards,BestFirst_direction,SimpleCart_useOneSE,PART,J48,J48_doNotMakeSplitPointActualValue,DecisionTable_crossVal,JRip,BestFirst_searchTermination,SimpleCart_heuristic,JRip_usePruning,SimpleCart_minNumObj,PART_pruning,PART_binarySplits,DecisionTable_useIBk,PART_numFolds,J48_pruning,DecisionTable_evaluationMeasure,J48_numFolds,JRip_folds,J48_useMDLcorrection,PART_useMDLcorrection,J48_collapseTree,PART_confidenceFactorValue,JRip_checkErrorRate,J48_useLaplace,PART_doNotMakeSplitPointActualValue,J48_minNumObj,PART_minNumObj,J48_binarySplits,JRip_minNo,J48_subtreeRaising,JRip_optimizations,J48_confidenceFactorValue"
51,90,0.54711407,0.76659737,0.81348738,0.69094239,0.75882949,0015,0034,0035,0.00000000,"SimpleCart,JRip,DecisionTable,SimpleCart_heuristic,JRip_checkErrorRate,JRip_minNo,DecisionTable_evaluationMeasure,Aggregator,DecisionTable_useIBk,JRip_usePruning,PART,J48,SimpleCart_usePrune,SimpleCart_useOneSE,SimpleCart_minNumObj,PART_doNotMakeSplitPointActualValue,SimpleCart_numFoldsPruning,J48_useMDLcorrection,JRip_optimizations,PART_pruning,J48_collapseTree,PART_binarySplits,JRip_folds,PART_confidenceFactorValue,DecisionTable_search,GreedyStepwise_searchBackwards,DecisionTable_crossVal,J48_binarySplits,PART_minNumObj,J48_doNotMakeSplitPointActualValue,J48_useLaplace,PART_useMDLcorrection,J48_pruning,J48_minNumObj,PART_numFolds,BestFirst_searchTermination,GreedyStepwise_conservativeForwardSelection,J48_numFolds,J48_confidenceFactorValue,BestFirst_direction,J48_subtreeRaising"
52,90,0.59587005,0.76904853,0.81348738,0.69094239,0.75882949,0015,0034,0035,0.00000000,"JRip,PART,J48,SimpleCart,J48_minNumObj,J48_collapseTree,J48_pruning,J48_useMDLcorrection,Aggregator,PART_minNumObj,DecisionTable,DecisionTable_crossVal,PART_useMDLcorrection,JRip_checkErrorRate,J48_useLaplace,J48_confidenceFactorValue,JRip_usePruning,J48_subtreeRaising,SimpleCart_heuristic,JRip_minNo,JRip_optimizations,PART_pruning,SimpleCart_usePrune,PART_binarySplits,PART_doNotMakeSplitPointActualValue,J48_binarySplits,DecisionTable_useIBk,J48_numFolds,SimpleCart_minNumObj,J48_doNotMakeSplitPointActualValue,SimpleCart_useOneSE,DecisionTable_search,DecisionTable_evaluationMeasure,JRip_folds,GreedyStepwise_searchBackwards,SimpleCart_numFoldsPruning,PART_confidenceFactorValue,PART_numFolds,BestFirst_searchTermination,GreedyStepwise_conservativeForwardSelection,BestFirst_direction"
53,90,0.63750804,0.76672702,0.81348738,0.69094239,0.75882949,0018,0034,0035,0.00000000,"J48,SimpleCart,J48_doNotMakeSplitPointActualValue,SimpleCart_minNumObj,JRip,J48_minNumObj,SimpleCart_usePrune,SimpleCart_numFoldsPruning,DecisionTable,Aggregator,JRip_minNo,DecisionTable_useIBk,J48_useMDLcorrection,J48_binarySplits,JRip_usePruning,JRip_checkErrorRate,SimpleCart_useOneSE,J48_useLaplace,SimpleCart_heuristic,DecisionTable_evaluationMeasure,PART,J48_collapseTree,DecisionTable_crossVal,J48_pruning,JRip_folds,JRip_optimizations,J48_subtreeRaising,PART_minNumObj,DecisionTable_search,PART_binarySplits,BestFirst_direction,J48_confidenceFactorValue,GreedyStepwise_searchBackwards,PART_pruning,J48_numFolds,PART_useMDLcorrection,PART_doNotMakeSplitPointActualValue,PART_confidenceFactorValue,GreedyStepwise_conservativeForwardSelection,BestFirst_searchTermination,PART_numFolds"
54,90,0.61491715,0.76452290,0.81348738,0.69094239,0.75882949,0019,0034,0035,0.00000000,"JRip,J48,JRip_checkErrorRate,SimpleCart,SimpleCart_heuristic,PART,J48_useMDLcorrection,DecisionTable,JRip_usePruning,J48_pruning,JRip_minNo,PART_doNotMakeSplitPointActualValue,DecisionTable_search,Aggregator,DecisionTable_evaluationMeasure,J48_numFolds,JRip_folds,J48_collapseTree,J48_binarySplits,GreedyStepwise_searchBackwards,PART_pruning,SimpleCart_minNumObj,PART_minNumObj,J48_minNumObj,J48_useLaplace,DecisionTable_crossVal,PART_confidenceFactorValue,J48_doNotMakeSplitPointActualValue,J48_confidenceFactorValue,GreedyStepwise_conservativeForwardSelection,JRip_optimizations,BestFirst_direction,PART_useMDLcorrection,SimpleCart_usePrune,PART_binarySplits,BestFirst_searchTermination,DecisionTable_useIBk,SimpleCart_numFoldsPruning,J48_subtreeRaising,PART_numFolds,SimpleCart_useOneSE"
55,90,0.62623299,0.76532634,0.81348738,0.69094239,0.75882949,0020,0034,0035,0.00000000,"J48,SimpleCart,JRip,J48_binarySplits,Aggregator,JRip_usePruning,J48_collapseTree,J48_minNumObj,DecisionTable,DecisionTable_search,J48_useMDLcorrection,JRip_minNo,J48_pruning,BestFirst_direction,DecisionTable_useIBk,J48_useLaplace,GreedyStepwise_conservativeForwardSelection,JRip_optimizations,SimpleCart_heuristic,JRip_folds,J48_doNotMakeSplitPointActualValue,PART,J48_subtreeRaising,JRip_checkErrorRate,PART_binarySplits,DecisionTable_crossVal,SimpleCart_usePrune,SimpleCart_minNumObj,PART_useMDLcorrection,PART_pruning,J48_numFolds,DecisionTable_evaluationMeasure,SimpleCart_useOneSE,PART_numFolds,GreedyStepwise_searchBackwards,J48_confidenceFactorValue,SimpleCart_numFoldsPruning,BestFirst_searchTermination,PART_confidenceFactorValue,PART_doNotMakeSplitPointActualValue,PART_minNumObj"
56,90,0.60299137,0.76365276,0.81348738,0.69094239,0.75882949,0016,0034,0035,0.00000000,"SimpleCart,J48,J48_collapseTree,JRip,J48_pruning,SimpleCart_minNumObj,DecisionTable,JRip_minNo,JRip_checkErrorRate,J48_subtreeRaising,DecisionTable_evaluationMeasure,SimpleCart_usePrune,J48_doNotMakeSplitPointActualValue,J48_useLaplace,SimpleCart_numFoldsPruning,Aggregator,JRip_usePruning,SimpleCart_heuristic,DecisionTable_useIBk,PART,J48_numFolds,J48_binarySplits,J48_minNumObj,J48_useMDLcorrection,PART_pruning,DecisionTable_search,PART_doNotMakeSplitPointActualValue,GreedyStepwise_searchBackwards,J48_confidenceFactorValue,PART_minNumObj,BestFirst_searchTermination,SimpleCart_useOneSE,DecisionTable_crossVal,JRip_optimizations,PART_binarySplits,JRip_folds,PART_numFolds,PART_useMDLcorrection,GreedyStepwise_conservativeForwardSelection,BestFirst_direction,PART_confidenceFactorValue"
57,90,0.55847266,0.76620343,0.81348738,0.69094239,0.75882949,0019,0034,0035,0.00000000,"J48,DecisionTable,J48_collapseTree,J48_binarySplits,PART,DecisionTable_search,J48_useLaplace,Aggregator,J48_doNotMakeSplitPointActualValue,JRip,PART_doNotMakeSplitPointActualValue,PART_binarySplits,J48_pruning,DecisionTable_evaluationMeasure,JRip_checkErrorRate,GreedyStepwise_conservativeForwardSelection,J48_confidenceFactorValue,SimpleCart,SimpleCart_heuristic,PART_pruning,PART_minNumObj,J48_minNumObj,DecisionTable_useIBk,PART_useMDLcorrection,J48_useMDLcorrection,BestFirst_searchTermination,J48_numFolds,GreedyStepwise_searchBackwards,DecisionTable_crossVal,BestFirst_direction,J48_subtreeRaising,PART_numFolds,JRip_usePruning,JRip_minNo,SimpleCart_minNumObj,PART_confidenceFactorValue,SimpleCart_usePrune,JRip_optimizations,SimpleCart_useOneSE,JRip_folds,SimpleCart_numFoldsPruning"
58,90,0.56358475,0.76603889,0.81348738,0.69094239,0.75882949,0016,0034,0035,0.00000000,"PART,PART_binarySplits,Aggregator,PART_minNumObj,PART_doNotMakeSplitPointActualValue,SimpleCart,DecisionTable,J48,J48_pruning,SimpleCart_minNumObj,J48_subtreeRaising,JRip,PART_useMDLcorrection,PART_pruning,DecisionTable_useIBk,PART_confidenceFactorValue,J48_collapseTree,SimpleCart_usePrune,DecisionTable_crossVal,J48_useMDLcorrection,J48_confidenceFactorValue,J48_numFolds,DecisionTable_evaluationMeasure,J48_useLaplace,DecisionTable_search,JRip_checkErrorRate,SimpleCart_heuristic,JRip_minNo,BestFirst_searchTermination,J48_binarySplits,JRip_usePruning,SimpleCart_numFoldsPruning,JRip_optimizations,GreedyStepwise_searchBackwards,J48_minNumObj,J48_doNotMakeSplitPointActualValue,GreedyStepwise_conservativeForwardSelection,PART_numFolds,SimpleCart_useOneSE,BestFirst_direction,JRip_folds"
59,90,0.57449552,0.76590203,0.81348738,0.69094239,0.75882949,0015,0034,0035,0.00000000,"JRip,JRip_minNo,PART,PART_minNumObj,DecisionTable,JRip_checkErrorRate,PART_pruning,JRip_usePruning,DecisionTable_crossVal,PART_binarySplits,J48,Aggregator,DecisionTable_useIBk,SimpleCart,PART_useMDLcorrection,PART_doNotMakeSplitPointActualValue,PART_confidenceFactorValue,JRip_optimizations,SimpleCart_usePrune,DecisionTable_evaluationMeasure,J48_binarySplits,SimpleCart_heuristic,PART_numFolds,J48_collapseTree,J48_useLaplace,DecisionTable_search,J48_useMDLcorrection,JRip_folds,J48_doNotMakeSplitPointActualValue,BestFirst_direction,GreedyStepwise_searchBackwards,J48_minNumObj,SimpleCart_numFoldsPruning,J48_pruning,SimpleCart_minNumObj,J48_numFolds,SimpleCart_useOneSE,BestFirst_searchTermination,J48_confidenceFactorValue,GreedyStepwise_conservativeForwardSelection,J48_subtreeRaising"
60,90,0.55198675,0.76849406,0.81348738,0.69094239,0.75882949,0018,0034,0035,0.00000000,"Aggregator,J48,J48_collapseTree,J48_minNumObj,SimpleCart,DecisionTable,SimpleCart_heuristic,J48_binarySplits,DecisionTable_useIBk,JRip,JRip_usePruning,SimpleCart_usePrune,DecisionTable_search,J48_useMDLcorrection,J48_doNotMakeSplitPointActualValue,JRip_minNo,DecisionTable_crossVal,PART,BestFirst_direction,J48_pruning,PART_pruning,GreedyStepwise_conservativeForwardSelection,SimpleCart_minNumObj,J48_useLaplace,BestFirst_searchTermination,GreedyStepwise_searchBackwards,J48_subtreeRaising,DecisionTable_evaluationMeasure,JRip_optimizations,J48_confidenceFactorValue,JRip_folds,PART_minNumObj,PART_numFolds,PART_confidenceFactorValue,PART_useMDLcorrection,PART_doNotMakeSplitPointActualValue,JRip_checkErrorRate,PART_binarySplits,J48_numFolds,SimpleCart_useOneSE,SimpleCart_numFoldsPruning"
61,90,0.56285150,0.76505316,0.81348738,0.69094239,0.75882949,0015,0034,0035,0.00000000,"DecisionTable,DecisionTable_evaluationMeasure,DecisionTable_search,J48,J48_useLaplace,GreedyStepwise_conservativeForwardSelection,J48_doNotMakeSplitPointActualValue,BestFirst_searchTermination,GreedyStepwise_searchBackwards,PART,JRip,DecisionTable_crossVal,BestFirst_direction,J48_pruning,J48_minNumObj,PART_doNotMakeSplitPointActualValue,DecisionTable_useIBk,JRip_minNo,JRip_usePruning,SimpleCart,Aggregator,JRip_optimizations,SimpleCart_usePrune,J48_binarySplits,JRip_checkErrorRate,J48_subtreeRaising,J48_useMDLcorrection,J48_numFolds,PART_useMDLcorrection,J48_collapseTree,SimpleCart_useOneSE,PART_binarySplits,SimpleCart_minNumObj,PART_minNumObj,JRip_folds,J48_confidenceFactorValue,SimpleCart_numFoldsPruning,PART_pruning,PART_confidenceFactorValue,SimpleCart_heuristic,PART_numFolds"
62,90,0.54943565,0.76901169,0.81348738,0.69094239,0.75882949,0017,0034,0035,0.00000000,"PART,PART_useMDLcorrection,DecisionTable,PART_binarySplits,DecisionTable_crossVal,PART_doNotMakeSplitPointActualValue,JRip,PART_minNumObj,PART_pruning,SimpleCart,DecisionTable_evaluationMeasure,Aggregator,PART_confidenceFactorValue,SimpleCart_heuristic,JRip_checkErrorRate,PART_numFolds,J48,DecisionTable_useIBk,J48_collapseTree,DecisionTable_search,JRip_usePruning,J48_useMDLcorrection,SimpleCart_minNumObj,JRip_minNo,J48_minNumObj,BestFirst_searchTermination,SimpleCart_usePrune,GreedyStepwise_searchBackwards,J48_pruning,SimpleCart_numFoldsPruning,J48_confidenceFactorValue,J48_doNotMakeSplitPointActualValue,J48_numFolds,SimpleCart_useOneSE,J48_useLaplace,JRip_folds,J48_binarySplits,JRip_optimizations,GreedyStepwise_conservativeForwardSelection,BestFirst_direction,J48_subtreeRaising"
63,90,0.57106287,0.76604559,0.81348738,0.69094239,0.75882949,0013,0034,0035,0.00000000,"JRip,SimpleCart,SimpleCart_minNumObj,DecisionTable,SimpleCart_heuristic,JRip_usePruning,JRip_checkErrorRate,JRip_folds,Aggregator,DecisionTable_useIBk,DecisionTable_evaluationMeasure,SimpleCart_usePrune,J48,JRip_minNo,JRip_optimizations,PART,SimpleCart_useOneSE,J48_minNumObj,PART_doNotMakeSplitPointActualValue,J48_binarySplits,J48_useMDLcorrection,J48_doNotMakeSplitPointActualValue,DecisionTable_crossVal,PART_binarySplits,J48_collapseTree,J48_pruning,DecisionTable_search,GreedyStepwise_conservativeForwardSelection,J48_confidenceFactorValue,J48_useLaplace,SimpleCart_numFoldsPruning,PART_useMDLcorrection,PART_pruning,PART_minNumObj,PART_numFolds,J48_subtreeRaising,GreedyStepwise_searchBackwards,J48_numFolds,BestFirst_direction,BestFirst_searchTermination,PART_confidenceFactorValue"
64,90,0.65492131,0.76632691,0.81348738,0.69094239,0.75882949,0013,0034,0035,0.00000000,"JRip,JRip_minNo,JRip_usePruning,PART,DecisionTable,Aggregator,JRip_optimizations,J48,J48_useMDLcorrection,SimpleCart,PART_minNumObj,DecisionTable_useIBk,PART_binarySplits,DecisionTable_crossVal,JRip_checkErrorRate,J48_binarySplits,PART_doNotMakeSplitPointActualValue,J48_collapseTree,J48_doNotMakeSplitPointActualValue,JRip_folds,J48_useLaplace,DecisionTable_evaluationMeasure,SimpleCart_minNumObj,DecisionTable_search,BestFirst_direction,PART_pruning,SimpleCart_heuristic,GreedyStepwise_searchBackwards,PART_useMDLcorrection,SimpleCart_usePrune,PART_confidenceFactorValue,J48_minNumObj,J48_pruning,GreedyStepwise_conservativeForwardSelection,BestFirst_searchTermination,J48_confidenceFactorValue,PART_numFolds,SimpleCart_numFoldsPruning,J48_numFolds,J48_subtreeRaising,SimpleCart_useOneSE"
65,90,0.63216371,0.76945545,0.81348738,0.69094239,0.75882949,0013,0034,0035,0.00000000,"JRip,DecisionTable,Aggregator,DecisionTable_evaluationMeasure,DecisionTable_useIBk,JRip_usePruning,SimpleCart,JRip_checkErrorRate,J48,PART,JRip_minNo,SimpleCart_usePrune,DecisionTable_search,BestFirst_searchTermination,JRip_optimizations,PART_useMDLcorrection,J48_useLaplace,J48_pruning,PART_minNumObj,JRip_folds,DecisionTable_crossVal,J48_minNumObj,J48_doNotMakeSplitPointActualValue,SimpleCart_heuristic,SimpleCart_useOneSE,J48_confidenceFactorValue,PART_binarySplits,J48_useMDLcorrection,J48_collapseTree,SimpleCart_minNumObj,PART_pruning,PART_doNotMakeSplitPointActualValue,SimpleCart_numFoldsPruning,PART_numFolds,J48_binarySplits,J48_subtreeRaising,GreedyStepwise_searchBackwards,GreedyStepwise_conservativeForwardSelection,BestFirst_direction,J48_numFolds,PART_confidenceFactorValue"
66,90,0.60021309,0.76888132,0.81348738,0.69094239,0.75882949,0014,0034,0035,0.00000000,"J48,JRip,SimpleCart,SimpleCart_heuristic,SimpleCart_minNumObj,J48_collapseTree,Aggregator,J48_useLaplace,J48_pruning,PART,PART_binarySplits,PART_minNumObj,PART_useMDLcorrection,J48_minNumObj,JRip_checkErrorRate,JRip_usePruning,PART_doNotMakeSplitPointActualValue,DecisionTable,DecisionTable_useIBk,J48_binarySplits,J48_useMDLcorrection,J48_doNotMakeSplitPointActualValue,DecisionTable_crossVal,JRip_minNo,SimpleCart_usePrune,DecisionTable_evaluationMeasure,J48_confidenceFactorValue,J48_subtreeRaising,J48_numFolds,DecisionTable_search,PART_pruning,SimpleCart_useOneSE,JRip_folds,SimpleCart_numFoldsPruning,GreedyStepwise_searchBackwards,PART_confidenceFactorValue,JRip_optimizations,PART_numFolds,GreedyStepwise_conservativeForwardSelection,BestFirst_searchTermination,BestFirst_direction"
67,90,0.62078082,0.76749976,0.81348738,0.69094239,0.75882949,0017,0034,0035,0.00000000,"DecisionTable,J48,J48_pruning,DecisionTable_crossVal,DecisionTable_search,BestFirst_searchTermination,SimpleCart,GreedyStepwise_searchBackwards,SimpleCart_heuristic,PART,PART_useMDLcorrection,Aggregator,J48_useLaplace,JRip,GreedyStepwise_conservativeForwardSelection,JRip_minNo,SimpleCart_usePrune,SimpleCart_minNumObj,J48_doNotMakeSplitPointActualValue,PART_binarySplits,J48_subtreeRaising,J48_useMDLcorrection,DecisionTable_evaluationMeasure,J48_minNumObj,BestFirst_direction,DecisionTable_useIBk,J48_numFolds,J48_binarySplits,J48_confidenceFactorValue,J48_collapseTree,PART_minNumObj,SimpleCart_useOneSE,JRip_checkErrorRate,PART_doNotMakeSplitPointActualValue,PART_pruning,SimpleCart_numFoldsPruning,JRip_usePruning,PART_numFolds,JRip_optimizations,PART_confidenceFactorValue,JRip_folds"
68,90,0.60436557,0.76823287,0.81348738,0.69094239,0.75882949,0016,0034,0035,0.00000000,"Aggregator,PART,SimpleCart,JRip,PART_pruning,SimpleCart_usePrune,PART_minNumObj,SimpleCart_minNumObj,PART_doNotMakeSplitPointActualValue,PART_useMDLcorrection,PART_confidenceFactorValue,DecisionTable,SimpleCart_numFoldsPruning,DecisionTable_crossVal,JRip_checkErrorRate,JRip_usePruning,J48,JRip_minNo,PART_numFolds,PART_binarySplits,SimpleCart_useOneSE,J48_useMDLcorrection,DecisionTable_search,GreedyStepwise_conservativeForwardSelection,DecisionTable_useIBk,J48_pruning,JRip_optimizations,SimpleCart_heuristic,J48_subtreeRaising,J48_useLaplace,GreedyStepwise_searchBackwards,J48_minNumObj,JRip_folds,J48_doNotMakeSplitPointActualValue,J48_collapseTree,J48_binarySplits,DecisionTable_evaluationMeasure,J48_numFolds,BestFirst_searchTermination,BestFirst_direction,J48_confidenceFactorValue"
69,90,0.60306411,0.76593775,0.81348738,0.69094239,0.75882949,0017,0034,0035,0.00000000,"J48,J48_minNumObj,PART,J48_binarySplits,DecisionTable,Aggregator,DecisionTable_evaluationMeasure,DecisionTable_crossVal,PART_minNumObj,DecisionTable_search,JRip,J48_doNotMakeSplitPointActualValue,J48_collapseTree,PART_binarySplits,JRip_usePruning,BestFirst_direction,DecisionTable_useIBk,PART_doNotMakeSplitPointActualValue,J48_useMDLcorrection,SimpleCart,JRip_checkErrorRate,J48_pruning,JRip_minNo,GreedyStepwise_conservativeForwardSelection,J48_confidenceFactorValue,J48_useLaplace,PART_useMDLcorrection,PART_pruning,SimpleCart_minNumObj,SimpleCart_usePrune,SimpleCart_heuristic,JRip_folds,J48_subtreeRaising,GreedyStepwise_searchBackwards,BestFirst_searchTermination,PART_confidenceFactorValue,J48_numFolds,SimpleCart_useOneSE,JRip_optimizations,PART_numFolds,SimpleCart_numFoldsPruning"
70,90,0.66246771,0.76568234,0.81348738,0.69094239,0.75882949,0017,0034,0035,0.00000000,"JRip,PART,PART_doNotMakeSplitPointActualValue,SimpleCart,SimpleCart_usePrune,PART_minNumObj,JRip_minNo,DecisionTable,PART_pruning,JRip_checkErrorRate,J48,DecisionTable_useIBk,J48_useLaplace,PART_numFolds,PART_binarySplits,JRip_usePruning,J48_collapseTree,JRip_optimizations,PART_confidenceFactorValue,SimpleCart_numFoldsPruning,J48_binarySplits,Aggregator,J48_minNumObj,J48_pruning,PART_useMDLcorrection,J48_useMDLcorrection,JRip_folds,J48_doNotMakeSplitPointActualValue,J48_confidenceFactorValue,SimpleCart_minNumObj,SimpleCart_heuristic,SimpleCart_useOneSE,DecisionTable_evaluationMeasure,J48_numFolds,J48_subtreeRaising,DecisionTable_crossVal,DecisionTable_search,GreedyStepwise_searchBackwards,GreedyStepwise_conservativeForwardSelection,BestFirst_direction,BestFirst_searchTermination"
71,90,0.59044538,0.76181765,0.81348738,0.69094239,0.75882949,0017,0034,0035,0.00000000,"DecisionTable,DecisionTable_useIBk,SimpleCart,J48,DecisionTable_evaluationMeasure,PART,SimpleCart_heuristic,SimpleCart_minNumObj,DecisionTable_crossVal,Aggregator,J48_minNumObj,DecisionTable_search,J48_useMDLcorrection,J48_collapseTree,PART_pruning,J48_binarySplits,GreedyStepwise_searchBackwards,PART_useMDLcorrection,JRip,PART_doNotMakeSplitPointActualValue,SimpleCart_usePrune,J48_useLaplace,PART_binarySplits,J48_doNotMakeSplitPointActualValue,PART_confidenceFactorValue,J48_pruning,PART_minNumObj,JRip_checkErrorRate,PART_numFolds,BestFirst_searchTermination,GreedyStepwise_conservativeForwardSelection,BestFirst_direction,SimpleCart_numFoldsPruning,J48_subtreeRaising,SimpleCart_useOneSE,JRip_minNo,J48_confidenceFactorValue,JRip_usePruning,JRip_optimizations,JRip_folds,J48_numFolds"
72,90,0.58736362,0.76827611,0.81348738,0.69094239,0.75882949,0018,0034,0035,0.00000000,"DecisionTable,Aggregator,DecisionTable_crossVal,DecisionTable_useIBk,DecisionTable_search,JRip,J48,GreedyStepwise_conservativeForwardSelection,PART,J48_binarySplits,BestFirst_searchTermination,SimpleCart,DecisionTable_evaluationMeasure,JRip_minNo,J48_useMDLcorrection,SimpleCart_heuristic,SimpleCart_usePrune,SimpleCart_minNumObj,J48_doNotMakeSplitPointActualValue,PART_doNotMakeSplitPointActualValue,SimpleCart_useOneSE,PART_minNumObj,J48_collapseTree,J48_minNumObj,BestFirst_direction,PART_pruning,GreedyStepwise_searchBackwards,JRip_usePruning,J48_useLaplace,PART_binarySplits,PART_useMDLcorrection,J48_pruning,JRip_folds,JRip_checkErrorRate,J48_subtreeRaising,J48_confidenceFactorValue,SimpleCart_numFoldsPruning,JRip_optimizations,PART_confidenceFactorValue,PART_numFolds,J48_numFolds"
73,90,0.55891900,0.76300595,0.81348738,0.69094239,0.75882949,0017,0034,0035,0.00000000,"SimpleCart,JRip,JRip_usePruning,JRip_minNo,JRip_checkErrorRate,Aggregator,JRip_optimizations,DecisionTable,DecisionTable_evaluationMeasure,PART,PART_useMDLcorrection,SimpleCart_usePrune,DecisionTable_crossVal,DecisionTable_useIBk,SimpleCart_minNumObj,PART_doNotMakeSplitPointActualValue,PART_minNumObj,PART_binarySplits,J48,J48_useLaplace,JRip_folds,SimpleCart_heuristic,SimpleCart_useOneSE,DecisionTable_search,J48_useMDLcorrection,SimpleCart_numFoldsPruning,PART_pruning,J48_collapseTree,PART_confidenceFactorValue,PART_numFolds,J48_minNumObj,J48_pruning,J48_confidenceFactorValue,BestFirst_searchTermination,J48_subtreeRaising,J48_doNotMakeSplitPointActualValue,GreedyStepwise_searchBackwards,J48_binarySplits,GreedyStepwise_conservativeForwardSelection,J48_numFolds,BestFirst_direction"
74,90,0.60678530,0.76382922,0.81348738,0.69094239,0.75882949,0013,0034,0035,0.00000000,"PART,PART_useMDLcorrection,DecisionTable,PART_pruning,SimpleCart,Aggregator,SimpleCart_usePrune,SimpleCart_useOneSE,J48,SimpleCart_minNumObj,SimpleCart_heuristic,PART_minNumObj,JRip,DecisionTable_evaluationMeasure,SimpleCart_numFoldsPruning,PART_binarySplits,DecisionTable_crossVal,PART_confidenceFactorValue,PART_doNotMakeSplitPointActualValue,J48_binarySplits,J48_minNumObj,JRip_usePruning,J48_useMDLcorrection,JRip_optimizations,JRip_checkErrorRate,DecisionTable_search,JRip_folds,J48_useLaplace,J48_doNotMakeSplitPointActualValue,PART_numFolds,DecisionTable_useIBk,J48_collapseTree,BestFirst_direction,J48_pruning,GreedyStepwise_conservativeForwardSelection,GreedyStepwise_searchBackwards,JRip_minNo,BestFirst_searchTermination,J48_numFolds,J48_subtreeRaising,J48_confidenceFactorValue"
75,90,0.57536256,0.76293480,0.81348738,0.69094239,0.75882949,0014,0034,0035,0.00000000,"DecisionTable,DecisionTable_useIBk,DecisionTable_search,BestFirst_searchTermination,GreedyStepwise_searchBackwards,JRip,GreedyStepwise_conservativeForwardSelection,J48,BestFirst_direction,DecisionTable_crossVal,J48_useLaplace,SimpleCart,PART,J48_pruning,DecisionTable_evaluationMeasure,Aggregator,SimpleCart_minNumObj,J48_collapseTree,JRip_checkErrorRate,JRip_usePruning,J48_minNumObj,JRip_optimizations,SimpleCart_usePrune,SimpleCart_numFoldsPruning,J48_binarySplits,JRip_minNo,PART_pruning,J48_subtreeRaising,J48_useMDLcorrection,PART_confidenceFactorValue,J48_confidenceFactorValue,JRip_folds,PART_binarySplits,J48_numFolds,PART_doNotMakeSplitPointActualValue,J48_doNotMakeSplitPointActualValue,PART_useMDLcorrection,SimpleCart_heuristic,PART_minNumObj,SimpleCart_useOneSE,PART_numFolds"
76,90,0.62474450,0.76902636,0.81348738,0.69094239,0.75882949,0016,0034,0035,0.00000000,"DecisionTable,SimpleCart,SimpleCart_usePrune,SimpleCart_minNumObj,DecisionTable_evaluationMeasure,Aggregator,SimpleCart_heuristic,JRip,J48,DecisionTable_search,J48_pruning,JRip_checkErrorRate,GreedyStepwise_searchBackwards,DecisionTable_crossVal,SimpleCart_useOneSE,J48_binarySplits,BestFirst_searchTermination,PART,SimpleCart_numFoldsPruning,JRip_minNo,DecisionTable_useIBk,BestFirst_direction,J48_doNotMakeSplitPointActualValue,GreedyStepwise_conservativeForwardSelection,J48_confidenceFactorValue,J48_useMDLcorrection,JRip_usePruning,JRip_folds,PART_binarySplits,J48_numFolds,J48_subtreeRaising,J48_minNumObj,J48_useLaplace,PART_useMDLcorrection,J48_collapseTree,PART_pruning,PART_minNumObj,PART_doNotMakeSplitPointActualValue,JRip_optimizations,PART_numFolds,PART_confidenceFactorValue"
77,90,0.61767947,0.77052684,0.81348738,0.69094239,0.75882949,0015,0034,0035,0.00000000,"J48,PART,J48_pruning,PART_useMDLcorrection,J48_confidenceFactorValue,J48_useMDLcorrection,PART_binarySplits,JRip,Aggregator,PART_pruning,SimpleCart,J48_minNumObj,PART_confidenceFactorValue,SimpleCart_usePrune,J48_subtreeRaising,DecisionTable,PART_doNotMakeSplitPointActualValue,DecisionTable_useIBk,J48_collapseTree,J48_binarySplits,JRip_usePruning,PART_minNumObj,J48_useLaplace,SimpleCart_numFoldsPruning,SimpleCart_minNumObj,J48_doNotMakeSplitPointActualValue,JRip_minNo,SimpleCart_useOneSE,J48_numFolds,PART_numFolds,JRip_optimizations,JRip_folds,SimpleCart_heuristic,DecisionTable_search,GreedyStepwise_searchBackwards,JRip_checkErrorRate,DecisionTable_evaluationMeasure,DecisionTable_crossVal,BestFirst_direction,BestFirst_searchTermination,GreedyStepwise_conservativeForwardSelection"
78,90,0.59351972,0.76759044,0.81348738,0.69094239,0.75882949,0014,0034,0035,0.00000000,"JRip,SimpleCart,DecisionTable,SimpleCart_heuristic,SimpleCart_usePrune,JRip_minNo,PART,DecisionTable_evaluationMeasure,SimpleCart_minNumObj,Aggregator,PART_doNotMakeSplitPointActualValue,PART_useMDLcorrection,DecisionTable_useIBk,PART_pruning,J48,JRip_checkErrorRate,JRip_usePruning,PART_minNumObj,J48_minNumObj,J48_useLaplace,DecisionTable_crossVal,PART_confidenceFactorValue,SimpleCart_useOneSE,SimpleCart_numFoldsPruning,DecisionTable_search,J48_useMDLcorrection,JRip_optimizations,PART_binarySplits,JRip_folds,J48_binarySplits,PART_numFolds,GreedyStepwise_conservativeForwardSelection,J48_collapseTree,GreedyStepwise_searchBackwards,J48_pruning,J48_doNotMakeSplitPointActualValue,BestFirst_searchTermination,BestFirst_direction,J48_numFolds,J48_confidenceFactorValue,J48_subtreeRaising"
79,90,0.57485627,0.76591524,0.81348738,0.69094239,0.75882949,0016,0034,0035,0.00000000,"SimpleCart,PART,PART_pruning,SimpleCart_minNumObj,JRip,PART_binarySplits,SimpleCart_heuristic,DecisionTable,PART_numFolds,SimpleCart_usePrune,DecisionTable_useIBk,JRip_usePruning,PART_minNumObj,J48,JRip_minNo,Aggregator,SimpleCart_numFoldsPruning,DecisionTable_evaluationMeasure,PART_useMDLcorrection,PART_doNotMakeSplitPointActualValue,J48_useMDLcorrection,JRip_optimizations,JRip_checkErrorRate,DecisionTable_search,PART_confidenceFactorValue,BestFirst_direction,DecisionTable_crossVal,J48_collapseTree,J48_useLaplace,J48_pruning,J48_minNumObj,J48_doNotMakeSplitPointActualValue,SimpleCart_useOneSE,GreedyStepwise_searchBackwards,JRip_folds,GreedyStepwise_conservativeForwardSelection,J48_binarySplits,BestFirst_searchTermination,J48_numFolds,J48_confidenceFactorValue,J48_subtreeRaising"
80,90,0.56879419,0.76656441,0.81348738,0.69094239,0.75882949,0015,0034,0035,0.00000000,"DecisionTable,J48,J48_collapseTree,Aggregator,JRip,SimpleCart,J48_pruning,DecisionTable_search,JRip_usePruning,DecisionTable_crossVal,PART,J48_subtreeRaising,PART_doNotMakeSplitPointActualValue,BestFirst_direction,JRip_folds,J48_binarySplits,J48_confidenceFactorValue,PART_pruning,JRip_checkErrorRate,DecisionTable_useIBk,DecisionTable_evaluationMeasure,PART_minNumObj,J48_useLaplace,J48_minNumObj,PART_useMDLcorrection,J48_numFolds,GreedyStepwise_searchBackwards,J48_useMDLcorrection,GreedyStepwise_conservativeForwardSelection,SimpleCart_usePrune,SimpleCart_numFoldsPruning,BestFirst_searchTermination,PART_binarySplits,SimpleCart_heuristic,JRip_optimizations,JRip_minNo,SimpleCart_useOneSE,J48_doNotMakeSplitPointActualValue,SimpleCart_minNumObj,PART_numFolds,PART_confidenceFactorValue"
81,90,0.60897114,0.76470998,0.81348738,0.69094239,0.75882949,0017,0034,0035,0.00000000,"SimpleCart,SimpleCart_usePrune,JRip,JRip_minNo,SimpleCart_useOneSE,PART,SimpleCart_minNumObj,J48,PART_minNumObj,DecisionTable,Aggregator,SimpleCart_numFoldsPruning,SimpleCart_heuristic,JRip_checkErrorRate,DecisionTable_evaluationMeasure,J48_minNumObj,J48_pruning,JRip_usePruning,PART_doNotMakeSplitPointActualValue,J48_confidenceFactorValue,JRip_optimizations,PART_pruning,PART_binarySplits,DecisionTable_useIBk,PART_useMDLcorrection,J48_numFolds,PART_confidenceFactorValue,DecisionTable_crossVal,J48_useLaplace,JRip_folds,J48_doNotMakeSplitPointActualValue,PART_numFolds,J48_binarySplits,J48_useMDLcorrection,J48_collapseTree,DecisionTable_search,J48_subtreeRaising,BestFirst_searchTermination,GreedyStepwise_searchBackwards,GreedyStepwise_conservativeForwardSelection,BestFirst_direction"
82,90,0.61572477,0.76412503,0.81348738,0.69094239,0.75882949,0016,0034,0035,0.00000000,"Aggregator,J48,J48_useLaplace,SimpleCart,J48_minNumObj,J48_doNotMakeSplitPointActualValue,DecisionTable,J48_pruning,J48_binarySplits,DecisionTable_search,J48_confidenceFactorValue,SimpleCart_minNumObj,J48_subtreeRaising,SimpleCart_heuristic,PART,J48_useMDLcorrection,BestFirst_direction,JRip,JRip_minNo,J48_collapseTree,PART_doNotMakeSplitPointActualValue,GreedyStepwise_conservativeForwardSelection,PART_pruning,PART_minNumObj,DecisionTable_evaluationMeasure,GreedyStepwise_searchBackwards,SimpleCart_usePrune,J48_numFolds,DecisionTable_crossVal,SimpleCart_numFoldsPruning,JRip_usePruning,PART_numFolds,PART_binarySplits,DecisionTable_useIBk,PART_useMDLcorrection,JRip_folds,BestFirst_searchTermination,JRip_checkErrorRate,PART_confidenceFactorValue,SimpleCart_useOneSE,JRip_optimizations"
83,90,0.60433770,0.76698835,0.81348738,0.69094239,0.75882949,0017,0034,0035,0.00000000,"SimpleCart,Aggregator,JRip,JRip_usePruning,JRip_checkErrorRate,JRip_minNo,J48,DecisionTable,DecisionTable_useIBk,J48_collapseTree,DecisionTable_crossVal,J48_useMDLcorrection,J48_binarySplits,DecisionTable_evaluationMeasure,JRip_folds,SimpleCart_usePrune,DecisionTable_search,J48_minNumObj,SimpleCart_minNumObj,PART,GreedyStepwise_conservativeForwardSelection,SimpleCart_heuristic,BestFirst_direction,J48_useLaplace,JRip_optimizations,J48_doNotMakeSplitPointActualValue,J48_pruning,PART_pruning,PART_minNumObj,PART_doNotMakeSplitPointActualValue,J48_numFolds,BestFirst_searchTermination,PART_useMDLcorrection,PART_binarySplits,SimpleCart_useOneSE,SimpleCart_numFoldsPruning,J48_subtreeRaising,J48_confidenceFactorValue,GreedyStepwise_searchBackwards,PART_confidenceFactorValue,PART_numFolds"
84,90,0.47480634,0.76654326,0.81348738,0.69094239,0.75882949,0017,0034,0035,0.00000000,"J48,J48_useLaplace,J48_pruning,J48_useMDLcorrection,J48_minNumObj,J48_subtreeRaising,J48_numFolds,J48_binarySplits,DecisionTable,SimpleCart,SimpleCart_heuristic,J48_collapseTree,J48_doNotMakeSplitPointActualValue,PART,J48_confidenceFactorValue,Aggregator,JRip,JRip_usePruning,SimpleCart_minNumObj,JRip_minNo,SimpleCart_usePrune,PART_pruning,JRip_optimizations,DecisionTable_useIBk,DecisionTable_search,JRip_checkErrorRate,DecisionTable_crossVal,DecisionTable_evaluationMeasure,PART_confidenceFactorValue,PART_binarySplits,PART_numFolds,GreedyStepwise_conservativeForwardSelection,SimpleCart_numFoldsPruning,GreedyStepwise_searchBackwards,PART_doNotMakeSplitPointActualValue,PART_minNumObj,PART_useMDLcorrection,JRip_folds,SimpleCart_useOneSE,BestFirst_searchTermination,BestFirst_direction"
85,90,0.61725400,0.76489895,0.81348738,0.69094239,0.75882949,0021,0034,0035,0.00000000,"J48,PART,J48_useLaplace,PART_pruning,J48_pruning,PART_minNumObj,J48_collapseTree,DecisionTable,DecisionTable_search,PART_doNotMakeSplitPointActualValue,PART_binarySplits,PART_confidenceFactorValue,J48_minNumObj,J48_numFolds,PART_useMDLcorrection,Aggregator,SimpleCart,JRip,J48_subtreeRaising,BestFirst_searchTermination,J48_confidenceFactorValue,J48_useMDLcorrection,SimpleCart_minNumObj,PART_numFolds,J48_doNotMakeSplitPointActualValue,DecisionTable_evaluationMeasure,J48_binarySplits,SimpleCart_usePrune,DecisionTable_crossVal,GreedyStepwise_conservativeForwardSelection,JRip_minNo,SimpleCart_numFoldsPruning,BestFirst_direction,DecisionTable_useIBk,JRip_usePruning,GreedyStepwise_searchBackwards,JRip_folds,JRip_checkErrorRate,SimpleCart_heuristic,SimpleCart_useOneSE,JRip_optimizations"
86,90,0.60277160,0.76659223,0.81348738,0.69094239,0.75882949,0018,0034,0035,0.00000000,"SimpleCart,JRip,PART,JRip_minNo,JRip_usePruning,JRip_folds,PART_useMDLcorrection,DecisionTable,SimpleCart_heuristic,JRip_checkErrorRate,SimpleCart_usePrune,PART_binarySplits,SimpleCart_minNumObj,JRip_optimizations,PART_minNumObj,SimpleCart_useOneSE,J48,J48_doNotMakeSplitPointActualValue,Aggregator,DecisionTable_useIBk,PART_doNotMakeSplitPointActualValue,PART_pruning,DecisionTable_crossVal,DecisionTable_search,DecisionTable_evaluationMeasure,J48_useMDLcorrection,PART_numFolds,SimpleCart_numFoldsPruning,J48_collapseTree,BestFirst_searchTermination,GreedyStepwise_conservativeForwardSelection,J48_useLaplace,J48_binarySplits,J48_pruning,J48_minNumObj,J48_confidenceFactorValue,PART_confidenceFactorValue,J48_numFolds,BestFirst_direction,GreedyStepwise_searchBackwards,J48_subtreeRaising"
87,90,0.55238851,0.76292832,0.81348738,0.69094239,0.75882949,0019,0034,0035,0.00000000,"DecisionTable,Aggregator,DecisionTable_useIBk,JRip,PART,PART_useMDLcorrection,SimpleCart,SimpleCart_heuristic,J48,PART_minNumObj,DecisionTable_crossVal,DecisionTable_search,PART_doNotMakeSplitPointActualValue,JRip_minNo,PART_pruning,DecisionTable_evaluationMeasure,SimpleCart_usePrune,J48_doNotMakeSplitPointActualValue,J48_minNumObj,SimpleCart_minNumObj,JRip_checkErrorRate,JRip_usePruning,J48_pruning,BestFirst_searchTermination,SimpleCart_useOneSE,GreedyStepwise_conservativeForwardSelection,PART_binarySplits,BestFirst_direction,J48_useLaplace,J48_useMDLcorrection,J48_collapseTree,GreedyStepwise_searchBackwards,SimpleCart_numFoldsPruning,J48_binarySplits,J48_confidenceFactorValue,PART_numFolds,JRip_optimizations,J48_subtreeRaising,PART_confidenceFactorValue,JRip_folds,J48_numFolds"
88,90,0.51148750,0.76689861,0.81348738,0.69094239,0.75882949,0019,0034,0035,0.00000000,"J48,J48_pruning,J48_doNotMakeSplitPointActualValue,J48_useMDLcorrection,J48_minNumObj,PART,J48_useLaplace,PART_binarySplits,J48_confidenceFactorValue,SimpleCart,J48_numFolds,J48_collapseTree,PART_useMDLcorrection,JRip,J48_subtreeRaising,J48_binarySplits,Aggregator,DecisionTable,SimpleCart_heuristic,PART_doNotMakeSplitPointActualValue,PART_minNumObj,SimpleCart_usePrune,JRip_minNo,PART_pruning,DecisionTable_evaluationMeasure,JRip_checkErrorRate,SimpleCart_minNumObj,DecisionTable_useIBk,DecisionTable_crossVal,JRip_usePruning,PART_confidenceFactorValue,PART_numFolds,DecisionTable_search,SimpleCart_numFoldsPruning,SimpleCart_useOneSE,BestFirst_searchTermination,GreedyStepwise_conservativeForwardSelection,JRip_optimizations,JRip_folds,GreedyStepwise_searchBackwards,BestFirst_direction"
89,90,0.57648508,0.77069608,0.81348738,0.69094239,0.75882949,0015,0034,0035,0.00000000,"JRip,Aggregator,PART,PART_minNumObj,SimpleCart,PART_binarySplits,JRip_usePruning,PART_useMDLcorrection,DecisionTable,SimpleCart_usePrune,SimpleCart_minNumObj,J48,J48_binarySplits,DecisionTable_search,JRip_checkErrorRate,SimpleCart_heuristic,J48_collapseTree,JRip_minNo,PART_doNotMakeSplitPointActualValue,JRip_optimizations,BestFirst_searchTermination,DecisionTable_evaluationMeasure,PART_pruning,SimpleCart_numFoldsPruning,J48_doNotMakeSplitPointActualValue,J48_useLaplace,DecisionTable_crossVal,BestFirst_direction,SimpleCart_useOneSE,JRip_folds,DecisionTable_useIBk,J48_pruning,GreedyStepwise_conservativeForwardSelection,J48_numFolds,GreedyStepwise_searchBackwards,J48_useMDLcorrection,J48_minNumObj,PART_confidenceFactorValue,PART_numFolds,J48_confidenceFactorValue,J48_subtreeRaising"
90,90,0.54194395,0.77129833,0.81348738,0.69094239,0.75882949,0018,0034,0035,0.00000000,"SimpleCart,J48,J48_useLaplace,J48_pruning,SimpleCart_usePrune,SimpleCart_minNumObj,J48_doNotMakeSplitPointActualValue,J48_minNumObj,DecisionTable,SimpleCart_numFoldsPruning,PART,J48_confidenceFactorValue,J48_binarySplits,JRip,Aggregator,SimpleCart_heuristic,J48_useMDLcorrection,JRip_usePruning,PART_doNotMakeSplitPointActualValue,DecisionTable_search,DecisionTable_useIBk,GreedyStepwise_searchBackwards,PART_useMDLcorrection,PART_minNumObj,J48_numFolds,J48_collapseTree,SimpleCart_useOneSE,J48_subtreeRaising,PART_pruning,DecisionTable_evaluationMeasure,DecisionTable_crossVal,JRip_minNo,GreedyStepwise_conservativeForwardSelection,JRip_checkErrorRate,PART_binarySplits,JRip_folds,JRip_optimizations,PART_numFolds,BestFirst_searchTermination,BestFirst_direction,PART_confidenceFactorValue"
91,90,0.60059532,0.76444102,0.81348738,0.69094239,0.75882949,0018,0034,0035,0.00000000,"Aggregator,PART,J48,J48_minNumObj,J48_doNotMakeSplitPointActualValue,PART_doNotMakeSplitPointActualValue,J48_useMDLcorrection,PART_pruning,JRip,SimpleCart,J48_useLaplace,PART_useMDLcorrection,SimpleCart_minNumObj,SimpleCart_heuristic,PART_binarySplits,PART_minNumObj,DecisionTable,DecisionTable_crossVal,J48_binarySplits,DecisionTable_search,JRip_usePruning,DecisionTable_useIBk,J48_pruning,PART_numFolds,J48_subtreeRaising,J48_collapseTree,J48_numFolds,GreedyStepwise_conservativeForwardSelection,BestFirst_searchTermination,PART_confidenceFactorValue,JRip_minNo,JRip_checkErrorRate,SimpleCart_usePrune,DecisionTable_evaluationMeasure,SimpleCart_numFoldsPruning,SimpleCart_useOneSE,GreedyStepwise_searchBackwards,JRip_folds,J48_confidenceFactorValue,BestFirst_direction,JRip_optimizations"
92,90,0.57245794,0.76613441,0.81348738,0.69094239,0.75882949,0018,0034,0035,0.00000000,"SimpleCart,SimpleCart_minNumObj,PART,SimpleCart_usePrune,JRip,PART_minNumObj,SimpleCart_heuristic,JRip_minNo,PART_binarySplits,SimpleCart_numFoldsPruning,PART_doNotMakeSplitPointActualValue,PART_useMDLcorrection,SimpleCart_useOneSE,JRip_checkErrorRate,Aggregator,J48,DecisionTable,PART_pruning,J48_minNumObj,DecisionTable_evaluationMeasure,J48_useMDLcorrection,J48_doNotMakeSplitPointActualValue,DecisionTable_useIBk,PART_numFolds,J48_binarySplits,JRip_usePruning,J48_collapseTree,DecisionTable_search,BestFirst_searchTermination,JRip_optimizations,J48_pruning,J48_useLaplace,DecisionTable_crossVal,PART_confidenceFactorValue,J48_confidenceFactorValue,BestFirst_direction,GreedyStepwise_conservativeForwardSelection,GreedyStepwise_searchBackwards,J48_numFolds,JRip_folds,J48_subtreeRaising"
93,90,0.56296195,0.76624392,0.81348738,0.69094239,0.75882949,0023,0034,0035,0.00000000,"Aggregator,DecisionTable,JRip,J48,JRip_usePruning,J48_pruning,DecisionTable_useIBk,DecisionTable_crossVal,DecisionTable_search,J48_confidenceFactorValue,JRip_folds,J48_binarySplits,SimpleCart,J48_collapseTree,J48_minNumObj,J48_doNotMakeSplitPointActualValue,BestFirst_searchTermination,JRip_minNo,PART,J48_useMDLcorrection,J48_useLaplace,GreedyStepwise_searchBackwards,PART_pruning,J48_subtreeRaising,GreedyStepwise_conservativeForwardSelection,BestFirst_direction,JRip_optimizations,SimpleCart_minNumObj,PART_useMDLcorrection,JRip_checkErrorRate,SimpleCart_heuristic,J48_numFolds,DecisionTable_evaluationMeasure,PART_doNotMakeSplitPointActualValue,SimpleCart_usePrune,PART_minNumObj,SimpleCart_numFoldsPruning,PART_binarySplits,PART_numFolds,PART_confidenceFactorValue,SimpleCart_useOneSE"
94,90,0.58044734,0.76897837,0.81348738,0.69094239,0.75882949,0019,0034,0035,0.00000000,"JRip,JRip_usePruning,JRip_checkErrorRate,DecisionTable,JRip_folds,Aggregator,DecisionTable_useIBk,JRip_minNo,JRip_optimizations,PART,DecisionTable_search,DecisionTable_evaluationMeasure,SimpleCart,PART_binarySplits,SimpleCart_usePrune,J48,PART_minNumObj,SimpleCart_heuristic,J48_collapseTree,SimpleCart_minNumObj,J48_pruning,PART_useMDLcorrection,GreedyStepwise_conservativeForwardSelection,DecisionTable_crossVal,J48_binarySplits,PART_doNotMakeSplitPointActualValue,PART_pruning,J48_useLaplace,SimpleCart_numFoldsPruning,BestFirst_searchTermination,BestFirst_direction,J48_numFolds,J48_minNumObj,J48_useMDLcorrection,GreedyStepwise_searchBackwards,J48_doNotMakeSplitPointActualValue,J48_confidenceFactorValue,PART_numFolds,SimpleCart_useOneSE,J48_subtreeRaising,PART_confidenceFactorValue"
95,90,0.56597262,0.76752901,0.81348738,0.69094239,0.75882949,0017,0034,0035,0.00000000,"J48,J48_binarySplits,DecisionTable,Aggregator,PART,DecisionTable_crossVal,DecisionTable_search,GreedyStepwise_searchBackwards,JRip,J48_minNumObj,J48_pruning,J48_numFolds,PART_pruning,J48_doNotMakeSplitPointActualValue,PART_doNotMakeSplitPointActualValue,DecisionTable_useIBk,SimpleCart,BestFirst_direction,J48_useLaplace,PART_binarySplits,J48_collapseTree,J48_useMDLcorrection,JRip_checkErrorRate,PART_useMDLcorrection,J48_confidenceFactorValue,PART_confidenceFactorValue,J48_subtreeRaising,GreedyStepwise_conservativeForwardSelection,JRip_usePruning,JRip_folds,DecisionTable_evaluationMeasure,SimpleCart_usePrune,SimpleCart_useOneSE,PART_numFolds,JRip_minNo,PART_minNumObj,BestFirst_searchTermination,SimpleCart_numFoldsPruning,SimpleCart_minNumObj,SimpleCart_heuristic,JRip_optimizations"
96,90,0.59502515,0.76924202,0.81348738,0.69094239,0.75882949,0020,0034,0035,0.00000000,"JRip,DecisionTable,JRip_checkErrorRate,J48,PART,J48_binarySplits,Aggregator,J48_useMDLcorrection,DecisionTable_search,J48_minNumObj,GreedyStepwise_searchBackwards,J48_collapseTree,DecisionTable_crossVal,SimpleCart,JRip_minNo,BestFirst_searchTermination,PART_doNotMakeSplitPointActualValue,DecisionTable_evaluationMeasure,GreedyStepwise_conservativeForwardSelection,J48_pruning,PART_minNumObj,SimpleCart_minNumObj,J48_doNotMakeSplitPointActualValue,DecisionTable_useIBk,JRip_usePruning,BestFirst_direction,PART_pruning,J48_subtreeRaising,PART_useMDLcorrection,JRip_folds,J48_useLaplace,PART_binarySplits,SimpleCart_heuristic,J48_confidenceFactorValue,PART_numFolds,J48_numFolds,JRip_optimizations,SimpleCart_usePrune,PART_confidenceFactorValue,SimpleCart_numFoldsPruning,SimpleCart_useOneSE"
97,90,0.59904201,0.76155644,0.81348738,0.69094239,0.75882949,0017,0034,0035,0.00000000,"PART,Aggregator,PART_useMDLcorrection,PART_binarySplits,PART_minNumObj,SimpleCart,DecisionTable,PART_doNotMakeSplitPointActualValue,DecisionTable_crossVal,J48,PART_pruning,J48_useMDLcorrection,JRip,JRip_usePruning,DecisionTable_evaluationMeasure,J48_minNumObj,J48_collapseTree,J48_pruning,SimpleCart_heuristic,SimpleCart_minNumObj,SimpleCart_usePrune,JRip_checkErrorRate,JRip_optimizations,J48_doNotMakeSplitPointActualValue,J48_numFolds,DecisionTable_search,GreedyStepwise_conservativeForwardSelection,DecisionTable_useIBk,J48_useLaplace,SimpleCart_useOneSE,PART_confidenceFactorValue,PART_numFolds,J48_binarySplits,GreedyStepwise_searchBackwards,JRip_folds,BestFirst_direction,J48_subtreeRaising,JRip_minNo,J48_confidenceFactorValue,SimpleCart_numFoldsPruning,BestFirst_searchTermination"
98,90,0.56541020,0.76378411,0.81348738,0.69094239,0.75882949,0016,0034,0035,0.00000000,"DecisionTable,DecisionTable_search,GreedyStepwise_searchBackwards,SimpleCart,GreedyStepwise_conservativeForwardSelection,DecisionTable_crossVal,J48,BestFirst_searchTermination,DecisionTable_evaluationMeasure,JRip,J48_minNumObj,J48_useMDLcorrection,SimpleCart_minNumObj,Aggregator,PART,SimpleCart_usePrune,JRip_usePruning,J48_pruning,J48_collapseTree,J48_doNotMakeSplitPointActualValue,DecisionTable_useIBk,JRip_folds,PART_pruning,PART_minNumObj,BestFirst_direction,SimpleCart_numFoldsPruning,JRip_optimizations,J48_numFolds,SimpleCart_heuristic,J48_useLaplace,PART_useMDLcorrection,J48_binarySplits,J48_confidenceFactorValue,JRip_minNo,PART_doNotMakeSplitPointActualValue,JRip_checkErrorRate,J48_subtreeRaising,SimpleCart_useOneSE,PART_confidenceFactorValue,PART_numFolds,PART_binarySplits"
99,90,0.58506379,0.76224536,0.81348738,0.69094239,0.75882949,0015,0034,0035,0.00000000,"J48,J48_collapseTree,J48_doNotMakeSplitPointActualValue,J48_useMDLcorrection,PART,PART_pruning,SimpleCart,DecisionTable,J48_pruning,PART_numFolds,PART_useMDLcorrection,J48_useLaplace,PART_binarySplits,DecisionTable_evaluationMeasure,J48_binarySplits,J48_confidenceFactorValue,Aggregator,J48_subtreeRaising,JRip,SimpleCart_heuristic,JRip_usePruning,DecisionTable_search,JRip_optimizations,SimpleCart_usePrune,PART_doNotMakeSplitPointActualValue,SimpleCart_useOneSE,BestFirst_searchTermination,PART_minNumObj,J48_minNumObj,DecisionTable_useIBk,J48_numFolds,GreedyStepwise_searchBackwards,JRip_minNo,SimpleCart_minNumObj,GreedyStepwise_conservativeForwardSelection,PART_confidenceFactorValue,JRip_folds,BestFirst_direction,DecisionTable_crossVal,SimpleCart_numFoldsPruning,JRip_checkErrorRate"
