gen,nevals,min,median,max,currentGenBestValFitness,currentGenBestTestFitness,lap time (seconds),discarded individuals (including burn-in),GM connections,GM mean heuristic,sampling order
0,100,0.64493965,0.79096375,0.85424107,0.65429688,0.64545455,0070,0034,0035,0.00000000,"DecisionTable,DecisionTable_search,DecisionTable_useIBk,PART,DecisionTable_crossVal,JRip,J48,SimpleCart,J48_pruning,BestFirst_searchTermination,PART_binarySplits,J48_collapseTree,J48_useLaplace,SimpleCart_usePrune,J48_numFolds,J48_binarySplits,SimpleCart_useOneSE,PART_useMDLcorrection,PART_doNotMakeSplitPointActualValue,J48_subtreeRaising,PART_minNumObj,PART_pruning,GreedyStepwise_searchBackwards,JRip_checkErrorRate,DecisionTable_evaluationMeasure,GreedyStepwise_conservativeForwardSelection,Aggregator,JRip_minNo,J48_doNotMakeSplitPointActualValue,BestFirst_direction,SimpleCart_heuristic,J48_minNumObj,JRip_usePruning,J48_confidenceFactorValue,SimpleCart_minNumObj,J48_useMDLcorrection,PART_confidenceFactorValue,PART_numFolds,SimpleCart_numFoldsPruning,JRip_optimizations,JRip_folds"
1,90,0.69050513,0.79387442,0.85424107,0.65429688,0.64545455,0066,0034,0035,0.00000000,"SimpleCart,SimpleCart_heuristic,J48,J48_minNumObj,SimpleCart_usePrune,JRip,PART,J48_doNotMakeSplitPointActualValue,PART_pruning,DecisionTable,J48_collapseTree,J48_pruning,PART_useMDLcorrection,PART_confidenceFactorValue,J48_binarySplits,Aggregator,SimpleCart_minNumObj,PART_numFolds,J48_useLaplace,JRip_usePruning,DecisionTable_crossVal,SimpleCart_useOneSE,DecisionTable_useIBk,PART_binarySplits,PART_minNumObj,DecisionTable_search,J48_useMDLcorrection,PART_doNotMakeSplitPointActualValue,JRip_checkErrorRate,J48_confidenceFactorValue,SimpleCart_numFoldsPruning,JRip_minNo,DecisionTable_evaluationMeasure,BestFirst_direction,GreedyStepwise_searchBackwards,J48_subtreeRaising,J48_numFolds,JRip_optimizations,JRip_folds,BestFirst_searchTermination,GreedyStepwise_conservativeForwardSelection"
2,90,0.68494378,0.79363612,0.85424107,0.65429688,0.64545455,0058,0034,0035,0.00000000,"J48,J48_useMDLcorrection,J48_binarySplits,J48_minNumObj,SimpleCart,Aggregator,JRip,DecisionTable,JRip_minNo,DecisionTable_search,PART,JRip_checkErrorRate,J48_doNotMakeSplitPointActualValue,J48_useLaplace,DecisionTable_evaluationMeasure,J48_collapseTree,J48_pruning,PART_doNotMakeSplitPointActualValue,J48_numFolds,BestFirst_direction,SimpleCart_usePrune,BestFirst_searchTermination,SimpleCart_numFoldsPruning,SimpleCart_minNumObj,JRip_usePruning,J48_subtreeRaising,GreedyStepwise_conservativeForwardSelection,PART_binarySplits,SimpleCart_heuristic,PART_useMDLcorrection,GreedyStepwise_searchBackwards,DecisionTable_useIBk,JRip_folds,DecisionTable_crossVal,PART_pruning,PART_confidenceFactorValue,PART_minNumObj,PART_numFolds,J48_confidenceFactorValue,SimpleCart_useOneSE,JRip_optimizations"
3,90,0.68183242,0.79921544,0.85424107,0.65429688,0.64545455,0060,0034,0035,0.00000000,"Aggregator,JRip,JRip_minNo,JRip_checkErrorRate,DecisionTable,J48,PART,SimpleCart,PART_minNumObj,J48_doNotMakeSplitPointActualValue,PART_useMDLcorrection,SimpleCart_minNumObj,PART_binarySplits,JRip_usePruning,DecisionTable_evaluationMeasure,JRip_folds,J48_pruning,J48_binarySplits,J48_minNumObj,J48_collapseTree,DecisionTable_crossVal,J48_useLaplace,SimpleCart_usePrune,J48_numFolds,J48_subtreeRaising,JRip_optimizations,SimpleCart_numFoldsPruning,J48_useMDLcorrection,PART_doNotMakeSplitPointActualValue,DecisionTable_useIBk,DecisionTable_search,PART_pruning,GreedyStepwise_conservativeForwardSelection,J48_confidenceFactorValue,SimpleCart_heuristic,SimpleCart_useOneSE,GreedyStepwise_searchBackwards,PART_numFolds,BestFirst_direction,PART_confidenceFactorValue,BestFirst_searchTermination"
4,90,0.69434979,0.81660466,0.85424107,0.65429688,0.64545455,0046,0034,0073,0.59551860,"DecisionTable,JRip,DecisionTable_useIBk,DecisionTable_search,GreedyStepwise_conservativeForwardSelection,DecisionTable_crossVal,JRip_checkErrorRate,BestFirst_direction,JRip_minNo,JRip_usePruning,JRip_optimizations,JRip_folds,GreedyStepwise_searchBackwards,DecisionTable_evaluationMeasure,BestFirst_searchTermination,PART,PART_useMDLcorrection,Aggregator,PART_binarySplits,PART_doNotMakeSplitPointActualValue,PART_pruning,PART_numFolds,PART_confidenceFactorValue,SimpleCart,SimpleCart_usePrune,SimpleCart_minNumObj,PART_minNumObj,SimpleCart_heuristic,SimpleCart_numFoldsPruning,J48,J48_binarySplits,J48_minNumObj,J48_pruning,SimpleCart_useOneSE,J48_useMDLcorrection,J48_numFolds,J48_collapseTree,J48_confidenceFactorValue,J48_doNotMakeSplitPointActualValue,J48_subtreeRaising,J48_useLaplace"
5,90,0.74027488,0.81763930,0.85425182,0.59960938,0.65454545,0054,0034,0073,0.59551860,"JRip,DecisionTable,JRip_usePruning,JRip_optimizations,DecisionTable_evaluationMeasure,JRip_checkErrorRate,DecisionTable_crossVal,JRip_minNo,DecisionTable_useIBk,JRip_folds,DecisionTable_search,GreedyStepwise_conservativeForwardSelection,BestFirst_searchTermination,Aggregator,PART,PART_useMDLcorrection,PART_minNumObj,BestFirst_direction,PART_binarySplits,PART_pruning,PART_numFolds,PART_doNotMakeSplitPointActualValue,GreedyStepwise_searchBackwards,PART_confidenceFactorValue,SimpleCart,SimpleCart_usePrune,SimpleCart_minNumObj,SimpleCart_heuristic,SimpleCart_numFoldsPruning,J48,J48_pruning,J48_collapseTree,J48_confidenceFactorValue,J48_minNumObj,J48_numFolds,J48_useMDLcorrection,J48_useLaplace,J48_binarySplits,J48_subtreeRaising,J48_doNotMakeSplitPointActualValue,SimpleCart_useOneSE"
6,90,0.69658027,0.81410818,0.85425182,0.59960938,0.65454545,0048,0034,0073,0.59551860,"DecisionTable,JRip,JRip_usePruning,JRip_checkErrorRate,DecisionTable_useIBk,JRip_folds,DecisionTable_search,BestFirst_direction,DecisionTable_crossVal,GreedyStepwise_conservativeForwardSelection,BestFirst_searchTermination,PART,Aggregator,PART_pruning,PART_numFolds,PART_minNumObj,PART_useMDLcorrection,PART_doNotMakeSplitPointActualValue,JRip_optimizations,PART_confidenceFactorValue,SimpleCart,SimpleCart_minNumObj,SimpleCart_heuristic,SimpleCart_usePrune,JRip_minNo,SimpleCart_useOneSE,SimpleCart_numFoldsPruning,PART_binarySplits,GreedyStepwise_searchBackwards,J48,J48_collapseTree,J48_minNumObj,J48_binarySplits,J48_useMDLcorrection,J48_pruning,J48_numFolds,J48_confidenceFactorValue,DecisionTable_evaluationMeasure,J48_subtreeRaising,J48_doNotMakeSplitPointActualValue,J48_useLaplace"
7,90,0.68010293,0.79799913,0.86277943,0.59765625,0.67272727,0062,0034,0061,0.56722606,"DecisionTable,SimpleCart,J48,J48_doNotMakeSplitPointActualValue,PART,J48_useMDLcorrection,SimpleCart_heuristic,DecisionTable_crossVal,J48_useLaplace,PART_useMDLcorrection,DecisionTable_evaluationMeasure,SimpleCart_usePrune,SimpleCart_minNumObj,DecisionTable_search,GreedyStepwise_searchBackwards,SimpleCart_useOneSE,BestFirst_direction,SimpleCart_numFoldsPruning,J48_binarySplits,PART_pruning,J48_minNumObj,PART_minNumObj,PART_numFolds,PART_confidenceFactorValue,Aggregator,DecisionTable_useIBk,GreedyStepwise_conservativeForwardSelection,J48_pruning,J48_numFolds,JRip,J48_subtreeRaising,BestFirst_searchTermination,J48_confidenceFactorValue,JRip_usePruning,JRip_optimizations,PART_doNotMakeSplitPointActualValue,J48_collapseTree,JRip_folds,PART_binarySplits,JRip_minNo,JRip_checkErrorRate"
8,90,0.65904762,0.79860140,0.86600198,0.66406250,0.64545455,0077,0034,0061,0.56722606,"DecisionTable,J48,SimpleCart,PART,J48_doNotMakeSplitPointActualValue,J48_useMDLcorrection,PART_pruning,PART_minNumObj,J48_minNumObj,PART_numFolds,DecisionTable_crossVal,Aggregator,PART_confidenceFactorValue,JRip_usePruning,JRip_folds,JRip_optimizations,JRip_checkErrorRate,SimpleCart_heuristic,SimpleCart_usePrune,SimpleCart_useOneSE,SimpleCart_minNumObj,DecisionTable_search,GreedyStepwise_searchBackwards,BestFirst_direction,DecisionTable_useIBk,PART_doNotMakeSplitPointActualValue,J48_pruning,GreedyStepwise_conservativeForwardSelection,SimpleCart_numFoldsPruning,DecisionTable_evaluationMeasure,J48_numFolds,PART_useMDLcorrection,J48_subtreeRaising,BestFirst_searchTermination,J48_collapseTree,J48_confidenceFactorValue,JRip,J48_useLaplace,PART_binarySplits,J48_binarySplits,JRip_minNo"
9,90,0.70834408,0.80901021,0.86600198,0.66406250,0.64545455,0077,0034,0061,0.56722606,"SimpleCart,PART,J48,J48_doNotMakeSplitPointActualValue,J48_useMDLcorrection,DecisionTable,J48_pruning,J48_confidenceFactorValue,J48_subtreeRaising,PART_binarySplits,PART_useMDLcorrection,DecisionTable_crossVal,SimpleCart_usePrune,SimpleCart_minNumObj,SimpleCart_numFoldsPruning,J48_numFolds,J48_binarySplits,DecisionTable_search,SimpleCart_useOneSE,JRip,BestFirst_searchTermination,J48_useLaplace,JRip_checkErrorRate,J48_collapseTree,GreedyStepwise_conservativeForwardSelection,PART_doNotMakeSplitPointActualValue,BestFirst_direction,JRip_usePruning,DecisionTable_evaluationMeasure,GreedyStepwise_searchBackwards,JRip_minNo,SimpleCart_heuristic,DecisionTable_useIBk,JRip_folds,JRip_optimizations,PART_pruning,PART_minNumObj,J48_minNumObj,PART_confidenceFactorValue,PART_numFolds,Aggregator"
10,90,0.68752646,0.80876757,0.86600198,0.66406250,0.64545455,0042,0070,0055,0.70323251,"Aggregator,SimpleCart,PART,PART_doNotMakeSplitPointActualValue,J48,PART_binarySplits,J48_binarySplits,PART_useMDLcorrection,SimpleCart_heuristic,SimpleCart_usePrune,J48_collapseTree,J48_useLaplace,J48_pruning,J48_confidenceFactorValue,GreedyStepwise_conservativeForwardSelection,JRip_checkErrorRate,JRip_folds,GreedyStepwise_searchBackwards,JRip_optimizations,PART_numFolds,DecisionTable_search,J48_minNumObj,J48_subtreeRaising,SimpleCart_useOneSE,PART_minNumObj,SimpleCart_numFoldsPruning,BestFirst_direction,PART_pruning,PART_confidenceFactorValue,J48_numFolds,SimpleCart_minNumObj,DecisionTable,J48_doNotMakeSplitPointActualValue,BestFirst_searchTermination,DecisionTable_useIBk,DecisionTable_crossVal,JRip,DecisionTable_evaluationMeasure,J48_useMDLcorrection,JRip_usePruning,JRip_minNo"
11,90,0.71459945,0.81485760,0.86600198,0.66406250,0.64545455,0024,0034,0055,0.70323251,"PART,Aggregator,PART_binarySplits,J48,J48_binarySplits,SimpleCart,PART_doNotMakeSplitPointActualValue,PART_useMDLcorrection,J48_pruning,J48_confidenceFactorValue,SimpleCart_heuristic,J48_useLaplace,J48_collapseTree,SimpleCart_usePrune,PART_minNumObj,SimpleCart_numFoldsPruning,J48_minNumObj,SimpleCart_minNumObj,PART_pruning,PART_numFolds,PART_confidenceFactorValue,J48_subtreeRaising,J48_doNotMakeSplitPointActualValue,DecisionTable,DecisionTable_search,J48_numFolds,GreedyStepwise_searchBackwards,GreedyStepwise_conservativeForwardSelection,JRip_minNo,JRip_usePruning,JRip_optimizations,JRip_folds,BestFirst_searchTermination,DecisionTable_evaluationMeasure,SimpleCart_useOneSE,DecisionTable_crossVal,BestFirst_direction,JRip,J48_useMDLcorrection,DecisionTable_useIBk,JRip_checkErrorRate"
12,90,0.71437624,0.81251550,0.86600198,0.66406250,0.64545455,0029,0034,0055,0.70323251,"J48,Aggregator,PART,SimpleCart,SimpleCart_heuristic,J48_collapseTree,J48_useLaplace,PART_binarySplits,SimpleCart_usePrune,J48_binarySplits,PART_doNotMakeSplitPointActualValue,J48_pruning,PART_useMDLcorrection,J48_confidenceFactorValue,PART_minNumObj,SimpleCart_numFoldsPruning,J48_minNumObj,PART_pruning,PART_numFolds,J48_doNotMakeSplitPointActualValue,J48_subtreeRaising,PART_confidenceFactorValue,SimpleCart_minNumObj,J48_numFolds,DecisionTable,DecisionTable_search,GreedyStepwise_searchBackwards,GreedyStepwise_conservativeForwardSelection,DecisionTable_useIBk,BestFirst_direction,J48_useMDLcorrection,DecisionTable_evaluationMeasure,BestFirst_searchTermination,SimpleCart_useOneSE,DecisionTable_crossVal,JRip,JRip_checkErrorRate,JRip_usePruning,JRip_minNo,JRip_optimizations,JRip_folds"
13,90,0.66215195,0.79352989,0.86600198,0.66406250,0.64545455,0027,0035,0035,0.00000000,"SimpleCart,J48,DecisionTable,J48_useMDLcorrection,PART,PART_useMDLcorrection,Aggregator,JRip,PART_pruning,SimpleCart_heuristic,J48_minNumObj,PART_binarySplits,J48_pruning,PART_numFolds,PART_doNotMakeSplitPointActualValue,J48_subtreeRaising,SimpleCart_minNumObj,SimpleCart_usePrune,J48_doNotMakeSplitPointActualValue,PART_confidenceFactorValue,J48_binarySplits,J48_confidenceFactorValue,DecisionTable_search,DecisionTable_evaluationMeasure,J48_numFolds,J48_collapseTree,DecisionTable_useIBk,JRip_checkErrorRate,J48_useLaplace,JRip_minNo,DecisionTable_crossVal,PART_minNumObj,SimpleCart_useOneSE,JRip_usePruning,GreedyStepwise_searchBackwards,BestFirst_direction,SimpleCart_numFoldsPruning,JRip_optimizations,BestFirst_searchTermination,GreedyStepwise_conservativeForwardSelection,JRip_folds"
14,90,0.61501653,0.79400897,0.86600198,0.66406250,0.64545455,0027,0034,0035,0.00000000,"SimpleCart,SimpleCart_usePrune,JRip,J48,J48_useLaplace,SimpleCart_useOneSE,DecisionTable,DecisionTable_crossVal,JRip_minNo,JRip_usePruning,DecisionTable_useIBk,PART,SimpleCart_heuristic,JRip_checkErrorRate,DecisionTable_search,PART_pruning,PART_binarySplits,Aggregator,JRip_folds,J48_doNotMakeSplitPointActualValue,PART_doNotMakeSplitPointActualValue,SimpleCart_numFoldsPruning,J48_minNumObj,JRip_optimizations,J48_pruning,J48_collapseTree,PART_numFolds,SimpleCart_minNumObj,PART_confidenceFactorValue,J48_confidenceFactorValue,J48_useMDLcorrection,PART_minNumObj,J48_binarySplits,PART_useMDLcorrection,GreedyStepwise_searchBackwards,DecisionTable_evaluationMeasure,BestFirst_searchTermination,GreedyStepwise_conservativeForwardSelection,BestFirst_direction,J48_numFolds,J48_subtreeRaising"
15,90,0.66341394,0.78810247,0.86600198,0.66406250,0.64545455,0021,0034,0035,0.00000000,"SimpleCart,DecisionTable,J48,J48_minNumObj,DecisionTable_evaluationMeasure,J48_binarySplits,J48_collapseTree,SimpleCart_heuristic,J48_useMDLcorrection,DecisionTable_useIBk,J48_useLaplace,SimpleCart_minNumObj,SimpleCart_usePrune,PART,DecisionTable_crossVal,JRip,Aggregator,PART_useMDLcorrection,DecisionTable_search,SimpleCart_numFoldsPruning,J48_doNotMakeSplitPointActualValue,J48_pruning,PART_pruning,GreedyStepwise_searchBackwards,SimpleCart_useOneSE,PART_doNotMakeSplitPointActualValue,PART_binarySplits,GreedyStepwise_conservativeForwardSelection,JRip_usePruning,JRip_minNo,J48_numFolds,PART_confidenceFactorValue,JRip_checkErrorRate,PART_minNumObj,BestFirst_direction,BestFirst_searchTermination,JRip_optimizations,JRip_folds,J48_confidenceFactorValue,PART_numFolds,J48_subtreeRaising"
16,90,0.64920511,0.79159867,0.86600198,0.66406250,0.64545455,0021,0034,0035,0.00000000,"DecisionTable,PART,DecisionTable_evaluationMeasure,J48,J48_useMDLcorrection,J48_pruning,J48_binarySplits,SimpleCart,SimpleCart_heuristic,DecisionTable_crossVal,PART_doNotMakeSplitPointActualValue,J48_doNotMakeSplitPointActualValue,Aggregator,JRip,PART_pruning,DecisionTable_search,PART_binarySplits,JRip_checkErrorRate,J48_numFolds,DecisionTable_useIBk,PART_numFolds,PART_useMDLcorrection,JRip_minNo,J48_subtreeRaising,PART_minNumObj,BestFirst_searchTermination,PART_confidenceFactorValue,J48_collapseTree,BestFirst_direction,SimpleCart_usePrune,GreedyStepwise_searchBackwards,SimpleCart_minNumObj,J48_minNumObj,J48_confidenceFactorValue,J48_useLaplace,GreedyStepwise_conservativeForwardSelection,JRip_usePruning,SimpleCart_numFoldsPruning,JRip_folds,SimpleCart_useOneSE,JRip_optimizations"
17,90,0.62370081,0.79070540,0.86600198,0.66406250,0.64545455,0023,0034,0035,0.00000000,"Aggregator,PART,PART_pruning,PART_doNotMakeSplitPointActualValue,JRip,PART_useMDLcorrection,JRip_usePruning,JRip_minNo,PART_numFolds,J48,JRip_checkErrorRate,SimpleCart,PART_minNumObj,PART_binarySplits,SimpleCart_usePrune,SimpleCart_minNumObj,DecisionTable,SimpleCart_heuristic,PART_confidenceFactorValue,J48_doNotMakeSplitPointActualValue,J48_minNumObj,J48_useMDLcorrection,DecisionTable_useIBk,J48_binarySplits,JRip_optimizations,J48_pruning,SimpleCart_numFoldsPruning,JRip_folds,J48_collapseTree,J48_useLaplace,J48_numFolds,SimpleCart_useOneSE,DecisionTable_crossVal,J48_subtreeRaising,DecisionTable_search,DecisionTable_evaluationMeasure,J48_confidenceFactorValue,GreedyStepwise_searchBackwards,BestFirst_direction,BestFirst_searchTermination,GreedyStepwise_conservativeForwardSelection"
18,90,0.57524306,0.79437335,0.86600198,0.66406250,0.64545455,0020,0034,0035,0.00000000,"PART,J48,J48_pruning,PART_useMDLcorrection,J48_doNotMakeSplitPointActualValue,J48_binarySplits,J48_confidenceFactorValue,J48_minNumObj,Aggregator,PART_binarySplits,J48_useMDLcorrection,DecisionTable,PART_minNumObj,PART_pruning,SimpleCart,SimpleCart_minNumObj,PART_doNotMakeSplitPointActualValue,JRip,DecisionTable_evaluationMeasure,J48_subtreeRaising,J48_collapseTree,PART_confidenceFactorValue,JRip_minNo,J48_useLaplace,J48_numFolds,SimpleCart_usePrune,DecisionTable_search,SimpleCart_useOneSE,JRip_checkErrorRate,SimpleCart_heuristic,DecisionTable_crossVal,BestFirst_searchTermination,BestFirst_direction,DecisionTable_useIBk,PART_numFolds,SimpleCart_numFoldsPruning,JRip_usePruning,GreedyStepwise_conservativeForwardSelection,GreedyStepwise_searchBackwards,JRip_folds,JRip_optimizations"
19,90,0.66173032,0.79655857,0.86600198,0.66406250,0.64545455,0023,0034,0035,0.00000000,"SimpleCart,SimpleCart_heuristic,SimpleCart_usePrune,J48,PART,J48_binarySplits,PART_doNotMakeSplitPointActualValue,JRip,JRip_usePruning,SimpleCart_minNumObj,PART_binarySplits,J48_useMDLcorrection,J48_collapseTree,Aggregator,DecisionTable,PART_useMDLcorrection,J48_doNotMakeSplitPointActualValue,JRip_minNo,DecisionTable_evaluationMeasure,J48_pruning,JRip_optimizations,JRip_checkErrorRate,JRip_folds,J48_numFolds,DecisionTable_search,J48_confidenceFactorValue,PART_minNumObj,J48_useLaplace,SimpleCart_numFoldsPruning,PART_pruning,GreedyStepwise_conservativeForwardSelection,J48_minNumObj,DecisionTable_crossVal,DecisionTable_useIBk,SimpleCart_useOneSE,BestFirst_searchTermination,GreedyStepwise_searchBackwards,J48_subtreeRaising,PART_confidenceFactorValue,PART_numFolds,BestFirst_direction"
20,90,0.69947007,0.79108672,0.86600198,0.66406250,0.64545455,0024,0034,0035,0.00000000,"Aggregator,J48,J48_pruning,DecisionTable,PART,SimpleCart,SimpleCart_minNumObj,J48_doNotMakeSplitPointActualValue,J48_minNumObj,JRip,SimpleCart_usePrune,J48_collapseTree,DecisionTable_search,PART_pruning,J48_binarySplits,J48_useLaplace,J48_numFolds,BestFirst_direction,PART_minNumObj,PART_useMDLcorrection,DecisionTable_useIBk,SimpleCart_numFoldsPruning,JRip_usePruning,J48_useMDLcorrection,J48_subtreeRaising,DecisionTable_crossVal,PART_doNotMakeSplitPointActualValue,GreedyStepwise_searchBackwards,J48_confidenceFactorValue,PART_numFolds,BestFirst_searchTermination,JRip_minNo,DecisionTable_evaluationMeasure,PART_binarySplits,SimpleCart_heuristic,JRip_optimizations,JRip_folds,JRip_checkErrorRate,GreedyStepwise_conservativeForwardSelection,SimpleCart_useOneSE,PART_confidenceFactorValue"
21,90,0.67995825,0.78939959,0.86600198,0.66406250,0.64545455,0019,0034,0035,0.00000000,"SimpleCart,JRip,SimpleCart_heuristic,PART,Aggregator,J48,SimpleCart_minNumObj,PART_binarySplits,DecisionTable,SimpleCart_usePrune,PART_pruning,PART_numFolds,J48_binarySplits,J48_collapseTree,J48_minNumObj,J48_doNotMakeSplitPointActualValue,PART_doNotMakeSplitPointActualValue,DecisionTable_useIBk,JRip_usePruning,SimpleCart_useOneSE,PART_confidenceFactorValue,JRip_checkErrorRate,JRip_folds,JRip_minNo,DecisionTable_crossVal,DecisionTable_search,SimpleCart_numFoldsPruning,PART_minNumObj,DecisionTable_evaluationMeasure,J48_useLaplace,PART_useMDLcorrection,GreedyStepwise_conservativeForwardSelection,J48_useMDLcorrection,J48_pruning,BestFirst_direction,JRip_optimizations,J48_confidenceFactorValue,J48_numFolds,GreedyStepwise_searchBackwards,J48_subtreeRaising,BestFirst_searchTermination"
22,90,0.62987723,0.79213810,0.86600198,0.66406250,0.64545455,0023,0034,0035,0.00000000,"JRip,DecisionTable,DecisionTable_evaluationMeasure,DecisionTable_search,J48,JRip_minNo,J48_binarySplits,J48_pruning,PART,PART_minNumObj,BestFirst_direction,PART_pruning,GreedyStepwise_searchBackwards,J48_confidenceFactorValue,SimpleCart,DecisionTable_crossVal,DecisionTable_useIBk,J48_subtreeRaising,PART_confidenceFactorValue,Aggregator,PART_numFolds,PART_doNotMakeSplitPointActualValue,SimpleCart_heuristic,J48_useMDLcorrection,J48_numFolds,J48_useLaplace,JRip_usePruning,J48_minNumObj,JRip_checkErrorRate,GreedyStepwise_conservativeForwardSelection,SimpleCart_usePrune,PART_useMDLcorrection,J48_collapseTree,BestFirst_searchTermination,J48_doNotMakeSplitPointActualValue,PART_binarySplits,JRip_folds,SimpleCart_useOneSE,SimpleCart_minNumObj,JRip_optimizations,SimpleCart_numFoldsPruning"
23,90,0.70118345,0.79775442,0.86600198,0.66406250,0.64545455,0020,0034,0035,0.00000000,"JRip,JRip_minNo,DecisionTable,JRip_usePruning,SimpleCart,PART,JRip_optimizations,SimpleCart_heuristic,PART_pruning,DecisionTable_search,GreedyStepwise_searchBackwards,Aggregator,J48,PART_useMDLcorrection,JRip_checkErrorRate,PART_confidenceFactorValue,DecisionTable_evaluationMeasure,DecisionTable_crossVal,J48_pruning,J48_minNumObj,PART_numFolds,DecisionTable_useIBk,J48_numFolds,J48_confidenceFactorValue,PART_doNotMakeSplitPointActualValue,GreedyStepwise_conservativeForwardSelection,SimpleCart_minNumObj,J48_doNotMakeSplitPointActualValue,BestFirst_searchTermination,BestFirst_direction,SimpleCart_usePrune,J48_useLaplace,J48_binarySplits,SimpleCart_useOneSE,PART_minNumObj,JRip_folds,J48_subtreeRaising,PART_binarySplits,J48_useMDLcorrection,J48_collapseTree,SimpleCart_numFoldsPruning"
24,90,0.68912988,0.79178427,0.86600198,0.66406250,0.64545455,0020,0034,0035,0.00000000,"DecisionTable,Aggregator,DecisionTable_useIBk,JRip,JRip_checkErrorRate,JRip_minNo,DecisionTable_crossVal,J48,DecisionTable_search,SimpleCart,GreedyStepwise_conservativeForwardSelection,PART,DecisionTable_evaluationMeasure,J48_doNotMakeSplitPointActualValue,J48_collapseTree,PART_doNotMakeSplitPointActualValue,SimpleCart_heuristic,PART_binarySplits,BestFirst_searchTermination,PART_minNumObj,JRip_usePruning,SimpleCart_usePrune,J48_binarySplits,GreedyStepwise_searchBackwards,J48_pruning,J48_useMDLcorrection,J48_useLaplace,J48_subtreeRaising,PART_pruning,BestFirst_direction,JRip_optimizations,PART_useMDLcorrection,SimpleCart_minNumObj,J48_minNumObj,SimpleCart_numFoldsPruning,SimpleCart_useOneSE,J48_confidenceFactorValue,JRip_folds,PART_numFolds,J48_numFolds,PART_confidenceFactorValue"
25,90,0.68063657,0.79038773,0.86600198,0.66406250,0.64545455,0020,0034,0035,0.00000000,"PART,PART_doNotMakeSplitPointActualValue,Aggregator,J48,SimpleCart,SimpleCart_minNumObj,J48_useMDLcorrection,PART_minNumObj,J48_collapseTree,DecisionTable,DecisionTable_evaluationMeasure,J48_minNumObj,J48_useLaplace,J48_doNotMakeSplitPointActualValue,DecisionTable_search,PART_useMDLcorrection,JRip,JRip_checkErrorRate,PART_pruning,PART_binarySplits,J48_pruning,DecisionTable_useIBk,J48_binarySplits,BestFirst_searchTermination,J48_numFolds,SimpleCart_usePrune,PART_confidenceFactorValue,JRip_usePruning,GreedyStepwise_conservativeForwardSelection,BestFirst_direction,PART_numFolds,SimpleCart_heuristic,SimpleCart_useOneSE,J48_subtreeRaising,DecisionTable_crossVal,J48_confidenceFactorValue,JRip_folds,GreedyStepwise_searchBackwards,JRip_minNo,JRip_optimizations,SimpleCart_numFoldsPruning"
26,90,0.68518105,0.79471664,0.86600198,0.66406250,0.64545455,0023,0034,0035,0.00000000,"JRip,Aggregator,PART,DecisionTable,JRip_checkErrorRate,PART_useMDLcorrection,DecisionTable_crossVal,SimpleCart,PART_minNumObj,PART_pruning,PART_binarySplits,J48,DecisionTable_useIBk,JRip_usePruning,DecisionTable_evaluationMeasure,DecisionTable_search,BestFirst_searchTermination,J48_pruning,PART_doNotMakeSplitPointActualValue,J48_numFolds,SimpleCart_usePrune,J48_doNotMakeSplitPointActualValue,JRip_minNo,J48_minNumObj,BestFirst_direction,J48_useMDLcorrection,JRip_folds,PART_numFolds,SimpleCart_heuristic,SimpleCart_minNumObj,JRip_optimizations,J48_binarySplits,J48_subtreeRaising,J48_confidenceFactorValue,PART_confidenceFactorValue,GreedyStepwise_conservativeForwardSelection,J48_useLaplace,J48_collapseTree,SimpleCart_useOneSE,GreedyStepwise_searchBackwards,SimpleCart_numFoldsPruning"
27,90,0.58953373,0.78539393,0.86600198,0.66406250,0.64545455,0027,0034,0035,0.00000000,"SimpleCart,DecisionTable,SimpleCart_minNumObj,JRip,JRip_minNo,SimpleCart_usePrune,JRip_checkErrorRate,DecisionTable_evaluationMeasure,J48,JRip_usePruning,Aggregator,SimpleCart_heuristic,SimpleCart_numFoldsPruning,JRip_folds,DecisionTable_useIBk,PART,DecisionTable_crossVal,DecisionTable_search,J48_doNotMakeSplitPointActualValue,SimpleCart_useOneSE,J48_minNumObj,J48_collapseTree,BestFirst_direction,J48_pruning,PART_pruning,PART_numFolds,PART_doNotMakeSplitPointActualValue,PART_minNumObj,PART_useMDLcorrection,J48_useMDLcorrection,GreedyStepwise_conservativeForwardSelection,J48_confidenceFactorValue,J48_binarySplits,J48_useLaplace,J48_subtreeRaising,GreedyStepwise_searchBackwards,JRip_optimizations,BestFirst_searchTermination,PART_binarySplits,PART_confidenceFactorValue,J48_numFolds"
28,90,0.67108590,0.78307312,0.86600198,0.66406250,0.64545455,0019,0034,0035,0.00000000,"PART,SimpleCart,DecisionTable,J48,PART_pruning,Aggregator,J48_binarySplits,PART_binarySplits,PART_useMDLcorrection,DecisionTable_crossVal,J48_collapseTree,PART_minNumObj,J48_useLaplace,JRip,DecisionTable_useIBk,SimpleCart_minNumObj,PART_doNotMakeSplitPointActualValue,J48_doNotMakeSplitPointActualValue,PART_numFolds,PART_confidenceFactorValue,J48_minNumObj,JRip_checkErrorRate,SimpleCart_heuristic,J48_pruning,DecisionTable_search,SimpleCart_usePrune,BestFirst_direction,BestFirst_searchTermination,DecisionTable_evaluationMeasure,J48_numFolds,GreedyStepwise_searchBackwards,J48_useMDLcorrection,JRip_usePruning,GreedyStepwise_conservativeForwardSelection,JRip_minNo,J48_confidenceFactorValue,JRip_folds,JRip_optimizations,SimpleCart_useOneSE,SimpleCart_numFoldsPruning,J48_subtreeRaising"
29,90,0.67836682,0.79603526,0.86600198,0.66406250,0.64545455,0026,0034,0035,0.00000000,"JRip,J48,J48_useMDLcorrection,Aggregator,J48_minNumObj,JRip_usePruning,PART,J48_binarySplits,J48_doNotMakeSplitPointActualValue,SimpleCart,DecisionTable,JRip_checkErrorRate,DecisionTable_evaluationMeasure,PART_doNotMakeSplitPointActualValue,PART_useMDLcorrection,J48_useLaplace,J48_pruning,PART_minNumObj,J48_confidenceFactorValue,SimpleCart_usePrune,J48_numFolds,DecisionTable_useIBk,SimpleCart_minNumObj,J48_collapseTree,JRip_minNo,DecisionTable_search,SimpleCart_heuristic,BestFirst_direction,GreedyStepwise_searchBackwards,GreedyStepwise_conservativeForwardSelection,JRip_optimizations,DecisionTable_crossVal,JRip_folds,SimpleCart_numFoldsPruning,PART_pruning,PART_binarySplits,J48_subtreeRaising,PART_confidenceFactorValue,PART_numFolds,SimpleCart_useOneSE,BestFirst_searchTermination"
30,90,0.69251157,0.78821635,0.86600198,0.66406250,0.64545455,0021,0034,0035,0.00000000,"DecisionTable,DecisionTable_search,DecisionTable_evaluationMeasure,BestFirst_searchTermination,GreedyStepwise_conservativeForwardSelection,BestFirst_direction,J48,JRip,DecisionTable_crossVal,DecisionTable_useIBk,JRip_minNo,JRip_usePruning,JRip_optimizations,PART,J48_binarySplits,JRip_checkErrorRate,Aggregator,SimpleCart,J48_pruning,J48_collapseTree,JRip_folds,J48_subtreeRaising,J48_minNumObj,GreedyStepwise_searchBackwards,PART_doNotMakeSplitPointActualValue,J48_useMDLcorrection,J48_doNotMakeSplitPointActualValue,SimpleCart_usePrune,J48_useLaplace,SimpleCart_useOneSE,PART_binarySplits,J48_confidenceFactorValue,PART_pruning,SimpleCart_heuristic,SimpleCart_numFoldsPruning,PART_minNumObj,PART_useMDLcorrection,J48_numFolds,SimpleCart_minNumObj,PART_numFolds,PART_confidenceFactorValue"
31,90,0.67251157,0.79209119,0.86600198,0.66406250,0.64545455,0021,0034,0035,0.00000000,"SimpleCart,PART,PART_pruning,Aggregator,J48,PART_numFolds,JRip,SimpleCart_minNumObj,J48_binarySplits,J48_pruning,J48_collapseTree,JRip_checkErrorRate,PART_confidenceFactorValue,PART_binarySplits,PART_useMDLcorrection,SimpleCart_usePrune,J48_numFolds,PART_doNotMakeSplitPointActualValue,DecisionTable,JRip_usePruning,DecisionTable_evaluationMeasure,JRip_folds,J48_doNotMakeSplitPointActualValue,PART_minNumObj,SimpleCart_heuristic,DecisionTable_search,SimpleCart_numFoldsPruning,J48_subtreeRaising,J48_confidenceFactorValue,JRip_minNo,GreedyStepwise_searchBackwards,J48_useMDLcorrection,J48_minNumObj,BestFirst_direction,J48_useLaplace,DecisionTable_useIBk,BestFirst_searchTermination,GreedyStepwise_conservativeForwardSelection,SimpleCart_useOneSE,DecisionTable_crossVal,JRip_optimizations"
32,90,0.69323950,0.79284516,0.86600198,0.66406250,0.64545455,0018,0034,0035,0.00000000,"Aggregator,J48,J48_binarySplits,J48_useLaplace,J48_pruning,J48_confidenceFactorValue,SimpleCart,J48_useMDLcorrection,J48_subtreeRaising,J48_doNotMakeSplitPointActualValue,SimpleCart_usePrune,JRip,JRip_minNo,DecisionTable,PART,DecisionTable_useIBk,PART_doNotMakeSplitPointActualValue,SimpleCart_numFoldsPruning,PART_useMDLcorrection,J48_numFolds,J48_minNumObj,SimpleCart_heuristic,J48_collapseTree,DecisionTable_crossVal,DecisionTable_search,SimpleCart_useOneSE,DecisionTable_evaluationMeasure,GreedyStepwise_conservativeForwardSelection,JRip_usePruning,SimpleCart_minNumObj,JRip_checkErrorRate,PART_minNumObj,BestFirst_direction,PART_pruning,GreedyStepwise_searchBackwards,PART_numFolds,PART_binarySplits,BestFirst_searchTermination,PART_confidenceFactorValue,JRip_folds,JRip_optimizations"
33,90,0.70585441,0.79665737,0.86600198,0.66406250,0.64545455,0022,0034,0035,0.00000000,"J48,PART,SimpleCart,DecisionTable,J48_minNumObj,J48_doNotMakeSplitPointActualValue,J48_pruning,JRip,PART_binarySplits,PART_doNotMakeSplitPointActualValue,JRip_checkErrorRate,PART_pruning,JRip_minNo,Aggregator,PART_useMDLcorrection,J48_collapseTree,DecisionTable_crossVal,J48_useLaplace,J48_subtreeRaising,SimpleCart_heuristic,PART_confidenceFactorValue,J48_useMDLcorrection,J48_binarySplits,DecisionTable_search,PART_numFolds,DecisionTable_evaluationMeasure,J48_confidenceFactorValue,PART_minNumObj,J48_numFolds,JRip_usePruning,DecisionTable_useIBk,SimpleCart_usePrune,SimpleCart_minNumObj,JRip_optimizations,SimpleCart_useOneSE,GreedyStepwise_searchBackwards,GreedyStepwise_conservativeForwardSelection,BestFirst_direction,BestFirst_searchTermination,SimpleCart_numFoldsPruning,JRip_folds"
34,90,0.55459656,0.78406023,0.86600198,0.66406250,0.64545455,0023,0034,0035,0.00000000,"J48,Aggregator,J48_pruning,J48_minNumObj,J48_binarySplits,J48_useLaplace,PART,DecisionTable,J48_confidenceFactorValue,SimpleCart,J48_collapseTree,SimpleCart_heuristic,JRip,PART_useMDLcorrection,JRip_minNo,PART_doNotMakeSplitPointActualValue,DecisionTable_crossVal,J48_subtreeRaising,PART_minNumObj,J48_numFolds,J48_doNotMakeSplitPointActualValue,DecisionTable_search,PART_binarySplits,DecisionTable_useIBk,J48_useMDLcorrection,PART_pruning,JRip_checkErrorRate,GreedyStepwise_searchBackwards,PART_numFolds,SimpleCart_usePrune,DecisionTable_evaluationMeasure,SimpleCart_useOneSE,JRip_usePruning,BestFirst_direction,SimpleCart_minNumObj,GreedyStepwise_conservativeForwardSelection,BestFirst_searchTermination,JRip_folds,JRip_optimizations,SimpleCart_numFoldsPruning,PART_confidenceFactorValue"
35,90,0.66557333,0.78862475,0.86600198,0.66406250,0.64545455,0019,0034,0035,0.00000000,"PART,PART_useMDLcorrection,SimpleCart,DecisionTable,SimpleCart_usePrune,PART_binarySplits,SimpleCart_heuristic,JRip,PART_doNotMakeSplitPointActualValue,DecisionTable_crossVal,PART_minNumObj,DecisionTable_useIBk,Aggregator,DecisionTable_evaluationMeasure,PART_pruning,SimpleCart_minNumObj,J48,J48_useMDLcorrection,DecisionTable_search,GreedyStepwise_searchBackwards,JRip_minNo,JRip_usePruning,J48_binarySplits,SimpleCart_numFoldsPruning,SimpleCart_useOneSE,PART_numFolds,J48_pruning,GreedyStepwise_conservativeForwardSelection,JRip_checkErrorRate,J48_numFolds,J48_collapseTree,J48_useLaplace,J48_doNotMakeSplitPointActualValue,PART_confidenceFactorValue,J48_subtreeRaising,BestFirst_direction,BestFirst_searchTermination,JRip_optimizations,J48_minNumObj,J48_confidenceFactorValue,JRip_folds"
36,90,0.66989997,0.78703497,0.86600198,0.66406250,0.64545455,0019,0034,0035,0.00000000,"Aggregator,SimpleCart,SimpleCart_heuristic,J48,SimpleCart_minNumObj,SimpleCart_usePrune,J48_minNumObj,PART,DecisionTable,SimpleCart_useOneSE,JRip,PART_minNumObj,JRip_minNo,PART_binarySplits,SimpleCart_numFoldsPruning,PART_pruning,PART_numFolds,J48_useMDLcorrection,PART_confidenceFactorValue,J48_doNotMakeSplitPointActualValue,DecisionTable_crossVal,JRip_usePruning,J48_useLaplace,J48_binarySplits,J48_collapseTree,J48_pruning,DecisionTable_useIBk,JRip_checkErrorRate,DecisionTable_evaluationMeasure,PART_useMDLcorrection,DecisionTable_search,PART_doNotMakeSplitPointActualValue,JRip_folds,J48_subtreeRaising,GreedyStepwise_conservativeForwardSelection,JRip_optimizations,BestFirst_direction,GreedyStepwise_searchBackwards,J48_numFolds,J48_confidenceFactorValue,BestFirst_searchTermination"
37,90,0.64531953,0.79075149,0.86600198,0.66406250,0.64545455,0024,0034,0035,0.00000000,"Aggregator,JRip,SimpleCart,SimpleCart_usePrune,SimpleCart_numFoldsPruning,J48,J48_useLaplace,J48_collapseTree,DecisionTable,JRip_usePruning,J48_minNumObj,JRip_checkErrorRate,JRip_minNo,J48_pruning,PART,SimpleCart_heuristic,PART_binarySplits,JRip_folds,SimpleCart_useOneSE,J48_doNotMakeSplitPointActualValue,DecisionTable_crossVal,J48_confidenceFactorValue,PART_doNotMakeSplitPointActualValue,PART_pruning,JRip_optimizations,DecisionTable_evaluationMeasure,SimpleCart_minNumObj,DecisionTable_search,J48_binarySplits,PART_confidenceFactorValue,J48_subtreeRaising,DecisionTable_useIBk,J48_useMDLcorrection,PART_numFolds,PART_useMDLcorrection,PART_minNumObj,J48_numFolds,GreedyStepwise_conservativeForwardSelection,BestFirst_searchTermination,GreedyStepwise_searchBackwards,BestFirst_direction"
38,90,0.70714451,0.79233218,0.86600198,0.66406250,0.64545455,0021,0034,0035,0.00000000,"SimpleCart,J48,J48_useMDLcorrection,DecisionTable,SimpleCart_usePrune,DecisionTable_search,SimpleCart_numFoldsPruning,SimpleCart_heuristic,J48_binarySplits,DecisionTable_evaluationMeasure,SimpleCart_minNumObj,J48_minNumObj,J48_pruning,JRip,JRip_usePruning,GreedyStepwise_searchBackwards,SimpleCart_useOneSE,J48_numFolds,PART,BestFirst_direction,BestFirst_searchTermination,GreedyStepwise_conservativeForwardSelection,DecisionTable_crossVal,J48_collapseTree,PART_pruning,Aggregator,DecisionTable_useIBk,J48_useLaplace,J48_doNotMakeSplitPointActualValue,J48_confidenceFactorValue,PART_useMDLcorrection,PART_minNumObj,JRip_minNo,PART_doNotMakeSplitPointActualValue,PART_binarySplits,JRip_folds,JRip_optimizations,J48_subtreeRaising,JRip_checkErrorRate,PART_confidenceFactorValue,PART_numFolds"
39,90,0.69696677,0.79506304,0.86600198,0.66406250,0.64545455,0024,0034,0035,0.00000000,"Aggregator,SimpleCart,PART,PART_useMDLcorrection,JRip,J48,DecisionTable,DecisionTable_search,DecisionTable_useIBk,PART_binarySplits,BestFirst_searchTermination,JRip_checkErrorRate,PART_doNotMakeSplitPointActualValue,GreedyStepwise_conservativeForwardSelection,J48_useMDLcorrection,DecisionTable_crossVal,GreedyStepwise_searchBackwards,BestFirst_direction,J48_doNotMakeSplitPointActualValue,JRip_usePruning,J48_pruning,SimpleCart_heuristic,J48_subtreeRaising,PART_pruning,DecisionTable_evaluationMeasure,J48_minNumObj,SimpleCart_minNumObj,SimpleCart_usePrune,J48_collapseTree,J48_useLaplace,PART_minNumObj,SimpleCart_useOneSE,JRip_optimizations,JRip_folds,JRip_minNo,J48_binarySplits,PART_numFolds,PART_confidenceFactorValue,J48_numFolds,J48_confidenceFactorValue,SimpleCart_numFoldsPruning"
40,90,0.72092675,0.78623884,0.86600198,0.66406250,0.64545455,0028,0034,0035,0.00000000,"Aggregator,J48,DecisionTable,J48_doNotMakeSplitPointActualValue,DecisionTable_crossVal,DecisionTable_search,J48_useMDLcorrection,DecisionTable_evaluationMeasure,J48_binarySplits,DecisionTable_useIBk,JRip,J48_minNumObj,JRip_minNo,PART,JRip_checkErrorRate,J48_pruning,GreedyStepwise_searchBackwards,PART_useMDLcorrection,BestFirst_searchTermination,PART_binarySplits,SimpleCart,SimpleCart_usePrune,SimpleCart_numFoldsPruning,GreedyStepwise_conservativeForwardSelection,J48_collapseTree,SimpleCart_minNumObj,J48_useLaplace,BestFirst_direction,PART_doNotMakeSplitPointActualValue,J48_subtreeRaising,J48_numFolds,SimpleCart_useOneSE,PART_pruning,JRip_usePruning,PART_numFolds,PART_minNumObj,J48_confidenceFactorValue,SimpleCart_heuristic,JRip_optimizations,JRip_folds,PART_confidenceFactorValue"
41,90,0.67203580,0.79564753,0.86600198,0.66406250,0.64545455,0023,0034,0035,0.00000000,"Aggregator,J48,DecisionTable,JRip,PART,J48_minNumObj,PART_doNotMakeSplitPointActualValue,DecisionTable_crossVal,DecisionTable_useIBk,J48_doNotMakeSplitPointActualValue,SimpleCart,DecisionTable_search,J48_useLaplace,JRip_minNo,SimpleCart_heuristic,J48_useMDLcorrection,SimpleCart_usePrune,J48_collapseTree,J48_pruning,J48_binarySplits,PART_minNumObj,PART_binarySplits,JRip_usePruning,PART_pruning,JRip_optimizations,J48_subtreeRaising,JRip_checkErrorRate,DecisionTable_evaluationMeasure,PART_useMDLcorrection,SimpleCart_numFoldsPruning,JRip_folds,BestFirst_direction,J48_numFolds,GreedyStepwise_conservativeForwardSelection,GreedyStepwise_searchBackwards,BestFirst_searchTermination,PART_numFolds,J48_confidenceFactorValue,SimpleCart_minNumObj,SimpleCart_useOneSE,PART_confidenceFactorValue"
42,90,0.68387029,0.79248119,0.86600198,0.66406250,0.64545455,0022,0034,0035,0.00000000,"Aggregator,SimpleCart,JRip,J48,SimpleCart_usePrune,DecisionTable,J48_useMDLcorrection,PART,PART_binarySplits,J48_pruning,PART_minNumObj,JRip_usePruning,PART_doNotMakeSplitPointActualValue,JRip_minNo,DecisionTable_search,DecisionTable_useIBk,SimpleCart_heuristic,BestFirst_searchTermination,JRip_folds,J48_minNumObj,J48_subtreeRaising,J48_useLaplace,DecisionTable_evaluationMeasure,GreedyStepwise_searchBackwards,J48_doNotMakeSplitPointActualValue,BestFirst_direction,J48_collapseTree,SimpleCart_minNumObj,JRip_checkErrorRate,SimpleCart_useOneSE,JRip_optimizations,SimpleCart_numFoldsPruning,J48_confidenceFactorValue,J48_binarySplits,PART_pruning,PART_useMDLcorrection,DecisionTable_crossVal,J48_numFolds,PART_confidenceFactorValue,GreedyStepwise_conservativeForwardSelection,PART_numFolds"
43,90,0.67879092,0.78721085,0.86600198,0.66406250,0.64545455,0022,0034,0035,0.00000000,"Aggregator,PART,SimpleCart,J48,PART_doNotMakeSplitPointActualValue,SimpleCart_usePrune,SimpleCart_numFoldsPruning,J48_doNotMakeSplitPointActualValue,DecisionTable,PART_pruning,SimpleCart_minNumObj,PART_numFolds,DecisionTable_evaluationMeasure,PART_minNumObj,DecisionTable_crossVal,JRip,JRip_checkErrorRate,J48_minNumObj,J48_useLaplace,PART_binarySplits,J48_collapseTree,SimpleCart_heuristic,PART_useMDLcorrection,DecisionTable_useIBk,J48_useMDLcorrection,J48_binarySplits,J48_pruning,SimpleCart_useOneSE,J48_confidenceFactorValue,DecisionTable_search,GreedyStepwise_conservativeForwardSelection,PART_confidenceFactorValue,J48_numFolds,JRip_usePruning,JRip_optimizations,J48_subtreeRaising,JRip_minNo,BestFirst_searchTermination,BestFirst_direction,GreedyStepwise_searchBackwards,JRip_folds"
44,90,0.64923487,0.79335462,0.86600198,0.66406250,0.64545455,0024,0034,0035,0.00000000,"Aggregator,SimpleCart,JRip,JRip_checkErrorRate,JRip_minNo,PART,SimpleCart_minNumObj,PART_useMDLcorrection,DecisionTable,SimpleCart_heuristic,SimpleCart_usePrune,J48,PART_binarySplits,J48_useLaplace,PART_pruning,J48_useMDLcorrection,DecisionTable_evaluationMeasure,PART_doNotMakeSplitPointActualValue,J48_doNotMakeSplitPointActualValue,SimpleCart_useOneSE,J48_binarySplits,DecisionTable_search,J48_minNumObj,JRip_usePruning,J48_collapseTree,DecisionTable_crossVal,BestFirst_direction,DecisionTable_useIBk,SimpleCart_numFoldsPruning,JRip_optimizations,J48_pruning,J48_numFolds,BestFirst_searchTermination,GreedyStepwise_conservativeForwardSelection,PART_minNumObj,J48_confidenceFactorValue,PART_numFolds,PART_confidenceFactorValue,JRip_folds,GreedyStepwise_searchBackwards,J48_subtreeRaising"
45,90,0.68032366,0.78610842,0.86600198,0.66406250,0.64545455,0022,0034,0035,0.00000000,"PART,PART_minNumObj,Aggregator,PART_doNotMakeSplitPointActualValue,JRip,PART_pruning,SimpleCart,J48,J48_useLaplace,J48_minNumObj,J48_useMDLcorrection,JRip_checkErrorRate,SimpleCart_minNumObj,PART_binarySplits,DecisionTable,J48_binarySplits,JRip_usePruning,J48_pruning,DecisionTable_search,J48_doNotMakeSplitPointActualValue,PART_useMDLcorrection,J48_collapseTree,JRip_folds,J48_confidenceFactorValue,DecisionTable_useIBk,SimpleCart_usePrune,DecisionTable_evaluationMeasure,SimpleCart_numFoldsPruning,J48_subtreeRaising,GreedyStepwise_conservativeForwardSelection,SimpleCart_heuristic,PART_confidenceFactorValue,JRip_minNo,GreedyStepwise_searchBackwards,PART_numFolds,DecisionTable_crossVal,BestFirst_searchTermination,J48_numFolds,BestFirst_direction,JRip_optimizations,SimpleCart_useOneSE"
46,90,0.62814484,0.79427021,0.86600198,0.66406250,0.64545455,0021,0034,0035,0.00000000,"Aggregator,DecisionTable,SimpleCart,J48,DecisionTable_search,J48_pruning,J48_subtreeRaising,PART,J48_confidenceFactorValue,JRip,PART_binarySplits,J48_useLaplace,SimpleCart_minNumObj,PART_minNumObj,SimpleCart_heuristic,J48_numFolds,GreedyStepwise_conservativeForwardSelection,BestFirst_direction,PART_doNotMakeSplitPointActualValue,DecisionTable_crossVal,SimpleCart_usePrune,PART_pruning,PART_numFolds,J48_minNumObj,DecisionTable_evaluationMeasure,J48_binarySplits,J48_doNotMakeSplitPointActualValue,BestFirst_searchTermination,JRip_usePruning,DecisionTable_useIBk,J48_collapseTree,J48_useMDLcorrection,JRip_checkErrorRate,GreedyStepwise_searchBackwards,SimpleCart_numFoldsPruning,PART_useMDLcorrection,JRip_minNo,JRip_folds,SimpleCart_useOneSE,JRip_optimizations,PART_confidenceFactorValue"
47,90,0.66796462,0.79227658,0.86600198,0.66406250,0.64545455,0018,0034,0035,0.00000000,"Aggregator,JRip,SimpleCart,JRip_checkErrorRate,PART,PART_binarySplits,SimpleCart_heuristic,J48,PART_pruning,J48_minNumObj,DecisionTable,PART_confidenceFactorValue,DecisionTable_evaluationMeasure,PART_useMDLcorrection,PART_numFolds,PART_minNumObj,JRip_minNo,PART_doNotMakeSplitPointActualValue,J48_collapseTree,JRip_usePruning,SimpleCart_usePrune,SimpleCart_numFoldsPruning,SimpleCart_minNumObj,DecisionTable_useIBk,DecisionTable_search,J48_useMDLcorrection,J48_useLaplace,GreedyStepwise_conservativeForwardSelection,J48_doNotMakeSplitPointActualValue,J48_binarySplits,J48_pruning,JRip_folds,BestFirst_searchTermination,DecisionTable_crossVal,GreedyStepwise_searchBackwards,J48_confidenceFactorValue,JRip_optimizations,J48_numFolds,SimpleCart_useOneSE,J48_subtreeRaising,BestFirst_direction"
48,90,0.66379506,0.78958354,0.86600198,0.66406250,0.64545455,0019,0034,0035,0.00000000,"PART,PART_doNotMakeSplitPointActualValue,SimpleCart,SimpleCart_usePrune,J48,J48_collapseTree,PART_pruning,J48_useLaplace,PART_binarySplits,PART_useMDLcorrection,PART_confidenceFactorValue,J48_useMDLcorrection,Aggregator,SimpleCart_minNumObj,JRip,DecisionTable,DecisionTable_search,GreedyStepwise_conservativeForwardSelection,PART_minNumObj,J48_pruning,DecisionTable_useIBk,SimpleCart_heuristic,SimpleCart_useOneSE,JRip_checkErrorRate,J48_doNotMakeSplitPointActualValue,BestFirst_direction,PART_numFolds,JRip_minNo,J48_numFolds,SimpleCart_numFoldsPruning,J48_minNumObj,DecisionTable_crossVal,J48_binarySplits,DecisionTable_evaluationMeasure,BestFirst_searchTermination,GreedyStepwise_searchBackwards,JRip_usePruning,J48_subtreeRaising,J48_confidenceFactorValue,JRip_optimizations,JRip_folds"
49,90,0.67323413,0.78138930,0.86600198,0.66406250,0.64545455,0013,0034,0035,0.00000000,"DecisionTable,DecisionTable_crossVal,SimpleCart,PART,DecisionTable_useIBk,PART_pruning,J48,J48_useMDLcorrection,SimpleCart_minNumObj,SimpleCart_heuristic,Aggregator,PART_minNumObj,PART_binarySplits,PART_numFolds,PART_doNotMakeSplitPointActualValue,PART_confidenceFactorValue,PART_useMDLcorrection,SimpleCart_usePrune,JRip,DecisionTable_evaluationMeasure,DecisionTable_search,J48_minNumObj,J48_doNotMakeSplitPointActualValue,J48_useLaplace,J48_pruning,J48_collapseTree,BestFirst_searchTermination,SimpleCart_useOneSE,GreedyStepwise_conservativeForwardSelection,J48_numFolds,J48_binarySplits,GreedyStepwise_searchBackwards,SimpleCart_numFoldsPruning,J48_confidenceFactorValue,JRip_usePruning,JRip_minNo,BestFirst_direction,JRip_folds,JRip_checkErrorRate,J48_subtreeRaising,JRip_optimizations"
50,90,0.69016782,0.79380601,0.86600198,0.66406250,0.64545455,0021,0034,0035,0.00000000,"J48,PART,DecisionTable,J48_useLaplace,PART_binarySplits,JRip,DecisionTable_search,PART_doNotMakeSplitPointActualValue,GreedyStepwise_searchBackwards,J48_binarySplits,J48_useMDLcorrection,BestFirst_direction,PART_minNumObj,SimpleCart,J48_pruning,SimpleCart_usePrune,PART_useMDLcorrection,BestFirst_searchTermination,JRip_minNo,GreedyStepwise_conservativeForwardSelection,J48_doNotMakeSplitPointActualValue,J48_minNumObj,Aggregator,J48_numFolds,J48_collapseTree,PART_pruning,JRip_usePruning,DecisionTable_evaluationMeasure,DecisionTable_useIBk,J48_subtreeRaising,DecisionTable_crossVal,JRip_checkErrorRate,SimpleCart_heuristic,SimpleCart_numFoldsPruning,SimpleCart_minNumObj,PART_numFolds,J48_confidenceFactorValue,JRip_optimizations,JRip_folds,PART_confidenceFactorValue,SimpleCart_useOneSE"
51,90,0.67462798,0.78771970,0.86600198,0.66406250,0.64545455,0021,0034,0035,0.00000000,"PART,J48,J48_useMDLcorrection,PART_doNotMakeSplitPointActualValue,PART_binarySplits,J48_minNumObj,PART_minNumObj,SimpleCart,Aggregator,JRip,JRip_checkErrorRate,J48_collapseTree,PART_pruning,PART_useMDLcorrection,J48_useLaplace,SimpleCart_heuristic,J48_doNotMakeSplitPointActualValue,JRip_usePruning,J48_binarySplits,SimpleCart_minNumObj,J48_pruning,DecisionTable,DecisionTable_evaluationMeasure,JRip_folds,J48_numFolds,JRip_minNo,J48_confidenceFactorValue,SimpleCart_usePrune,PART_confidenceFactorValue,DecisionTable_useIBk,JRip_optimizations,DecisionTable_crossVal,SimpleCart_useOneSE,PART_numFolds,J48_subtreeRaising,DecisionTable_search,SimpleCart_numFoldsPruning,BestFirst_searchTermination,GreedyStepwise_searchBackwards,GreedyStepwise_conservativeForwardSelection,BestFirst_direction"
52,90,0.58840443,0.79487723,0.86600198,0.66406250,0.64545455,0016,0034,0035,0.00000000,"J48,J48_collapseTree,J48_binarySplits,J48_minNumObj,Aggregator,DecisionTable,JRip,JRip_usePruning,JRip_minNo,J48_useLaplace,SimpleCart,PART,J48_useMDLcorrection,J48_pruning,JRip_optimizations,J48_doNotMakeSplitPointActualValue,PART_doNotMakeSplitPointActualValue,J48_numFolds,PART_minNumObj,DecisionTable_useIBk,J48_subtreeRaising,PART_useMDLcorrection,PART_binarySplits,SimpleCart_usePrune,SimpleCart_heuristic,DecisionTable_search,BestFirst_direction,DecisionTable_evaluationMeasure,JRip_checkErrorRate,JRip_folds,PART_pruning,SimpleCart_minNumObj,BestFirst_searchTermination,J48_confidenceFactorValue,DecisionTable_crossVal,GreedyStepwise_conservativeForwardSelection,SimpleCart_useOneSE,PART_confidenceFactorValue,SimpleCart_numFoldsPruning,GreedyStepwise_searchBackwards,PART_numFolds"
53,90,0.61789931,0.79543899,0.86600198,0.66406250,0.64545455,0020,0034,0035,0.00000000,"JRip,JRip_minNo,Aggregator,JRip_checkErrorRate,J48,PART,J48_collapseTree,SimpleCart,SimpleCart_minNumObj,SimpleCart_heuristic,JRip_usePruning,PART_pruning,J48_pruning,J48_minNumObj,J48_doNotMakeSplitPointActualValue,DecisionTable,JRip_optimizations,DecisionTable_evaluationMeasure,J48_numFolds,J48_confidenceFactorValue,PART_minNumObj,PART_useMDLcorrection,J48_useLaplace,J48_binarySplits,PART_binarySplits,J48_useMDLcorrection,PART_doNotMakeSplitPointActualValue,DecisionTable_useIBk,SimpleCart_usePrune,DecisionTable_search,BestFirst_direction,PART_numFolds,DecisionTable_crossVal,J48_subtreeRaising,PART_confidenceFactorValue,JRip_folds,GreedyStepwise_searchBackwards,BestFirst_searchTermination,GreedyStepwise_conservativeForwardSelection,SimpleCart_numFoldsPruning,SimpleCart_useOneSE"
54,90,0.67276744,0.79132482,0.86600198,0.66406250,0.64545455,0017,0034,0035,0.00000000,"J48,J48_useLaplace,J48_useMDLcorrection,J48_pruning,DecisionTable,DecisionTable_search,Aggregator,GreedyStepwise_conservativeForwardSelection,J48_minNumObj,SimpleCart,J48_doNotMakeSplitPointActualValue,SimpleCart_minNumObj,JRip,PART,GreedyStepwise_searchBackwards,J48_subtreeRaising,J48_collapseTree,J48_confidenceFactorValue,PART_doNotMakeSplitPointActualValue,JRip_minNo,PART_minNumObj,J48_binarySplits,BestFirst_direction,J48_numFolds,DecisionTable_evaluationMeasure,DecisionTable_crossVal,PART_useMDLcorrection,JRip_checkErrorRate,PART_pruning,DecisionTable_useIBk,PART_numFolds,BestFirst_searchTermination,JRip_usePruning,SimpleCart_usePrune,PART_binarySplits,SimpleCart_heuristic,PART_confidenceFactorValue,SimpleCart_useOneSE,JRip_folds,SimpleCart_numFoldsPruning,JRip_optimizations"
55,90,0.67360532,0.78937231,0.86600198,0.66406250,0.64545455,0016,0034,0035,0.00000000,"J48,PART,PART_useMDLcorrection,SimpleCart,PART_binarySplits,PART_pruning,J48_pruning,Aggregator,PART_numFolds,JRip,DecisionTable,SimpleCart_heuristic,J48_binarySplits,J48_minNumObj,J48_useMDLcorrection,SimpleCart_usePrune,J48_collapseTree,PART_doNotMakeSplitPointActualValue,J48_doNotMakeSplitPointActualValue,J48_useLaplace,J48_numFolds,PART_minNumObj,J48_subtreeRaising,JRip_usePruning,SimpleCart_minNumObj,SimpleCart_useOneSE,DecisionTable_crossVal,DecisionTable_useIBk,J48_confidenceFactorValue,PART_confidenceFactorValue,JRip_optimizations,DecisionTable_search,JRip_checkErrorRate,DecisionTable_evaluationMeasure,JRip_minNo,GreedyStepwise_conservativeForwardSelection,SimpleCart_numFoldsPruning,BestFirst_direction,JRip_folds,BestFirst_searchTermination,GreedyStepwise_searchBackwards"
56,90,0.67645503,0.79177393,0.86600198,0.66406250,0.64545455,0021,0034,0035,0.00000000,"DecisionTable,DecisionTable_crossVal,DecisionTable_evaluationMeasure,JRip,SimpleCart,DecisionTable_useIBk,PART,SimpleCart_usePrune,JRip_checkErrorRate,SimpleCart_numFoldsPruning,PART_minNumObj,SimpleCart_heuristic,Aggregator,SimpleCart_minNumObj,PART_pruning,DecisionTable_search,BestFirst_direction,PART_useMDLcorrection,PART_binarySplits,J48,PART_numFolds,J48_binarySplits,J48_collapseTree,JRip_minNo,JRip_usePruning,SimpleCart_useOneSE,PART_doNotMakeSplitPointActualValue,J48_doNotMakeSplitPointActualValue,PART_confidenceFactorValue,J48_useLaplace,JRip_optimizations,BestFirst_searchTermination,GreedyStepwise_searchBackwards,J48_useMDLcorrection,GreedyStepwise_conservativeForwardSelection,J48_pruning,J48_minNumObj,JRip_folds,J48_confidenceFactorValue,J48_numFolds,J48_subtreeRaising"
57,90,0.67424066,0.78933015,0.86600198,0.66406250,0.64545455,0017,0034,0035,0.00000000,"PART,J48,J48_pruning,PART_doNotMakeSplitPointActualValue,JRip,J48_binarySplits,Aggregator,DecisionTable,J48_minNumObj,DecisionTable_search,J48_subtreeRaising,PART_minNumObj,PART_pruning,J48_useLaplace,J48_doNotMakeSplitPointActualValue,J48_useMDLcorrection,J48_confidenceFactorValue,SimpleCart,JRip_checkErrorRate,GreedyStepwise_searchBackwards,PART_useMDLcorrection,JRip_minNo,PART_confidenceFactorValue,SimpleCart_usePrune,J48_collapseTree,JRip_usePruning,GreedyStepwise_conservativeForwardSelection,PART_binarySplits,DecisionTable_useIBk,DecisionTable_crossVal,J48_numFolds,SimpleCart_minNumObj,BestFirst_direction,DecisionTable_evaluationMeasure,PART_numFolds,BestFirst_searchTermination,JRip_optimizations,SimpleCart_useOneSE,SimpleCart_heuristic,JRip_folds,SimpleCart_numFoldsPruning"
58,90,0.69251777,0.78791646,0.86600198,0.66406250,0.64545455,0022,0034,0035,0.00000000,"SimpleCart,J48,J48_doNotMakeSplitPointActualValue,J48_minNumObj,SimpleCart_heuristic,JRip,JRip_usePruning,DecisionTable,PART,PART_doNotMakeSplitPointActualValue,JRip_folds,DecisionTable_evaluationMeasure,PART_useMDLcorrection,DecisionTable_search,GreedyStepwise_searchBackwards,J48_pruning,Aggregator,GreedyStepwise_conservativeForwardSelection,JRip_minNo,J48_binarySplits,J48_confidenceFactorValue,PART_pruning,DecisionTable_crossVal,J48_useMDLcorrection,JRip_optimizations,J48_collapseTree,SimpleCart_minNumObj,JRip_checkErrorRate,PART_minNumObj,J48_subtreeRaising,SimpleCart_usePrune,J48_numFolds,PART_binarySplits,J48_useLaplace,DecisionTable_useIBk,PART_confidenceFactorValue,BestFirst_searchTermination,SimpleCart_numFoldsPruning,BestFirst_direction,PART_numFolds,SimpleCart_useOneSE"
59,90,0.65383970,0.80126075,0.86600198,0.66406250,0.64545455,0019,0034,0035,0.00000000,"PART,DecisionTable,Aggregator,PART_pruning,JRip,PART_confidenceFactorValue,PART_binarySplits,SimpleCart,JRip_checkErrorRate,PART_minNumObj,J48,J48_pruning,J48_doNotMakeSplitPointActualValue,SimpleCart_minNumObj,DecisionTable_search,J48_useLaplace,J48_collapseTree,DecisionTable_crossVal,GreedyStepwise_searchBackwards,PART_useMDLcorrection,SimpleCart_usePrune,PART_doNotMakeSplitPointActualValue,BestFirst_searchTermination,DecisionTable_useIBk,J48_useMDLcorrection,BestFirst_direction,JRip_minNo,JRip_usePruning,DecisionTable_evaluationMeasure,SimpleCart_heuristic,PART_numFolds,SimpleCart_numFoldsPruning,J48_minNumObj,J48_subtreeRaising,GreedyStepwise_conservativeForwardSelection,JRip_folds,J48_numFolds,J48_binarySplits,J48_confidenceFactorValue,SimpleCart_useOneSE,JRip_optimizations"
60,90,0.69338211,0.78425802,0.86600198,0.66406250,0.64545455,0020,0034,0035,0.00000000,"JRip,JRip_usePruning,JRip_optimizations,JRip_checkErrorRate,PART,JRip_folds,PART_pruning,J48,SimpleCart,Aggregator,DecisionTable,PART_numFolds,JRip_minNo,PART_useMDLcorrection,SimpleCart_usePrune,SimpleCart_numFoldsPruning,DecisionTable_evaluationMeasure,PART_binarySplits,SimpleCart_heuristic,DecisionTable_useIBk,J48_useLaplace,J48_pruning,J48_useMDLcorrection,J48_numFolds,SimpleCart_minNumObj,J48_binarySplits,DecisionTable_crossVal,PART_doNotMakeSplitPointActualValue,PART_minNumObj,J48_minNumObj,PART_confidenceFactorValue,DecisionTable_search,BestFirst_direction,J48_doNotMakeSplitPointActualValue,SimpleCart_useOneSE,J48_subtreeRaising,J48_collapseTree,J48_confidenceFactorValue,BestFirst_searchTermination,GreedyStepwise_searchBackwards,GreedyStepwise_conservativeForwardSelection"
61,90,0.64731316,0.79223338,0.86615906,0.73828125,0.68181818,0016,0034,0035,0.00000000,"Aggregator,JRip,PART,PART_pruning,PART_doNotMakeSplitPointActualValue,JRip_checkErrorRate,PART_minNumObj,JRip_minNo,J48,SimpleCart,DecisionTable,JRip_usePruning,DecisionTable_evaluationMeasure,J48_doNotMakeSplitPointActualValue,PART_binarySplits,SimpleCart_minNumObj,PART_confidenceFactorValue,JRip_optimizations,PART_useMDLcorrection,SimpleCart_usePrune,DecisionTable_crossVal,J48_minNumObj,J48_pruning,SimpleCart_heuristic,SimpleCart_numFoldsPruning,J48_useLaplace,PART_numFolds,J48_subtreeRaising,J48_confidenceFactorValue,JRip_folds,DecisionTable_search,J48_numFolds,BestFirst_direction,J48_binarySplits,DecisionTable_useIBk,J48_collapseTree,J48_useMDLcorrection,SimpleCart_useOneSE,BestFirst_searchTermination,GreedyStepwise_searchBackwards,GreedyStepwise_conservativeForwardSelection"
62,90,0.66721065,0.78865286,0.87374835,0.65429688,0.64545455,0020,0034,0035,0.00000000,"PART,JRip,J48,JRip_minNo,PART_pruning,SimpleCart,SimpleCart_usePrune,J48_useMDLcorrection,J48_minNumObj,PART_useMDLcorrection,PART_binarySplits,J48_binarySplits,PART_minNumObj,J48_collapseTree,PART_confidenceFactorValue,JRip_usePruning,Aggregator,PART_doNotMakeSplitPointActualValue,SimpleCart_minNumObj,DecisionTable,JRip_checkErrorRate,J48_doNotMakeSplitPointActualValue,PART_numFolds,J48_pruning,J48_useLaplace,DecisionTable_search,JRip_folds,DecisionTable_useIBk,SimpleCart_heuristic,SimpleCart_useOneSE,SimpleCart_numFoldsPruning,GreedyStepwise_conservativeForwardSelection,J48_subtreeRaising,GreedyStepwise_searchBackwards,BestFirst_searchTermination,JRip_optimizations,J48_numFolds,DecisionTable_crossVal,DecisionTable_evaluationMeasure,J48_confidenceFactorValue,BestFirst_direction"
63,90,0.69652860,0.80216187,0.87374835,0.65429688,0.64545455,0022,0034,0035,0.00000000,"JRip,SimpleCart,PART,Aggregator,PART_pruning,DecisionTable,SimpleCart_minNumObj,SimpleCart_heuristic,SimpleCart_usePrune,SimpleCart_useOneSE,PART_binarySplits,J48,JRip_checkErrorRate,J48_binarySplits,PART_confidenceFactorValue,DecisionTable_useIBk,JRip_usePruning,J48_collapseTree,JRip_folds,JRip_minNo,J48_useMDLcorrection,PART_numFolds,JRip_optimizations,SimpleCart_numFoldsPruning,J48_pruning,PART_doNotMakeSplitPointActualValue,PART_minNumObj,DecisionTable_crossVal,PART_useMDLcorrection,DecisionTable_evaluationMeasure,J48_minNumObj,DecisionTable_search,J48_numFolds,J48_doNotMakeSplitPointActualValue,J48_useLaplace,BestFirst_searchTermination,BestFirst_direction,GreedyStepwise_searchBackwards,J48_confidenceFactorValue,GreedyStepwise_conservativeForwardSelection,J48_subtreeRaising"
64,90,0.69980696,0.82203063,0.87581308,0.63867188,0.73636364,0036,0117,0053,0.74758478,"Aggregator,PART,JRip,JRip_usePruning,J48,SimpleCart,JRip_folds,PART_binarySplits,J48_binarySplits,JRip_optimizations,PART_useMDLcorrection,SimpleCart_usePrune,J48_doNotMakeSplitPointActualValue,GreedyStepwise_searchBackwards,J48_numFolds,DecisionTable_useIBk,PART_numFolds,PART_confidenceFactorValue,DecisionTable_search,GreedyStepwise_conservativeForwardSelection,BestFirst_direction,SimpleCart_useOneSE,JRip_minNo,J48_useMDLcorrection,J48_minNumObj,J48_pruning,SimpleCart_numFoldsPruning,J48_confidenceFactorValue,SimpleCart_minNumObj,DecisionTable_evaluationMeasure,J48_collapseTree,PART_minNumObj,PART_pruning,PART_doNotMakeSplitPointActualValue,J48_useLaplace,SimpleCart_heuristic,BestFirst_searchTermination,J48_subtreeRaising,DecisionTable,DecisionTable_crossVal,JRip_checkErrorRate"
65,90,0.70805969,0.81842055,0.87804522,0.69335938,0.69545455,0037,0034,0053,0.74758478,"SimpleCart,SimpleCart_usePrune,Aggregator,JRip,J48,JRip_usePruning,PART,PART_useMDLcorrection,J48_binarySplits,JRip_folds,JRip_optimizations,J48_doNotMakeSplitPointActualValue,PART_binarySplits,PART_pruning,PART_numFolds,PART_confidenceFactorValue,J48_useLaplace,J48_collapseTree,SimpleCart_heuristic,J48_useMDLcorrection,JRip_checkErrorRate,SimpleCart_minNumObj,J48_pruning,JRip_minNo,SimpleCart_numFoldsPruning,J48_minNumObj,J48_confidenceFactorValue,J48_subtreeRaising,J48_numFolds,PART_minNumObj,SimpleCart_useOneSE,DecisionTable,DecisionTable_evaluationMeasure,DecisionTable_search,GreedyStepwise_searchBackwards,DecisionTable_crossVal,DecisionTable_useIBk,BestFirst_direction,BestFirst_searchTermination,PART_doNotMakeSplitPointActualValue,GreedyStepwise_conservativeForwardSelection"
66,90,0.68617518,0.81929915,0.87804522,0.69335938,0.69545455,0046,0413,0053,0.74758478,"JRip,Aggregator,SimpleCart,JRip_usePruning,PART,JRip_optimizations,J48,JRip_folds,SimpleCart_usePrune,PART_useMDLcorrection,PART_binarySplits,J48_doNotMakeSplitPointActualValue,J48_binarySplits,DecisionTable_search,GreedyStepwise_searchBackwards,GreedyStepwise_conservativeForwardSelection,BestFirst_direction,J48_confidenceFactorValue,DecisionTable_useIBk,PART_numFolds,PART_confidenceFactorValue,J48_numFolds,DecisionTable_evaluationMeasure,J48_useLaplace,SimpleCart_useOneSE,J48_collapseTree,JRip_minNo,SimpleCart_numFoldsPruning,J48_pruning,SimpleCart_minNumObj,J48_minNumObj,J48_subtreeRaising,DecisionTable,PART_minNumObj,PART_pruning,JRip_checkErrorRate,BestFirst_searchTermination,DecisionTable_crossVal,SimpleCart_heuristic,J48_useMDLcorrection,PART_doNotMakeSplitPointActualValue"
67,90,0.68977307,0.80753369,0.87804522,0.69335938,0.69545455,0039,0034,0050,0.64805799,"JRip,PART,PART_pruning,PART_useMDLcorrection,Aggregator,J48,PART_numFolds,JRip_usePruning,SimpleCart,DecisionTable,PART_binarySplits,J48_useLaplace,JRip_folds,DecisionTable_useIBk,JRip_checkErrorRate,J48_useMDLcorrection,PART_confidenceFactorValue,J48_collapseTree,JRip_optimizations,J48_pruning,J48_numFolds,J48_subtreeRaising,PART_minNumObj,DecisionTable_evaluationMeasure,J48_minNumObj,J48_doNotMakeSplitPointActualValue,DecisionTable_search,BestFirst_direction,GreedyStepwise_conservativeForwardSelection,GreedyStepwise_searchBackwards,SimpleCart_heuristic,JRip_minNo,DecisionTable_crossVal,J48_confidenceFactorValue,BestFirst_searchTermination,SimpleCart_minNumObj,J48_binarySplits,SimpleCart_usePrune,PART_doNotMakeSplitPointActualValue,SimpleCart_numFoldsPruning,SimpleCart_useOneSE"
68,90,0.69823289,0.80938492,0.87804522,0.69335938,0.69545455,0033,0034,0050,0.64805799,"PART,PART_useMDLcorrection,SimpleCart,J48,J48_useLaplace,J48_collapseTree,PART_binarySplits,J48_useMDLcorrection,Aggregator,DecisionTable,JRip,PART_pruning,J48_pruning,JRip_checkErrorRate,JRip_usePruning,DecisionTable_useIBk,PART_confidenceFactorValue,PART_numFolds,J48_subtreeRaising,JRip_folds,J48_numFolds,JRip_optimizations,J48_confidenceFactorValue,SimpleCart_heuristic,SimpleCart_usePrune,SimpleCart_useOneSE,SimpleCart_numFoldsPruning,J48_doNotMakeSplitPointActualValue,DecisionTable_search,BestFirst_direction,JRip_minNo,GreedyStepwise_conservativeForwardSelection,J48_minNumObj,BestFirst_searchTermination,GreedyStepwise_searchBackwards,SimpleCart_minNumObj,DecisionTable_evaluationMeasure,J48_binarySplits,PART_doNotMakeSplitPointActualValue,DecisionTable_crossVal,PART_minNumObj"
69,90,0.70435061,0.81101583,0.87804522,0.69335938,0.69545455,0036,0034,0050,0.64805799,"SimpleCart,DecisionTable,PART,PART_pruning,Aggregator,J48,PART_numFolds,J48_collapseTree,JRip,J48_useLaplace,DecisionTable_useIBk,J48_useMDLcorrection,JRip_usePruning,JRip_checkErrorRate,PART_binarySplits,J48_pruning,PART_useMDLcorrection,PART_confidenceFactorValue,JRip_folds,J48_subtreeRaising,JRip_optimizations,J48_numFolds,DecisionTable_search,GreedyStepwise_conservativeForwardSelection,BestFirst_direction,GreedyStepwise_searchBackwards,PART_doNotMakeSplitPointActualValue,J48_minNumObj,SimpleCart_usePrune,SimpleCart_useOneSE,BestFirst_searchTermination,DecisionTable_crossVal,J48_binarySplits,SimpleCart_minNumObj,DecisionTable_evaluationMeasure,PART_minNumObj,J48_confidenceFactorValue,SimpleCart_heuristic,SimpleCart_numFoldsPruning,J48_doNotMakeSplitPointActualValue,JRip_minNo"
70,90,0.68165468,0.80069548,0.87804522,0.69335938,0.69545455,0042,0034,0035,0.00000000,"JRip,DecisionTable,Aggregator,JRip_checkErrorRate,DecisionTable_useIBk,JRip_minNo,DecisionTable_evaluationMeasure,DecisionTable_search,BestFirst_direction,SimpleCart,SimpleCart_heuristic,DecisionTable_crossVal,SimpleCart_minNumObj,JRip_usePruning,PART,J48,GreedyStepwise_conservativeForwardSelection,JRip_optimizations,PART_useMDLcorrection,J48_minNumObj,PART_doNotMakeSplitPointActualValue,J48_pruning,J48_subtreeRaising,GreedyStepwise_searchBackwards,SimpleCart_usePrune,BestFirst_searchTermination,J48_useMDLcorrection,PART_pruning,J48_useLaplace,J48_doNotMakeSplitPointActualValue,PART_minNumObj,SimpleCart_numFoldsPruning,JRip_folds,PART_binarySplits,PART_numFolds,J48_binarySplits,J48_collapseTree,J48_numFolds,SimpleCart_useOneSE,J48_confidenceFactorValue,PART_confidenceFactorValue"
71,90,0.72945891,0.80611152,0.87804522,0.69335938,0.69545455,0043,0034,0035,0.00000000,"SimpleCart,Aggregator,SimpleCart_heuristic,SimpleCart_minNumObj,SimpleCart_usePrune,DecisionTable,J48,PART,JRip,J48_binarySplits,DecisionTable_evaluationMeasure,PART_binarySplits,PART_minNumObj,DecisionTable_useIBk,J48_collapseTree,JRip_usePruning,DecisionTable_crossVal,J48_pruning,JRip_folds,SimpleCart_useOneSE,SimpleCart_numFoldsPruning,JRip_minNo,PART_doNotMakeSplitPointActualValue,J48_doNotMakeSplitPointActualValue,J48_useMDLcorrection,J48_minNumObj,DecisionTable_search,J48_useLaplace,JRip_checkErrorRate,PART_pruning,BestFirst_searchTermination,PART_confidenceFactorValue,PART_useMDLcorrection,GreedyStepwise_searchBackwards,PART_numFolds,JRip_optimizations,J48_subtreeRaising,J48_numFolds,BestFirst_direction,GreedyStepwise_conservativeForwardSelection,J48_confidenceFactorValue"
72,90,0.66542163,0.80588025,0.87804522,0.69335938,0.69545455,0041,0034,0035,0.00000000,"SimpleCart,PART,PART_doNotMakeSplitPointActualValue,Aggregator,PART_minNumObj,SimpleCart_minNumObj,PART_binarySplits,J48,J48_binarySplits,SimpleCart_usePrune,DecisionTable,JRip,JRip_minNo,SimpleCart_useOneSE,SimpleCart_numFoldsPruning,SimpleCart_heuristic,PART_pruning,J48_useLaplace,PART_useMDLcorrection,JRip_checkErrorRate,J48_useMDLcorrection,J48_minNumObj,JRip_usePruning,J48_doNotMakeSplitPointActualValue,J48_pruning,J48_collapseTree,PART_confidenceFactorValue,DecisionTable_evaluationMeasure,JRip_folds,DecisionTable_useIBk,DecisionTable_crossVal,PART_numFolds,DecisionTable_search,J48_subtreeRaising,BestFirst_searchTermination,J48_confidenceFactorValue,JRip_optimizations,J48_numFolds,GreedyStepwise_searchBackwards,GreedyStepwise_conservativeForwardSelection,BestFirst_direction"
