gen,nevals,min,median,max,currentGenBestValFitness,currentGenBestTestFitness,lap time (seconds),discarded individuals (including burn-in),GM connections,GM mean heuristic,sampling order
0,100,0.87862745,1.00000000,1.00000000,1.00000000,1.00000000,0009,0034,0035,0.00000000,"J48,J48_pruning,J48_useMDLcorrection,J48_useLaplace,DecisionTable,J48_numFolds,DecisionTable_search,J48_binarySplits,J48_collapseTree,DecisionTable_evaluationMeasure,Aggregator,J48_doNotMakeSplitPointActualValue,PART,PART_pruning,BestFirst_searchTermination,BestFirst_direction,GreedyStepwise_searchBackwards,JRip,SimpleCart,PART_useMDLcorrection,PART_doNotMakeSplitPointActualValue,J48_minNumObj,SimpleCart_usePrune,JRip_minNo,J48_subtreeRaising,SimpleCart_minNumObj,PART_confidenceFactorValue,J48_confidenceFactorValue,SimpleCart_numFoldsPruning,JRip_usePruning,PART_minNumObj,PART_binarySplits,DecisionTable_crossVal,PART_numFolds,GreedyStepwise_conservativeForwardSelection,SimpleCart_heuristic,SimpleCart_useOneSE,DecisionTable_useIBk,JRip_checkErrorRate,JRip_optimizations,JRip_folds"
1,90,0.86392157,1.00000000,1.00000000,1.00000000,1.00000000,0008,0034,0035,0.00000000,"JRip,Aggregator,DecisionTable,PART,SimpleCart,DecisionTable_evaluationMeasure,DecisionTable_crossVal,JRip_checkErrorRate,JRip_minNo,J48,SimpleCart_minNumObj,PART_binarySplits,JRip_usePruning,J48_binarySplits,PART_pruning,SimpleCart_heuristic,PART_confidenceFactorValue,J48_useMDLcorrection,PART_minNumObj,J48_doNotMakeSplitPointActualValue,SimpleCart_usePrune,PART_useMDLcorrection,PART_doNotMakeSplitPointActualValue,DecisionTable_useIBk,DecisionTable_search,BestFirst_direction,BestFirst_searchTermination,J48_collapseTree,J48_useLaplace,J48_pruning,PART_numFolds,J48_minNumObj,J48_confidenceFactorValue,JRip_optimizations,JRip_folds,SimpleCart_numFoldsPruning,J48_subtreeRaising,GreedyStepwise_searchBackwards,SimpleCart_useOneSE,GreedyStepwise_conservativeForwardSelection,J48_numFolds"
2,90,0.86392157,1.00000000,1.00000000,1.00000000,1.00000000,0007,0034,0035,0.00000000,"J48,Aggregator,JRip,J48_doNotMakeSplitPointActualValue,J48_binarySplits,SimpleCart,PART,PART_minNumObj,JRip_usePruning,J48_collapseTree,DecisionTable,J48_minNumObj,JRip_folds,DecisionTable_useIBk,J48_useMDLcorrection,SimpleCart_heuristic,JRip_minNo,J48_useLaplace,SimpleCart_minNumObj,PART_useMDLcorrection,J48_pruning,DecisionTable_search,PART_binarySplits,JRip_optimizations,JRip_checkErrorRate,PART_doNotMakeSplitPointActualValue,SimpleCart_usePrune,J48_subtreeRaising,DecisionTable_crossVal,GreedyStepwise_searchBackwards,J48_confidenceFactorValue,PART_pruning,DecisionTable_evaluationMeasure,GreedyStepwise_conservativeForwardSelection,BestFirst_searchTermination,BestFirst_direction,SimpleCart_useOneSE,J48_numFolds,SimpleCart_numFoldsPruning,PART_numFolds,PART_confidenceFactorValue"
3,90,0.86392157,0.99803922,1.00000000,1.00000000,1.00000000,0005,0034,0035,0.00000000,"SimpleCart,SimpleCart_minNumObj,Aggregator,JRip,SimpleCart_heuristic,JRip_minNo,JRip_checkErrorRate,SimpleCart_usePrune,DecisionTable,JRip_usePruning,DecisionTable_evaluationMeasure,PART,J48,J48_binarySplits,JRip_optimizations,J48_useMDLcorrection,DecisionTable_search,PART_binarySplits,GreedyStepwise_searchBackwards,BestFirst_searchTermination,DecisionTable_crossVal,J48_minNumObj,JRip_folds,SimpleCart_useOneSE,J48_useLaplace,GreedyStepwise_conservativeForwardSelection,PART_minNumObj,SimpleCart_numFoldsPruning,PART_useMDLcorrection,BestFirst_direction,DecisionTable_useIBk,PART_pruning,J48_doNotMakeSplitPointActualValue,PART_doNotMakeSplitPointActualValue,J48_pruning,J48_collapseTree,J48_subtreeRaising,J48_numFolds,PART_numFolds,J48_confidenceFactorValue,PART_confidenceFactorValue"
4,90,0.88274510,1.00000000,1.00000000,1.00000000,1.00000000,0006,0034,0076,0.56061871,"SimpleCart,SimpleCart_heuristic,SimpleCart_minNumObj,SimpleCart_usePrune,SimpleCart_useOneSE,SimpleCart_numFoldsPruning,JRip,JRip_checkErrorRate,JRip_usePruning,JRip_folds,JRip_optimizations,JRip_minNo,DecisionTable,DecisionTable_evaluationMeasure,DecisionTable_crossVal,DecisionTable_search,BestFirst_searchTermination,GreedyStepwise_conservativeForwardSelection,GreedyStepwise_searchBackwards,BestFirst_direction,DecisionTable_useIBk,PART,PART_useMDLcorrection,PART_doNotMakeSplitPointActualValue,PART_minNumObj,PART_binarySplits,PART_pruning,PART_numFolds,J48,J48_binarySplits,J48_minNumObj,J48_pruning,J48_subtreeRaising,J48_numFolds,J48_useLaplace,J48_doNotMakeSplitPointActualValue,Aggregator,J48_confidenceFactorValue,J48_collapseTree,PART_confidenceFactorValue,J48_useMDLcorrection"
5,90,0.82411765,1.00000000,1.00000000,1.00000000,1.00000000,0006,0043,0076,0.56061871,"J48_pruning,J48_confidenceFactorValue,PART_pruning,J48_numFolds,PART,Aggregator,PART_minNumObj,DecisionTable,DecisionTable_useIBk,DecisionTable_search,PART_useMDLcorrection,BestFirst_searchTermination,SimpleCart,SimpleCart_minNumObj,SimpleCart_usePrune,SimpleCart_useOneSE,GreedyStepwise_conservativeForwardSelection,SimpleCart_numFoldsPruning,JRip,JRip_minNo,DecisionTable_crossVal,GreedyStepwise_searchBackwards,PART_numFolds,PART_binarySplits,J48,J48_doNotMakeSplitPointActualValue,J48_useMDLcorrection,PART_confidenceFactorValue,J48_binarySplits,J48_collapseTree,J48_useLaplace,J48_minNumObj,SimpleCart_heuristic,BestFirst_direction,PART_doNotMakeSplitPointActualValue,J48_subtreeRaising,JRip_usePruning,JRip_optimizations,JRip_checkErrorRate,DecisionTable_evaluationMeasure,JRip_folds"
6,90,0.82411765,1.00000000,1.00000000,1.00000000,1.00000000,0004,0046,0076,0.56061871,"SimpleCart_useOneSE,J48_binarySplits,PART_minNumObj,J48_confidenceFactorValue,SimpleCart_minNumObj,GreedyStepwise_conservativeForwardSelection,SimpleCart_usePrune,PART_pruning,SimpleCart_numFoldsPruning,JRip,JRip_checkErrorRate,JRip_usePruning,JRip_folds,JRip_minNo,JRip_optimizations,PART_confidenceFactorValue,PART_numFolds,J48,J48_minNumObj,J48_pruning,J48_numFolds,J48_useMDLcorrection,DecisionTable,DecisionTable_useIBk,DecisionTable_crossVal,DecisionTable_search,Aggregator,GreedyStepwise_searchBackwards,PART,J48_useLaplace,BestFirst_searchTermination,DecisionTable_evaluationMeasure,J48_doNotMakeSplitPointActualValue,J48_collapseTree,PART_binarySplits,SimpleCart,PART_useMDLcorrection,SimpleCart_heuristic,PART_doNotMakeSplitPointActualValue,J48_subtreeRaising,BestFirst_direction"
7,90,0.83725490,1.00000000,1.00000000,1.00000000,1.00000000,0003,0035,0035,0.00000000,"JRip,JRip_usePruning,J48,DecisionTable,SimpleCart,J48_binarySplits,J48_doNotMakeSplitPointActualValue,JRip_folds,JRip_minNo,PART,JRip_optimizations,J48_collapseTree,Aggregator,J48_minNumObj,SimpleCart_heuristic,DecisionTable_crossVal,JRip_checkErrorRate,J48_useLaplace,PART_useMDLcorrection,PART_doNotMakeSplitPointActualValue,J48_pruning,DecisionTable_search,SimpleCart_usePrune,DecisionTable_evaluationMeasure,SimpleCart_minNumObj,J48_useMDLcorrection,DecisionTable_useIBk,PART_minNumObj,SimpleCart_numFoldsPruning,BestFirst_searchTermination,PART_binarySplits,PART_pruning,SimpleCart_useOneSE,J48_numFolds,J48_subtreeRaising,GreedyStepwise_searchBackwards,J48_confidenceFactorValue,BestFirst_direction,PART_numFolds,GreedyStepwise_conservativeForwardSelection,PART_confidenceFactorValue"
8,90,0.82411765,1.00000000,1.00000000,1.00000000,1.00000000,0002,0038,0035,0.00000000,"JRip,Aggregator,DecisionTable,SimpleCart,JRip_checkErrorRate,J48,J48_minNumObj,DecisionTable_crossVal,DecisionTable_search,GreedyStepwise_conservativeForwardSelection,DecisionTable_useIBk,J48_doNotMakeSplitPointActualValue,DecisionTable_evaluationMeasure,SimpleCart_minNumObj,BestFirst_searchTermination,JRip_minNo,J48_useLaplace,SimpleCart_usePrune,J48_binarySplits,J48_collapseTree,SimpleCart_numFoldsPruning,J48_pruning,SimpleCart_useOneSE,BestFirst_direction,J48_useMDLcorrection,GreedyStepwise_searchBackwards,PART,SimpleCart_heuristic,JRip_usePruning,J48_confidenceFactorValue,J48_numFolds,J48_subtreeRaising,PART_binarySplits,PART_minNumObj,JRip_folds,PART_useMDLcorrection,PART_doNotMakeSplitPointActualValue,JRip_optimizations,PART_pruning,PART_confidenceFactorValue,PART_numFolds"
9,90,0.82843137,1.00000000,1.00000000,1.00000000,1.00000000,0002,0039,0035,0.00000000,"JRip,JRip_checkErrorRate,Aggregator,J48,SimpleCart,DecisionTable,JRip_minNo,JRip_usePruning,DecisionTable_crossVal,PART,DecisionTable_search,J48_useLaplace,SimpleCart_minNumObj,DecisionTable_evaluationMeasure,PART_binarySplits,J48_collapseTree,J48_binarySplits,PART_doNotMakeSplitPointActualValue,SimpleCart_usePrune,PART_minNumObj,J48_minNumObj,DecisionTable_useIBk,J48_doNotMakeSplitPointActualValue,J48_pruning,J48_useMDLcorrection,J48_numFolds,SimpleCart_heuristic,J48_confidenceFactorValue,JRip_optimizations,PART_pruning,BestFirst_direction,BestFirst_searchTermination,JRip_folds,GreedyStepwise_conservativeForwardSelection,PART_useMDLcorrection,GreedyStepwise_searchBackwards,J48_subtreeRaising,PART_confidenceFactorValue,SimpleCart_useOneSE,SimpleCart_numFoldsPruning,PART_numFolds"
10,90,0.83470588,1.00000000,1.00000000,1.00000000,1.00000000,0002,0044,0035,0.00000000,"DecisionTable,J48,J48_collapseTree,J48_binarySplits,DecisionTable_crossVal,PART,PART_minNumObj,DecisionTable_evaluationMeasure,SimpleCart,J48_minNumObj,Aggregator,J48_doNotMakeSplitPointActualValue,DecisionTable_useIBk,J48_pruning,PART_binarySplits,PART_doNotMakeSplitPointActualValue,DecisionTable_search,JRip,PART_useMDLcorrection,J48_useMDLcorrection,SimpleCart_minNumObj,J48_useLaplace,J48_numFolds,SimpleCart_usePrune,J48_confidenceFactorValue,JRip_usePruning,GreedyStepwise_conservativeForwardSelection,PART_pruning,BestFirst_direction,PART_confidenceFactorValue,SimpleCart_heuristic,GreedyStepwise_searchBackwards,BestFirst_searchTermination,J48_subtreeRaising,PART_numFolds,JRip_minNo,JRip_checkErrorRate,SimpleCart_useOneSE,JRip_optimizations,SimpleCart_numFoldsPruning,JRip_folds"
11,90,0.82411765,1.00000000,1.00000000,1.00000000,1.00000000,0002,0042,0035,0.00000000,"Aggregator,JRip,JRip_minNo,DecisionTable,DecisionTable_crossVal,JRip_checkErrorRate,JRip_usePruning,J48,J48_doNotMakeSplitPointActualValue,SimpleCart,J48_binarySplits,DecisionTable_useIBk,SimpleCart_heuristic,SimpleCart_usePrune,SimpleCart_useOneSE,JRip_folds,PART,J48_useLaplace,SimpleCart_minNumObj,SimpleCart_numFoldsPruning,DecisionTable_search,JRip_optimizations,GreedyStepwise_searchBackwards,PART_pruning,J48_collapseTree,DecisionTable_evaluationMeasure,PART_doNotMakeSplitPointActualValue,PART_confidenceFactorValue,J48_minNumObj,J48_pruning,J48_useMDLcorrection,PART_useMDLcorrection,BestFirst_searchTermination,BestFirst_direction,PART_binarySplits,PART_minNumObj,GreedyStepwise_conservativeForwardSelection,J48_subtreeRaising,PART_numFolds,J48_confidenceFactorValue,J48_numFolds"
12,90,0.82411765,1.00000000,1.00000000,1.00000000,1.00000000,0002,0037,0035,0.00000000,"Aggregator,JRip,J48,J48_binarySplits,SimpleCart,JRip_minNo,DecisionTable,DecisionTable_useIBk,JRip_checkErrorRate,JRip_usePruning,PART,SimpleCart_heuristic,DecisionTable_search,J48_doNotMakeSplitPointActualValue,GreedyStepwise_conservativeForwardSelection,J48_pruning,J48_minNumObj,J48_useLaplace,PART_doNotMakeSplitPointActualValue,J48_collapseTree,J48_useMDLcorrection,J48_numFolds,PART_minNumObj,SimpleCart_usePrune,BestFirst_searchTermination,PART_pruning,PART_useMDLcorrection,J48_confidenceFactorValue,DecisionTable_crossVal,DecisionTable_evaluationMeasure,GreedyStepwise_searchBackwards,JRip_folds,SimpleCart_minNumObj,PART_binarySplits,BestFirst_direction,J48_subtreeRaising,SimpleCart_numFoldsPruning,JRip_optimizations,SimpleCart_useOneSE,PART_confidenceFactorValue,PART_numFolds"
13,90,0.82411765,1.00000000,1.00000000,1.00000000,1.00000000,0002,0035,0035,0.00000000,"Aggregator,J48,DecisionTable,DecisionTable_useIBk,SimpleCart,J48_minNumObj,SimpleCart_heuristic,J48_useMDLcorrection,JRip,DecisionTable_crossVal,DecisionTable_evaluationMeasure,SimpleCart_usePrune,PART,DecisionTable_search,PART_minNumObj,SimpleCart_numFoldsPruning,PART_binarySplits,J48_doNotMakeSplitPointActualValue,J48_binarySplits,GreedyStepwise_searchBackwards,JRip_checkErrorRate,PART_useMDLcorrection,J48_useLaplace,BestFirst_direction,J48_collapseTree,BestFirst_searchTermination,J48_pruning,JRip_usePruning,SimpleCart_useOneSE,GreedyStepwise_conservativeForwardSelection,SimpleCart_minNumObj,PART_doNotMakeSplitPointActualValue,JRip_optimizations,J48_confidenceFactorValue,JRip_minNo,J48_subtreeRaising,PART_pruning,JRip_folds,J48_numFolds,PART_numFolds,PART_confidenceFactorValue"
14,90,0.82411765,1.00000000,1.00000000,1.00000000,1.00000000,0002,0038,0035,0.00000000,"DecisionTable,PART,SimpleCart,SimpleCart_heuristic,Aggregator,DecisionTable_evaluationMeasure,PART_useMDLcorrection,JRip,DecisionTable_search,PART_pruning,PART_binarySplits,PART_minNumObj,PART_doNotMakeSplitPointActualValue,PART_numFolds,DecisionTable_useIBk,JRip_usePruning,PART_confidenceFactorValue,J48,GreedyStepwise_searchBackwards,JRip_minNo,DecisionTable_crossVal,SimpleCart_minNumObj,JRip_optimizations,JRip_checkErrorRate,J48_useLaplace,BestFirst_direction,J48_collapseTree,SimpleCart_usePrune,J48_pruning,BestFirst_searchTermination,J48_useMDLcorrection,SimpleCart_numFoldsPruning,GreedyStepwise_conservativeForwardSelection,J48_numFolds,J48_binarySplits,J48_doNotMakeSplitPointActualValue,J48_minNumObj,JRip_folds,J48_subtreeRaising,SimpleCart_useOneSE,J48_confidenceFactorValue"
15,90,0.86490196,1.00000000,1.00000000,1.00000000,1.00000000,0002,0039,0035,0.00000000,"PART,Aggregator,DecisionTable,PART_binarySplits,PART_doNotMakeSplitPointActualValue,DecisionTable_evaluationMeasure,J48,PART_pruning,SimpleCart,DecisionTable_crossVal,PART_useMDLcorrection,J48_doNotMakeSplitPointActualValue,JRip,PART_minNumObj,J48_useLaplace,J48_pruning,SimpleCart_minNumObj,SimpleCart_usePrune,J48_numFolds,PART_numFolds,JRip_minNo,PART_confidenceFactorValue,DecisionTable_search,J48_confidenceFactorValue,J48_minNumObj,BestFirst_searchTermination,DecisionTable_useIBk,J48_binarySplits,J48_useMDLcorrection,J48_collapseTree,J48_subtreeRaising,JRip_checkErrorRate,SimpleCart_numFoldsPruning,JRip_usePruning,SimpleCart_heuristic,SimpleCart_useOneSE,BestFirst_direction,GreedyStepwise_conservativeForwardSelection,GreedyStepwise_searchBackwards,JRip_folds,JRip_optimizations"
16,90,0.82411765,1.00000000,1.00000000,1.00000000,1.00000000,0002,0038,0035,0.00000000,"Aggregator,J48,J48_useLaplace,SimpleCart,SimpleCart_minNumObj,J48_minNumObj,DecisionTable,DecisionTable_evaluationMeasure,PART,PART_minNumObj,J48_collapseTree,J48_binarySplits,PART_doNotMakeSplitPointActualValue,SimpleCart_usePrune,JRip,J48_pruning,J48_doNotMakeSplitPointActualValue,J48_useMDLcorrection,PART_binarySplits,DecisionTable_useIBk,J48_confidenceFactorValue,J48_numFolds,SimpleCart_heuristic,SimpleCart_numFoldsPruning,PART_useMDLcorrection,JRip_checkErrorRate,DecisionTable_crossVal,PART_pruning,DecisionTable_search,J48_subtreeRaising,SimpleCart_useOneSE,JRip_minNo,GreedyStepwise_searchBackwards,BestFirst_searchTermination,JRip_usePruning,BestFirst_direction,PART_numFolds,PART_confidenceFactorValue,GreedyStepwise_conservativeForwardSelection,JRip_folds,JRip_optimizations"
17,90,0.82411765,1.00000000,1.00000000,1.00000000,1.00000000,0002,0042,0035,0.00000000,"PART,SimpleCart,PART_minNumObj,DecisionTable,J48,SimpleCart_heuristic,Aggregator,PART_binarySplits,J48_useLaplace,DecisionTable_useIBk,DecisionTable_search,PART_useMDLcorrection,J48_doNotMakeSplitPointActualValue,PART_doNotMakeSplitPointActualValue,PART_pruning,DecisionTable_evaluationMeasure,SimpleCart_minNumObj,BestFirst_searchTermination,JRip,J48_binarySplits,DecisionTable_crossVal,J48_useMDLcorrection,J48_minNumObj,GreedyStepwise_searchBackwards,PART_numFolds,SimpleCart_usePrune,J48_pruning,J48_collapseTree,GreedyStepwise_conservativeForwardSelection,JRip_usePruning,JRip_optimizations,JRip_checkErrorRate,SimpleCart_numFoldsPruning,JRip_minNo,BestFirst_direction,PART_confidenceFactorValue,J48_numFolds,J48_subtreeRaising,SimpleCart_useOneSE,J48_confidenceFactorValue,JRip_folds"
18,90,0.88274510,1.00000000,1.00000000,1.00000000,1.00000000,0003,0041,0035,0.00000000,"Aggregator,PART,PART_binarySplits,PART_doNotMakeSplitPointActualValue,DecisionTable,DecisionTable_useIBk,PART_minNumObj,J48,DecisionTable_crossVal,J48_useLaplace,SimpleCart,J48_minNumObj,J48_useMDLcorrection,JRip,PART_useMDLcorrection,J48_doNotMakeSplitPointActualValue,DecisionTable_evaluationMeasure,J48_collapseTree,SimpleCart_heuristic,J48_binarySplits,PART_pruning,J48_pruning,SimpleCart_minNumObj,SimpleCart_usePrune,PART_confidenceFactorValue,SimpleCart_useOneSE,J48_numFolds,JRip_usePruning,DecisionTable_search,GreedyStepwise_searchBackwards,J48_subtreeRaising,JRip_folds,SimpleCart_numFoldsPruning,JRip_checkErrorRate,JRip_minNo,BestFirst_searchTermination,JRip_optimizations,J48_confidenceFactorValue,PART_numFolds,BestFirst_direction,GreedyStepwise_conservativeForwardSelection"
19,90,0.82411765,1.00000000,1.00000000,1.00000000,1.00000000,0002,0040,0035,0.00000000,"SimpleCart,J48,J48_minNumObj,J48_doNotMakeSplitPointActualValue,SimpleCart_heuristic,J48_useLaplace,JRip,PART,Aggregator,DecisionTable,PART_binarySplits,SimpleCart_usePrune,SimpleCart_minNumObj,SimpleCart_useOneSE,J48_binarySplits,DecisionTable_evaluationMeasure,J48_collapseTree,PART_minNumObj,DecisionTable_useIBk,JRip_usePruning,DecisionTable_search,PART_useMDLcorrection,J48_useMDLcorrection,J48_pruning,J48_confidenceFactorValue,JRip_checkErrorRate,BestFirst_searchTermination,PART_doNotMakeSplitPointActualValue,JRip_minNo,PART_pruning,SimpleCart_numFoldsPruning,J48_numFolds,GreedyStepwise_searchBackwards,DecisionTable_crossVal,J48_subtreeRaising,JRip_folds,PART_numFolds,BestFirst_direction,JRip_optimizations,GreedyStepwise_conservativeForwardSelection,PART_confidenceFactorValue"
20,90,0.83725490,1.00000000,1.00000000,1.00000000,1.00000000,0003,0041,0035,0.00000000,"JRip,PART,DecisionTable,PART_pruning,PART_doNotMakeSplitPointActualValue,JRip_usePruning,DecisionTable_useIBk,PART_useMDLcorrection,JRip_folds,J48,JRip_minNo,PART_minNumObj,DecisionTable_search,GreedyStepwise_conservativeForwardSelection,PART_confidenceFactorValue,JRip_checkErrorRate,Aggregator,DecisionTable_crossVal,BestFirst_direction,J48_collapseTree,SimpleCart,DecisionTable_evaluationMeasure,PART_numFolds,BestFirst_searchTermination,J48_pruning,PART_binarySplits,J48_useLaplace,GreedyStepwise_searchBackwards,JRip_optimizations,J48_minNumObj,J48_confidenceFactorValue,SimpleCart_heuristic,J48_doNotMakeSplitPointActualValue,J48_binarySplits,J48_useMDLcorrection,J48_subtreeRaising,SimpleCart_usePrune,SimpleCart_useOneSE,J48_numFolds,SimpleCart_minNumObj,SimpleCart_numFoldsPruning"
21,90,0.86490196,1.00000000,1.00000000,1.00000000,1.00000000,0002,0037,0035,0.00000000,"DecisionTable,DecisionTable_crossVal,PART,PART_doNotMakeSplitPointActualValue,PART_minNumObj,J48,DecisionTable_search,J48_collapseTree,PART_pruning,J48_useLaplace,Aggregator,J48_useMDLcorrection,GreedyStepwise_conservativeForwardSelection,SimpleCart,JRip,J48_minNumObj,J48_pruning,J48_doNotMakeSplitPointActualValue,BestFirst_searchTermination,PART_binarySplits,JRip_checkErrorRate,DecisionTable_useIBk,DecisionTable_evaluationMeasure,J48_binarySplits,J48_subtreeRaising,PART_useMDLcorrection,J48_numFolds,BestFirst_direction,SimpleCart_usePrune,PART_numFolds,GreedyStepwise_searchBackwards,JRip_minNo,PART_confidenceFactorValue,SimpleCart_heuristic,JRip_usePruning,SimpleCart_minNumObj,J48_confidenceFactorValue,JRip_folds,SimpleCart_useOneSE,SimpleCart_numFoldsPruning,JRip_optimizations"
22,90,0.82411765,1.00000000,1.00000000,1.00000000,1.00000000,0002,0039,0035,0.00000000,"Aggregator,PART,SimpleCart,DecisionTable,J48,DecisionTable_search,BestFirst_searchTermination,DecisionTable_evaluationMeasure,PART_binarySplits,JRip,GreedyStepwise_conservativeForwardSelection,J48_doNotMakeSplitPointActualValue,PART_doNotMakeSplitPointActualValue,JRip_checkErrorRate,J48_useLaplace,J48_minNumObj,SimpleCart_heuristic,J48_useMDLcorrection,GreedyStepwise_searchBackwards,J48_collapseTree,PART_useMDLcorrection,DecisionTable_useIBk,PART_pruning,SimpleCart_minNumObj,J48_pruning,SimpleCart_usePrune,JRip_minNo,PART_minNumObj,J48_binarySplits,DecisionTable_crossVal,JRip_usePruning,BestFirst_direction,PART_confidenceFactorValue,SimpleCart_numFoldsPruning,J48_confidenceFactorValue,SimpleCart_useOneSE,J48_subtreeRaising,JRip_optimizations,PART_numFolds,J48_numFolds,JRip_folds"
23,90,0.82411765,1.00000000,1.00000000,1.00000000,1.00000000,0002,0041,0035,0.00000000,"Aggregator,DecisionTable,JRip,SimpleCart,JRip_checkErrorRate,JRip_minNo,PART,DecisionTable_crossVal,PART_minNumObj,J48,PART_useMDLcorrection,JRip_usePruning,SimpleCart_minNumObj,J48_useMDLcorrection,DecisionTable_evaluationMeasure,JRip_optimizations,SimpleCart_usePrune,PART_binarySplits,DecisionTable_search,GreedyStepwise_conservativeForwardSelection,J48_useLaplace,SimpleCart_heuristic,J48_pruning,PART_pruning,PART_numFolds,DecisionTable_useIBk,PART_confidenceFactorValue,GreedyStepwise_searchBackwards,J48_confidenceFactorValue,JRip_folds,SimpleCart_numFoldsPruning,J48_minNumObj,PART_doNotMakeSplitPointActualValue,J48_subtreeRaising,J48_doNotMakeSplitPointActualValue,J48_collapseTree,J48_binarySplits,BestFirst_searchTermination,SimpleCart_useOneSE,J48_numFolds,BestFirst_direction"
24,90,0.82411765,1.00000000,1.00000000,1.00000000,1.00000000,0002,0037,0035,0.00000000,"J48,J48_pruning,J48_numFolds,J48_subtreeRaising,SimpleCart,J48_minNumObj,SimpleCart_heuristic,Aggregator,J48_useLaplace,JRip,PART,DecisionTable,DecisionTable_useIBk,SimpleCart_minNumObj,J48_doNotMakeSplitPointActualValue,PART_minNumObj,J48_collapseTree,PART_useMDLcorrection,J48_useMDLcorrection,PART_binarySplits,JRip_minNo,SimpleCart_usePrune,J48_confidenceFactorValue,DecisionTable_crossVal,J48_binarySplits,JRip_checkErrorRate,DecisionTable_evaluationMeasure,JRip_usePruning,SimpleCart_numFoldsPruning,PART_pruning,DecisionTable_search,PART_doNotMakeSplitPointActualValue,JRip_folds,SimpleCart_useOneSE,JRip_optimizations,GreedyStepwise_searchBackwards,PART_numFolds,BestFirst_searchTermination,GreedyStepwise_conservativeForwardSelection,BestFirst_direction,PART_confidenceFactorValue"
25,90,0.82411765,0.99813725,1.00000000,1.00000000,1.00000000,0002,0039,0035,0.00000000,"J48,DecisionTable,J48_doNotMakeSplitPointActualValue,J48_useLaplace,J48_pruning,PART,J48_confidenceFactorValue,DecisionTable_useIBk,JRip,J48_useMDLcorrection,PART_pruning,PART_doNotMakeSplitPointActualValue,Aggregator,DecisionTable_crossVal,PART_numFolds,SimpleCart,J48_binarySplits,SimpleCart_usePrune,JRip_checkErrorRate,PART_binarySplits,SimpleCart_heuristic,SimpleCart_useOneSE,J48_collapseTree,DecisionTable_evaluationMeasure,DecisionTable_search,SimpleCart_numFoldsPruning,JRip_usePruning,J48_minNumObj,PART_confidenceFactorValue,PART_minNumObj,BestFirst_searchTermination,JRip_folds,J48_subtreeRaising,PART_useMDLcorrection,J48_numFolds,JRip_minNo,SimpleCart_minNumObj,JRip_optimizations,GreedyStepwise_conservativeForwardSelection,BestFirst_direction,GreedyStepwise_searchBackwards"
26,90,0.83470588,1.00000000,1.00000000,1.00000000,1.00000000,0002,0042,0035,0.00000000,"JRip,PART,DecisionTable,JRip_minNo,J48,J48_pruning,DecisionTable_useIBk,DecisionTable_search,PART_minNumObj,DecisionTable_crossVal,GreedyStepwise_searchBackwards,PART_doNotMakeSplitPointActualValue,JRip_checkErrorRate,GreedyStepwise_conservativeForwardSelection,BestFirst_searchTermination,JRip_usePruning,PART_binarySplits,Aggregator,BestFirst_direction,J48_minNumObj,SimpleCart,J48_subtreeRaising,J48_collapseTree,J48_useMDLcorrection,J48_binarySplits,J48_numFolds,JRip_folds,PART_useMDLcorrection,DecisionTable_evaluationMeasure,J48_confidenceFactorValue,PART_pruning,JRip_optimizations,J48_doNotMakeSplitPointActualValue,SimpleCart_usePrune,J48_useLaplace,SimpleCart_numFoldsPruning,PART_confidenceFactorValue,SimpleCart_useOneSE,SimpleCart_heuristic,SimpleCart_minNumObj,PART_numFolds"
27,90,0.83470588,1.00000000,1.00000000,1.00000000,1.00000000,0002,0038,0035,0.00000000,"PART,DecisionTable,DecisionTable_useIBk,JRip,DecisionTable_search,PART_pruning,JRip_minNo,SimpleCart,DecisionTable_evaluationMeasure,J48,SimpleCart_heuristic,J48_useMDLcorrection,DecisionTable_crossVal,PART_useMDLcorrection,Aggregator,J48_pruning,BestFirst_searchTermination,BestFirst_direction,SimpleCart_usePrune,J48_useLaplace,GreedyStepwise_conservativeForwardSelection,PART_binarySplits,SimpleCart_numFoldsPruning,J48_subtreeRaising,J48_doNotMakeSplitPointActualValue,JRip_usePruning,J48_confidenceFactorValue,PART_minNumObj,PART_confidenceFactorValue,PART_doNotMakeSplitPointActualValue,PART_numFolds,J48_binarySplits,JRip_checkErrorRate,GreedyStepwise_searchBackwards,SimpleCart_minNumObj,J48_numFolds,SimpleCart_useOneSE,JRip_folds,J48_minNumObj,J48_collapseTree,JRip_optimizations"
28,90,0.86490196,1.00000000,1.00000000,1.00000000,1.00000000,0002,0043,0035,0.00000000,"DecisionTable,PART,DecisionTable_useIBk,J48,JRip,PART_binarySplits,J48_useMDLcorrection,JRip_minNo,J48_useLaplace,J48_pruning,SimpleCart,DecisionTable_evaluationMeasure,DecisionTable_crossVal,JRip_checkErrorRate,Aggregator,DecisionTable_search,J48_collapseTree,JRip_usePruning,PART_useMDLcorrection,J48_binarySplits,J48_minNumObj,PART_minNumObj,BestFirst_direction,JRip_folds,J48_doNotMakeSplitPointActualValue,PART_pruning,SimpleCart_usePrune,SimpleCart_heuristic,PART_doNotMakeSplitPointActualValue,J48_numFolds,SimpleCart_minNumObj,J48_confidenceFactorValue,GreedyStepwise_searchBackwards,J48_subtreeRaising,BestFirst_searchTermination,SimpleCart_useOneSE,JRip_optimizations,GreedyStepwise_conservativeForwardSelection,PART_confidenceFactorValue,PART_numFolds,SimpleCart_numFoldsPruning"
29,90,0.82411765,1.00000000,1.00000000,1.00000000,1.00000000,0001,0040,0035,0.00000000,"JRip,Aggregator,DecisionTable,DecisionTable_crossVal,SimpleCart,JRip_checkErrorRate,DecisionTable_useIBk,SimpleCart_minNumObj,PART,JRip_minNo,JRip_usePruning,J48,DecisionTable_evaluationMeasure,J48_useLaplace,JRip_folds,PART_pruning,PART_numFolds,J48_minNumObj,J48_binarySplits,DecisionTable_search,J48_collapseTree,PART_minNumObj,PART_confidenceFactorValue,SimpleCart_heuristic,PART_doNotMakeSplitPointActualValue,J48_pruning,PART_useMDLcorrection,BestFirst_searchTermination,J48_useMDLcorrection,JRip_optimizations,SimpleCart_usePrune,PART_binarySplits,BestFirst_direction,SimpleCart_useOneSE,J48_confidenceFactorValue,J48_subtreeRaising,J48_doNotMakeSplitPointActualValue,SimpleCart_numFoldsPruning,GreedyStepwise_conservativeForwardSelection,J48_numFolds,GreedyStepwise_searchBackwards"
30,90,0.82411765,1.00000000,1.00000000,1.00000000,1.00000000,0002,0039,0035,0.00000000,"Aggregator,JRip,SimpleCart,DecisionTable,SimpleCart_usePrune,DecisionTable_useIBk,DecisionTable_evaluationMeasure,JRip_checkErrorRate,J48,PART,DecisionTable_search,PART_binarySplits,SimpleCart_useOneSE,J48_pruning,GreedyStepwise_conservativeForwardSelection,SimpleCart_numFoldsPruning,J48_collapseTree,GreedyStepwise_searchBackwards,J48_useMDLcorrection,SimpleCart_minNumObj,DecisionTable_crossVal,J48_subtreeRaising,PART_doNotMakeSplitPointActualValue,JRip_usePruning,JRip_minNo,J48_doNotMakeSplitPointActualValue,SimpleCart_heuristic,J48_confidenceFactorValue,J48_minNumObj,BestFirst_searchTermination,J48_numFolds,J48_useLaplace,BestFirst_direction,PART_useMDLcorrection,J48_binarySplits,PART_pruning,PART_minNumObj,JRip_folds,JRip_optimizations,PART_confidenceFactorValue,PART_numFolds"
31,90,0.82411765,1.00000000,1.00000000,1.00000000,1.00000000,0002,0039,0035,0.00000000,"J48,Aggregator,PART,J48_doNotMakeSplitPointActualValue,J48_binarySplits,J48_useMDLcorrection,J48_useLaplace,PART_doNotMakeSplitPointActualValue,SimpleCart,SimpleCart_minNumObj,J48_pruning,J48_minNumObj,J48_subtreeRaising,JRip,J48_collapseTree,DecisionTable,SimpleCart_heuristic,PART_pruning,DecisionTable_crossVal,DecisionTable_evaluationMeasure,DecisionTable_search,BestFirst_searchTermination,PART_minNumObj,JRip_minNo,PART_binarySplits,PART_useMDLcorrection,J48_numFolds,JRip_checkErrorRate,BestFirst_direction,DecisionTable_useIBk,PART_confidenceFactorValue,J48_confidenceFactorValue,SimpleCart_usePrune,GreedyStepwise_searchBackwards,JRip_usePruning,PART_numFolds,GreedyStepwise_conservativeForwardSelection,JRip_optimizations,SimpleCart_numFoldsPruning,JRip_folds,SimpleCart_useOneSE"
32,90,0.82411765,1.00000000,1.00000000,1.00000000,1.00000000,0002,0044,0035,0.00000000,"DecisionTable,DecisionTable_search,GreedyStepwise_conservativeForwardSelection,SimpleCart,PART,PART_binarySplits,BestFirst_direction,DecisionTable_crossVal,JRip,Aggregator,PART_pruning,SimpleCart_minNumObj,J48,J48_useLaplace,GreedyStepwise_searchBackwards,BestFirst_searchTermination,PART_minNumObj,PART_numFolds,PART_confidenceFactorValue,JRip_checkErrorRate,DecisionTable_useIBk,PART_doNotMakeSplitPointActualValue,J48_useMDLcorrection,J48_doNotMakeSplitPointActualValue,JRip_minNo,SimpleCart_usePrune,PART_useMDLcorrection,DecisionTable_evaluationMeasure,SimpleCart_heuristic,J48_collapseTree,J48_minNumObj,J48_pruning,J48_binarySplits,JRip_usePruning,SimpleCart_numFoldsPruning,JRip_folds,J48_numFolds,J48_confidenceFactorValue,J48_subtreeRaising,JRip_optimizations,SimpleCart_useOneSE"
33,90,0.82411765,0.99911765,1.00000000,1.00000000,1.00000000,0002,0040,0035,0.00000000,"JRip,PART,J48,J48_binarySplits,J48_useMDLcorrection,Aggregator,DecisionTable,SimpleCart,PART_binarySplits,JRip_checkErrorRate,J48_collapseTree,SimpleCart_minNumObj,DecisionTable_evaluationMeasure,SimpleCart_usePrune,PART_doNotMakeSplitPointActualValue,J48_pruning,J48_minNumObj,PART_minNumObj,DecisionTable_search,JRip_minNo,PART_pruning,SimpleCart_useOneSE,JRip_usePruning,GreedyStepwise_conservativeForwardSelection,J48_useLaplace,PART_useMDLcorrection,J48_doNotMakeSplitPointActualValue,DecisionTable_crossVal,SimpleCart_numFoldsPruning,J48_confidenceFactorValue,PART_numFolds,DecisionTable_useIBk,SimpleCart_heuristic,BestFirst_searchTermination,JRip_optimizations,J48_subtreeRaising,J48_numFolds,GreedyStepwise_searchBackwards,JRip_folds,BestFirst_direction,PART_confidenceFactorValue"
34,90,0.82411765,1.00000000,1.00000000,1.00000000,1.00000000,0002,0041,0035,0.00000000,"Aggregator,DecisionTable,JRip,DecisionTable_useIBk,DecisionTable_crossVal,SimpleCart,PART,PART_pruning,PART_numFolds,PART_minNumObj,J48,DecisionTable_evaluationMeasure,J48_useLaplace,JRip_usePruning,JRip_minNo,JRip_checkErrorRate,SimpleCart_heuristic,PART_confidenceFactorValue,J48_pruning,DecisionTable_search,J48_useMDLcorrection,J48_collapseTree,J48_confidenceFactorValue,PART_useMDLcorrection,J48_binarySplits,SimpleCart_usePrune,SimpleCart_minNumObj,J48_doNotMakeSplitPointActualValue,SimpleCart_useOneSE,PART_binarySplits,PART_doNotMakeSplitPointActualValue,BestFirst_direction,J48_minNumObj,SimpleCart_numFoldsPruning,J48_numFolds,JRip_folds,JRip_optimizations,J48_subtreeRaising,GreedyStepwise_conservativeForwardSelection,GreedyStepwise_searchBackwards,BestFirst_searchTermination"
35,90,0.82411765,1.00000000,1.00000000,1.00000000,1.00000000,0002,0036,0035,0.00000000,"JRip,JRip_checkErrorRate,PART,Aggregator,SimpleCart,SimpleCart_usePrune,DecisionTable,DecisionTable_search,DecisionTable_useIBk,SimpleCart_minNumObj,J48,SimpleCart_heuristic,SimpleCart_numFoldsPruning,JRip_usePruning,SimpleCart_useOneSE,PART_doNotMakeSplitPointActualValue,PART_binarySplits,JRip_minNo,DecisionTable_crossVal,J48_binarySplits,PART_minNumObj,PART_pruning,PART_useMDLcorrection,JRip_optimizations,J48_collapseTree,J48_doNotMakeSplitPointActualValue,BestFirst_direction,DecisionTable_evaluationMeasure,J48_pruning,BestFirst_searchTermination,J48_subtreeRaising,J48_numFolds,JRip_folds,GreedyStepwise_searchBackwards,J48_minNumObj,GreedyStepwise_conservativeForwardSelection,J48_useLaplace,PART_confidenceFactorValue,J48_useMDLcorrection,PART_numFolds,J48_confidenceFactorValue"
36,90,0.82411765,1.00000000,1.00000000,1.00000000,1.00000000,0002,0042,0035,0.00000000,"PART,J48,PART_pruning,J48_binarySplits,SimpleCart,JRip,J48_minNumObj,PART_useMDLcorrection,JRip_usePruning,J48_pruning,PART_confidenceFactorValue,PART_minNumObj,PART_numFolds,J48_numFolds,PART_doNotMakeSplitPointActualValue,DecisionTable,J48_doNotMakeSplitPointActualValue,J48_confidenceFactorValue,PART_binarySplits,Aggregator,DecisionTable_search,J48_useLaplace,SimpleCart_usePrune,J48_useMDLcorrection,JRip_folds,J48_subtreeRaising,J48_collapseTree,GreedyStepwise_searchBackwards,JRip_minNo,SimpleCart_minNumObj,JRip_checkErrorRate,SimpleCart_heuristic,JRip_optimizations,DecisionTable_useIBk,GreedyStepwise_conservativeForwardSelection,BestFirst_direction,DecisionTable_crossVal,DecisionTable_evaluationMeasure,BestFirst_searchTermination,SimpleCart_useOneSE,SimpleCart_numFoldsPruning"
37,90,0.82411765,1.00000000,1.00000000,1.00000000,1.00000000,0002,0043,0035,0.00000000,"JRip,JRip_checkErrorRate,SimpleCart,SimpleCart_heuristic,Aggregator,PART,JRip_minNo,SimpleCart_minNumObj,SimpleCart_usePrune,PART_useMDLcorrection,J48,PART_minNumObj,J48_minNumObj,J48_doNotMakeSplitPointActualValue,DecisionTable,J48_binarySplits,J48_useMDLcorrection,PART_doNotMakeSplitPointActualValue,JRip_usePruning,PART_binarySplits,SimpleCart_useOneSE,J48_collapseTree,PART_pruning,SimpleCart_numFoldsPruning,PART_numFolds,J48_useLaplace,DecisionTable_crossVal,PART_confidenceFactorValue,DecisionTable_evaluationMeasure,DecisionTable_search,DecisionTable_useIBk,J48_pruning,JRip_optimizations,JRip_folds,J48_numFolds,J48_subtreeRaising,J48_confidenceFactorValue,GreedyStepwise_conservativeForwardSelection,BestFirst_direction,GreedyStepwise_searchBackwards,BestFirst_searchTermination"
38,90,0.82411765,1.00000000,1.00000000,1.00000000,1.00000000,0002,0039,0035,0.00000000,"JRip,SimpleCart,DecisionTable,SimpleCart_minNumObj,Aggregator,DecisionTable_crossVal,DecisionTable_evaluationMeasure,DecisionTable_search,PART,JRip_usePruning,DecisionTable_useIBk,J48,PART_minNumObj,JRip_minNo,J48_doNotMakeSplitPointActualValue,JRip_checkErrorRate,J48_useLaplace,J48_minNumObj,JRip_folds,SimpleCart_usePrune,JRip_optimizations,SimpleCart_useOneSE,SimpleCart_numFoldsPruning,BestFirst_searchTermination,SimpleCart_heuristic,J48_collapseTree,GreedyStepwise_searchBackwards,PART_pruning,BestFirst_direction,J48_useMDLcorrection,PART_useMDLcorrection,GreedyStepwise_conservativeForwardSelection,PART_binarySplits,J48_binarySplits,PART_doNotMakeSplitPointActualValue,J48_pruning,PART_confidenceFactorValue,PART_numFolds,J48_numFolds,J48_confidenceFactorValue,J48_subtreeRaising"
39,90,0.82411765,1.00000000,1.00000000,1.00000000,1.00000000,0002,0037,0035,0.00000000,"Aggregator,DecisionTable,JRip,DecisionTable_search,SimpleCart,JRip_minNo,JRip_checkErrorRate,DecisionTable_useIBk,BestFirst_searchTermination,SimpleCart_usePrune,PART,DecisionTable_crossVal,SimpleCart_minNumObj,SimpleCart_numFoldsPruning,J48,PART_useMDLcorrection,DecisionTable_evaluationMeasure,PART_pruning,PART_binarySplits,SimpleCart_heuristic,J48_doNotMakeSplitPointActualValue,BestFirst_direction,J48_useMDLcorrection,J48_collapseTree,J48_useLaplace,J48_binarySplits,PART_confidenceFactorValue,SimpleCart_useOneSE,GreedyStepwise_searchBackwards,JRip_usePruning,GreedyStepwise_conservativeForwardSelection,J48_pruning,PART_numFolds,PART_doNotMakeSplitPointActualValue,JRip_folds,PART_minNumObj,J48_minNumObj,J48_confidenceFactorValue,JRip_optimizations,J48_numFolds,J48_subtreeRaising"
40,90,0.82411765,1.00000000,1.00000000,1.00000000,1.00000000,0002,0037,0035,0.00000000,"Aggregator,J48,DecisionTable,PART,J48_useMDLcorrection,JRip,J48_minNumObj,J48_binarySplits,PART_binarySplits,J48_doNotMakeSplitPointActualValue,JRip_usePruning,JRip_checkErrorRate,J48_pruning,DecisionTable_search,J48_collapseTree,DecisionTable_useIBk,PART_pruning,SimpleCart,SimpleCart_heuristic,PART_numFolds,PART_useMDLcorrection,DecisionTable_evaluationMeasure,SimpleCart_minNumObj,JRip_optimizations,BestFirst_searchTermination,DecisionTable_crossVal,PART_doNotMakeSplitPointActualValue,PART_minNumObj,JRip_minNo,J48_useLaplace,GreedyStepwise_conservativeForwardSelection,PART_confidenceFactorValue,J48_subtreeRaising,JRip_folds,J48_numFolds,GreedyStepwise_searchBackwards,BestFirst_direction,J48_confidenceFactorValue,SimpleCart_usePrune,SimpleCart_numFoldsPruning,SimpleCart_useOneSE"
41,90,0.82411765,1.00000000,1.00000000,1.00000000,1.00000000,0002,0040,0035,0.00000000,"PART,Aggregator,JRip,PART_minNumObj,PART_binarySplits,DecisionTable,DecisionTable_useIBk,DecisionTable_search,JRip_minNo,SimpleCart,PART_pruning,SimpleCart_heuristic,J48,JRip_usePruning,BestFirst_searchTermination,SimpleCart_usePrune,GreedyStepwise_conservativeForwardSelection,PART_useMDLcorrection,PART_doNotMakeSplitPointActualValue,PART_confidenceFactorValue,BestFirst_direction,J48_minNumObj,JRip_checkErrorRate,GreedyStepwise_searchBackwards,J48_useLaplace,PART_numFolds,SimpleCart_useOneSE,DecisionTable_crossVal,DecisionTable_evaluationMeasure,J48_doNotMakeSplitPointActualValue,J48_binarySplits,SimpleCart_minNumObj,SimpleCart_numFoldsPruning,JRip_folds,JRip_optimizations,J48_useMDLcorrection,J48_pruning,J48_subtreeRaising,J48_collapseTree,J48_confidenceFactorValue,J48_numFolds"
42,90,0.82411765,1.00000000,1.00000000,1.00000000,1.00000000,0002,0043,0035,0.00000000,"PART,Aggregator,DecisionTable,J48,PART_minNumObj,SimpleCart,J48_pruning,SimpleCart_usePrune,JRip,J48_minNumObj,PART_doNotMakeSplitPointActualValue,PART_pruning,DecisionTable_useIBk,DecisionTable_search,SimpleCart_minNumObj,BestFirst_searchTermination,J48_useMDLcorrection,PART_numFolds,JRip_minNo,PART_useMDLcorrection,PART_confidenceFactorValue,J48_doNotMakeSplitPointActualValue,JRip_usePruning,PART_binarySplits,J48_useLaplace,J48_binarySplits,DecisionTable_crossVal,J48_confidenceFactorValue,J48_numFolds,BestFirst_direction,SimpleCart_heuristic,DecisionTable_evaluationMeasure,SimpleCart_numFoldsPruning,SimpleCart_useOneSE,JRip_optimizations,J48_collapseTree,JRip_checkErrorRate,GreedyStepwise_searchBackwards,J48_subtreeRaising,GreedyStepwise_conservativeForwardSelection,JRip_folds"
43,90,0.82411765,1.00000000,1.00000000,1.00000000,1.00000000,0002,0039,0035,0.00000000,"JRip,J48,J48_useMDLcorrection,SimpleCart,DecisionTable,SimpleCart_heuristic,DecisionTable_evaluationMeasure,J48_binarySplits,PART,SimpleCart_minNumObj,J48_pruning,J48_minNumObj,JRip_checkErrorRate,J48_useLaplace,Aggregator,PART_pruning,J48_collapseTree,JRip_usePruning,SimpleCart_usePrune,J48_numFolds,DecisionTable_search,SimpleCart_numFoldsPruning,DecisionTable_crossVal,JRip_minNo,GreedyStepwise_conservativeForwardSelection,DecisionTable_useIBk,J48_subtreeRaising,J48_doNotMakeSplitPointActualValue,BestFirst_direction,PART_confidenceFactorValue,PART_minNumObj,JRip_optimizations,PART_doNotMakeSplitPointActualValue,SimpleCart_useOneSE,JRip_folds,PART_binarySplits,PART_useMDLcorrection,PART_numFolds,J48_confidenceFactorValue,GreedyStepwise_searchBackwards,BestFirst_searchTermination"
44,90,0.83470588,1.00000000,1.00000000,1.00000000,1.00000000,0002,0037,0035,0.00000000,"PART,PART_binarySplits,DecisionTable,SimpleCart,J48,J48_minNumObj,PART_pruning,PART_confidenceFactorValue,J48_collapseTree,SimpleCart_usePrune,Aggregator,PART_useMDLcorrection,DecisionTable_crossVal,SimpleCart_minNumObj,DecisionTable_useIBk,J48_doNotMakeSplitPointActualValue,SimpleCart_useOneSE,SimpleCart_heuristic,JRip,DecisionTable_search,BestFirst_searchTermination,PART_doNotMakeSplitPointActualValue,J48_pruning,PART_minNumObj,BestFirst_direction,J48_subtreeRaising,SimpleCart_numFoldsPruning,DecisionTable_evaluationMeasure,JRip_usePruning,J48_useLaplace,J48_useMDLcorrection,GreedyStepwise_searchBackwards,PART_numFolds,J48_binarySplits,JRip_folds,JRip_minNo,GreedyStepwise_conservativeForwardSelection,J48_confidenceFactorValue,J48_numFolds,JRip_checkErrorRate,JRip_optimizations"
45,90,0.82411765,1.00000000,1.00000000,1.00000000,1.00000000,0001,0041,0035,0.00000000,"JRip,PART,JRip_usePruning,Aggregator,JRip_folds,PART_pruning,PART_doNotMakeSplitPointActualValue,JRip_checkErrorRate,DecisionTable,PART_numFolds,PART_minNumObj,JRip_minNo,JRip_optimizations,PART_binarySplits,DecisionTable_evaluationMeasure,PART_useMDLcorrection,SimpleCart,J48,J48_useLaplace,J48_minNumObj,J48_doNotMakeSplitPointActualValue,DecisionTable_useIBk,DecisionTable_crossVal,PART_confidenceFactorValue,DecisionTable_search,J48_collapseTree,J48_pruning,SimpleCart_heuristic,J48_binarySplits,SimpleCart_usePrune,SimpleCart_minNumObj,J48_useMDLcorrection,GreedyStepwise_conservativeForwardSelection,BestFirst_searchTermination,SimpleCart_useOneSE,GreedyStepwise_searchBackwards,J48_numFolds,J48_subtreeRaising,BestFirst_direction,J48_confidenceFactorValue,SimpleCart_numFoldsPruning"
46,90,0.82411765,1.00000000,1.00000000,1.00000000,1.00000000,0002,0039,0035,0.00000000,"PART,PART_doNotMakeSplitPointActualValue,Aggregator,PART_binarySplits,PART_minNumObj,SimpleCart,SimpleCart_minNumObj,JRip,J48,DecisionTable,J48_useMDLcorrection,PART_useMDLcorrection,J48_minNumObj,PART_pruning,JRip_minNo,J48_useLaplace,JRip_usePruning,DecisionTable_evaluationMeasure,J48_pruning,DecisionTable_useIBk,J48_collapseTree,SimpleCart_heuristic,SimpleCart_usePrune,J48_doNotMakeSplitPointActualValue,PART_confidenceFactorValue,SimpleCart_numFoldsPruning,DecisionTable_search,JRip_checkErrorRate,J48_binarySplits,DecisionTable_crossVal,J48_subtreeRaising,JRip_folds,GreedyStepwise_conservativeForwardSelection,BestFirst_direction,PART_numFolds,GreedyStepwise_searchBackwards,SimpleCart_useOneSE,J48_numFolds,JRip_optimizations,J48_confidenceFactorValue,BestFirst_searchTermination"
47,90,0.82411765,1.00000000,1.00000000,1.00000000,1.00000000,0002,0037,0035,0.00000000,"SimpleCart,JRip,JRip_checkErrorRate,JRip_minNo,PART,Aggregator,SimpleCart_heuristic,SimpleCart_usePrune,PART_minNumObj,J48,PART_doNotMakeSplitPointActualValue,PART_binarySplits,DecisionTable,JRip_usePruning,DecisionTable_evaluationMeasure,PART_pruning,PART_useMDLcorrection,PART_numFolds,J48_pruning,J48_numFolds,SimpleCart_minNumObj,PART_confidenceFactorValue,J48_minNumObj,J48_collapseTree,DecisionTable_search,J48_doNotMakeSplitPointActualValue,J48_useLaplace,JRip_optimizations,SimpleCart_numFoldsPruning,GreedyStepwise_searchBackwards,DecisionTable_crossVal,SimpleCart_useOneSE,DecisionTable_useIBk,J48_binarySplits,J48_useMDLcorrection,GreedyStepwise_conservativeForwardSelection,BestFirst_searchTermination,JRip_folds,J48_confidenceFactorValue,J48_subtreeRaising,BestFirst_direction"
48,90,0.90411765,1.00000000,1.00000000,1.00000000,1.00000000,0002,0037,0035,0.00000000,"JRip,DecisionTable,Aggregator,J48,PART,J48_binarySplits,J48_useLaplace,PART_minNumObj,SimpleCart,DecisionTable_search,J48_pruning,PART_doNotMakeSplitPointActualValue,SimpleCart_heuristic,JRip_checkErrorRate,J48_numFolds,PART_pruning,J48_doNotMakeSplitPointActualValue,J48_useMDLcorrection,JRip_minNo,GreedyStepwise_searchBackwards,J48_collapseTree,JRip_usePruning,DecisionTable_crossVal,BestFirst_direction,J48_minNumObj,DecisionTable_useIBk,DecisionTable_evaluationMeasure,PART_binarySplits,SimpleCart_minNumObj,J48_confidenceFactorValue,J48_subtreeRaising,PART_confidenceFactorValue,PART_useMDLcorrection,GreedyStepwise_conservativeForwardSelection,BestFirst_searchTermination,SimpleCart_usePrune,PART_numFolds,JRip_folds,SimpleCart_numFoldsPruning,JRip_optimizations,SimpleCart_useOneSE"
49,90,0.82411765,1.00000000,1.00000000,1.00000000,1.00000000,0002,0035,0035,0.00000000,"SimpleCart,J48,J48_useMDLcorrection,J48_pruning,JRip,J48_useLaplace,J48_subtreeRaising,JRip_usePruning,JRip_folds,J48_numFolds,SimpleCart_minNumObj,JRip_minNo,SimpleCart_heuristic,J48_confidenceFactorValue,J48_collapseTree,Aggregator,PART,DecisionTable,J48_minNumObj,J48_doNotMakeSplitPointActualValue,J48_binarySplits,PART_useMDLcorrection,DecisionTable_crossVal,SimpleCart_usePrune,SimpleCart_numFoldsPruning,DecisionTable_useIBk,SimpleCart_useOneSE,JRip_checkErrorRate,PART_pruning,PART_doNotMakeSplitPointActualValue,DecisionTable_search,JRip_optimizations,BestFirst_searchTermination,DecisionTable_evaluationMeasure,PART_minNumObj,PART_confidenceFactorValue,PART_binarySplits,PART_numFolds,GreedyStepwise_conservativeForwardSelection,BestFirst_direction,GreedyStepwise_searchBackwards"
50,90,0.82411765,1.00000000,1.00000000,1.00000000,1.00000000,0002,0041,0035,0.00000000,"JRip,J48,J48_collapseTree,JRip_usePruning,J48_useMDLcorrection,JRip_folds,DecisionTable,Aggregator,J48_minNumObj,PART,JRip_optimizations,DecisionTable_crossVal,DecisionTable_evaluationMeasure,PART_doNotMakeSplitPointActualValue,J48_useLaplace,J48_doNotMakeSplitPointActualValue,J48_binarySplits,J48_pruning,SimpleCart,DecisionTable_search,PART_binarySplits,J48_numFolds,GreedyStepwise_searchBackwards,JRip_minNo,JRip_checkErrorRate,PART_useMDLcorrection,DecisionTable_useIBk,PART_minNumObj,PART_pruning,SimpleCart_heuristic,PART_confidenceFactorValue,SimpleCart_usePrune,PART_numFolds,SimpleCart_minNumObj,J48_subtreeRaising,J48_confidenceFactorValue,BestFirst_direction,BestFirst_searchTermination,SimpleCart_numFoldsPruning,GreedyStepwise_conservativeForwardSelection,SimpleCart_useOneSE"
51,90,0.82411765,1.00000000,1.00000000,1.00000000,1.00000000,0001,0038,0035,0.00000000,"PART,PART_binarySplits,PART_minNumObj,Aggregator,SimpleCart,PART_useMDLcorrection,J48,JRip,PART_doNotMakeSplitPointActualValue,PART_pruning,PART_confidenceFactorValue,SimpleCart_minNumObj,SimpleCart_usePrune,DecisionTable,DecisionTable_crossVal,SimpleCart_heuristic,SimpleCart_useOneSE,PART_numFolds,J48_doNotMakeSplitPointActualValue,SimpleCart_numFoldsPruning,J48_minNumObj,JRip_minNo,J48_binarySplits,J48_collapseTree,JRip_usePruning,J48_useLaplace,J48_useMDLcorrection,JRip_checkErrorRate,J48_pruning,DecisionTable_evaluationMeasure,DecisionTable_search,BestFirst_direction,J48_confidenceFactorValue,BestFirst_searchTermination,DecisionTable_useIBk,JRip_optimizations,J48_numFolds,J48_subtreeRaising,JRip_folds,GreedyStepwise_searchBackwards,GreedyStepwise_conservativeForwardSelection"
52,90,0.82843137,1.00000000,1.00000000,1.00000000,1.00000000,0002,0040,0035,0.00000000,"DecisionTable,JRip,Aggregator,J48,JRip_minNo,PART,J48_doNotMakeSplitPointActualValue,PART_pruning,SimpleCart,PART_binarySplits,JRip_usePruning,J48_binarySplits,DecisionTable_search,JRip_optimizations,PART_minNumObj,BestFirst_searchTermination,J48_minNumObj,PART_doNotMakeSplitPointActualValue,JRip_folds,GreedyStepwise_searchBackwards,J48_pruning,DecisionTable_evaluationMeasure,DecisionTable_crossVal,JRip_checkErrorRate,PART_useMDLcorrection,DecisionTable_useIBk,SimpleCart_minNumObj,J48_useLaplace,J48_useMDLcorrection,J48_numFolds,GreedyStepwise_conservativeForwardSelection,J48_subtreeRaising,J48_collapseTree,SimpleCart_usePrune,SimpleCart_heuristic,PART_numFolds,PART_confidenceFactorValue,J48_confidenceFactorValue,BestFirst_direction,SimpleCart_useOneSE,SimpleCart_numFoldsPruning"
53,90,0.82411765,1.00000000,1.00000000,1.00000000,1.00000000,0002,0036,0035,0.00000000,"DecisionTable,J48,DecisionTable_crossVal,JRip,DecisionTable_useIBk,J48_pruning,PART,Aggregator,SimpleCart,SimpleCart_usePrune,J48_useLaplace,DecisionTable_evaluationMeasure,J48_useMDLcorrection,J48_binarySplits,DecisionTable_search,BestFirst_direction,PART_doNotMakeSplitPointActualValue,PART_minNumObj,J48_confidenceFactorValue,SimpleCart_numFoldsPruning,JRip_usePruning,J48_subtreeRaising,J48_numFolds,PART_binarySplits,BestFirst_searchTermination,PART_pruning,SimpleCart_useOneSE,JRip_minNo,J48_collapseTree,J48_doNotMakeSplitPointActualValue,J48_minNumObj,PART_useMDLcorrection,GreedyStepwise_searchBackwards,JRip_checkErrorRate,SimpleCart_heuristic,SimpleCart_minNumObj,PART_confidenceFactorValue,GreedyStepwise_conservativeForwardSelection,PART_numFolds,JRip_folds,JRip_optimizations"
54,90,0.82411765,1.00000000,1.00000000,1.00000000,1.00000000,0002,0037,0035,0.00000000,"J48,DecisionTable,J48_useLaplace,DecisionTable_crossVal,Aggregator,J48_collapseTree,J48_pruning,PART,JRip,J48_binarySplits,JRip_usePruning,J48_numFolds,PART_pruning,J48_minNumObj,SimpleCart,J48_doNotMakeSplitPointActualValue,J48_useMDLcorrection,PART_minNumObj,DecisionTable_useIBk,DecisionTable_evaluationMeasure,SimpleCart_usePrune,SimpleCart_heuristic,JRip_minNo,PART_numFolds,PART_doNotMakeSplitPointActualValue,PART_binarySplits,DecisionTable_search,PART_confidenceFactorValue,BestFirst_searchTermination,J48_confidenceFactorValue,GreedyStepwise_conservativeForwardSelection,JRip_folds,BestFirst_direction,SimpleCart_numFoldsPruning,GreedyStepwise_searchBackwards,JRip_checkErrorRate,J48_subtreeRaising,SimpleCart_minNumObj,PART_useMDLcorrection,JRip_optimizations,SimpleCart_useOneSE"
55,90,0.82411765,1.00000000,1.00000000,1.00000000,1.00000000,0002,0042,0035,0.00000000,"JRip,JRip_usePruning,JRip_folds,JRip_optimizations,SimpleCart,PART,SimpleCart_usePrune,PART_binarySplits,PART_pruning,J48,Aggregator,DecisionTable,J48_doNotMakeSplitPointActualValue,DecisionTable_search,J48_useMDLcorrection,BestFirst_searchTermination,PART_numFolds,BestFirst_direction,SimpleCart_minNumObj,JRip_minNo,JRip_checkErrorRate,PART_useMDLcorrection,J48_collapseTree,DecisionTable_evaluationMeasure,PART_confidenceFactorValue,PART_doNotMakeSplitPointActualValue,GreedyStepwise_searchBackwards,J48_useLaplace,SimpleCart_useOneSE,J48_minNumObj,GreedyStepwise_conservativeForwardSelection,J48_binarySplits,PART_minNumObj,SimpleCart_heuristic,J48_pruning,DecisionTable_crossVal,DecisionTable_useIBk,SimpleCart_numFoldsPruning,J48_numFolds,J48_confidenceFactorValue,J48_subtreeRaising"
56,90,0.82411765,1.00000000,1.00000000,1.00000000,1.00000000,0002,0040,0035,0.00000000,"JRip,J48,J48_useMDLcorrection,JRip_checkErrorRate,DecisionTable,DecisionTable_search,BestFirst_searchTermination,J48_doNotMakeSplitPointActualValue,DecisionTable_useIBk,J48_pruning,SimpleCart,J48_binarySplits,J48_confidenceFactorValue,JRip_minNo,J48_useLaplace,Aggregator,J48_collapseTree,SimpleCart_heuristic,DecisionTable_evaluationMeasure,GreedyStepwise_searchBackwards,DecisionTable_crossVal,J48_minNumObj,JRip_usePruning,PART,GreedyStepwise_conservativeForwardSelection,SimpleCart_minNumObj,PART_doNotMakeSplitPointActualValue,J48_numFolds,BestFirst_direction,JRip_folds,PART_minNumObj,J48_subtreeRaising,SimpleCart_usePrune,PART_useMDLcorrection,PART_binarySplits,SimpleCart_useOneSE,JRip_optimizations,PART_pruning,SimpleCart_numFoldsPruning,PART_confidenceFactorValue,PART_numFolds"
57,90,0.82411765,1.00000000,1.00000000,1.00000000,1.00000000,0002,0039,0035,0.00000000,"SimpleCart,JRip,PART,Aggregator,SimpleCart_minNumObj,PART_doNotMakeSplitPointActualValue,PART_pruning,PART_useMDLcorrection,SimpleCart_usePrune,SimpleCart_heuristic,DecisionTable,J48,DecisionTable_useIBk,J48_doNotMakeSplitPointActualValue,PART_binarySplits,J48_pruning,J48_useMDLcorrection,JRip_minNo,J48_useLaplace,J48_collapseTree,JRip_checkErrorRate,JRip_usePruning,PART_minNumObj,JRip_folds,SimpleCart_useOneSE,J48_minNumObj,J48_subtreeRaising,SimpleCart_numFoldsPruning,PART_confidenceFactorValue,DecisionTable_search,PART_numFolds,DecisionTable_evaluationMeasure,J48_binarySplits,DecisionTable_crossVal,GreedyStepwise_conservativeForwardSelection,JRip_optimizations,J48_confidenceFactorValue,BestFirst_direction,J48_numFolds,BestFirst_searchTermination,GreedyStepwise_searchBackwards"
58,90,0.85019608,1.00000000,1.00000000,1.00000000,1.00000000,0002,0042,0035,0.00000000,"JRip,JRip_usePruning,SimpleCart,DecisionTable,DecisionTable_crossVal,Aggregator,SimpleCart_usePrune,JRip_optimizations,DecisionTable_search,DecisionTable_useIBk,JRip_minNo,SimpleCart_minNumObj,J48,BestFirst_searchTermination,SimpleCart_numFoldsPruning,J48_binarySplits,J48_useLaplace,PART,BestFirst_direction,JRip_folds,GreedyStepwise_searchBackwards,SimpleCart_heuristic,JRip_checkErrorRate,J48_doNotMakeSplitPointActualValue,PART_doNotMakeSplitPointActualValue,SimpleCart_useOneSE,J48_pruning,J48_subtreeRaising,J48_minNumObj,PART_binarySplits,GreedyStepwise_conservativeForwardSelection,DecisionTable_evaluationMeasure,J48_confidenceFactorValue,PART_pruning,PART_useMDLcorrection,J48_collapseTree,PART_minNumObj,J48_useMDLcorrection,J48_numFolds,PART_confidenceFactorValue,PART_numFolds"
59,90,0.82411765,1.00000000,1.00000000,1.00000000,1.00000000,0002,0036,0035,0.00000000,"DecisionTable,DecisionTable_evaluationMeasure,PART,DecisionTable_useIBk,PART_minNumObj,PART_useMDLcorrection,Aggregator,DecisionTable_crossVal,PART_binarySplits,DecisionTable_search,J48,PART_pruning,GreedyStepwise_conservativeForwardSelection,JRip,PART_doNotMakeSplitPointActualValue,SimpleCart,J48_collapseTree,PART_confidenceFactorValue,J48_doNotMakeSplitPointActualValue,J48_binarySplits,SimpleCart_heuristic,J48_pruning,GreedyStepwise_searchBackwards,SimpleCart_usePrune,JRip_minNo,J48_useMDLcorrection,PART_numFolds,JRip_checkErrorRate,J48_useLaplace,BestFirst_searchTermination,BestFirst_direction,J48_confidenceFactorValue,J48_minNumObj,SimpleCart_useOneSE,SimpleCart_minNumObj,J48_numFolds,JRip_usePruning,J48_subtreeRaising,JRip_optimizations,SimpleCart_numFoldsPruning,JRip_folds"
60,90,0.82411765,1.00000000,1.00000000,1.00000000,1.00000000,0002,0042,0035,0.00000000,"JRip,J48,J48_pruning,PART,PART_minNumObj,PART_doNotMakeSplitPointActualValue,PART_pruning,PART_binarySplits,J48_useLaplace,PART_useMDLcorrection,J48_subtreeRaising,J48_binarySplits,J48_numFolds,J48_useMDLcorrection,JRip_checkErrorRate,JRip_usePruning,PART_confidenceFactorValue,SimpleCart,J48_confidenceFactorValue,DecisionTable,DecisionTable_evaluationMeasure,JRip_optimizations,SimpleCart_minNumObj,Aggregator,SimpleCart_usePrune,J48_minNumObj,J48_collapseTree,J48_doNotMakeSplitPointActualValue,JRip_minNo,SimpleCart_useOneSE,PART_numFolds,SimpleCart_numFoldsPruning,DecisionTable_search,GreedyStepwise_conservativeForwardSelection,GreedyStepwise_searchBackwards,DecisionTable_crossVal,DecisionTable_useIBk,BestFirst_direction,SimpleCart_heuristic,JRip_folds,BestFirst_searchTermination"
61,90,0.82411765,1.00000000,1.00000000,1.00000000,1.00000000,0002,0038,0035,0.00000000,"DecisionTable,J48,JRip,JRip_usePruning,DecisionTable_evaluationMeasure,SimpleCart,J48_useLaplace,DecisionTable_crossVal,PART,PART_binarySplits,Aggregator,DecisionTable_useIBk,J48_pruning,DecisionTable_search,SimpleCart_usePrune,JRip_checkErrorRate,J48_doNotMakeSplitPointActualValue,SimpleCart_minNumObj,J48_useMDLcorrection,PART_doNotMakeSplitPointActualValue,PART_minNumObj,SimpleCart_heuristic,GreedyStepwise_searchBackwards,JRip_optimizations,BestFirst_direction,PART_useMDLcorrection,SimpleCart_numFoldsPruning,J48_binarySplits,JRip_folds,SimpleCart_useOneSE,J48_subtreeRaising,JRip_minNo,J48_collapseTree,J48_minNumObj,J48_numFolds,GreedyStepwise_conservativeForwardSelection,BestFirst_searchTermination,PART_pruning,J48_confidenceFactorValue,PART_numFolds,PART_confidenceFactorValue"
62,90,0.82411765,1.00000000,1.00000000,1.00000000,1.00000000,0002,0038,0035,0.00000000,"Aggregator,PART,SimpleCart,DecisionTable,DecisionTable_search,GreedyStepwise_conservativeForwardSelection,JRip,PART_binarySplits,JRip_checkErrorRate,PART_useMDLcorrection,PART_doNotMakeSplitPointActualValue,DecisionTable_evaluationMeasure,JRip_usePruning,PART_pruning,JRip_optimizations,SimpleCart_heuristic,PART_minNumObj,SimpleCart_usePrune,BestFirst_direction,J48,SimpleCart_minNumObj,J48_minNumObj,J48_binarySplits,DecisionTable_useIBk,J48_useMDLcorrection,BestFirst_searchTermination,GreedyStepwise_searchBackwards,J48_pruning,JRip_minNo,J48_numFolds,DecisionTable_crossVal,PART_confidenceFactorValue,SimpleCart_useOneSE,JRip_folds,J48_collapseTree,J48_confidenceFactorValue,PART_numFolds,J48_doNotMakeSplitPointActualValue,J48_subtreeRaising,J48_useLaplace,SimpleCart_numFoldsPruning"
63,90,0.97352941,1.00000000,1.00000000,1.00000000,1.00000000,0002,0034,0035,0.00000000,"PART,Aggregator,PART_binarySplits,DecisionTable,PART_useMDLcorrection,SimpleCart,PART_minNumObj,DecisionTable_search,PART_doNotMakeSplitPointActualValue,J48,DecisionTable_crossVal,DecisionTable_useIBk,J48_binarySplits,SimpleCart_heuristic,J48_pruning,SimpleCart_minNumObj,J48_doNotMakeSplitPointActualValue,JRip,DecisionTable_evaluationMeasure,J48_useLaplace,PART_pruning,J48_collapseTree,JRip_usePruning,J48_useMDLcorrection,JRip_minNo,GreedyStepwise_conservativeForwardSelection,PART_numFolds,SimpleCart_usePrune,JRip_checkErrorRate,BestFirst_searchTermination,JRip_folds,J48_numFolds,BestFirst_direction,GreedyStepwise_searchBackwards,PART_confidenceFactorValue,J48_minNumObj,J48_confidenceFactorValue,JRip_optimizations,J48_subtreeRaising,SimpleCart_useOneSE,SimpleCart_numFoldsPruning"
64,90,0.82411765,1.00000000,1.00000000,1.00000000,1.00000000,0002,0041,0035,0.00000000,"SimpleCart,Aggregator,SimpleCart_usePrune,DecisionTable,JRip,J48,SimpleCart_heuristic,DecisionTable_evaluationMeasure,PART,DecisionTable_search,J48_pruning,SimpleCart_minNumObj,J48_subtreeRaising,PART_minNumObj,JRip_minNo,JRip_checkErrorRate,J48_numFolds,J48_minNumObj,DecisionTable_useIBk,SimpleCart_useOneSE,J48_useMDLcorrection,J48_binarySplits,BestFirst_direction,SimpleCart_numFoldsPruning,BestFirst_searchTermination,J48_useLaplace,PART_doNotMakeSplitPointActualValue,J48_collapseTree,JRip_usePruning,J48_doNotMakeSplitPointActualValue,PART_useMDLcorrection,DecisionTable_crossVal,JRip_optimizations,GreedyStepwise_conservativeForwardSelection,GreedyStepwise_searchBackwards,PART_binarySplits,PART_pruning,JRip_folds,J48_confidenceFactorValue,PART_confidenceFactorValue,PART_numFolds"
65,90,0.81813725,1.00000000,1.00000000,1.00000000,1.00000000,0002,0046,0035,0.00000000,"SimpleCart,Aggregator,J48,PART,PART_minNumObj,JRip,SimpleCart_minNumObj,J48_useLaplace,SimpleCart_usePrune,DecisionTable,PART_doNotMakeSplitPointActualValue,SimpleCart_heuristic,JRip_checkErrorRate,SimpleCart_numFoldsPruning,DecisionTable_search,GreedyStepwise_searchBackwards,DecisionTable_evaluationMeasure,PART_useMDLcorrection,SimpleCart_useOneSE,J48_doNotMakeSplitPointActualValue,J48_collapseTree,J48_binarySplits,PART_binarySplits,DecisionTable_useIBk,BestFirst_direction,J48_pruning,JRip_usePruning,J48_minNumObj,J48_confidenceFactorValue,J48_useMDLcorrection,PART_pruning,JRip_minNo,JRip_folds,DecisionTable_crossVal,PART_confidenceFactorValue,GreedyStepwise_conservativeForwardSelection,BestFirst_searchTermination,J48_subtreeRaising,J48_numFolds,PART_numFolds,JRip_optimizations"
66,90,0.82411765,1.00000000,1.00000000,1.00000000,1.00000000,0002,0038,0035,0.00000000,"Aggregator,PART,PART_minNumObj,PART_binarySplits,SimpleCart,SimpleCart_heuristic,JRip,DecisionTable,J48,JRip_checkErrorRate,J48_pruning,J48_confidenceFactorValue,SimpleCart_minNumObj,PART_doNotMakeSplitPointActualValue,JRip_usePruning,PART_useMDLcorrection,SimpleCart_usePrune,SimpleCart_useOneSE,JRip_minNo,J48_useMDLcorrection,J48_doNotMakeSplitPointActualValue,JRip_optimizations,PART_pruning,SimpleCart_numFoldsPruning,J48_collapseTree,DecisionTable_search,J48_numFolds,J48_subtreeRaising,J48_binarySplits,J48_minNumObj,PART_confidenceFactorValue,DecisionTable_crossVal,DecisionTable_evaluationMeasure,GreedyStepwise_searchBackwards,DecisionTable_useIBk,JRip_folds,J48_useLaplace,GreedyStepwise_conservativeForwardSelection,BestFirst_direction,PART_numFolds,BestFirst_searchTermination"
67,90,0.85235294,1.00000000,1.00000000,1.00000000,1.00000000,0003,0041,0035,0.00000000,"J48,SimpleCart,J48_collapseTree,Aggregator,J48_minNumObj,J48_pruning,JRip,SimpleCart_minNumObj,JRip_minNo,PART,J48_useMDLcorrection,PART_binarySplits,DecisionTable,J48_useLaplace,JRip_checkErrorRate,SimpleCart_usePrune,J48_numFolds,J48_binarySplits,J48_subtreeRaising,DecisionTable_search,SimpleCart_heuristic,J48_doNotMakeSplitPointActualValue,J48_confidenceFactorValue,PART_useMDLcorrection,PART_pruning,GreedyStepwise_conservativeForwardSelection,PART_minNumObj,DecisionTable_evaluationMeasure,DecisionTable_useIBk,SimpleCart_useOneSE,JRip_usePruning,PART_numFolds,BestFirst_searchTermination,JRip_optimizations,PART_doNotMakeSplitPointActualValue,DecisionTable_crossVal,SimpleCart_numFoldsPruning,GreedyStepwise_searchBackwards,BestFirst_direction,PART_confidenceFactorValue,JRip_folds"
68,90,0.82411765,1.00000000,1.00000000,1.00000000,1.00000000,0003,0040,0035,0.00000000,"DecisionTable,DecisionTable_crossVal,Aggregator,DecisionTable_search,JRip,DecisionTable_useIBk,DecisionTable_evaluationMeasure,SimpleCart,J48,JRip_checkErrorRate,J48_doNotMakeSplitPointActualValue,PART,JRip_minNo,SimpleCart_minNumObj,SimpleCart_usePrune,JRip_usePruning,JRip_optimizations,BestFirst_searchTermination,J48_binarySplits,J48_useMDLcorrection,SimpleCart_numFoldsPruning,J48_useLaplace,GreedyStepwise_conservativeForwardSelection,BestFirst_direction,J48_collapseTree,JRip_folds,GreedyStepwise_searchBackwards,PART_doNotMakeSplitPointActualValue,J48_minNumObj,J48_pruning,PART_useMDLcorrection,SimpleCart_heuristic,PART_pruning,PART_minNumObj,PART_confidenceFactorValue,SimpleCart_useOneSE,PART_binarySplits,PART_numFolds,J48_subtreeRaising,J48_confidenceFactorValue,J48_numFolds"
69,90,0.82411765,1.00000000,1.00000000,1.00000000,1.00000000,0002,0039,0035,0.00000000,"PART,PART_pruning,J48,PART_confidenceFactorValue,JRip,J48_collapseTree,Aggregator,J48_minNumObj,DecisionTable,DecisionTable_evaluationMeasure,PART_minNumObj,SimpleCart,J48_useLaplace,DecisionTable_search,BestFirst_direction,PART_doNotMakeSplitPointActualValue,JRip_minNo,JRip_usePruning,J48_pruning,J48_numFolds,SimpleCart_heuristic,J48_subtreeRaising,DecisionTable_useIBk,SimpleCart_minNumObj,J48_doNotMakeSplitPointActualValue,JRip_checkErrorRate,GreedyStepwise_searchBackwards,J48_binarySplits,DecisionTable_crossVal,PART_numFolds,BestFirst_searchTermination,GreedyStepwise_conservativeForwardSelection,PART_binarySplits,PART_useMDLcorrection,J48_useMDLcorrection,SimpleCart_usePrune,JRip_optimizations,SimpleCart_useOneSE,JRip_folds,J48_confidenceFactorValue,SimpleCart_numFoldsPruning"
70,90,0.82411765,1.00000000,1.00000000,1.00000000,1.00000000,0002,0039,0035,0.00000000,"JRip,Aggregator,SimpleCart,J48,JRip_minNo,JRip_checkErrorRate,JRip_usePruning,JRip_optimizations,J48_pruning,J48_binarySplits,J48_confidenceFactorValue,PART,DecisionTable,SimpleCart_heuristic,SimpleCart_minNumObj,DecisionTable_useIBk,PART_useMDLcorrection,J48_collapseTree,J48_minNumObj,SimpleCart_usePrune,J48_numFolds,DecisionTable_evaluationMeasure,J48_subtreeRaising,J48_doNotMakeSplitPointActualValue,DecisionTable_search,PART_binarySplits,SimpleCart_numFoldsPruning,JRip_folds,DecisionTable_crossVal,J48_useLaplace,PART_doNotMakeSplitPointActualValue,BestFirst_direction,J48_useMDLcorrection,SimpleCart_useOneSE,PART_pruning,PART_minNumObj,PART_confidenceFactorValue,GreedyStepwise_conservativeForwardSelection,BestFirst_searchTermination,GreedyStepwise_searchBackwards,PART_numFolds"
71,90,0.82411765,1.00000000,1.00000000,1.00000000,1.00000000,0002,0038,0035,0.00000000,"DecisionTable,DecisionTable_crossVal,PART,PART_useMDLcorrection,PART_minNumObj,J48,SimpleCart,J48_doNotMakeSplitPointActualValue,PART_doNotMakeSplitPointActualValue,DecisionTable_evaluationMeasure,SimpleCart_minNumObj,SimpleCart_heuristic,DecisionTable_search,J48_useLaplace,DecisionTable_useIBk,PART_pruning,J48_collapseTree,JRip,JRip_minNo,J48_useMDLcorrection,Aggregator,PART_binarySplits,J48_minNumObj,JRip_usePruning,SimpleCart_usePrune,JRip_optimizations,PART_confidenceFactorValue,J48_binarySplits,J48_pruning,PART_numFolds,J48_numFolds,BestFirst_searchTermination,GreedyStepwise_conservativeForwardSelection,GreedyStepwise_searchBackwards,J48_confidenceFactorValue,JRip_checkErrorRate,JRip_folds,BestFirst_direction,SimpleCart_numFoldsPruning,SimpleCart_useOneSE,J48_subtreeRaising"
72,90,0.82411765,1.00000000,1.00000000,1.00000000,1.00000000,0003,0036,0035,0.00000000,"J48,DecisionTable,J48_pruning,Aggregator,J48_confidenceFactorValue,PART,JRip,J48_collapseTree,J48_binarySplits,J48_useMDLcorrection,J48_subtreeRaising,SimpleCart,DecisionTable_crossVal,PART_minNumObj,J48_minNumObj,J48_useLaplace,J48_doNotMakeSplitPointActualValue,PART_useMDLcorrection,PART_doNotMakeSplitPointActualValue,J48_numFolds,SimpleCart_heuristic,DecisionTable_evaluationMeasure,DecisionTable_search,DecisionTable_useIBk,PART_pruning,PART_binarySplits,SimpleCart_minNumObj,JRip_checkErrorRate,JRip_usePruning,JRip_minNo,PART_numFolds,SimpleCart_usePrune,JRip_folds,JRip_optimizations,BestFirst_direction,SimpleCart_useOneSE,GreedyStepwise_searchBackwards,SimpleCart_numFoldsPruning,PART_confidenceFactorValue,GreedyStepwise_conservativeForwardSelection,BestFirst_searchTermination"
73,90,0.83470588,1.00000000,1.00000000,1.00000000,1.00000000,0002,0038,0035,0.00000000,"JRip,PART,JRip_minNo,JRip_usePruning,SimpleCart,Aggregator,PART_binarySplits,SimpleCart_heuristic,JRip_folds,PART_useMDLcorrection,SimpleCart_minNumObj,J48,DecisionTable,DecisionTable_crossVal,PART_pruning,J48_binarySplits,PART_numFolds,JRip_checkErrorRate,PART_confidenceFactorValue,PART_doNotMakeSplitPointActualValue,DecisionTable_useIBk,DecisionTable_search,DecisionTable_evaluationMeasure,PART_minNumObj,J48_useMDLcorrection,BestFirst_searchTermination,J48_pruning,J48_minNumObj,GreedyStepwise_conservativeForwardSelection,J48_confidenceFactorValue,J48_useLaplace,JRip_optimizations,J48_numFolds,SimpleCart_usePrune,BestFirst_direction,J48_doNotMakeSplitPointActualValue,J48_collapseTree,GreedyStepwise_searchBackwards,J48_subtreeRaising,SimpleCart_numFoldsPruning,SimpleCart_useOneSE"
74,90,0.82411765,1.00000000,1.00000000,1.00000000,1.00000000,0002,0040,0035,0.00000000,"SimpleCart,JRip,JRip_minNo,SimpleCart_heuristic,JRip_checkErrorRate,SimpleCart_usePrune,SimpleCart_useOneSE,PART,SimpleCart_minNumObj,DecisionTable,Aggregator,JRip_usePruning,J48,PART_minNumObj,J48_pruning,SimpleCart_numFoldsPruning,PART_doNotMakeSplitPointActualValue,J48_useLaplace,J48_confidenceFactorValue,J48_subtreeRaising,J48_binarySplits,DecisionTable_useIBk,PART_pruning,PART_useMDLcorrection,J48_numFolds,J48_minNumObj,J48_useMDLcorrection,DecisionTable_evaluationMeasure,JRip_optimizations,DecisionTable_search,DecisionTable_crossVal,J48_doNotMakeSplitPointActualValue,J48_collapseTree,PART_binarySplits,JRip_folds,PART_confidenceFactorValue,BestFirst_searchTermination,PART_numFolds,GreedyStepwise_searchBackwards,BestFirst_direction,GreedyStepwise_conservativeForwardSelection"
75,90,0.82411765,1.00000000,1.00000000,1.00000000,1.00000000,0003,0038,0035,0.00000000,"DecisionTable,DecisionTable_crossVal,DecisionTable_evaluationMeasure,DecisionTable_useIBk,SimpleCart,J48,DecisionTable_search,Aggregator,J48_minNumObj,BestFirst_direction,SimpleCart_heuristic,PART,JRip,J48_doNotMakeSplitPointActualValue,J48_collapseTree,JRip_usePruning,BestFirst_searchTermination,J48_pruning,GreedyStepwise_conservativeForwardSelection,GreedyStepwise_searchBackwards,SimpleCart_usePrune,JRip_folds,PART_minNumObj,PART_binarySplits,PART_pruning,J48_subtreeRaising,JRip_minNo,SimpleCart_minNumObj,J48_useMDLcorrection,SimpleCart_numFoldsPruning,J48_useLaplace,J48_binarySplits,J48_numFolds,PART_useMDLcorrection,PART_doNotMakeSplitPointActualValue,JRip_checkErrorRate,PART_numFolds,PART_confidenceFactorValue,J48_confidenceFactorValue,SimpleCart_useOneSE,JRip_optimizations"
76,90,0.82411765,1.00000000,1.00000000,1.00000000,1.00000000,0002,0038,0035,0.00000000,"JRip,JRip_checkErrorRate,DecisionTable,J48,SimpleCart,SimpleCart_heuristic,J48_pruning,PART,DecisionTable_evaluationMeasure,SimpleCart_usePrune,DecisionTable_crossVal,J48_subtreeRaising,J48_useLaplace,J48_minNumObj,JRip_usePruning,SimpleCart_useOneSE,JRip_minNo,J48_numFolds,Aggregator,J48_confidenceFactorValue,DecisionTable_search,J48_doNotMakeSplitPointActualValue,GreedyStepwise_conservativeForwardSelection,PART_minNumObj,J48_useMDLcorrection,J48_collapseTree,J48_binarySplits,PART_pruning,SimpleCart_minNumObj,DecisionTable_useIBk,JRip_optimizations,PART_useMDLcorrection,PART_doNotMakeSplitPointActualValue,PART_binarySplits,SimpleCart_numFoldsPruning,BestFirst_direction,BestFirst_searchTermination,JRip_folds,GreedyStepwise_searchBackwards,PART_numFolds,PART_confidenceFactorValue"
77,90,0.82411765,1.00000000,1.00000000,1.00000000,1.00000000,0002,0044,0035,0.00000000,"DecisionTable,Aggregator,DecisionTable_search,JRip,BestFirst_searchTermination,DecisionTable_crossVal,J48,GreedyStepwise_searchBackwards,DecisionTable_evaluationMeasure,BestFirst_direction,SimpleCart,PART,J48_collapseTree,J48_useLaplace,JRip_checkErrorRate,PART_doNotMakeSplitPointActualValue,J48_minNumObj,J48_doNotMakeSplitPointActualValue,J48_pruning,SimpleCart_usePrune,PART_minNumObj,J48_binarySplits,SimpleCart_heuristic,DecisionTable_useIBk,GreedyStepwise_conservativeForwardSelection,J48_confidenceFactorValue,JRip_usePruning,SimpleCart_useOneSE,J48_subtreeRaising,J48_numFolds,SimpleCart_numFoldsPruning,PART_useMDLcorrection,JRip_minNo,SimpleCart_minNumObj,J48_useMDLcorrection,PART_binarySplits,PART_pruning,PART_confidenceFactorValue,JRip_folds,JRip_optimizations,PART_numFolds"
78,90,0.90470588,1.00000000,1.00000000,1.00000000,1.00000000,0002,0039,0035,0.00000000,"J48,DecisionTable,Aggregator,DecisionTable_useIBk,DecisionTable_crossVal,SimpleCart,PART,PART_pruning,PART_useMDLcorrection,JRip,J48_doNotMakeSplitPointActualValue,J48_pruning,J48_subtreeRaising,SimpleCart_usePrune,PART_minNumObj,J48_collapseTree,J48_numFolds,J48_binarySplits,JRip_checkErrorRate,SimpleCart_numFoldsPruning,DecisionTable_evaluationMeasure,SimpleCart_useOneSE,JRip_minNo,PART_doNotMakeSplitPointActualValue,JRip_usePruning,J48_minNumObj,J48_confidenceFactorValue,J48_useLaplace,J48_useMDLcorrection,DecisionTable_search,PART_confidenceFactorValue,SimpleCart_minNumObj,JRip_optimizations,GreedyStepwise_conservativeForwardSelection,PART_numFolds,PART_binarySplits,SimpleCart_heuristic,BestFirst_searchTermination,JRip_folds,BestFirst_direction,GreedyStepwise_searchBackwards"
79,90,0.82411765,1.00000000,1.00000000,1.00000000,1.00000000,0002,0038,0035,0.00000000,"SimpleCart,SimpleCart_heuristic,PART,PART_minNumObj,J48,PART_useMDLcorrection,J48_useLaplace,J48_collapseTree,J48_pruning,DecisionTable,J48_binarySplits,SimpleCart_usePrune,J48_numFolds,Aggregator,PART_binarySplits,PART_doNotMakeSplitPointActualValue,DecisionTable_evaluationMeasure,SimpleCart_minNumObj,DecisionTable_useIBk,PART_pruning,DecisionTable_search,PART_numFolds,GreedyStepwise_conservativeForwardSelection,JRip,SimpleCart_numFoldsPruning,J48_confidenceFactorValue,J48_minNumObj,BestFirst_direction,JRip_minNo,J48_subtreeRaising,PART_confidenceFactorValue,BestFirst_searchTermination,J48_useMDLcorrection,J48_doNotMakeSplitPointActualValue,GreedyStepwise_searchBackwards,DecisionTable_crossVal,JRip_checkErrorRate,SimpleCart_useOneSE,JRip_usePruning,JRip_optimizations,JRip_folds"
80,90,0.83470588,1.00000000,1.00000000,1.00000000,1.00000000,0002,0037,0035,0.00000000,"PART,PART_binarySplits,SimpleCart,JRip,JRip_checkErrorRate,Aggregator,PART_doNotMakeSplitPointActualValue,SimpleCart_usePrune,PART_pruning,J48,SimpleCart_minNumObj,J48_collapseTree,PART_minNumObj,SimpleCart_useOneSE,SimpleCart_numFoldsPruning,PART_useMDLcorrection,SimpleCart_heuristic,DecisionTable,PART_numFolds,DecisionTable_evaluationMeasure,PART_confidenceFactorValue,J48_pruning,J48_doNotMakeSplitPointActualValue,JRip_minNo,JRip_usePruning,J48_binarySplits,J48_useLaplace,DecisionTable_search,J48_minNumObj,J48_confidenceFactorValue,J48_useMDLcorrection,JRip_folds,DecisionTable_useIBk,DecisionTable_crossVal,GreedyStepwise_conservativeForwardSelection,J48_numFolds,BestFirst_direction,BestFirst_searchTermination,J48_subtreeRaising,GreedyStepwise_searchBackwards,JRip_optimizations"
81,90,0.82411765,1.00000000,1.00000000,1.00000000,1.00000000,0002,0039,0035,0.00000000,"DecisionTable,DecisionTable_useIBk,SimpleCart,Aggregator,SimpleCart_heuristic,PART,DecisionTable_crossVal,SimpleCart_minNumObj,PART_pruning,PART_binarySplits,SimpleCart_usePrune,J48,PART_minNumObj,J48_useMDLcorrection,PART_doNotMakeSplitPointActualValue,JRip,DecisionTable_search,GreedyStepwise_conservativeForwardSelection,PART_useMDLcorrection,BestFirst_direction,J48_binarySplits,J48_useLaplace,DecisionTable_evaluationMeasure,GreedyStepwise_searchBackwards,J48_pruning,J48_collapseTree,SimpleCart_useOneSE,SimpleCart_numFoldsPruning,PART_numFolds,J48_doNotMakeSplitPointActualValue,PART_confidenceFactorValue,JRip_minNo,J48_subtreeRaising,J48_minNumObj,J48_numFolds,BestFirst_searchTermination,JRip_checkErrorRate,JRip_usePruning,J48_confidenceFactorValue,JRip_folds,JRip_optimizations"
82,90,0.82411765,1.00000000,1.00000000,1.00000000,1.00000000,0002,0044,0035,0.00000000,"JRip,DecisionTable,DecisionTable_crossVal,J48,DecisionTable_useIBk,Aggregator,PART,J48_useLaplace,JRip_usePruning,PART_binarySplits,SimpleCart,J48_doNotMakeSplitPointActualValue,JRip_minNo,PART_pruning,J48_collapseTree,JRip_checkErrorRate,SimpleCart_minNumObj,PART_doNotMakeSplitPointActualValue,J48_binarySplits,PART_confidenceFactorValue,JRip_folds,J48_useMDLcorrection,DecisionTable_evaluationMeasure,JRip_optimizations,PART_useMDLcorrection,J48_minNumObj,SimpleCart_heuristic,PART_minNumObj,DecisionTable_search,SimpleCart_usePrune,PART_numFolds,J48_pruning,J48_confidenceFactorValue,BestFirst_direction,J48_subtreeRaising,BestFirst_searchTermination,SimpleCart_numFoldsPruning,GreedyStepwise_conservativeForwardSelection,J48_numFolds,GreedyStepwise_searchBackwards,SimpleCart_useOneSE"
83,90,0.82411765,1.00000000,1.00000000,1.00000000,1.00000000,0002,0037,0035,0.00000000,"DecisionTable,DecisionTable_crossVal,JRip,J48,DecisionTable_useIBk,SimpleCart,DecisionTable_evaluationMeasure,Aggregator,J48_useLaplace,JRip_checkErrorRate,SimpleCart_minNumObj,J48_pruning,DecisionTable_search,J48_useMDLcorrection,BestFirst_searchTermination,PART,PART_minNumObj,SimpleCart_usePrune,J48_doNotMakeSplitPointActualValue,JRip_minNo,PART_useMDLcorrection,SimpleCart_useOneSE,J48_subtreeRaising,J48_minNumObj,J48_binarySplits,J48_collapseTree,J48_confidenceFactorValue,JRip_usePruning,PART_binarySplits,PART_doNotMakeSplitPointActualValue,SimpleCart_heuristic,SimpleCart_numFoldsPruning,J48_numFolds,GreedyStepwise_searchBackwards,BestFirst_direction,GreedyStepwise_conservativeForwardSelection,PART_pruning,JRip_folds,PART_numFolds,JRip_optimizations,PART_confidenceFactorValue"
84,90,0.82411765,1.00000000,1.00000000,1.00000000,1.00000000,0002,0037,0035,0.00000000,"SimpleCart,DecisionTable,PART,PART_minNumObj,J48,SimpleCart_minNumObj,DecisionTable_crossVal,PART_pruning,J48_binarySplits,PART_numFolds,J48_collapseTree,PART_doNotMakeSplitPointActualValue,J48_doNotMakeSplitPointActualValue,DecisionTable_evaluationMeasure,JRip,PART_confidenceFactorValue,JRip_usePruning,PART_useMDLcorrection,DecisionTable_useIBk,J48_minNumObj,Aggregator,JRip_folds,SimpleCart_heuristic,SimpleCart_usePrune,JRip_optimizations,J48_pruning,SimpleCart_numFoldsPruning,DecisionTable_search,PART_binarySplits,J48_useLaplace,GreedyStepwise_searchBackwards,J48_useMDLcorrection,JRip_minNo,SimpleCart_useOneSE,J48_subtreeRaising,JRip_checkErrorRate,GreedyStepwise_conservativeForwardSelection,BestFirst_direction,J48_confidenceFactorValue,J48_numFolds,BestFirst_searchTermination"
85,90,0.86921569,1.00000000,1.00000000,1.00000000,1.00000000,0003,0041,0035,0.00000000,"J48,J48_pruning,JRip,PART,J48_numFolds,J48_minNumObj,J48_useMDLcorrection,JRip_minNo,PART_minNumObj,PART_binarySplits,JRip_usePruning,SimpleCart,JRip_optimizations,DecisionTable,J48_collapseTree,DecisionTable_useIBk,J48_binarySplits,Aggregator,SimpleCart_heuristic,J48_doNotMakeSplitPointActualValue,J48_subtreeRaising,PART_pruning,PART_confidenceFactorValue,J48_confidenceFactorValue,J48_useLaplace,PART_useMDLcorrection,DecisionTable_evaluationMeasure,JRip_checkErrorRate,SimpleCart_usePrune,PART_doNotMakeSplitPointActualValue,DecisionTable_crossVal,DecisionTable_search,JRip_folds,PART_numFolds,BestFirst_direction,SimpleCart_minNumObj,SimpleCart_useOneSE,BestFirst_searchTermination,GreedyStepwise_searchBackwards,SimpleCart_numFoldsPruning,GreedyStepwise_conservativeForwardSelection"
86,90,0.82411765,1.00000000,1.00000000,1.00000000,1.00000000,0003,0041,0035,0.00000000,"JRip,DecisionTable,PART,Aggregator,PART_useMDLcorrection,DecisionTable_useIBk,JRip_usePruning,PART_pruning,JRip_checkErrorRate,DecisionTable_search,JRip_folds,PART_numFolds,GreedyStepwise_searchBackwards,PART_minNumObj,J48,J48_pruning,PART_binarySplits,SimpleCart,BestFirst_direction,JRip_minNo,DecisionTable_crossVal,PART_confidenceFactorValue,JRip_optimizations,J48_confidenceFactorValue,DecisionTable_evaluationMeasure,J48_collapseTree,PART_doNotMakeSplitPointActualValue,J48_doNotMakeSplitPointActualValue,BestFirst_searchTermination,SimpleCart_usePrune,J48_useLaplace,J48_useMDLcorrection,J48_numFolds,J48_minNumObj,J48_subtreeRaising,GreedyStepwise_conservativeForwardSelection,SimpleCart_minNumObj,J48_binarySplits,SimpleCart_heuristic,SimpleCart_useOneSE,SimpleCart_numFoldsPruning"
87,90,0.82411765,1.00000000,1.00000000,1.00000000,1.00000000,0002,0040,0035,0.00000000,"J48,J48_pruning,J48_collapseTree,DecisionTable,J48_doNotMakeSplitPointActualValue,DecisionTable_search,J48_binarySplits,SimpleCart,PART,GreedyStepwise_conservativeForwardSelection,J48_confidenceFactorValue,J48_useMDLcorrection,J48_subtreeRaising,DecisionTable_evaluationMeasure,JRip,J48_numFolds,PART_doNotMakeSplitPointActualValue,JRip_usePruning,Aggregator,PART_pruning,BestFirst_direction,SimpleCart_heuristic,JRip_folds,J48_minNumObj,PART_minNumObj,J48_useLaplace,SimpleCart_usePrune,DecisionTable_crossVal,SimpleCart_numFoldsPruning,PART_useMDLcorrection,GreedyStepwise_searchBackwards,DecisionTable_useIBk,BestFirst_searchTermination,SimpleCart_minNumObj,JRip_minNo,JRip_checkErrorRate,PART_binarySplits,PART_numFolds,JRip_optimizations,PART_confidenceFactorValue,SimpleCart_useOneSE"
88,90,0.85019608,1.00000000,1.00000000,1.00000000,1.00000000,0002,0038,0035,0.00000000,"DecisionTable,SimpleCart,SimpleCart_heuristic,PART,DecisionTable_evaluationMeasure,DecisionTable_search,J48,J48_doNotMakeSplitPointActualValue,SimpleCart_minNumObj,JRip,DecisionTable_crossVal,JRip_minNo,GreedyStepwise_searchBackwards,J48_useLaplace,J48_binarySplits,BestFirst_searchTermination,BestFirst_direction,DecisionTable_useIBk,Aggregator,JRip_usePruning,PART_pruning,J48_useMDLcorrection,J48_pruning,PART_minNumObj,PART_binarySplits,JRip_optimizations,J48_minNumObj,SimpleCart_usePrune,PART_useMDLcorrection,PART_doNotMakeSplitPointActualValue,GreedyStepwise_conservativeForwardSelection,JRip_checkErrorRate,J48_subtreeRaising,J48_numFolds,PART_numFolds,J48_collapseTree,SimpleCart_useOneSE,PART_confidenceFactorValue,JRip_folds,J48_confidenceFactorValue,SimpleCart_numFoldsPruning"
89,90,0.83470588,1.00000000,1.00000000,1.00000000,1.00000000,0002,0037,0035,0.00000000,"JRip,DecisionTable,DecisionTable_search,SimpleCart,SimpleCart_minNumObj,J48,Aggregator,PART,JRip_usePruning,DecisionTable_useIBk,DecisionTable_evaluationMeasure,BestFirst_direction,GreedyStepwise_conservativeForwardSelection,J48_pruning,PART_pruning,J48_doNotMakeSplitPointActualValue,PART_useMDLcorrection,SimpleCart_heuristic,BestFirst_searchTermination,J48_useMDLcorrection,GreedyStepwise_searchBackwards,JRip_minNo,JRip_checkErrorRate,J48_minNumObj,DecisionTable_crossVal,PART_doNotMakeSplitPointActualValue,PART_confidenceFactorValue,JRip_folds,PART_minNumObj,J48_binarySplits,JRip_optimizations,PART_binarySplits,J48_confidenceFactorValue,SimpleCart_usePrune,J48_collapseTree,PART_numFolds,J48_useLaplace,J48_subtreeRaising,SimpleCart_useOneSE,J48_numFolds,SimpleCart_numFoldsPruning"
90,90,0.83470588,1.00000000,1.00000000,1.00000000,1.00000000,0002,0035,0035,0.00000000,"Aggregator,JRip,JRip_usePruning,PART,DecisionTable,DecisionTable_search,J48,J48_doNotMakeSplitPointActualValue,JRip_checkErrorRate,J48_minNumObj,JRip_optimizations,BestFirst_searchTermination,PART_minNumObj,PART_pruning,GreedyStepwise_searchBackwards,PART_numFolds,J48_useMDLcorrection,BestFirst_direction,PART_binarySplits,GreedyStepwise_conservativeForwardSelection,JRip_minNo,SimpleCart,JRip_folds,J48_pruning,PART_doNotMakeSplitPointActualValue,DecisionTable_useIBk,SimpleCart_heuristic,PART_useMDLcorrection,J48_collapseTree,PART_confidenceFactorValue,DecisionTable_crossVal,J48_binarySplits,DecisionTable_evaluationMeasure,J48_useLaplace,SimpleCart_usePrune,J48_confidenceFactorValue,SimpleCart_minNumObj,J48_subtreeRaising,J48_numFolds,SimpleCart_numFoldsPruning,SimpleCart_useOneSE"
91,90,0.82411765,1.00000000,1.00000000,1.00000000,1.00000000,0002,0036,0035,0.00000000,"J48,Aggregator,PART,PART_binarySplits,J48_binarySplits,DecisionTable,J48_pruning,PART_pruning,PART_doNotMakeSplitPointActualValue,J48_minNumObj,J48_useMDLcorrection,DecisionTable_search,J48_useLaplace,SimpleCart,J48_doNotMakeSplitPointActualValue,JRip,SimpleCart_heuristic,PART_numFolds,BestFirst_searchTermination,JRip_usePruning,GreedyStepwise_searchBackwards,PART_confidenceFactorValue,J48_subtreeRaising,J48_collapseTree,PART_useMDLcorrection,JRip_folds,DecisionTable_useIBk,DecisionTable_evaluationMeasure,GreedyStepwise_conservativeForwardSelection,PART_minNumObj,J48_numFolds,SimpleCart_usePrune,BestFirst_direction,J48_confidenceFactorValue,SimpleCart_minNumObj,DecisionTable_crossVal,SimpleCart_useOneSE,JRip_minNo,SimpleCart_numFoldsPruning,JRip_checkErrorRate,JRip_optimizations"
92,90,0.82843137,1.00000000,1.00000000,1.00000000,1.00000000,0002,0038,0035,0.00000000,"Aggregator,SimpleCart,J48,J48_pruning,J48_confidenceFactorValue,JRip,J48_minNumObj,J48_subtreeRaising,DecisionTable,SimpleCart_usePrune,PART,PART_doNotMakeSplitPointActualValue,JRip_checkErrorRate,DecisionTable_useIBk,J48_useMDLcorrection,SimpleCart_useOneSE,PART_binarySplits,DecisionTable_crossVal,J48_numFolds,J48_collapseTree,SimpleCart_numFoldsPruning,SimpleCart_minNumObj,J48_binarySplits,J48_useLaplace,SimpleCart_heuristic,J48_doNotMakeSplitPointActualValue,DecisionTable_search,PART_minNumObj,DecisionTable_evaluationMeasure,JRip_usePruning,JRip_minNo,PART_useMDLcorrection,JRip_optimizations,GreedyStepwise_searchBackwards,PART_pruning,BestFirst_searchTermination,JRip_folds,GreedyStepwise_conservativeForwardSelection,BestFirst_direction,PART_confidenceFactorValue,PART_numFolds"
93,90,0.82411765,1.00000000,1.00000000,1.00000000,1.00000000,0002,0037,0035,0.00000000,"DecisionTable,DecisionTable_useIBk,DecisionTable_evaluationMeasure,DecisionTable_search,J48,J48_pruning,J48_useMDLcorrection,J48_numFolds,GreedyStepwise_searchBackwards,J48_confidenceFactorValue,J48_subtreeRaising,JRip,J48_binarySplits,PART,Aggregator,JRip_minNo,SimpleCart,JRip_usePruning,J48_doNotMakeSplitPointActualValue,DecisionTable_crossVal,JRip_checkErrorRate,SimpleCart_heuristic,BestFirst_searchTermination,J48_collapseTree,GreedyStepwise_conservativeForwardSelection,BestFirst_direction,J48_useLaplace,PART_minNumObj,PART_doNotMakeSplitPointActualValue,J48_minNumObj,PART_pruning,SimpleCart_usePrune,PART_binarySplits,JRip_optimizations,PART_useMDLcorrection,JRip_folds,PART_numFolds,SimpleCart_minNumObj,SimpleCart_useOneSE,PART_confidenceFactorValue,SimpleCart_numFoldsPruning"
94,90,0.82411765,1.00000000,1.00000000,1.00000000,1.00000000,0002,0042,0035,0.00000000,"DecisionTable,DecisionTable_search,SimpleCart,Aggregator,BestFirst_direction,J48,GreedyStepwise_conservativeForwardSelection,J48_useMDLcorrection,PART,JRip,SimpleCart_usePrune,BestFirst_searchTermination,JRip_usePruning,J48_minNumObj,JRip_optimizations,J48_useLaplace,DecisionTable_crossVal,J48_doNotMakeSplitPointActualValue,DecisionTable_useIBk,PART_binarySplits,JRip_folds,PART_minNumObj,GreedyStepwise_searchBackwards,J48_pruning,SimpleCart_minNumObj,JRip_checkErrorRate,DecisionTable_evaluationMeasure,SimpleCart_numFoldsPruning,J48_collapseTree,SimpleCart_useOneSE,SimpleCart_heuristic,J48_numFolds,PART_doNotMakeSplitPointActualValue,PART_useMDLcorrection,J48_confidenceFactorValue,J48_binarySplits,JRip_minNo,PART_pruning,J48_subtreeRaising,PART_confidenceFactorValue,PART_numFolds"
95,90,0.82411765,1.00000000,1.00000000,1.00000000,1.00000000,0002,0036,0035,0.00000000,"Aggregator,J48,J48_pruning,DecisionTable,DecisionTable_crossVal,J48_numFolds,DecisionTable_search,J48_useLaplace,JRip,DecisionTable_useIBk,J48_subtreeRaising,JRip_minNo,J48_collapseTree,SimpleCart,J48_useMDLcorrection,J48_doNotMakeSplitPointActualValue,J48_binarySplits,JRip_usePruning,SimpleCart_heuristic,PART,BestFirst_direction,PART_minNumObj,J48_minNumObj,DecisionTable_evaluationMeasure,J48_confidenceFactorValue,SimpleCart_usePrune,GreedyStepwise_conservativeForwardSelection,PART_useMDLcorrection,SimpleCart_numFoldsPruning,BestFirst_searchTermination,GreedyStepwise_searchBackwards,PART_binarySplits,JRip_checkErrorRate,SimpleCart_minNumObj,PART_pruning,SimpleCart_useOneSE,JRip_optimizations,PART_doNotMakeSplitPointActualValue,JRip_folds,PART_confidenceFactorValue,PART_numFolds"
96,90,0.82411765,1.00000000,1.00000000,1.00000000,1.00000000,0002,0037,0035,0.00000000,"SimpleCart,JRip,JRip_minNo,DecisionTable,SimpleCart_heuristic,JRip_usePruning,Aggregator,DecisionTable_evaluationMeasure,SimpleCart_usePrune,JRip_folds,J48,J48_pruning,J48_binarySplits,J48_collapseTree,J48_doNotMakeSplitPointActualValue,DecisionTable_crossVal,JRip_checkErrorRate,SimpleCart_useOneSE,SimpleCart_minNumObj,J48_useMDLcorrection,PART,JRip_optimizations,DecisionTable_search,DecisionTable_useIBk,PART_useMDLcorrection,PART_minNumObj,PART_doNotMakeSplitPointActualValue,J48_confidenceFactorValue,J48_minNumObj,PART_binarySplits,J48_numFolds,GreedyStepwise_searchBackwards,BestFirst_direction,J48_useLaplace,BestFirst_searchTermination,SimpleCart_numFoldsPruning,J48_subtreeRaising,PART_pruning,GreedyStepwise_conservativeForwardSelection,PART_numFolds,PART_confidenceFactorValue"
97,90,0.85235294,1.00000000,1.00000000,1.00000000,1.00000000,0002,0039,0035,0.00000000,"SimpleCart,SimpleCart_minNumObj,DecisionTable,J48,DecisionTable_crossVal,SimpleCart_usePrune,SimpleCart_useOneSE,J48_collapseTree,J48_useLaplace,J48_useMDLcorrection,SimpleCart_heuristic,J48_minNumObj,PART,J48_binarySplits,DecisionTable_search,Aggregator,JRip,JRip_checkErrorRate,GreedyStepwise_conservativeForwardSelection,BestFirst_searchTermination,J48_pruning,J48_numFolds,JRip_usePruning,JRip_optimizations,J48_subtreeRaising,PART_minNumObj,J48_doNotMakeSplitPointActualValue,DecisionTable_useIBk,JRip_minNo,PART_binarySplits,DecisionTable_evaluationMeasure,PART_pruning,SimpleCart_numFoldsPruning,J48_confidenceFactorValue,GreedyStepwise_searchBackwards,PART_useMDLcorrection,BestFirst_direction,PART_doNotMakeSplitPointActualValue,JRip_folds,PART_numFolds,PART_confidenceFactorValue"
98,90,0.82411765,1.00000000,1.00000000,1.00000000,1.00000000,0002,0035,0035,0.00000000,"SimpleCart,SimpleCart_usePrune,J48,J48_doNotMakeSplitPointActualValue,Aggregator,PART,J48_pruning,J48_numFolds,J48_subtreeRaising,SimpleCart_useOneSE,DecisionTable,J48_binarySplits,SimpleCart_numFoldsPruning,JRip,SimpleCart_heuristic,J48_useLaplace,SimpleCart_minNumObj,J48_collapseTree,JRip_usePruning,J48_useMDLcorrection,JRip_minNo,DecisionTable_crossVal,PART_binarySplits,PART_pruning,J48_minNumObj,J48_confidenceFactorValue,PART_useMDLcorrection,JRip_checkErrorRate,PART_minNumObj,JRip_folds,JRip_optimizations,PART_doNotMakeSplitPointActualValue,PART_confidenceFactorValue,DecisionTable_useIBk,DecisionTable_evaluationMeasure,DecisionTable_search,GreedyStepwise_searchBackwards,PART_numFolds,BestFirst_direction,GreedyStepwise_conservativeForwardSelection,BestFirst_searchTermination"
99,90,0.83470588,1.00000000,1.00000000,1.00000000,1.00000000,0002,0038,0035,0.00000000,"Aggregator,DecisionTable,SimpleCart,SimpleCart_usePrune,SimpleCart_minNumObj,DecisionTable_useIBk,JRip,DecisionTable_evaluationMeasure,J48,JRip_checkErrorRate,DecisionTable_crossVal,PART,SimpleCart_heuristic,J48_doNotMakeSplitPointActualValue,J48_useMDLcorrection,SimpleCart_useOneSE,SimpleCart_numFoldsPruning,PART_doNotMakeSplitPointActualValue,J48_pruning,J48_binarySplits,JRip_minNo,DecisionTable_search,PART_binarySplits,J48_numFolds,PART_useMDLcorrection,JRip_usePruning,J48_collapseTree,JRip_folds,J48_useLaplace,J48_minNumObj,PART_pruning,PART_confidenceFactorValue,BestFirst_searchTermination,PART_minNumObj,GreedyStepwise_searchBackwards,JRip_optimizations,BestFirst_direction,J48_subtreeRaising,J48_confidenceFactorValue,GreedyStepwise_conservativeForwardSelection,PART_numFolds"
