{
  "000": {
    "JRip_checkErrorRate": {
      "JRip\u003dtrue,JRip_checkErrorRate\u003dfalse": 0.4,
      "JRip\u003dtrue,JRip_checkErrorRate\u003dtrue": 0.6,
      "JRip\u003dfalse,JRip_checkErrorRate\u003dnull": 1.0,
      "JRip\u003dtrue,JRip_checkErrorRate\u003dnull": 0.0,
      "JRip\u003dfalse,JRip_checkErrorRate\u003dfalse": 0.0,
      "JRip\u003dfalse,JRip_checkErrorRate\u003dtrue": 0.0
    },
    "J48_pruning": {
      "J48\u003dtrue,J48_pruning\u003dconfidenceFactor": 0.43,
      "J48\u003dfalse,J48_pruning\u003dunpruned": 0.0,
      "J48\u003dfalse,J48_pruning\u003dconfidenceFactor": 0.0,
      "J48\u003dtrue,J48_pruning\u003dunpruned": 0.285,
      "J48\u003dtrue,J48_pruning\u003dnull": 0.0,
      "J48\u003dtrue,J48_pruning\u003dreducedErrorPruning": 0.285,
      "J48\u003dfalse,J48_pruning\u003dnull": 1.0,
      "J48\u003dfalse,J48_pruning\u003dreducedErrorPruning": 0.0
    },
    "SimpleCart_usePrune": {
      "SimpleCart\u003dtrue,SimpleCart_usePrune\u003dtrue": 0.6,
      "SimpleCart\u003dtrue,SimpleCart_usePrune\u003dnull": 0.0,
      "SimpleCart\u003dfalse,SimpleCart_usePrune\u003dfalse": 0.0,
      "SimpleCart\u003dtrue,SimpleCart_usePrune\u003dfalse": 0.4,
      "SimpleCart\u003dfalse,SimpleCart_usePrune\u003dtrue": 0.0,
      "SimpleCart\u003dfalse,SimpleCart_usePrune\u003dnull": 1.0
    },
    "PART_confidenceFactorValue": {
      "PART_pruning\u003dreducedErrorPruning,PART_confidenceFactorValue\u003d0.05": 0.0,
      "PART_pruning\u003dnull,PART_confidenceFactorValue\u003dnull": 1.0,
      "PART_pruning\u003dreducedErrorPruning,PART_confidenceFactorValue\u003d0.15": 0.0,
      "PART_pruning\u003dreducedErrorPruning,PART_confidenceFactorValue\u003d0.25": 0.0,
      "PART_pruning\u003dreducedErrorPruning,PART_confidenceFactorValue\u003d0.35": 0.0,
      "PART_pruning\u003dreducedErrorPruning,PART_confidenceFactorValue\u003dnull": 1.0,
      "PART_pruning\u003dnull,PART_confidenceFactorValue\u003d0.15": 0.0,
      "PART_pruning\u003dnull,PART_confidenceFactorValue\u003d0.05": 0.0,
      "PART_pruning\u003dunpruned,PART_confidenceFactorValue\u003d0.05": 0.0,
      "PART_pruning\u003dunpruned,PART_confidenceFactorValue\u003d0.15": 0.0,
      "PART_pruning\u003dconfidenceFactor,PART_confidenceFactorValue\u003d0.35": 0.2,
      "PART_pruning\u003dunpruned,PART_confidenceFactorValue\u003d0.25": 0.0,
      "PART_pruning\u003dconfidenceFactor,PART_confidenceFactorValue\u003d0.25": 0.2,
      "PART_pruning\u003dunpruned,PART_confidenceFactorValue\u003d0.35": 0.0,
      "PART_pruning\u003dconfidenceFactor,PART_confidenceFactorValue\u003d0.15": 0.2,
      "PART_pruning\u003dconfidenceFactor,PART_confidenceFactorValue\u003dnull": 0.0,
      "PART_pruning\u003dunpruned,PART_confidenceFactorValue\u003d0.45": 0.0,
      "PART_pruning\u003dconfidenceFactor,PART_confidenceFactorValue\u003d0.05": 0.2,
      "PART_pruning\u003dconfidenceFactor,PART_confidenceFactorValue\u003d0.45": 0.2,
      "PART_pruning\u003dunpruned,PART_confidenceFactorValue\u003dnull": 1.0,
      "PART_pruning\u003dnull,PART_confidenceFactorValue\u003d0.45": 0.0,
      "PART_pruning\u003dnull,PART_confidenceFactorValue\u003d0.35": 0.0,
      "PART_pruning\u003dnull,PART_confidenceFactorValue\u003d0.25": 0.0,
      "PART_pruning\u003dreducedErrorPruning,PART_confidenceFactorValue\u003d0.45": 0.0
    },
    "J48_subtreeRaising": {
      "J48_pruning\u003dreducedErrorPruning,J48_subtreeRaising\u003dfalse": 0.4,
      "J48_pruning\u003dconfidenceFactor,J48_subtreeRaising\u003dtrue": 0.6,
      "J48_pruning\u003dreducedErrorPruning,J48_subtreeRaising\u003dnull": 0.0,
      "J48_pruning\u003dconfidenceFactor,J48_subtreeRaising\u003dnull": 0.0,
      "J48_pruning\u003dunpruned,J48_subtreeRaising\u003dnull": 1.0,
      "J48_pruning\u003dunpruned,J48_subtreeRaising\u003dfalse": 0.0,
      "J48_pruning\u003dnull,J48_subtreeRaising\u003dtrue": 0.0,
      "J48_pruning\u003dnull,J48_subtreeRaising\u003dfalse": 0.0,
      "J48_pruning\u003dreducedErrorPruning,J48_subtreeRaising\u003dtrue": 0.6,
      "J48_pruning\u003dconfidenceFactor,J48_subtreeRaising\u003dfalse": 0.4,
      "J48_pruning\u003dunpruned,J48_subtreeRaising\u003dtrue": 0.0,
      "J48_pruning\u003dnull,J48_subtreeRaising\u003dnull": 1.0
    },
    "DecisionTable_crossVal": {
      "DecisionTable\u003dtrue,DecisionTable_crossVal\u003d5": 0.088,
      "DecisionTable\u003dfalse,DecisionTable_crossVal\u003d3": 0.0,
      "DecisionTable\u003dtrue,DecisionTable_crossVal\u003d4": 0.088,
      "DecisionTable\u003dfalse,DecisionTable_crossVal\u003d4": 0.0,
      "DecisionTable\u003dtrue,DecisionTable_crossVal\u003d7": 0.088,
      "DecisionTable\u003dfalse,DecisionTable_crossVal\u003d5": 0.0,
      "DecisionTable\u003dtrue,DecisionTable_crossVal\u003d6": 0.088,
      "DecisionTable\u003dfalse,DecisionTable_crossVal\u003d6": 0.0,
      "DecisionTable\u003dtrue,DecisionTable_crossVal\u003d9": 0.088,
      "DecisionTable\u003dfalse,DecisionTable_crossVal\u003d7": 0.0,
      "DecisionTable\u003dtrue,DecisionTable_crossVal\u003d8": 0.088,
      "DecisionTable\u003dtrue,DecisionTable_crossVal\u003dnull": 0.0,
      "DecisionTable\u003dfalse,DecisionTable_crossVal\u003d8": 0.0,
      "DecisionTable\u003dfalse,DecisionTable_crossVal\u003dnull": 1.0,
      "DecisionTable\u003dfalse,DecisionTable_crossVal\u003d9": 0.0,
      "DecisionTable\u003dtrue,DecisionTable_crossVal\u003d1": 0.208,
      "DecisionTable\u003dtrue,DecisionTable_crossVal\u003d3": 0.088,
      "DecisionTable\u003dfalse,DecisionTable_crossVal\u003d1": 0.0,
      "DecisionTable\u003dtrue,DecisionTable_crossVal\u003d2": 0.088,
      "DecisionTable\u003dtrue,DecisionTable_crossVal\u003d10": 0.088,
      "DecisionTable\u003dfalse,DecisionTable_crossVal\u003d2": 0.0,
      "DecisionTable\u003dfalse,DecisionTable_crossVal\u003d10": 0.0
    },
    "J48_binarySplits": {
      "J48\u003dtrue,J48_binarySplits\u003dnull": 0.0,
      "J48\u003dfalse,J48_binarySplits\u003dtrue": 0.0,
      "J48\u003dtrue,J48_binarySplits\u003dtrue": 0.4,
      "J48\u003dtrue,J48_binarySplits\u003dfalse": 0.6,
      "J48\u003dfalse,J48_binarySplits\u003dfalse": 0.0,
      "J48\u003dfalse,J48_binarySplits\u003dnull": 1.0
    },
    "JRip": {
      "JRip\u003dtrue": 0.9,
      "JRip\u003dfalse": 0.1
    },
    "BestFirst_searchTermination": {
      "DecisionTable_search\u003dweka.attributeSelection.GreedyStepwise,BestFirst_searchTermination\u003d10": 0.0,
      "DecisionTable_search\u003dnull,BestFirst_searchTermination\u003dnull": 1.0,
      "DecisionTable_search\u003dweka.attributeSelection.BestFirst,BestFirst_searchTermination\u003d6": 0.088,
      "DecisionTable_search\u003dweka.attributeSelection.BestFirst,BestFirst_searchTermination\u003d7": 0.088,
      "DecisionTable_search\u003dweka.attributeSelection.BestFirst,BestFirst_searchTermination\u003d4": 0.088,
      "DecisionTable_search\u003dweka.attributeSelection.BestFirst,BestFirst_searchTermination\u003d5": 0.208,
      "DecisionTable_search\u003dweka.attributeSelection.BestFirst,BestFirst_searchTermination\u003d2": 0.088,
      "DecisionTable_search\u003dweka.attributeSelection.BestFirst,BestFirst_searchTermination\u003d3": 0.088,
      "DecisionTable_search\u003dweka.attributeSelection.BestFirst,BestFirst_searchTermination\u003d1": 0.088,
      "DecisionTable_search\u003dweka.attributeSelection.BestFirst,BestFirst_searchTermination\u003dnull": 0.0,
      "DecisionTable_search\u003dweka.attributeSelection.GreedyStepwise,BestFirst_searchTermination\u003d3": 0.0,
      "DecisionTable_search\u003dweka.attributeSelection.GreedyStepwise,BestFirst_searchTermination\u003d2": 0.0,
      "DecisionTable_search\u003dweka.attributeSelection.BestFirst,BestFirst_searchTermination\u003d8": 0.088,
      "DecisionTable_search\u003dweka.attributeSelection.GreedyStepwise,BestFirst_searchTermination\u003d1": 0.0,
      "DecisionTable_search\u003dweka.attributeSelection.BestFirst,BestFirst_searchTermination\u003d9": 0.088,
      "DecisionTable_search\u003dweka.attributeSelection.GreedyStepwise,BestFirst_searchTermination\u003d7": 0.0,
      "DecisionTable_search\u003dnull,BestFirst_searchTermination\u003d4": 0.0,
      "DecisionTable_search\u003dweka.attributeSelection.GreedyStepwise,BestFirst_searchTermination\u003d6": 0.0,
      "DecisionTable_search\u003dnull,BestFirst_searchTermination\u003d3": 0.0,
      "DecisionTable_search\u003dweka.attributeSelection.GreedyStepwise,BestFirst_searchTermination\u003d5": 0.0,
      "DecisionTable_search\u003dnull,BestFirst_searchTermination\u003d2": 0.0,
      "DecisionTable_search\u003dweka.attributeSelection.GreedyStepwise,BestFirst_searchTermination\u003d4": 0.0,
      "DecisionTable_search\u003dnull,BestFirst_searchTermination\u003d1": 0.0,
      "DecisionTable_search\u003dnull,BestFirst_searchTermination\u003d8": 0.0,
      "DecisionTable_search\u003dnull,BestFirst_searchTermination\u003d7": 0.0,
      "DecisionTable_search\u003dweka.attributeSelection.GreedyStepwise,BestFirst_searchTermination\u003d9": 0.0,
      "DecisionTable_search\u003dnull,BestFirst_searchTermination\u003d6": 0.0,
      "DecisionTable_search\u003dweka.attributeSelection.GreedyStepwise,BestFirst_searchTermination\u003d8": 0.0,
      "DecisionTable_search\u003dnull,BestFirst_searchTermination\u003d5": 0.0,
      "DecisionTable_search\u003dnull,BestFirst_searchTermination\u003d9": 0.0,
      "DecisionTable_search\u003dweka.attributeSelection.GreedyStepwise,BestFirst_searchTermination\u003dnull": 1.0,
      "DecisionTable_search\u003dnull,BestFirst_searchTermination\u003d10": 0.0,
      "DecisionTable_search\u003dweka.attributeSelection.BestFirst,BestFirst_searchTermination\u003d10": 0.088
    },
    "BestFirst_direction": {
      "DecisionTable_search\u003dnull,BestFirst_direction\u003d0": 0.0,
      "DecisionTable_search\u003dnull,BestFirst_direction\u003d1": 0.0,
      "DecisionTable_search\u003dweka.attributeSelection.GreedyStepwise,BestFirst_direction\u003d0": 0.0,
      "DecisionTable_search\u003dnull,BestFirst_direction\u003dnull": 1.0,
      "DecisionTable_search\u003dnull,BestFirst_direction\u003d2": 0.0,
      "DecisionTable_search\u003dweka.attributeSelection.BestFirst,BestFirst_direction\u003dnull": 0.0,
      "DecisionTable_search\u003dweka.attributeSelection.BestFirst,BestFirst_direction\u003d0": 0.285,
      "DecisionTable_search\u003dweka.attributeSelection.GreedyStepwise,BestFirst_direction\u003d2": 0.0,
      "DecisionTable_search\u003dweka.attributeSelection.GreedyStepwise,BestFirst_direction\u003d1": 0.0,
      "DecisionTable_search\u003dweka.attributeSelection.BestFirst,BestFirst_direction\u003d1": 0.43,
      "DecisionTable_search\u003dweka.attributeSelection.GreedyStepwise,BestFirst_direction\u003dnull": 1.0,
      "DecisionTable_search\u003dweka.attributeSelection.BestFirst,BestFirst_direction\u003d2": 0.285
    },
    "J48": {
      "J48\u003dfalse": 0.1,
      "J48\u003dtrue": 0.9
    },
    "DecisionTable": {
      "DecisionTable\u003dtrue": 0.9,
      "DecisionTable\u003dfalse": 0.1
    },
    "J48_confidenceFactorValue": {
      "J48_pruning\u003dunpruned,J48_confidenceFactorValue\u003d0.25": 0.0,
      "J48_pruning\u003dunpruned,J48_confidenceFactorValue\u003d0.35": 0.0,
      "J48_pruning\u003dunpruned,J48_confidenceFactorValue\u003d0.05": 0.0,
      "J48_pruning\u003dunpruned,J48_confidenceFactorValue\u003d0.15": 0.0,
      "J48_pruning\u003dreducedErrorPruning,J48_confidenceFactorValue\u003dnull": 1.0,
      "J48_pruning\u003dnull,J48_confidenceFactorValue\u003dnull": 1.0,
      "J48_pruning\u003dnull,J48_confidenceFactorValue\u003d0.05": 0.0,
      "J48_pruning\u003dunpruned,J48_confidenceFactorValue\u003dnull": 1.0,
      "J48_pruning\u003dnull,J48_confidenceFactorValue\u003d0.15": 0.0,
      "J48_pruning\u003dnull,J48_confidenceFactorValue\u003d0.25": 0.0,
      "J48_pruning\u003dnull,J48_confidenceFactorValue\u003d0.35": 0.0,
      "J48_pruning\u003dnull,J48_confidenceFactorValue\u003d0.45": 0.0,
      "J48_pruning\u003dunpruned,J48_confidenceFactorValue\u003d0.45": 0.0,
      "J48_pruning\u003dconfidenceFactor,J48_confidenceFactorValue\u003d0.05": 0.2,
      "J48_pruning\u003dconfidenceFactor,J48_confidenceFactorValue\u003d0.15": 0.2,
      "J48_pruning\u003dreducedErrorPruning,J48_confidenceFactorValue\u003d0.45": 0.0,
      "J48_pruning\u003dconfidenceFactor,J48_confidenceFactorValue\u003d0.45": 0.2,
      "J48_pruning\u003dreducedErrorPruning,J48_confidenceFactorValue\u003d0.35": 0.0,
      "J48_pruning\u003dreducedErrorPruning,J48_confidenceFactorValue\u003d0.25": 0.0,
      "J48_pruning\u003dconfidenceFactor,J48_confidenceFactorValue\u003d0.25": 0.2,
      "J48_pruning\u003dreducedErrorPruning,J48_confidenceFactorValue\u003d0.15": 0.0,
      "J48_pruning\u003dconfidenceFactor,J48_confidenceFactorValue\u003d0.35": 0.2,
      "J48_pruning\u003dreducedErrorPruning,J48_confidenceFactorValue\u003d0.05": 0.0,
      "J48_pruning\u003dconfidenceFactor,J48_confidenceFactorValue\u003dnull": 0.0
    },
    "PART": {
      "PART\u003dtrue": 0.9,
      "PART\u003dfalse": 0.1
    },
    "PART_minNumObj": {
      "PART\u003dfalse,PART_minNumObj\u003d5": 0.0,
      "PART\u003dfalse,PART_minNumObj\u003d6": 0.0,
      "PART\u003dfalse,PART_minNumObj\u003d3": 0.0,
      "PART\u003dfalse,PART_minNumObj\u003d4": 0.0,
      "PART\u003dfalse,PART_minNumObj\u003d9": 0.0,
      "PART\u003dfalse,PART_minNumObj\u003d7": 0.0,
      "PART\u003dfalse,PART_minNumObj\u003d8": 0.0,
      "PART\u003dtrue,PART_minNumObj\u003dnull": 0.0,
      "PART\u003dtrue,PART_minNumObj\u003d6": 0.1,
      "PART\u003dtrue,PART_minNumObj\u003d7": 0.1,
      "PART\u003dtrue,PART_minNumObj\u003d8": 0.1,
      "PART\u003dtrue,PART_minNumObj\u003d10": 0.1,
      "PART\u003dtrue,PART_minNumObj\u003d9": 0.1,
      "PART\u003dtrue,PART_minNumObj\u003d2": 0.2,
      "PART\u003dtrue,PART_minNumObj\u003d3": 0.1,
      "PART\u003dtrue,PART_minNumObj\u003d4": 0.1,
      "PART\u003dtrue,PART_minNumObj\u003d5": 0.1,
      "PART\u003dfalse,PART_minNumObj\u003d2": 0.0,
      "PART\u003dfalse,PART_minNumObj\u003d10": 0.0,
      "PART\u003dfalse,PART_minNumObj\u003dnull": 1.0
    },
    "JRip_optimizations": {
      "JRip_usePruning\u003dtrue,JRip_optimizations\u003d10": 0.088,
      "JRip_usePruning\u003dnull,JRip_optimizations\u003dnull": 1.0,
      "JRip_usePruning\u003dtrue,JRip_optimizations\u003dnull": 0.0,
      "JRip_usePruning\u003dtrue,JRip_optimizations\u003d4": 0.088,
      "JRip_usePruning\u003dnull,JRip_optimizations\u003d9": 0.0,
      "JRip_usePruning\u003dtrue,JRip_optimizations\u003d5": 0.088,
      "JRip_usePruning\u003dtrue,JRip_optimizations\u003d2": 0.208,
      "JRip_usePruning\u003dnull,JRip_optimizations\u003d7": 0.0,
      "JRip_usePruning\u003dtrue,JRip_optimizations\u003d3": 0.088,
      "JRip_usePruning\u003dnull,JRip_optimizations\u003d8": 0.0,
      "JRip_usePruning\u003dtrue,JRip_optimizations\u003d1": 0.088,
      "JRip_usePruning\u003dnull,JRip_optimizations\u003d10": 0.0,
      "JRip_usePruning\u003dnull,JRip_optimizations\u003d1": 0.0,
      "JRip_usePruning\u003dnull,JRip_optimizations\u003d2": 0.0,
      "JRip_usePruning\u003dnull,JRip_optimizations\u003d5": 0.0,
      "JRip_usePruning\u003dnull,JRip_optimizations\u003d6": 0.0,
      "JRip_usePruning\u003dnull,JRip_optimizations\u003d3": 0.0,
      "JRip_usePruning\u003dnull,JRip_optimizations\u003d4": 0.0,
      "JRip_usePruning\u003dfalse,JRip_optimizations\u003d10": 0.0,
      "JRip_usePruning\u003dtrue,JRip_optimizations\u003d8": 0.088,
      "JRip_usePruning\u003dtrue,JRip_optimizations\u003d9": 0.088,
      "JRip_usePruning\u003dtrue,JRip_optimizations\u003d6": 0.088,
      "JRip_usePruning\u003dtrue,JRip_optimizations\u003d7": 0.088,
      "JRip_usePruning\u003dfalse,JRip_optimizations\u003d7": 0.0,
      "JRip_usePruning\u003dfalse,JRip_optimizations\u003d8": 0.0,
      "JRip_usePruning\u003dfalse,JRip_optimizations\u003d5": 0.0,
      "JRip_usePruning\u003dfalse,JRip_optimizations\u003d6": 0.0,
      "JRip_usePruning\u003dfalse,JRip_optimizations\u003d3": 0.0,
      "JRip_usePruning\u003dfalse,JRip_optimizations\u003d4": 0.0,
      "JRip_usePruning\u003dfalse,JRip_optimizations\u003d1": 0.0,
      "JRip_usePruning\u003dfalse,JRip_optimizations\u003d2": 0.0,
      "JRip_usePruning\u003dfalse,JRip_optimizations\u003dnull": 1.0,
      "JRip_usePruning\u003dfalse,JRip_optimizations\u003d9": 0.0
    },
    "SimpleCart_useOneSE": {
      "SimpleCart_usePrune\u003dfalse,SimpleCart_useOneSE\u003dfalse": 0.0,
      "SimpleCart_usePrune\u003dtrue,SimpleCart_useOneSE\u003dnull": 0.0,
      "SimpleCart_usePrune\u003dnull,SimpleCart_useOneSE\u003dtrue": 0.0,
      "SimpleCart_usePrune\u003dfalse,SimpleCart_useOneSE\u003dnull": 1.0,
      "SimpleCart_usePrune\u003dnull,SimpleCart_useOneSE\u003dfalse": 0.0,
      "SimpleCart_usePrune\u003dfalse,SimpleCart_useOneSE\u003dtrue": 0.0,
      "SimpleCart_usePrune\u003dtrue,SimpleCart_useOneSE\u003dtrue": 0.4,
      "SimpleCart_usePrune\u003dtrue,SimpleCart_useOneSE\u003dfalse": 0.6,
      "SimpleCart_usePrune\u003dnull,SimpleCart_useOneSE\u003dnull": 1.0
    },
    "PART_pruning": {
      "PART\u003dtrue,PART_pruning\u003dunpruned": 0.285,
      "PART\u003dtrue,PART_pruning\u003dconfidenceFactor": 0.43,
      "PART\u003dfalse,PART_pruning\u003dconfidenceFactor": 0.0,
      "PART\u003dtrue,PART_pruning\u003dreducedErrorPruning": 0.285,
      "PART\u003dfalse,PART_pruning\u003dnull": 1.0,
      "PART\u003dfalse,PART_pruning\u003dunpruned": 0.0,
      "PART\u003dtrue,PART_pruning\u003dnull": 0.0,
      "PART\u003dfalse,PART_pruning\u003dreducedErrorPruning": 0.0
    },
    "DecisionTable_useIBk": {
      "DecisionTable\u003dfalse,DecisionTable_useIBk\u003dfalse": 0.0,
      "DecisionTable\u003dfalse,DecisionTable_useIBk\u003dnull": 1.0,
      "DecisionTable\u003dtrue,DecisionTable_useIBk\u003dtrue": 0.4,
      "DecisionTable\u003dfalse,DecisionTable_useIBk\u003dtrue": 0.0,
      "DecisionTable\u003dtrue,DecisionTable_useIBk\u003dfalse": 0.6,
      "DecisionTable\u003dtrue,DecisionTable_useIBk\u003dnull": 0.0
    },
    "JRip_usePruning": {
      "JRip\u003dfalse,JRip_usePruning\u003dfalse": 0.0,
      "JRip\u003dfalse,JRip_usePruning\u003dtrue": 0.0,
      "JRip\u003dtrue,JRip_usePruning\u003dtrue": 0.6,
      "JRip\u003dtrue,JRip_usePruning\u003dnull": 0.0,
      "JRip\u003dfalse,JRip_usePruning\u003dnull": 1.0,
      "JRip\u003dtrue,JRip_usePruning\u003dfalse": 0.4
    },
    "DecisionTable_search": {
      "DecisionTable\u003dtrue,DecisionTable_search\u003dweka.attributeSelection.BestFirst": 0.6,
      "DecisionTable\u003dfalse,DecisionTable_search\u003dweka.attributeSelection.GreedyStepwise": 0.0,
      "DecisionTable\u003dfalse,DecisionTable_search\u003dnull": 1.0,
      "DecisionTable\u003dtrue,DecisionTable_search\u003dweka.attributeSelection.GreedyStepwise": 0.4,
      "DecisionTable\u003dtrue,DecisionTable_search\u003dnull": 0.0,
      "DecisionTable\u003dfalse,DecisionTable_search\u003dweka.attributeSelection.BestFirst": 0.0
    },
    "PART_useMDLcorrection": {
      "PART\u003dfalse,PART_useMDLcorrection\u003dnull": 1.0,
      "PART\u003dfalse,PART_useMDLcorrection\u003dfalse": 0.0,
      "PART\u003dtrue,PART_useMDLcorrection\u003dfalse": 0.4,
      "PART\u003dtrue,PART_useMDLcorrection\u003dtrue": 0.6,
      "PART\u003dtrue,PART_useMDLcorrection\u003dnull": 0.0,
      "PART\u003dfalse,PART_useMDLcorrection\u003dtrue": 0.0
    },
    "PART_doNotMakeSplitPointActualValue": {
      "PART\u003dtrue,PART_doNotMakeSplitPointActualValue\u003dnull": 0.0,
      "PART\u003dfalse,PART_doNotMakeSplitPointActualValue\u003dnull": 1.0,
      "PART\u003dtrue,PART_doNotMakeSplitPointActualValue\u003dtrue": 0.4,
      "PART\u003dtrue,PART_doNotMakeSplitPointActualValue\u003dfalse": 0.6,
      "PART\u003dfalse,PART_doNotMakeSplitPointActualValue\u003dtrue": 0.0,
      "PART\u003dfalse,PART_doNotMakeSplitPointActualValue\u003dfalse": 0.0
    },
    "SimpleCart": {
      "SimpleCart\u003dfalse": 0.1,
      "SimpleCart\u003dtrue": 0.9
    },
    "SimpleCart_numFoldsPruning": {
      "SimpleCart_usePrune\u003dnull,SimpleCart_numFoldsPruning\u003d10": 0.0,
      "SimpleCart_usePrune\u003dnull,SimpleCart_numFoldsPruning\u003dnull": 1.0,
      "SimpleCart_usePrune\u003dfalse,SimpleCart_numFoldsPruning\u003d5": 0.0,
      "SimpleCart_usePrune\u003dnull,SimpleCart_numFoldsPruning\u003d2": 0.0,
      "SimpleCart_usePrune\u003dfalse,SimpleCart_numFoldsPruning\u003d6": 0.0,
      "SimpleCart_usePrune\u003dfalse,SimpleCart_numFoldsPruning\u003d7": 0.0,
      "SimpleCart_usePrune\u003dfalse,SimpleCart_numFoldsPruning\u003d8": 0.0,
      "SimpleCart_usePrune\u003dnull,SimpleCart_numFoldsPruning\u003d6": 0.0,
      "SimpleCart_usePrune\u003dfalse,SimpleCart_numFoldsPruning\u003d2": 0.0,
      "SimpleCart_usePrune\u003dnull,SimpleCart_numFoldsPruning\u003d5": 0.0,
      "SimpleCart_usePrune\u003dfalse,SimpleCart_numFoldsPruning\u003d3": 0.0,
      "SimpleCart_usePrune\u003dnull,SimpleCart_numFoldsPruning\u003d4": 0.0,
      "SimpleCart_usePrune\u003dfalse,SimpleCart_numFoldsPruning\u003d4": 0.0,
      "SimpleCart_usePrune\u003dnull,SimpleCart_numFoldsPruning\u003d3": 0.0,
      "SimpleCart_usePrune\u003dtrue,SimpleCart_numFoldsPruning\u003dnull": 0.0,
      "SimpleCart_usePrune\u003dtrue,SimpleCart_numFoldsPruning\u003d5": 0.2,
      "SimpleCart_usePrune\u003dtrue,SimpleCart_numFoldsPruning\u003d4": 0.1,
      "SimpleCart_usePrune\u003dnull,SimpleCart_numFoldsPruning\u003d9": 0.0,
      "SimpleCart_usePrune\u003dtrue,SimpleCart_numFoldsPruning\u003d3": 0.1,
      "SimpleCart_usePrune\u003dnull,SimpleCart_numFoldsPruning\u003d8": 0.0,
      "SimpleCart_usePrune\u003dtrue,SimpleCart_numFoldsPruning\u003d2": 0.1,
      "SimpleCart_usePrune\u003dnull,SimpleCart_numFoldsPruning\u003d7": 0.0,
      "SimpleCart_usePrune\u003dfalse,SimpleCart_numFoldsPruning\u003d9": 0.0,
      "SimpleCart_usePrune\u003dfalse,SimpleCart_numFoldsPruning\u003d10": 0.0,
      "SimpleCart_usePrune\u003dfalse,SimpleCart_numFoldsPruning\u003dnull": 1.0,
      "SimpleCart_usePrune\u003dtrue,SimpleCart_numFoldsPruning\u003d9": 0.1,
      "SimpleCart_usePrune\u003dtrue,SimpleCart_numFoldsPruning\u003d8": 0.1,
      "SimpleCart_usePrune\u003dtrue,SimpleCart_numFoldsPruning\u003d10": 0.1,
      "SimpleCart_usePrune\u003dtrue,SimpleCart_numFoldsPruning\u003d7": 0.1,
      "SimpleCart_usePrune\u003dtrue,SimpleCart_numFoldsPruning\u003d6": 0.1
    },
    "SimpleCart_heuristic": {
      "SimpleCart\u003dtrue,SimpleCart_heuristic\u003dtrue": 0.6,
      "SimpleCart\u003dfalse,SimpleCart_heuristic\u003dfalse": 0.0,
      "SimpleCart\u003dfalse,SimpleCart_heuristic\u003dnull": 1.0,
      "SimpleCart\u003dtrue,SimpleCart_heuristic\u003dnull": 0.0,
      "SimpleCart\u003dtrue,SimpleCart_heuristic\u003dfalse": 0.4,
      "SimpleCart\u003dfalse,SimpleCart_heuristic\u003dtrue": 0.0
    },
    "PART_binarySplits": {
      "PART\u003dfalse,PART_binarySplits\u003dfalse": 0.0,
      "PART\u003dfalse,PART_binarySplits\u003dnull": 1.0,
      "PART\u003dfalse,PART_binarySplits\u003dtrue": 0.0,
      "PART\u003dtrue,PART_binarySplits\u003dfalse": 0.6,
      "PART\u003dtrue,PART_binarySplits\u003dtrue": 0.4,
      "PART\u003dtrue,PART_binarySplits\u003dnull": 0.0
    },
    "DecisionTable_evaluationMeasure": {
      "DecisionTable\u003dfalse,DecisionTable_evaluationMeasure\u003drmse": 0.0,
      "DecisionTable\u003dfalse,DecisionTable_evaluationMeasure\u003dnull": 1.0,
      "DecisionTable\u003dtrue,DecisionTable_evaluationMeasure\u003drmse": 0.166,
      "DecisionTable\u003dtrue,DecisionTable_evaluationMeasure\u003dauc": 0.5,
      "DecisionTable\u003dfalse,DecisionTable_evaluationMeasure\u003dauc": 0.0,
      "DecisionTable\u003dtrue,DecisionTable_evaluationMeasure\u003dacc": 0.168,
      "DecisionTable\u003dtrue,DecisionTable_evaluationMeasure\u003dmae": 0.166,
      "DecisionTable\u003dtrue,DecisionTable_evaluationMeasure\u003dnull": 0.0,
      "DecisionTable\u003dfalse,DecisionTable_evaluationMeasure\u003dacc": 0.0,
      "DecisionTable\u003dfalse,DecisionTable_evaluationMeasure\u003dmae": 0.0
    },
    "Aggregator": {
      "Aggregator\u003dMajorityVotingAggregator": 0.34,
      "Aggregator\u003dRuleExtractorAggregator": 0.33,
      "Aggregator\u003dCompetenceBasedAggregator": 0.33
    },
    "J48_useLaplace": {
      "J48\u003dfalse,J48_useLaplace\u003dnull": 1.0,
      "J48\u003dtrue,J48_useLaplace\u003dfalse": 0.6,
      "J48\u003dtrue,J48_useLaplace\u003dnull": 0.0,
      "J48\u003dfalse,J48_useLaplace\u003dtrue": 0.0,
      "J48\u003dtrue,J48_useLaplace\u003dtrue": 0.4,
      "J48\u003dfalse,J48_useLaplace\u003dfalse": 0.0
    },
    "JRip_minNo": {
      "JRip\u003dfalse,JRip_minNo\u003d2": 0.0,
      "JRip\u003dfalse,JRip_minNo\u003dnull": 1.0,
      "JRip\u003dtrue,JRip_minNo\u003dnull": 0.0,
      "JRip\u003dtrue,JRip_minNo\u003d10": 0.1,
      "JRip\u003dfalse,JRip_minNo\u003d10": 0.0,
      "JRip\u003dtrue,JRip_minNo\u003d3": 0.1,
      "JRip\u003dtrue,JRip_minNo\u003d2": 0.2,
      "JRip\u003dfalse,JRip_minNo\u003d9": 0.0,
      "JRip\u003dtrue,JRip_minNo\u003d5": 0.1,
      "JRip\u003dfalse,JRip_minNo\u003d8": 0.0,
      "JRip\u003dtrue,JRip_minNo\u003d4": 0.1,
      "JRip\u003dfalse,JRip_minNo\u003d7": 0.0,
      "JRip\u003dtrue,JRip_minNo\u003d7": 0.1,
      "JRip\u003dfalse,JRip_minNo\u003d6": 0.0,
      "JRip\u003dtrue,JRip_minNo\u003d6": 0.1,
      "JRip\u003dfalse,JRip_minNo\u003d5": 0.0,
      "JRip\u003dtrue,JRip_minNo\u003d9": 0.1,
      "JRip\u003dfalse,JRip_minNo\u003d4": 0.0,
      "JRip\u003dtrue,JRip_minNo\u003d8": 0.1,
      "JRip\u003dfalse,JRip_minNo\u003d3": 0.0
    },
    "J48_collapseTree": {
      "J48\u003dfalse,J48_collapseTree\u003dnull": 1.0,
      "J48\u003dtrue,J48_collapseTree\u003dfalse": 0.4,
      "J48\u003dtrue,J48_collapseTree\u003dnull": 0.0,
      "J48\u003dfalse,J48_collapseTree\u003dtrue": 0.0,
      "J48\u003dtrue,J48_collapseTree\u003dtrue": 0.6,
      "J48\u003dfalse,J48_collapseTree\u003dfalse": 0.0
    },
    "SimpleCart_minNumObj": {
      "SimpleCart\u003dfalse,SimpleCart_minNumObj\u003d2": 0.0,
      "SimpleCart\u003dtrue,SimpleCart_minNumObj\u003d2": 0.2,
      "SimpleCart\u003dtrue,SimpleCart_minNumObj\u003d3": 0.1,
      "SimpleCart\u003dtrue,SimpleCart_minNumObj\u003d10": 0.1,
      "SimpleCart\u003dfalse,SimpleCart_minNumObj\u003dnull": 1.0,
      "SimpleCart\u003dtrue,SimpleCart_minNumObj\u003d8": 0.1,
      "SimpleCart\u003dtrue,SimpleCart_minNumObj\u003d9": 0.1,
      "SimpleCart\u003dtrue,SimpleCart_minNumObj\u003d4": 0.1,
      "SimpleCart\u003dfalse,SimpleCart_minNumObj\u003d10": 0.0,
      "SimpleCart\u003dtrue,SimpleCart_minNumObj\u003d5": 0.1,
      "SimpleCart\u003dtrue,SimpleCart_minNumObj\u003d6": 0.1,
      "SimpleCart\u003dtrue,SimpleCart_minNumObj\u003d7": 0.1,
      "SimpleCart\u003dfalse,SimpleCart_minNumObj\u003d7": 0.0,
      "SimpleCart\u003dfalse,SimpleCart_minNumObj\u003d8": 0.0,
      "SimpleCart\u003dfalse,SimpleCart_minNumObj\u003d9": 0.0,
      "SimpleCart\u003dfalse,SimpleCart_minNumObj\u003d3": 0.0,
      "SimpleCart\u003dfalse,SimpleCart_minNumObj\u003d4": 0.0,
      "SimpleCart\u003dtrue,SimpleCart_minNumObj\u003dnull": 0.0,
      "SimpleCart\u003dfalse,SimpleCart_minNumObj\u003d5": 0.0,
      "SimpleCart\u003dfalse,SimpleCart_minNumObj\u003d6": 0.0
    },
    "JRip_folds": {
      "JRip_usePruning\u003dnull,JRip_folds\u003d9": 0.0,
      "JRip_usePruning\u003dnull,JRip_folds\u003d7": 0.0,
      "JRip_usePruning\u003dnull,JRip_folds\u003d8": 0.0,
      "JRip_usePruning\u003dnull,JRip_folds\u003d5": 0.0,
      "JRip_usePruning\u003dnull,JRip_folds\u003d6": 0.0,
      "JRip_usePruning\u003dnull,JRip_folds\u003d3": 0.0,
      "JRip_usePruning\u003dnull,JRip_folds\u003d4": 0.0,
      "JRip_usePruning\u003dnull,JRip_folds\u003d10": 0.0,
      "JRip_usePruning\u003dtrue,JRip_folds\u003dnull": 0.0,
      "JRip_usePruning\u003dnull,JRip_folds\u003d2": 0.0,
      "JRip_usePruning\u003dfalse,JRip_folds\u003dnull": 1.0,
      "JRip_usePruning\u003dtrue,JRip_folds\u003d4": 0.1,
      "JRip_usePruning\u003dtrue,JRip_folds\u003d5": 0.1,
      "JRip_usePruning\u003dtrue,JRip_folds\u003d2": 0.1,
      "JRip_usePruning\u003dtrue,JRip_folds\u003d3": 0.2,
      "JRip_usePruning\u003dtrue,JRip_folds\u003d8": 0.1,
      "JRip_usePruning\u003dtrue,JRip_folds\u003d9": 0.1,
      "JRip_usePruning\u003dtrue,JRip_folds\u003d6": 0.1,
      "JRip_usePruning\u003dtrue,JRip_folds\u003d7": 0.1,
      "JRip_usePruning\u003dtrue,JRip_folds\u003d10": 0.1,
      "JRip_usePruning\u003dfalse,JRip_folds\u003d9": 0.0,
      "JRip_usePruning\u003dfalse,JRip_folds\u003d7": 0.0,
      "JRip_usePruning\u003dfalse,JRip_folds\u003d8": 0.0,
      "JRip_usePruning\u003dfalse,JRip_folds\u003d5": 0.0,
      "JRip_usePruning\u003dfalse,JRip_folds\u003d10": 0.0,
      "JRip_usePruning\u003dfalse,JRip_folds\u003d6": 0.0,
      "JRip_usePruning\u003dfalse,JRip_folds\u003d3": 0.0,
      "JRip_usePruning\u003dfalse,JRip_folds\u003d4": 0.0,
      "JRip_usePruning\u003dnull,JRip_folds\u003dnull": 1.0,
      "JRip_usePruning\u003dfalse,JRip_folds\u003d2": 0.0
    },
    "PART_numFolds": {
      "PART_pruning\u003dunpruned,PART_numFolds\u003d3": 0.0,
      "PART_pruning\u003dunpruned,PART_numFolds\u003d2": 0.0,
      "PART_pruning\u003dunpruned,PART_numFolds\u003d7": 0.0,
      "PART_pruning\u003dunpruned,PART_numFolds\u003d6": 0.0,
      "PART_pruning\u003dunpruned,PART_numFolds\u003d5": 0.0,
      "PART_pruning\u003dunpruned,PART_numFolds\u003d4": 0.0,
      "PART_pruning\u003dnull,PART_numFolds\u003dnull": 1.0,
      "PART_pruning\u003dconfidenceFactor,PART_numFolds\u003dnull": 1.0,
      "PART_pruning\u003dunpruned,PART_numFolds\u003d9": 0.0,
      "PART_pruning\u003dunpruned,PART_numFolds\u003d8": 0.0,
      "PART_pruning\u003dconfidenceFactor,PART_numFolds\u003d9": 0.0,
      "PART_pruning\u003dconfidenceFactor,PART_numFolds\u003d8": 0.0,
      "PART_pruning\u003dconfidenceFactor,PART_numFolds\u003d7": 0.0,
      "PART_pruning\u003dconfidenceFactor,PART_numFolds\u003d6": 0.0,
      "PART_pruning\u003dconfidenceFactor,PART_numFolds\u003d10": 0.0,
      "PART_pruning\u003dunpruned,PART_numFolds\u003dnull": 1.0,
      "PART_pruning\u003dreducedErrorPruning,PART_numFolds\u003d4": 0.1,
      "PART_pruning\u003dreducedErrorPruning,PART_numFolds\u003d5": 0.1,
      "PART_pruning\u003dreducedErrorPruning,PART_numFolds\u003d2": 0.1,
      "PART_pruning\u003dreducedErrorPruning,PART_numFolds\u003d3": 0.2,
      "PART_pruning\u003dreducedErrorPruning,PART_numFolds\u003d8": 0.1,
      "PART_pruning\u003dreducedErrorPruning,PART_numFolds\u003d9": 0.1,
      "PART_pruning\u003dreducedErrorPruning,PART_numFolds\u003d6": 0.1,
      "PART_pruning\u003dreducedErrorPruning,PART_numFolds\u003d7": 0.1,
      "PART_pruning\u003dunpruned,PART_numFolds\u003d10": 0.0,
      "PART_pruning\u003dnull,PART_numFolds\u003d4": 0.0,
      "PART_pruning\u003dnull,PART_numFolds\u003d5": 0.0,
      "PART_pruning\u003dnull,PART_numFolds\u003d6": 0.0,
      "PART_pruning\u003dnull,PART_numFolds\u003d7": 0.0,
      "PART_pruning\u003dconfidenceFactor,PART_numFolds\u003d5": 0.0,
      "PART_pruning\u003dreducedErrorPruning,PART_numFolds\u003dnull": 0.0,
      "PART_pruning\u003dconfidenceFactor,PART_numFolds\u003d4": 0.0,
      "PART_pruning\u003dconfidenceFactor,PART_numFolds\u003d3": 0.0,
      "PART_pruning\u003dnull,PART_numFolds\u003d2": 0.0,
      "PART_pruning\u003dconfidenceFactor,PART_numFolds\u003d2": 0.0,
      "PART_pruning\u003dnull,PART_numFolds\u003d3": 0.0,
      "PART_pruning\u003dnull,PART_numFolds\u003d8": 0.0,
      "PART_pruning\u003dnull,PART_numFolds\u003d9": 0.0,
      "PART_pruning\u003dnull,PART_numFolds\u003d10": 0.0,
      "PART_pruning\u003dreducedErrorPruning,PART_numFolds\u003d10": 0.1
    },
    "J48_useMDLcorrection": {
      "J48\u003dfalse,J48_useMDLcorrection\u003dtrue": 0.0,
      "J48\u003dtrue,J48_useMDLcorrection\u003dnull": 0.0,
      "J48\u003dtrue,J48_useMDLcorrection\u003dtrue": 0.6,
      "J48\u003dfalse,J48_useMDLcorrection\u003dnull": 1.0,
      "J48\u003dfalse,J48_useMDLcorrection\u003dfalse": 0.0,
      "J48\u003dtrue,J48_useMDLcorrection\u003dfalse": 0.4
    },
    "J48_numFolds": {
      "J48_pruning\u003dreducedErrorPruning,J48_numFolds\u003d6": 0.1,
      "J48_pruning\u003dreducedErrorPruning,J48_numFolds\u003d7": 0.1,
      "J48_pruning\u003dreducedErrorPruning,J48_numFolds\u003d8": 0.1,
      "J48_pruning\u003dconfidenceFactor,J48_numFolds\u003dnull": 1.0,
      "J48_pruning\u003dreducedErrorPruning,J48_numFolds\u003d9": 0.1,
      "J48_pruning\u003dreducedErrorPruning,J48_numFolds\u003d2": 0.1,
      "J48_pruning\u003dreducedErrorPruning,J48_numFolds\u003d3": 0.2,
      "J48_pruning\u003dreducedErrorPruning,J48_numFolds\u003d4": 0.1,
      "J48_pruning\u003dconfidenceFactor,J48_numFolds\u003d3": 0.0,
      "J48_pruning\u003dreducedErrorPruning,J48_numFolds\u003d5": 0.1,
      "J48_pruning\u003dconfidenceFactor,J48_numFolds\u003d2": 0.0,
      "J48_pruning\u003dreducedErrorPruning,J48_numFolds\u003dnull": 0.0,
      "J48_pruning\u003dconfidenceFactor,J48_numFolds\u003d10": 0.0,
      "J48_pruning\u003dunpruned,J48_numFolds\u003d8": 0.0,
      "J48_pruning\u003dunpruned,J48_numFolds\u003d9": 0.0,
      "J48_pruning\u003dunpruned,J48_numFolds\u003d6": 0.0,
      "J48_pruning\u003dunpruned,J48_numFolds\u003d7": 0.0,
      "J48_pruning\u003dunpruned,J48_numFolds\u003d4": 0.0,
      "J48_pruning\u003dunpruned,J48_numFolds\u003d5": 0.0,
      "J48_pruning\u003dunpruned,J48_numFolds\u003d2": 0.0,
      "J48_pruning\u003dunpruned,J48_numFolds\u003d3": 0.0,
      "J48_pruning\u003dnull,J48_numFolds\u003d4": 0.0,
      "J48_pruning\u003dunpruned,J48_numFolds\u003dnull": 1.0,
      "J48_pruning\u003dnull,J48_numFolds\u003d5": 0.0,
      "J48_pruning\u003dnull,J48_numFolds\u003d2": 0.0,
      "J48_pruning\u003dnull,J48_numFolds\u003d3": 0.0,
      "J48_pruning\u003dnull,J48_numFolds\u003d8": 0.0,
      "J48_pruning\u003dreducedErrorPruning,J48_numFolds\u003d10": 0.1,
      "J48_pruning\u003dnull,J48_numFolds\u003d9": 0.0,
      "J48_pruning\u003dnull,J48_numFolds\u003d6": 0.0,
      "J48_pruning\u003dnull,J48_numFolds\u003d7": 0.0,
      "J48_pruning\u003dnull,J48_numFolds\u003dnull": 1.0,
      "J48_pruning\u003dconfidenceFactor,J48_numFolds\u003d5": 0.0,
      "J48_pruning\u003dconfidenceFactor,J48_numFolds\u003d4": 0.0,
      "J48_pruning\u003dconfidenceFactor,J48_numFolds\u003d7": 0.0,
      "J48_pruning\u003dnull,J48_numFolds\u003d10": 0.0,
      "J48_pruning\u003dconfidenceFactor,J48_numFolds\u003d6": 0.0,
      "J48_pruning\u003dconfidenceFactor,J48_numFolds\u003d9": 0.0,
      "J48_pruning\u003dconfidenceFactor,J48_numFolds\u003d8": 0.0,
      "J48_pruning\u003dunpruned,J48_numFolds\u003d10": 0.0
    },
    "GreedyStepwise_conservativeForwardSelection": {
      "DecisionTable_search\u003dnull,GreedyStepwise_conservativeForwardSelection\u003dnull": 1.0,
      "DecisionTable_search\u003dweka.attributeSelection.GreedyStepwise,GreedyStepwise_conservativeForwardSelection\u003dnull": 0.0,
      "DecisionTable_search\u003dnull,GreedyStepwise_conservativeForwardSelection\u003dfalse": 0.0,
      "DecisionTable_search\u003dweka.attributeSelection.BestFirst,GreedyStepwise_conservativeForwardSelection\u003dtrue": 0.0,
      "DecisionTable_search\u003dweka.attributeSelection.BestFirst,GreedyStepwise_conservativeForwardSelection\u003dfalse": 0.0,
      "DecisionTable_search\u003dweka.attributeSelection.GreedyStepwise,GreedyStepwise_conservativeForwardSelection\u003dfalse": 0.6,
      "DecisionTable_search\u003dnull,GreedyStepwise_conservativeForwardSelection\u003dtrue": 0.0,
      "DecisionTable_search\u003dweka.attributeSelection.BestFirst,GreedyStepwise_conservativeForwardSelection\u003dnull": 1.0,
      "DecisionTable_search\u003dweka.attributeSelection.GreedyStepwise,GreedyStepwise_conservativeForwardSelection\u003dtrue": 0.4
    },
    "J48_doNotMakeSplitPointActualValue": {
      "J48\u003dtrue,J48_doNotMakeSplitPointActualValue\u003dnull": 0.0,
      "J48\u003dfalse,J48_doNotMakeSplitPointActualValue\u003dtrue": 0.0,
      "J48\u003dtrue,J48_doNotMakeSplitPointActualValue\u003dfalse": 0.6,
      "J48\u003dtrue,J48_doNotMakeSplitPointActualValue\u003dtrue": 0.4,
      "J48\u003dfalse,J48_doNotMakeSplitPointActualValue\u003dfalse": 0.0,
      "J48\u003dfalse,J48_doNotMakeSplitPointActualValue\u003dnull": 1.0
    },
    "J48_minNumObj": {
      "J48\u003dfalse,J48_minNumObj\u003d8": 0.0,
      "J48\u003dfalse,J48_minNumObj\u003d7": 0.0,
      "J48\u003dfalse,J48_minNumObj\u003d9": 0.0,
      "J48\u003dfalse,J48_minNumObj\u003d4": 0.0,
      "J48\u003dfalse,J48_minNumObj\u003d10": 0.0,
      "J48\u003dfalse,J48_minNumObj\u003d3": 0.0,
      "J48\u003dfalse,J48_minNumObj\u003d6": 0.0,
      "J48\u003dfalse,J48_minNumObj\u003d5": 0.0,
      "J48\u003dtrue,J48_minNumObj\u003dnull": 0.0,
      "J48\u003dtrue,J48_minNumObj\u003d10": 0.1,
      "J48\u003dtrue,J48_minNumObj\u003d6": 0.1,
      "J48\u003dtrue,J48_minNumObj\u003d7": 0.1,
      "J48\u003dfalse,J48_minNumObj\u003dnull": 1.0,
      "J48\u003dtrue,J48_minNumObj\u003d8": 0.1,
      "J48\u003dfalse,J48_minNumObj\u003d2": 0.0,
      "J48\u003dtrue,J48_minNumObj\u003d9": 0.1,
      "J48\u003dtrue,J48_minNumObj\u003d2": 0.2,
      "J48\u003dtrue,J48_minNumObj\u003d3": 0.1,
      "J48\u003dtrue,J48_minNumObj\u003d4": 0.1,
      "J48\u003dtrue,J48_minNumObj\u003d5": 0.1
    },
    "GreedyStepwise_searchBackwards": {
      "DecisionTable_search\u003dweka.attributeSelection.GreedyStepwise,GreedyStepwise_searchBackwards\u003dnull": 0.0,
      "DecisionTable_search\u003dweka.attributeSelection.GreedyStepwise,GreedyStepwise_searchBackwards\u003dfalse": 0.6,
      "DecisionTable_search\u003dnull,GreedyStepwise_searchBackwards\u003dfalse": 0.0,
      "DecisionTable_search\u003dweka.attributeSelection.BestFirst,GreedyStepwise_searchBackwards\u003dnull": 1.0,
      "DecisionTable_search\u003dnull,GreedyStepwise_searchBackwards\u003dnull": 1.0,
      "DecisionTable_search\u003dweka.attributeSelection.BestFirst,GreedyStepwise_searchBackwards\u003dfalse": 0.0,
      "DecisionTable_search\u003dweka.attributeSelection.GreedyStepwise,GreedyStepwise_searchBackwards\u003dtrue": 0.4,
      "DecisionTable_search\u003dweka.attributeSelection.BestFirst,GreedyStepwise_searchBackwards\u003dtrue": 0.0,
      "DecisionTable_search\u003dnull,GreedyStepwise_searchBackwards\u003dtrue": 0.0
    }
  },
  "001": {
    "JRip_checkErrorRate": {
      "JRip\u003dtrue,JRip_checkErrorRate\u003dfalse": 0.5,
      "JRip\u003dtrue,JRip_checkErrorRate\u003dtrue": 0.5,
      "JRip\u003dfalse,JRip_checkErrorRate\u003dnull": 1.0,
      "JRip\u003dtrue,JRip_checkErrorRate\u003dnull": 0.0,
      "JRip\u003dfalse,JRip_checkErrorRate\u003dfalse": 0.0,
      "JRip\u003dfalse,JRip_checkErrorRate\u003dtrue": 0.0
    },
    "J48_pruning": {
      "J48\u003dtrue,J48_pruning\u003dconfidenceFactor": 0.3333333333333333,
      "J48\u003dfalse,J48_pruning\u003dunpruned": 0.0,
      "J48\u003dfalse,J48_pruning\u003dconfidenceFactor": 0.0,
      "J48\u003dtrue,J48_pruning\u003dunpruned": 0.3333333333333333,
      "J48\u003dtrue,J48_pruning\u003dnull": 0.0,
      "J48\u003dtrue,J48_pruning\u003dreducedErrorPruning": 0.3333333333333333,
      "J48\u003dfalse,J48_pruning\u003dnull": 1.0,
      "J48\u003dfalse,J48_pruning\u003dreducedErrorPruning": 0.0
    },
    "SimpleCart_usePrune": {
      "SimpleCart\u003dtrue,SimpleCart_usePrune\u003dtrue": 0.5,
      "SimpleCart\u003dtrue,SimpleCart_usePrune\u003dnull": 0.0,
      "SimpleCart\u003dfalse,SimpleCart_usePrune\u003dfalse": 0.0,
      "SimpleCart\u003dtrue,SimpleCart_usePrune\u003dfalse": 0.5,
      "SimpleCart\u003dfalse,SimpleCart_usePrune\u003dtrue": 0.0,
      "SimpleCart\u003dfalse,SimpleCart_usePrune\u003dnull": 1.0
    },
    "PART_confidenceFactorValue": {
      "PART_pruning\u003dreducedErrorPruning,PART_confidenceFactorValue\u003d0.05": 0.0,
      "PART_pruning\u003dnull,PART_confidenceFactorValue\u003dnull": 1.0,
      "PART_pruning\u003dreducedErrorPruning,PART_confidenceFactorValue\u003d0.15": 0.0,
      "PART_pruning\u003dreducedErrorPruning,PART_confidenceFactorValue\u003d0.25": 0.0,
      "PART_pruning\u003dreducedErrorPruning,PART_confidenceFactorValue\u003d0.35": 0.0,
      "PART_pruning\u003dreducedErrorPruning,PART_confidenceFactorValue\u003dnull": 1.0,
      "PART_pruning\u003dnull,PART_confidenceFactorValue\u003d0.15": 0.0,
      "PART_pruning\u003dnull,PART_confidenceFactorValue\u003d0.05": 0.0,
      "PART_pruning\u003dunpruned,PART_confidenceFactorValue\u003d0.05": 0.0,
      "PART_pruning\u003dunpruned,PART_confidenceFactorValue\u003d0.15": 0.0,
      "PART_pruning\u003dconfidenceFactor,PART_confidenceFactorValue\u003d0.35": 0.2,
      "PART_pruning\u003dunpruned,PART_confidenceFactorValue\u003d0.25": 0.0,
      "PART_pruning\u003dconfidenceFactor,PART_confidenceFactorValue\u003d0.25": 0.2,
      "PART_pruning\u003dunpruned,PART_confidenceFactorValue\u003d0.35": 0.0,
      "PART_pruning\u003dconfidenceFactor,PART_confidenceFactorValue\u003d0.15": 0.2,
      "PART_pruning\u003dconfidenceFactor,PART_confidenceFactorValue\u003dnull": 0.0,
      "PART_pruning\u003dunpruned,PART_confidenceFactorValue\u003d0.45": 0.0,
      "PART_pruning\u003dconfidenceFactor,PART_confidenceFactorValue\u003d0.05": 0.2,
      "PART_pruning\u003dconfidenceFactor,PART_confidenceFactorValue\u003d0.45": 0.2,
      "PART_pruning\u003dunpruned,PART_confidenceFactorValue\u003dnull": 1.0,
      "PART_pruning\u003dnull,PART_confidenceFactorValue\u003d0.45": 0.0,
      "PART_pruning\u003dnull,PART_confidenceFactorValue\u003d0.35": 0.0,
      "PART_pruning\u003dnull,PART_confidenceFactorValue\u003d0.25": 0.0,
      "PART_pruning\u003dreducedErrorPruning,PART_confidenceFactorValue\u003d0.45": 0.0
    },
    "J48_subtreeRaising": {
      "J48_pruning\u003dreducedErrorPruning,J48_subtreeRaising\u003dfalse": 0.5,
      "J48_pruning\u003dconfidenceFactor,J48_subtreeRaising\u003dtrue": 0.5,
      "J48_pruning\u003dreducedErrorPruning,J48_subtreeRaising\u003dnull": 0.0,
      "J48_pruning\u003dconfidenceFactor,J48_subtreeRaising\u003dnull": 0.0,
      "J48_pruning\u003dunpruned,J48_subtreeRaising\u003dnull": 1.0,
      "J48_pruning\u003dunpruned,J48_subtreeRaising\u003dfalse": 0.0,
      "J48_pruning\u003dnull,J48_subtreeRaising\u003dtrue": 0.0,
      "J48_pruning\u003dnull,J48_subtreeRaising\u003dfalse": 0.0,
      "J48_pruning\u003dreducedErrorPruning,J48_subtreeRaising\u003dtrue": 0.5,
      "J48_pruning\u003dconfidenceFactor,J48_subtreeRaising\u003dfalse": 0.5,
      "J48_pruning\u003dunpruned,J48_subtreeRaising\u003dtrue": 0.0,
      "J48_pruning\u003dnull,J48_subtreeRaising\u003dnull": 1.0
    },
    "DecisionTable_crossVal": {
      "DecisionTable\u003dtrue,DecisionTable_crossVal\u003d5": 0.10000000000000002,
      "DecisionTable\u003dfalse,DecisionTable_crossVal\u003d3": 0.0,
      "DecisionTable\u003dtrue,DecisionTable_crossVal\u003d4": 0.10000000000000002,
      "DecisionTable\u003dfalse,DecisionTable_crossVal\u003d4": 0.0,
      "DecisionTable\u003dtrue,DecisionTable_crossVal\u003d7": 0.10000000000000002,
      "DecisionTable\u003dfalse,DecisionTable_crossVal\u003d5": 0.0,
      "DecisionTable\u003dtrue,DecisionTable_crossVal\u003d6": 0.10000000000000002,
      "DecisionTable\u003dfalse,DecisionTable_crossVal\u003d6": 0.0,
      "DecisionTable\u003dtrue,DecisionTable_crossVal\u003d9": 0.10000000000000002,
      "DecisionTable\u003dfalse,DecisionTable_crossVal\u003d7": 0.0,
      "DecisionTable\u003dtrue,DecisionTable_crossVal\u003d8": 0.10000000000000002,
      "DecisionTable\u003dtrue,DecisionTable_crossVal\u003dnull": 0.0,
      "DecisionTable\u003dfalse,DecisionTable_crossVal\u003d8": 0.0,
      "DecisionTable\u003dfalse,DecisionTable_crossVal\u003dnull": 1.0,
      "DecisionTable\u003dfalse,DecisionTable_crossVal\u003d9": 0.0,
      "DecisionTable\u003dtrue,DecisionTable_crossVal\u003d1": 0.10000000000000002,
      "DecisionTable\u003dtrue,DecisionTable_crossVal\u003d3": 0.10000000000000002,
      "DecisionTable\u003dfalse,DecisionTable_crossVal\u003d1": 0.0,
      "DecisionTable\u003dtrue,DecisionTable_crossVal\u003d2": 0.10000000000000002,
      "DecisionTable\u003dtrue,DecisionTable_crossVal\u003d10": 0.10000000000000002,
      "DecisionTable\u003dfalse,DecisionTable_crossVal\u003d2": 0.0,
      "DecisionTable\u003dfalse,DecisionTable_crossVal\u003d10": 0.0
    },
    "J48_binarySplits": {
      "J48\u003dtrue,J48_binarySplits\u003dnull": 0.0,
      "J48\u003dfalse,J48_binarySplits\u003dtrue": 0.0,
      "J48\u003dtrue,J48_binarySplits\u003dtrue": 0.5,
      "J48\u003dtrue,J48_binarySplits\u003dfalse": 0.5,
      "J48\u003dfalse,J48_binarySplits\u003dfalse": 0.0,
      "J48\u003dfalse,J48_binarySplits\u003dnull": 1.0
    },
    "JRip": {
      "JRip\u003dtrue": 0.9084013605442177,
      "JRip\u003dfalse": 0.09159863945578232
    },
    "BestFirst_searchTermination": {
      "DecisionTable_search\u003dweka.attributeSelection.GreedyStepwise,BestFirst_searchTermination\u003d10": 0.0,
      "DecisionTable_search\u003dnull,BestFirst_searchTermination\u003dnull": 1.0,
      "DecisionTable_search\u003dweka.attributeSelection.BestFirst,BestFirst_searchTermination\u003d6": 0.10000000000000002,
      "DecisionTable_search\u003dweka.attributeSelection.BestFirst,BestFirst_searchTermination\u003d7": 0.10000000000000002,
      "DecisionTable_search\u003dweka.attributeSelection.BestFirst,BestFirst_searchTermination\u003d4": 0.10000000000000002,
      "DecisionTable_search\u003dweka.attributeSelection.BestFirst,BestFirst_searchTermination\u003d5": 0.10000000000000002,
      "DecisionTable_search\u003dweka.attributeSelection.BestFirst,BestFirst_searchTermination\u003d2": 0.10000000000000002,
      "DecisionTable_search\u003dweka.attributeSelection.BestFirst,BestFirst_searchTermination\u003d3": 0.10000000000000002,
      "DecisionTable_search\u003dweka.attributeSelection.BestFirst,BestFirst_searchTermination\u003d1": 0.10000000000000002,
      "DecisionTable_search\u003dweka.attributeSelection.BestFirst,BestFirst_searchTermination\u003dnull": 0.0,
      "DecisionTable_search\u003dweka.attributeSelection.GreedyStepwise,BestFirst_searchTermination\u003d3": 0.0,
      "DecisionTable_search\u003dweka.attributeSelection.GreedyStepwise,BestFirst_searchTermination\u003d2": 0.0,
      "DecisionTable_search\u003dweka.attributeSelection.BestFirst,BestFirst_searchTermination\u003d8": 0.10000000000000002,
      "DecisionTable_search\u003dweka.attributeSelection.GreedyStepwise,BestFirst_searchTermination\u003d1": 0.0,
      "DecisionTable_search\u003dweka.attributeSelection.BestFirst,BestFirst_searchTermination\u003d9": 0.10000000000000002,
      "DecisionTable_search\u003dweka.attributeSelection.GreedyStepwise,BestFirst_searchTermination\u003d7": 0.0,
      "DecisionTable_search\u003dnull,BestFirst_searchTermination\u003d4": 0.0,
      "DecisionTable_search\u003dweka.attributeSelection.GreedyStepwise,BestFirst_searchTermination\u003d6": 0.0,
      "DecisionTable_search\u003dnull,BestFirst_searchTermination\u003d3": 0.0,
      "DecisionTable_search\u003dweka.attributeSelection.GreedyStepwise,BestFirst_searchTermination\u003d5": 0.0,
      "DecisionTable_search\u003dnull,BestFirst_searchTermination\u003d2": 0.0,
      "DecisionTable_search\u003dweka.attributeSelection.GreedyStepwise,BestFirst_searchTermination\u003d4": 0.0,
      "DecisionTable_search\u003dnull,BestFirst_searchTermination\u003d1": 0.0,
      "DecisionTable_search\u003dnull,BestFirst_searchTermination\u003d8": 0.0,
      "DecisionTable_search\u003dnull,BestFirst_searchTermination\u003d7": 0.0,
      "DecisionTable_search\u003dweka.attributeSelection.GreedyStepwise,BestFirst_searchTermination\u003d9": 0.0,
      "DecisionTable_search\u003dnull,BestFirst_searchTermination\u003d6": 0.0,
      "DecisionTable_search\u003dweka.attributeSelection.GreedyStepwise,BestFirst_searchTermination\u003d8": 0.0,
      "DecisionTable_search\u003dnull,BestFirst_searchTermination\u003d5": 0.0,
      "DecisionTable_search\u003dnull,BestFirst_searchTermination\u003d9": 0.0,
      "DecisionTable_search\u003dweka.attributeSelection.GreedyStepwise,BestFirst_searchTermination\u003dnull": 1.0,
      "DecisionTable_search\u003dnull,BestFirst_searchTermination\u003d10": 0.0,
      "DecisionTable_search\u003dweka.attributeSelection.BestFirst,BestFirst_searchTermination\u003d10": 0.10000000000000002
    },
    "BestFirst_direction": {
      "DecisionTable_search\u003dnull,BestFirst_direction\u003d0": 0.0,
      "DecisionTable_search\u003dnull,BestFirst_direction\u003d1": 0.0,
      "DecisionTable_search\u003dweka.attributeSelection.GreedyStepwise,BestFirst_direction\u003d0": 0.0,
      "DecisionTable_search\u003dnull,BestFirst_direction\u003dnull": 1.0,
      "DecisionTable_search\u003dnull,BestFirst_direction\u003d2": 0.0,
      "DecisionTable_search\u003dweka.attributeSelection.BestFirst,BestFirst_direction\u003dnull": 0.0,
      "DecisionTable_search\u003dweka.attributeSelection.BestFirst,BestFirst_direction\u003d0": 0.3333333333333333,
      "DecisionTable_search\u003dweka.attributeSelection.GreedyStepwise,BestFirst_direction\u003d2": 0.0,
      "DecisionTable_search\u003dweka.attributeSelection.GreedyStepwise,BestFirst_direction\u003d1": 0.0,
      "DecisionTable_search\u003dweka.attributeSelection.BestFirst,BestFirst_direction\u003d1": 0.3333333333333333,
      "DecisionTable_search\u003dweka.attributeSelection.GreedyStepwise,BestFirst_direction\u003dnull": 1.0,
      "DecisionTable_search\u003dweka.attributeSelection.BestFirst,BestFirst_direction\u003d2": 0.3333333333333333
    },
    "J48": {
      "J48\u003dfalse": 0.13360544217687076,
      "J48\u003dtrue": 0.8663945578231294
    },
    "DecisionTable": {
      "DecisionTable\u003dtrue": 0.9084013605442177,
      "DecisionTable\u003dfalse": 0.09159863945578232
    },
    "J48_confidenceFactorValue": {
      "J48_pruning\u003dunpruned,J48_confidenceFactorValue\u003d0.25": 0.0,
      "J48_pruning\u003dunpruned,J48_confidenceFactorValue\u003d0.35": 0.0,
      "J48_pruning\u003dunpruned,J48_confidenceFactorValue\u003d0.05": 0.0,
      "J48_pruning\u003dunpruned,J48_confidenceFactorValue\u003d0.15": 0.0,
      "J48_pruning\u003dreducedErrorPruning,J48_confidenceFactorValue\u003dnull": 1.0,
      "J48_pruning\u003dnull,J48_confidenceFactorValue\u003dnull": 1.0,
      "J48_pruning\u003dnull,J48_confidenceFactorValue\u003d0.05": 0.0,
      "J48_pruning\u003dunpruned,J48_confidenceFactorValue\u003dnull": 1.0,
      "J48_pruning\u003dnull,J48_confidenceFactorValue\u003d0.15": 0.0,
      "J48_pruning\u003dnull,J48_confidenceFactorValue\u003d0.25": 0.0,
      "J48_pruning\u003dnull,J48_confidenceFactorValue\u003d0.35": 0.0,
      "J48_pruning\u003dnull,J48_confidenceFactorValue\u003d0.45": 0.0,
      "J48_pruning\u003dunpruned,J48_confidenceFactorValue\u003d0.45": 0.0,
      "J48_pruning\u003dconfidenceFactor,J48_confidenceFactorValue\u003d0.05": 0.2,
      "J48_pruning\u003dconfidenceFactor,J48_confidenceFactorValue\u003d0.15": 0.2,
      "J48_pruning\u003dreducedErrorPruning,J48_confidenceFactorValue\u003d0.45": 0.0,
      "J48_pruning\u003dconfidenceFactor,J48_confidenceFactorValue\u003d0.45": 0.2,
      "J48_pruning\u003dreducedErrorPruning,J48_confidenceFactorValue\u003d0.35": 0.0,
      "J48_pruning\u003dreducedErrorPruning,J48_confidenceFactorValue\u003d0.25": 0.0,
      "J48_pruning\u003dconfidenceFactor,J48_confidenceFactorValue\u003d0.25": 0.2,
      "J48_pruning\u003dreducedErrorPruning,J48_confidenceFactorValue\u003d0.15": 0.0,
      "J48_pruning\u003dconfidenceFactor,J48_confidenceFactorValue\u003d0.35": 0.2,
      "J48_pruning\u003dreducedErrorPruning,J48_confidenceFactorValue\u003d0.05": 0.0,
      "J48_pruning\u003dconfidenceFactor,J48_confidenceFactorValue\u003dnull": 0.0
    },
    "PART": {
      "PART\u003dtrue": 0.9084013605442177,
      "PART\u003dfalse": 0.09159863945578232
    },
    "PART_minNumObj": {
      "PART\u003dfalse,PART_minNumObj\u003d5": 0.0,
      "PART\u003dfalse,PART_minNumObj\u003d6": 0.0,
      "PART\u003dfalse,PART_minNumObj\u003d3": 0.0,
      "PART\u003dfalse,PART_minNumObj\u003d4": 0.0,
      "PART\u003dfalse,PART_minNumObj\u003d9": 0.0,
      "PART\u003dfalse,PART_minNumObj\u003d7": 0.0,
      "PART\u003dfalse,PART_minNumObj\u003d8": 0.0,
      "PART\u003dtrue,PART_minNumObj\u003dnull": 0.0,
      "PART\u003dtrue,PART_minNumObj\u003d6": 0.11111111111111108,
      "PART\u003dtrue,PART_minNumObj\u003d7": 0.11111111111111108,
      "PART\u003dtrue,PART_minNumObj\u003d8": 0.11111111111111108,
      "PART\u003dtrue,PART_minNumObj\u003d10": 0.11111111111111108,
      "PART\u003dtrue,PART_minNumObj\u003d9": 0.11111111111111108,
      "PART\u003dtrue,PART_minNumObj\u003d2": 0.11111111111111108,
      "PART\u003dtrue,PART_minNumObj\u003d3": 0.11111111111111108,
      "PART\u003dtrue,PART_minNumObj\u003d4": 0.11111111111111108,
      "PART\u003dtrue,PART_minNumObj\u003d5": 0.11111111111111108,
      "PART\u003dfalse,PART_minNumObj\u003d2": 0.0,
      "PART\u003dfalse,PART_minNumObj\u003d10": 0.0,
      "PART\u003dfalse,PART_minNumObj\u003dnull": 1.0
    },
    "JRip_optimizations": {
      "JRip_usePruning\u003dtrue,JRip_optimizations\u003d10": 0.10000000000000002,
      "JRip_usePruning\u003dnull,JRip_optimizations\u003dnull": 1.0,
      "JRip_usePruning\u003dtrue,JRip_optimizations\u003dnull": 0.0,
      "JRip_usePruning\u003dtrue,JRip_optimizations\u003d4": 0.10000000000000002,
      "JRip_usePruning\u003dnull,JRip_optimizations\u003d9": 0.0,
      "JRip_usePruning\u003dtrue,JRip_optimizations\u003d5": 0.10000000000000002,
      "JRip_usePruning\u003dtrue,JRip_optimizations\u003d2": 0.10000000000000002,
      "JRip_usePruning\u003dnull,JRip_optimizations\u003d7": 0.0,
      "JRip_usePruning\u003dtrue,JRip_optimizations\u003d3": 0.10000000000000002,
      "JRip_usePruning\u003dnull,JRip_optimizations\u003d8": 0.0,
      "JRip_usePruning\u003dtrue,JRip_optimizations\u003d1": 0.10000000000000002,
      "JRip_usePruning\u003dnull,JRip_optimizations\u003d10": 0.0,
      "JRip_usePruning\u003dnull,JRip_optimizations\u003d1": 0.0,
      "JRip_usePruning\u003dnull,JRip_optimizations\u003d2": 0.0,
      "JRip_usePruning\u003dnull,JRip_optimizations\u003d5": 0.0,
      "JRip_usePruning\u003dnull,JRip_optimizations\u003d6": 0.0,
      "JRip_usePruning\u003dnull,JRip_optimizations\u003d3": 0.0,
      "JRip_usePruning\u003dnull,JRip_optimizations\u003d4": 0.0,
      "JRip_usePruning\u003dfalse,JRip_optimizations\u003d10": 0.0,
      "JRip_usePruning\u003dtrue,JRip_optimizations\u003d8": 0.10000000000000002,
      "JRip_usePruning\u003dtrue,JRip_optimizations\u003d9": 0.10000000000000002,
      "JRip_usePruning\u003dtrue,JRip_optimizations\u003d6": 0.10000000000000002,
      "JRip_usePruning\u003dtrue,JRip_optimizations\u003d7": 0.10000000000000002,
      "JRip_usePruning\u003dfalse,JRip_optimizations\u003d7": 0.0,
      "JRip_usePruning\u003dfalse,JRip_optimizations\u003d8": 0.0,
      "JRip_usePruning\u003dfalse,JRip_optimizations\u003d5": 0.0,
      "JRip_usePruning\u003dfalse,JRip_optimizations\u003d6": 0.0,
      "JRip_usePruning\u003dfalse,JRip_optimizations\u003d3": 0.0,
      "JRip_usePruning\u003dfalse,JRip_optimizations\u003d4": 0.0,
      "JRip_usePruning\u003dfalse,JRip_optimizations\u003d1": 0.0,
      "JRip_usePruning\u003dfalse,JRip_optimizations\u003d2": 0.0,
      "JRip_usePruning\u003dfalse,JRip_optimizations\u003dnull": 1.0,
      "JRip_usePruning\u003dfalse,JRip_optimizations\u003d9": 0.0
    },
    "SimpleCart_useOneSE": {
      "SimpleCart_usePrune\u003dfalse,SimpleCart_useOneSE\u003dfalse": 0.0,
      "SimpleCart_usePrune\u003dtrue,SimpleCart_useOneSE\u003dnull": 0.0,
      "SimpleCart_usePrune\u003dnull,SimpleCart_useOneSE\u003dtrue": 0.0,
      "SimpleCart_usePrune\u003dfalse,SimpleCart_useOneSE\u003dnull": 1.0,
      "SimpleCart_usePrune\u003dnull,SimpleCart_useOneSE\u003dfalse": 0.0,
      "SimpleCart_usePrune\u003dfalse,SimpleCart_useOneSE\u003dtrue": 0.0,
      "SimpleCart_usePrune\u003dtrue,SimpleCart_useOneSE\u003dtrue": 0.5,
      "SimpleCart_usePrune\u003dtrue,SimpleCart_useOneSE\u003dfalse": 0.5,
      "SimpleCart_usePrune\u003dnull,SimpleCart_useOneSE\u003dnull": 1.0
    },
    "PART_pruning": {
      "PART\u003dtrue,PART_pruning\u003dunpruned": 0.3333333333333333,
      "PART\u003dtrue,PART_pruning\u003dconfidenceFactor": 0.3333333333333333,
      "PART\u003dfalse,PART_pruning\u003dconfidenceFactor": 0.0,
      "PART\u003dtrue,PART_pruning\u003dreducedErrorPruning": 0.3333333333333333,
      "PART\u003dfalse,PART_pruning\u003dnull": 1.0,
      "PART\u003dfalse,PART_pruning\u003dunpruned": 0.0,
      "PART\u003dtrue,PART_pruning\u003dnull": 0.0,
      "PART\u003dfalse,PART_pruning\u003dreducedErrorPruning": 0.0
    },
    "DecisionTable_useIBk": {
      "DecisionTable\u003dfalse,DecisionTable_useIBk\u003dfalse": 0.0,
      "DecisionTable\u003dfalse,DecisionTable_useIBk\u003dnull": 1.0,
      "DecisionTable\u003dtrue,DecisionTable_useIBk\u003dtrue": 0.5,
      "DecisionTable\u003dfalse,DecisionTable_useIBk\u003dtrue": 0.0,
      "DecisionTable\u003dtrue,DecisionTable_useIBk\u003dfalse": 0.5,
      "DecisionTable\u003dtrue,DecisionTable_useIBk\u003dnull": 0.0
    },
    "JRip_usePruning": {
      "JRip\u003dfalse,JRip_usePruning\u003dfalse": 0.0,
      "JRip\u003dfalse,JRip_usePruning\u003dtrue": 0.0,
      "JRip\u003dtrue,JRip_usePruning\u003dtrue": 0.5,
      "JRip\u003dtrue,JRip_usePruning\u003dnull": 0.0,
      "JRip\u003dfalse,JRip_usePruning\u003dnull": 1.0,
      "JRip\u003dtrue,JRip_usePruning\u003dfalse": 0.5
    },
    "DecisionTable_search": {
      "DecisionTable\u003dtrue,DecisionTable_search\u003dweka.attributeSelection.BestFirst": 0.5,
      "DecisionTable\u003dfalse,DecisionTable_search\u003dweka.attributeSelection.GreedyStepwise": 0.0,
      "DecisionTable\u003dfalse,DecisionTable_search\u003dnull": 1.0,
      "DecisionTable\u003dtrue,DecisionTable_search\u003dweka.attributeSelection.GreedyStepwise": 0.5,
      "DecisionTable\u003dtrue,DecisionTable_search\u003dnull": 0.0,
      "DecisionTable\u003dfalse,DecisionTable_search\u003dweka.attributeSelection.BestFirst": 0.0
    },
    "PART_useMDLcorrection": {
      "PART\u003dfalse,PART_useMDLcorrection\u003dnull": 1.0,
      "PART\u003dfalse,PART_useMDLcorrection\u003dfalse": 0.0,
      "PART\u003dtrue,PART_useMDLcorrection\u003dfalse": 0.5,
      "PART\u003dtrue,PART_useMDLcorrection\u003dtrue": 0.5,
      "PART\u003dtrue,PART_useMDLcorrection\u003dnull": 0.0,
      "PART\u003dfalse,PART_useMDLcorrection\u003dtrue": 0.0
    },
    "PART_doNotMakeSplitPointActualValue": {
      "PART\u003dtrue,PART_doNotMakeSplitPointActualValue\u003dnull": 0.0,
      "PART\u003dfalse,PART_doNotMakeSplitPointActualValue\u003dnull": 1.0,
      "PART\u003dtrue,PART_doNotMakeSplitPointActualValue\u003dtrue": 0.5,
      "PART\u003dtrue,PART_doNotMakeSplitPointActualValue\u003dfalse": 0.5,
      "PART\u003dfalse,PART_doNotMakeSplitPointActualValue\u003dtrue": 0.0,
      "PART\u003dfalse,PART_doNotMakeSplitPointActualValue\u003dfalse": 0.0
    },
    "SimpleCart": {
      "SimpleCart\u003dfalse": 0.09159863945578232,
      "SimpleCart\u003dtrue": 0.9084013605442177
    },
    "SimpleCart_numFoldsPruning": {
      "SimpleCart_usePrune\u003dnull,SimpleCart_numFoldsPruning\u003d10": 0.0,
      "SimpleCart_usePrune\u003dnull,SimpleCart_numFoldsPruning\u003dnull": 1.0,
      "SimpleCart_usePrune\u003dfalse,SimpleCart_numFoldsPruning\u003d5": 0.0,
      "SimpleCart_usePrune\u003dnull,SimpleCart_numFoldsPruning\u003d2": 0.0,
      "SimpleCart_usePrune\u003dfalse,SimpleCart_numFoldsPruning\u003d6": 0.0,
      "SimpleCart_usePrune\u003dfalse,SimpleCart_numFoldsPruning\u003d7": 0.0,
      "SimpleCart_usePrune\u003dfalse,SimpleCart_numFoldsPruning\u003d8": 0.0,
      "SimpleCart_usePrune\u003dnull,SimpleCart_numFoldsPruning\u003d6": 0.0,
      "SimpleCart_usePrune\u003dfalse,SimpleCart_numFoldsPruning\u003d2": 0.0,
      "SimpleCart_usePrune\u003dnull,SimpleCart_numFoldsPruning\u003d5": 0.0,
      "SimpleCart_usePrune\u003dfalse,SimpleCart_numFoldsPruning\u003d3": 0.0,
      "SimpleCart_usePrune\u003dnull,SimpleCart_numFoldsPruning\u003d4": 0.0,
      "SimpleCart_usePrune\u003dfalse,SimpleCart_numFoldsPruning\u003d4": 0.0,
      "SimpleCart_usePrune\u003dnull,SimpleCart_numFoldsPruning\u003d3": 0.0,
      "SimpleCart_usePrune\u003dtrue,SimpleCart_numFoldsPruning\u003dnull": 0.0,
      "SimpleCart_usePrune\u003dtrue,SimpleCart_numFoldsPruning\u003d5": 0.11111111111111108,
      "SimpleCart_usePrune\u003dtrue,SimpleCart_numFoldsPruning\u003d4": 0.11111111111111108,
      "SimpleCart_usePrune\u003dnull,SimpleCart_numFoldsPruning\u003d9": 0.0,
      "SimpleCart_usePrune\u003dtrue,SimpleCart_numFoldsPruning\u003d3": 0.11111111111111108,
      "SimpleCart_usePrune\u003dnull,SimpleCart_numFoldsPruning\u003d8": 0.0,
      "SimpleCart_usePrune\u003dtrue,SimpleCart_numFoldsPruning\u003d2": 0.11111111111111108,
      "SimpleCart_usePrune\u003dnull,SimpleCart_numFoldsPruning\u003d7": 0.0,
      "SimpleCart_usePrune\u003dfalse,SimpleCart_numFoldsPruning\u003d9": 0.0,
      "SimpleCart_usePrune\u003dfalse,SimpleCart_numFoldsPruning\u003d10": 0.0,
      "SimpleCart_usePrune\u003dfalse,SimpleCart_numFoldsPruning\u003dnull": 1.0,
      "SimpleCart_usePrune\u003dtrue,SimpleCart_numFoldsPruning\u003d9": 0.11111111111111108,
      "SimpleCart_usePrune\u003dtrue,SimpleCart_numFoldsPruning\u003d8": 0.11111111111111108,
      "SimpleCart_usePrune\u003dtrue,SimpleCart_numFoldsPruning\u003d10": 0.11111111111111108,
      "SimpleCart_usePrune\u003dtrue,SimpleCart_numFoldsPruning\u003d7": 0.11111111111111108,
      "SimpleCart_usePrune\u003dtrue,SimpleCart_numFoldsPruning\u003d6": 0.11111111111111108
    },
    "SimpleCart_heuristic": {
      "SimpleCart\u003dtrue,SimpleCart_heuristic\u003dtrue": 0.5,
      "SimpleCart\u003dfalse,SimpleCart_heuristic\u003dfalse": 0.0,
      "SimpleCart\u003dfalse,SimpleCart_heuristic\u003dnull": 1.0,
      "SimpleCart\u003dtrue,SimpleCart_heuristic\u003dnull": 0.0,
      "SimpleCart\u003dtrue,SimpleCart_heuristic\u003dfalse": 0.5,
      "SimpleCart\u003dfalse,SimpleCart_heuristic\u003dtrue": 0.0
    },
    "PART_binarySplits": {
      "PART\u003dfalse,PART_binarySplits\u003dfalse": 0.0,
      "PART\u003dfalse,PART_binarySplits\u003dnull": 1.0,
      "PART\u003dfalse,PART_binarySplits\u003dtrue": 0.0,
      "PART\u003dtrue,PART_binarySplits\u003dfalse": 0.5,
      "PART\u003dtrue,PART_binarySplits\u003dtrue": 0.5,
      "PART\u003dtrue,PART_binarySplits\u003dnull": 0.0
    },
    "DecisionTable_evaluationMeasure": {
      "DecisionTable\u003dfalse,DecisionTable_evaluationMeasure\u003drmse": 0.0,
      "DecisionTable\u003dfalse,DecisionTable_evaluationMeasure\u003dnull": 1.0,
      "DecisionTable\u003dtrue,DecisionTable_evaluationMeasure\u003drmse": 0.25,
      "DecisionTable\u003dtrue,DecisionTable_evaluationMeasure\u003dauc": 0.25,
      "DecisionTable\u003dfalse,DecisionTable_evaluationMeasure\u003dauc": 0.0,
      "DecisionTable\u003dtrue,DecisionTable_evaluationMeasure\u003dacc": 0.25,
      "DecisionTable\u003dtrue,DecisionTable_evaluationMeasure\u003dmae": 0.25,
      "DecisionTable\u003dtrue,DecisionTable_evaluationMeasure\u003dnull": 0.0,
      "DecisionTable\u003dfalse,DecisionTable_evaluationMeasure\u003dacc": 0.0,
      "DecisionTable\u003dfalse,DecisionTable_evaluationMeasure\u003dmae": 0.0
    },
    "Aggregator": {
      "Aggregator\u003dMajorityVotingAggregator": 0.5175918367346939,
      "Aggregator\u003dRuleExtractorAggregator": 0.2024285714285714,
      "Aggregator\u003dCompetenceBasedAggregator": 0.2799795918367347
    },
    "J48_useLaplace": {
      "J48\u003dfalse,J48_useLaplace\u003dnull": 1.0,
      "J48\u003dtrue,J48_useLaplace\u003dfalse": 0.5,
      "J48\u003dtrue,J48_useLaplace\u003dnull": 0.0,
      "J48\u003dfalse,J48_useLaplace\u003dtrue": 0.0,
      "J48\u003dtrue,J48_useLaplace\u003dtrue": 0.5,
      "J48\u003dfalse,J48_useLaplace\u003dfalse": 0.0
    },
    "JRip_minNo": {
      "JRip\u003dfalse,JRip_minNo\u003d2": 0.0,
      "JRip\u003dfalse,JRip_minNo\u003dnull": 1.0,
      "JRip\u003dtrue,JRip_minNo\u003dnull": 0.0,
      "JRip\u003dtrue,JRip_minNo\u003d10": 0.11111111111111108,
      "JRip\u003dfalse,JRip_minNo\u003d10": 0.0,
      "JRip\u003dtrue,JRip_minNo\u003d3": 0.11111111111111108,
      "JRip\u003dtrue,JRip_minNo\u003d2": 0.11111111111111108,
      "JRip\u003dfalse,JRip_minNo\u003d9": 0.0,
      "JRip\u003dtrue,JRip_minNo\u003d5": 0.11111111111111108,
      "JRip\u003dfalse,JRip_minNo\u003d8": 0.0,
      "JRip\u003dtrue,JRip_minNo\u003d4": 0.11111111111111108,
      "JRip\u003dfalse,JRip_minNo\u003d7": 0.0,
      "JRip\u003dtrue,JRip_minNo\u003d7": 0.11111111111111108,
      "JRip\u003dfalse,JRip_minNo\u003d6": 0.0,
      "JRip\u003dtrue,JRip_minNo\u003d6": 0.11111111111111108,
      "JRip\u003dfalse,JRip_minNo\u003d5": 0.0,
      "JRip\u003dtrue,JRip_minNo\u003d9": 0.11111111111111108,
      "JRip\u003dfalse,JRip_minNo\u003d4": 0.0,
      "JRip\u003dtrue,JRip_minNo\u003d8": 0.11111111111111108,
      "JRip\u003dfalse,JRip_minNo\u003d3": 0.0
    },
    "J48_collapseTree": {
      "J48\u003dfalse,J48_collapseTree\u003dnull": 1.0,
      "J48\u003dtrue,J48_collapseTree\u003dfalse": 0.5,
      "J48\u003dtrue,J48_collapseTree\u003dnull": 0.0,
      "J48\u003dfalse,J48_collapseTree\u003dtrue": 0.0,
      "J48\u003dtrue,J48_collapseTree\u003dtrue": 0.5,
      "J48\u003dfalse,J48_collapseTree\u003dfalse": 0.0
    },
    "SimpleCart_minNumObj": {
      "SimpleCart\u003dfalse,SimpleCart_minNumObj\u003d2": 0.0,
      "SimpleCart\u003dtrue,SimpleCart_minNumObj\u003d2": 0.11111111111111108,
      "SimpleCart\u003dtrue,SimpleCart_minNumObj\u003d3": 0.11111111111111108,
      "SimpleCart\u003dtrue,SimpleCart_minNumObj\u003d10": 0.11111111111111108,
      "SimpleCart\u003dfalse,SimpleCart_minNumObj\u003dnull": 1.0,
      "SimpleCart\u003dtrue,SimpleCart_minNumObj\u003d8": 0.11111111111111108,
      "SimpleCart\u003dtrue,SimpleCart_minNumObj\u003d9": 0.11111111111111108,
      "SimpleCart\u003dtrue,SimpleCart_minNumObj\u003d4": 0.11111111111111108,
      "SimpleCart\u003dfalse,SimpleCart_minNumObj\u003d10": 0.0,
      "SimpleCart\u003dtrue,SimpleCart_minNumObj\u003d5": 0.11111111111111108,
      "SimpleCart\u003dtrue,SimpleCart_minNumObj\u003d6": 0.11111111111111108,
      "SimpleCart\u003dtrue,SimpleCart_minNumObj\u003d7": 0.11111111111111108,
      "SimpleCart\u003dfalse,SimpleCart_minNumObj\u003d7": 0.0,
      "SimpleCart\u003dfalse,SimpleCart_minNumObj\u003d8": 0.0,
      "SimpleCart\u003dfalse,SimpleCart_minNumObj\u003d9": 0.0,
      "SimpleCart\u003dfalse,SimpleCart_minNumObj\u003d3": 0.0,
      "SimpleCart\u003dfalse,SimpleCart_minNumObj\u003d4": 0.0,
      "SimpleCart\u003dtrue,SimpleCart_minNumObj\u003dnull": 0.0,
      "SimpleCart\u003dfalse,SimpleCart_minNumObj\u003d5": 0.0,
      "SimpleCart\u003dfalse,SimpleCart_minNumObj\u003d6": 0.0
    },
    "JRip_folds": {
      "JRip_usePruning\u003dnull,JRip_folds\u003d9": 0.0,
      "JRip_usePruning\u003dnull,JRip_folds\u003d7": 0.0,
      "JRip_usePruning\u003dnull,JRip_folds\u003d8": 0.0,
      "JRip_usePruning\u003dnull,JRip_folds\u003d5": 0.0,
      "JRip_usePruning\u003dnull,JRip_folds\u003d6": 0.0,
      "JRip_usePruning\u003dnull,JRip_folds\u003d3": 0.0,
      "JRip_usePruning\u003dnull,JRip_folds\u003d4": 0.0,
      "JRip_usePruning\u003dnull,JRip_folds\u003d10": 0.0,
      "JRip_usePruning\u003dtrue,JRip_folds\u003dnull": 0.0,
      "JRip_usePruning\u003dnull,JRip_folds\u003d2": 0.0,
      "JRip_usePruning\u003dfalse,JRip_folds\u003dnull": 1.0,
      "JRip_usePruning\u003dtrue,JRip_folds\u003d4": 0.11111111111111108,
      "JRip_usePruning\u003dtrue,JRip_folds\u003d5": 0.11111111111111108,
      "JRip_usePruning\u003dtrue,JRip_folds\u003d2": 0.11111111111111108,
      "JRip_usePruning\u003dtrue,JRip_folds\u003d3": 0.11111111111111108,
      "JRip_usePruning\u003dtrue,JRip_folds\u003d8": 0.11111111111111108,
      "JRip_usePruning\u003dtrue,JRip_folds\u003d9": 0.11111111111111108,
      "JRip_usePruning\u003dtrue,JRip_folds\u003d6": 0.11111111111111108,
      "JRip_usePruning\u003dtrue,JRip_folds\u003d7": 0.11111111111111108,
      "JRip_usePruning\u003dtrue,JRip_folds\u003d10": 0.11111111111111108,
      "JRip_usePruning\u003dfalse,JRip_folds\u003d9": 0.0,
      "JRip_usePruning\u003dfalse,JRip_folds\u003d7": 0.0,
      "JRip_usePruning\u003dfalse,JRip_folds\u003d8": 0.0,
      "JRip_usePruning\u003dfalse,JRip_folds\u003d5": 0.0,
      "JRip_usePruning\u003dfalse,JRip_folds\u003d10": 0.0,
      "JRip_usePruning\u003dfalse,JRip_folds\u003d6": 0.0,
      "JRip_usePruning\u003dfalse,JRip_folds\u003d3": 0.0,
      "JRip_usePruning\u003dfalse,JRip_folds\u003d4": 0.0,
      "JRip_usePruning\u003dnull,JRip_folds\u003dnull": 1.0,
      "JRip_usePruning\u003dfalse,JRip_folds\u003d2": 0.0
    },
    "PART_numFolds": {
      "PART_pruning\u003dunpruned,PART_numFolds\u003d3": 0.0,
      "PART_pruning\u003dunpruned,PART_numFolds\u003d2": 0.0,
      "PART_pruning\u003dunpruned,PART_numFolds\u003d7": 0.0,
      "PART_pruning\u003dunpruned,PART_numFolds\u003d6": 0.0,
      "PART_pruning\u003dunpruned,PART_numFolds\u003d5": 0.0,
      "PART_pruning\u003dunpruned,PART_numFolds\u003d4": 0.0,
      "PART_pruning\u003dnull,PART_numFolds\u003dnull": 1.0,
      "PART_pruning\u003dconfidenceFactor,PART_numFolds\u003dnull": 1.0,
      "PART_pruning\u003dunpruned,PART_numFolds\u003d9": 0.0,
      "PART_pruning\u003dunpruned,PART_numFolds\u003d8": 0.0,
      "PART_pruning\u003dconfidenceFactor,PART_numFolds\u003d9": 0.0,
      "PART_pruning\u003dconfidenceFactor,PART_numFolds\u003d8": 0.0,
      "PART_pruning\u003dconfidenceFactor,PART_numFolds\u003d7": 0.0,
      "PART_pruning\u003dconfidenceFactor,PART_numFolds\u003d6": 0.0,
      "PART_pruning\u003dconfidenceFactor,PART_numFolds\u003d10": 0.0,
      "PART_pruning\u003dunpruned,PART_numFolds\u003dnull": 1.0,
      "PART_pruning\u003dreducedErrorPruning,PART_numFolds\u003d4": 0.11111111111111108,
      "PART_pruning\u003dreducedErrorPruning,PART_numFolds\u003d5": 0.11111111111111108,
      "PART_pruning\u003dreducedErrorPruning,PART_numFolds\u003d2": 0.11111111111111108,
      "PART_pruning\u003dreducedErrorPruning,PART_numFolds\u003d3": 0.11111111111111108,
      "PART_pruning\u003dreducedErrorPruning,PART_numFolds\u003d8": 0.11111111111111108,
      "PART_pruning\u003dreducedErrorPruning,PART_numFolds\u003d9": 0.11111111111111108,
      "PART_pruning\u003dreducedErrorPruning,PART_numFolds\u003d6": 0.11111111111111108,
      "PART_pruning\u003dreducedErrorPruning,PART_numFolds\u003d7": 0.11111111111111108,
      "PART_pruning\u003dunpruned,PART_numFolds\u003d10": 0.0,
      "PART_pruning\u003dnull,PART_numFolds\u003d4": 0.0,
      "PART_pruning\u003dnull,PART_numFolds\u003d5": 0.0,
      "PART_pruning\u003dnull,PART_numFolds\u003d6": 0.0,
      "PART_pruning\u003dnull,PART_numFolds\u003d7": 0.0,
      "PART_pruning\u003dconfidenceFactor,PART_numFolds\u003d5": 0.0,
      "PART_pruning\u003dreducedErrorPruning,PART_numFolds\u003dnull": 0.0,
      "PART_pruning\u003dconfidenceFactor,PART_numFolds\u003d4": 0.0,
      "PART_pruning\u003dconfidenceFactor,PART_numFolds\u003d3": 0.0,
      "PART_pruning\u003dnull,PART_numFolds\u003d2": 0.0,
      "PART_pruning\u003dconfidenceFactor,PART_numFolds\u003d2": 0.0,
      "PART_pruning\u003dnull,PART_numFolds\u003d3": 0.0,
      "PART_pruning\u003dnull,PART_numFolds\u003d8": 0.0,
      "PART_pruning\u003dnull,PART_numFolds\u003d9": 0.0,
      "PART_pruning\u003dnull,PART_numFolds\u003d10": 0.0,
      "PART_pruning\u003dreducedErrorPruning,PART_numFolds\u003d10": 0.11111111111111108
    },
    "J48_useMDLcorrection": {
      "J48\u003dfalse,J48_useMDLcorrection\u003dtrue": 0.0,
      "J48\u003dtrue,J48_useMDLcorrection\u003dnull": 0.0,
      "J48\u003dtrue,J48_useMDLcorrection\u003dtrue": 0.5,
      "J48\u003dfalse,J48_useMDLcorrection\u003dnull": 1.0,
      "J48\u003dfalse,J48_useMDLcorrection\u003dfalse": 0.0,
      "J48\u003dtrue,J48_useMDLcorrection\u003dfalse": 0.5
    },
    "J48_numFolds": {
      "J48_pruning\u003dreducedErrorPruning,J48_numFolds\u003d6": 0.11111111111111108,
      "J48_pruning\u003dreducedErrorPruning,J48_numFolds\u003d7": 0.11111111111111108,
      "J48_pruning\u003dreducedErrorPruning,J48_numFolds\u003d8": 0.11111111111111108,
      "J48_pruning\u003dconfidenceFactor,J48_numFolds\u003dnull": 1.0,
      "J48_pruning\u003dreducedErrorPruning,J48_numFolds\u003d9": 0.11111111111111108,
      "J48_pruning\u003dreducedErrorPruning,J48_numFolds\u003d2": 0.11111111111111108,
      "J48_pruning\u003dreducedErrorPruning,J48_numFolds\u003d3": 0.11111111111111108,
      "J48_pruning\u003dreducedErrorPruning,J48_numFolds\u003d4": 0.11111111111111108,
      "J48_pruning\u003dconfidenceFactor,J48_numFolds\u003d3": 0.0,
      "J48_pruning\u003dreducedErrorPruning,J48_numFolds\u003d5": 0.11111111111111108,
      "J48_pruning\u003dconfidenceFactor,J48_numFolds\u003d2": 0.0,
      "J48_pruning\u003dreducedErrorPruning,J48_numFolds\u003dnull": 0.0,
      "J48_pruning\u003dconfidenceFactor,J48_numFolds\u003d10": 0.0,
      "J48_pruning\u003dunpruned,J48_numFolds\u003d8": 0.0,
      "J48_pruning\u003dunpruned,J48_numFolds\u003d9": 0.0,
      "J48_pruning\u003dunpruned,J48_numFolds\u003d6": 0.0,
      "J48_pruning\u003dunpruned,J48_numFolds\u003d7": 0.0,
      "J48_pruning\u003dunpruned,J48_numFolds\u003d4": 0.0,
      "J48_pruning\u003dunpruned,J48_numFolds\u003d5": 0.0,
      "J48_pruning\u003dunpruned,J48_numFolds\u003d2": 0.0,
      "J48_pruning\u003dunpruned,J48_numFolds\u003d3": 0.0,
      "J48_pruning\u003dnull,J48_numFolds\u003d4": 0.0,
      "J48_pruning\u003dunpruned,J48_numFolds\u003dnull": 1.0,
      "J48_pruning\u003dnull,J48_numFolds\u003d5": 0.0,
      "J48_pruning\u003dnull,J48_numFolds\u003d2": 0.0,
      "J48_pruning\u003dnull,J48_numFolds\u003d3": 0.0,
      "J48_pruning\u003dnull,J48_numFolds\u003d8": 0.0,
      "J48_pruning\u003dreducedErrorPruning,J48_numFolds\u003d10": 0.11111111111111108,
      "J48_pruning\u003dnull,J48_numFolds\u003d9": 0.0,
      "J48_pruning\u003dnull,J48_numFolds\u003d6": 0.0,
      "J48_pruning\u003dnull,J48_numFolds\u003d7": 0.0,
      "J48_pruning\u003dnull,J48_numFolds\u003dnull": 1.0,
      "J48_pruning\u003dconfidenceFactor,J48_numFolds\u003d5": 0.0,
      "J48_pruning\u003dconfidenceFactor,J48_numFolds\u003d4": 0.0,
      "J48_pruning\u003dconfidenceFactor,J48_numFolds\u003d7": 0.0,
      "J48_pruning\u003dnull,J48_numFolds\u003d10": 0.0,
      "J48_pruning\u003dconfidenceFactor,J48_numFolds\u003d6": 0.0,
      "J48_pruning\u003dconfidenceFactor,J48_numFolds\u003d9": 0.0,
      "J48_pruning\u003dconfidenceFactor,J48_numFolds\u003d8": 0.0,
      "J48_pruning\u003dunpruned,J48_numFolds\u003d10": 0.0
    },
    "GreedyStepwise_conservativeForwardSelection": {
      "DecisionTable_search\u003dnull,GreedyStepwise_conservativeForwardSelection\u003dnull": 1.0,
      "DecisionTable_search\u003dweka.attributeSelection.GreedyStepwise,GreedyStepwise_conservativeForwardSelection\u003dnull": 0.0,
      "DecisionTable_search\u003dnull,GreedyStepwise_conservativeForwardSelection\u003dfalse": 0.0,
      "DecisionTable_search\u003dweka.attributeSelection.BestFirst,GreedyStepwise_conservativeForwardSelection\u003dtrue": 0.0,
      "DecisionTable_search\u003dweka.attributeSelection.BestFirst,GreedyStepwise_conservativeForwardSelection\u003dfalse": 0.0,
      "DecisionTable_search\u003dweka.attributeSelection.GreedyStepwise,GreedyStepwise_conservativeForwardSelection\u003dfalse": 0.5,
      "DecisionTable_search\u003dnull,GreedyStepwise_conservativeForwardSelection\u003dtrue": 0.0,
      "DecisionTable_search\u003dweka.attributeSelection.BestFirst,GreedyStepwise_conservativeForwardSelection\u003dnull": 1.0,
      "DecisionTable_search\u003dweka.attributeSelection.GreedyStepwise,GreedyStepwise_conservativeForwardSelection\u003dtrue": 0.5
    },
    "J48_doNotMakeSplitPointActualValue": {
      "J48\u003dtrue,J48_doNotMakeSplitPointActualValue\u003dnull": 0.0,
      "J48\u003dfalse,J48_doNotMakeSplitPointActualValue\u003dtrue": 0.0,
      "J48\u003dtrue,J48_doNotMakeSplitPointActualValue\u003dfalse": 0.5,
      "J48\u003dtrue,J48_doNotMakeSplitPointActualValue\u003dtrue": 0.5,
      "J48\u003dfalse,J48_doNotMakeSplitPointActualValue\u003dfalse": 0.0,
      "J48\u003dfalse,J48_doNotMakeSplitPointActualValue\u003dnull": 1.0
    },
    "J48_minNumObj": {
      "J48\u003dfalse,J48_minNumObj\u003d8": 0.0,
      "J48\u003dfalse,J48_minNumObj\u003d7": 0.0,
      "J48\u003dfalse,J48_minNumObj\u003d9": 0.0,
      "J48\u003dfalse,J48_minNumObj\u003d4": 0.0,
      "J48\u003dfalse,J48_minNumObj\u003d10": 0.0,
      "J48\u003dfalse,J48_minNumObj\u003d3": 0.0,
      "J48\u003dfalse,J48_minNumObj\u003d6": 0.0,
      "J48\u003dfalse,J48_minNumObj\u003d5": 0.0,
      "J48\u003dtrue,J48_minNumObj\u003dnull": 0.0,
      "J48\u003dtrue,J48_minNumObj\u003d10": 0.11111111111111108,
      "J48\u003dtrue,J48_minNumObj\u003d6": 0.11111111111111108,
      "J48\u003dtrue,J48_minNumObj\u003d7": 0.11111111111111108,
      "J48\u003dfalse,J48_minNumObj\u003dnull": 1.0,
      "J48\u003dtrue,J48_minNumObj\u003d8": 0.11111111111111108,
      "J48\u003dfalse,J48_minNumObj\u003d2": 0.0,
      "J48\u003dtrue,J48_minNumObj\u003d9": 0.11111111111111108,
      "J48\u003dtrue,J48_minNumObj\u003d2": 0.11111111111111108,
      "J48\u003dtrue,J48_minNumObj\u003d3": 0.11111111111111108,
      "J48\u003dtrue,J48_minNumObj\u003d4": 0.11111111111111108,
      "J48\u003dtrue,J48_minNumObj\u003d5": 0.11111111111111108
    },
    "GreedyStepwise_searchBackwards": {
      "DecisionTable_search\u003dweka.attributeSelection.GreedyStepwise,GreedyStepwise_searchBackwards\u003dnull": 0.0,
      "DecisionTable_search\u003dweka.attributeSelection.GreedyStepwise,GreedyStepwise_searchBackwards\u003dfalse": 0.5,
      "DecisionTable_search\u003dnull,GreedyStepwise_searchBackwards\u003dfalse": 0.0,
      "DecisionTable_search\u003dweka.attributeSelection.BestFirst,GreedyStepwise_searchBackwards\u003dnull": 1.0,
      "DecisionTable_search\u003dnull,GreedyStepwise_searchBackwards\u003dnull": 1.0,
      "DecisionTable_search\u003dweka.attributeSelection.BestFirst,GreedyStepwise_searchBackwards\u003dfalse": 0.0,
      "DecisionTable_search\u003dweka.attributeSelection.GreedyStepwise,GreedyStepwise_searchBackwards\u003dtrue": 0.5,
      "DecisionTable_search\u003dweka.attributeSelection.BestFirst,GreedyStepwise_searchBackwards\u003dtrue": 0.0,
      "DecisionTable_search\u003dnull,GreedyStepwise_searchBackwards\u003dtrue": 0.0
    }
  }
}