gen,nevals,min,median,max,currentGenBestValFitness,currentGenBestTestFitness,lap time (seconds),discarded individuals (including burn-in),GM connections,GM mean heuristic,sampling order
0,100,0.69179742,0.75994101,0.77037089,0.73972372,0.79435674,0017,0034,0035,0.00000000,"DecisionTable,DecisionTable_evaluationMeasure,DecisionTable_crossVal,J48,SimpleCart,PART,J48_doNotMakeSplitPointActualValue,SimpleCart_minNumObj,Aggregator,JRip,PART_doNotMakeSplitPointActualValue,DecisionTable_search,JRip_checkErrorRate,PART_binarySplits,SimpleCart_heuristic,GreedyStepwise_conservativeForwardSelection,DecisionTable_useIBk,PART_minNumObj,J48_useMDLcorrection,J48_pruning,J48_binarySplits,PART_pruning,J48_useLaplace,J48_collapseTree,SimpleCart_usePrune,J48_confidenceFactorValue,BestFirst_direction,J48_minNumObj,J48_numFolds,PART_useMDLcorrection,BestFirst_searchTermination,J48_subtreeRaising,SimpleCart_useOneSE,GreedyStepwise_searchBackwards,JRip_usePruning,JRip_minNo,PART_confidenceFactorValue,SimpleCart_numFoldsPruning,PART_numFolds,JRip_folds,JRip_optimizations"
1,90,0.67372012,0.76930485,0.77059815,0.74006065,0.79464033,0015,0034,0035,0.00000000,"PART,PART_doNotMakeSplitPointActualValue,J48,SimpleCart,PART_minNumObj,DecisionTable,SimpleCart_usePrune,J48_pruning,PART_pruning,J48_useMDLcorrection,J48_collapseTree,DecisionTable_useIBk,J48_confidenceFactorValue,JRip,J48_useLaplace,J48_doNotMakeSplitPointActualValue,JRip_minNo,Aggregator,SimpleCart_numFoldsPruning,DecisionTable_evaluationMeasure,J48_binarySplits,JRip_checkErrorRate,DecisionTable_search,SimpleCart_useOneSE,J48_minNumObj,PART_confidenceFactorValue,DecisionTable_crossVal,J48_subtreeRaising,PART_numFolds,SimpleCart_heuristic,PART_useMDLcorrection,PART_binarySplits,SimpleCart_minNumObj,J48_numFolds,JRip_usePruning,BestFirst_direction,JRip_folds,GreedyStepwise_conservativeForwardSelection,GreedyStepwise_searchBackwards,BestFirst_searchTermination,JRip_optimizations"
2,90,0.70232747,0.76937139,0.77059815,0.73744946,0.79378958,0014,0034,0035,0.00000000,"J48,PART,J48_minNumObj,J48_collapseTree,JRip,PART_binarySplits,J48_binarySplits,JRip_usePruning,JRip_checkErrorRate,DecisionTable,J48_useLaplace,J48_pruning,PART_pruning,PART_minNumObj,J48_useMDLcorrection,DecisionTable_useIBk,J48_numFolds,PART_useMDLcorrection,SimpleCart,DecisionTable_crossVal,Aggregator,J48_doNotMakeSplitPointActualValue,J48_subtreeRaising,J48_confidenceFactorValue,PART_doNotMakeSplitPointActualValue,JRip_optimizations,SimpleCart_usePrune,JRip_folds,SimpleCart_heuristic,DecisionTable_search,JRip_minNo,SimpleCart_minNumObj,SimpleCart_numFoldsPruning,PART_confidenceFactorValue,DecisionTable_evaluationMeasure,BestFirst_searchTermination,PART_numFolds,GreedyStepwise_conservativeForwardSelection,SimpleCart_useOneSE,GreedyStepwise_searchBackwards,BestFirst_direction"
3,90,0.67833443,0.76889556,0.77059815,0.73972372,0.79435674,0012,0034,0035,0.00000000,"DecisionTable,DecisionTable_search,Aggregator,GreedyStepwise_searchBackwards,J48,J48_doNotMakeSplitPointActualValue,JRip,GreedyStepwise_conservativeForwardSelection,SimpleCart,PART,BestFirst_direction,SimpleCart_usePrune,BestFirst_searchTermination,SimpleCart_minNumObj,J48_useLaplace,DecisionTable_useIBk,DecisionTable_evaluationMeasure,DecisionTable_crossVal,SimpleCart_heuristic,J48_collapseTree,J48_pruning,PART_minNumObj,PART_binarySplits,SimpleCart_numFoldsPruning,J48_minNumObj,PART_doNotMakeSplitPointActualValue,PART_pruning,J48_subtreeRaising,J48_numFolds,SimpleCart_useOneSE,JRip_minNo,J48_useMDLcorrection,J48_confidenceFactorValue,JRip_usePruning,PART_numFolds,J48_binarySplits,PART_useMDLcorrection,JRip_checkErrorRate,JRip_folds,PART_confidenceFactorValue,JRip_optimizations"
4,90,0.67732014,0.76968124,0.77068244,0.74035546,0.79464033,0018,0034,0074,0.54610359,"DecisionTable,DecisionTable_search,GreedyStepwise_searchBackwards,BestFirst_direction,GreedyStepwise_conservativeForwardSelection,DecisionTable_useIBk,BestFirst_searchTermination,PART,PART_minNumObj,PART_binarySplits,PART_useMDLcorrection,PART_doNotMakeSplitPointActualValue,PART_pruning,PART_numFolds,PART_confidenceFactorValue,SimpleCart,SimpleCart_usePrune,SimpleCart_useOneSE,SimpleCart_minNumObj,DecisionTable_crossVal,SimpleCart_numFoldsPruning,DecisionTable_evaluationMeasure,SimpleCart_heuristic,JRip,JRip_usePruning,JRip_optimizations,JRip_checkErrorRate,JRip_folds,J48,J48_useLaplace,J48_doNotMakeSplitPointActualValue,J48_pruning,J48_collapseTree,J48_binarySplits,J48_subtreeRaising,J48_confidenceFactorValue,Aggregator,J48_useMDLcorrection,JRip_minNo,J48_numFolds,J48_minNumObj"
5,90,0.67646108,0.76976423,0.77068244,0.74035546,0.79464033,0016,0078,0074,0.54610359,"PART_numFolds,DecisionTable_useIBk,PART_confidenceFactorValue,SimpleCart,SimpleCart_minNumObj,SimpleCart_heuristic,SimpleCart_usePrune,SimpleCart_useOneSE,SimpleCart_numFoldsPruning,PART_binarySplits,J48_collapseTree,DecisionTable_search,GreedyStepwise_searchBackwards,BestFirst_direction,GreedyStepwise_conservativeForwardSelection,BestFirst_searchTermination,PART,J48_doNotMakeSplitPointActualValue,JRip_usePruning,PART_useMDLcorrection,PART_doNotMakeSplitPointActualValue,PART_minNumObj,PART_pruning,JRip_optimizations,JRip_folds,J48,J48_binarySplits,J48_pruning,J48_useLaplace,J48_subtreeRaising,J48_confidenceFactorValue,Aggregator,J48_numFolds,J48_useMDLcorrection,JRip,JRip_checkErrorRate,J48_minNumObj,JRip_minNo,DecisionTable,DecisionTable_evaluationMeasure,DecisionTable_crossVal"
6,90,0.69508601,0.76978258,0.77068244,0.74035546,0.79464033,0014,0057,0074,0.54610359,"JRip_optimizations,J48_subtreeRaising,J48_pruning,SimpleCart_heuristic,DecisionTable_search,GreedyStepwise_searchBackwards,J48_numFolds,JRip,JRip_checkErrorRate,BestFirst_searchTermination,J48_confidenceFactorValue,PART,Aggregator,JRip_usePruning,JRip_folds,PART_doNotMakeSplitPointActualValue,PART_useMDLcorrection,J48,J48_binarySplits,J48_useMDLcorrection,JRip_minNo,J48_minNumObj,PART_pruning,PART_numFolds,PART_confidenceFactorValue,DecisionTable,DecisionTable_crossVal,PART_minNumObj,DecisionTable_evaluationMeasure,SimpleCart,DecisionTable_useIBk,SimpleCart_usePrune,SimpleCart_useOneSE,BestFirst_direction,SimpleCart_numFoldsPruning,SimpleCart_minNumObj,J48_collapseTree,PART_binarySplits,J48_doNotMakeSplitPointActualValue,J48_useLaplace,GreedyStepwise_conservativeForwardSelection"
7,90,0.70120849,0.76981595,0.77069245,0.74048181,0.79492391,0011,0082,0057,0.51682724,"SimpleCart,SimpleCart_usePrune,SimpleCart_useOneSE,SimpleCart_numFoldsPruning,J48_minNumObj,J48_useMDLcorrection,JRip_usePruning,J48_useLaplace,J48_pruning,J48_confidenceFactorValue,J48_subtreeRaising,J48_numFolds,PART_confidenceFactorValue,BestFirst_direction,PART_numFolds,J48_binarySplits,J48_doNotMakeSplitPointActualValue,BestFirst_searchTermination,J48_collapseTree,JRip_optimizations,DecisionTable_crossVal,JRip_folds,PART_useMDLcorrection,PART_pruning,J48,DecisionTable_evaluationMeasure,PART_doNotMakeSplitPointActualValue,SimpleCart_heuristic,SimpleCart_minNumObj,Aggregator,JRip,JRip_minNo,PART,PART_binarySplits,PART_minNumObj,DecisionTable,DecisionTable_useIBk,DecisionTable_search,JRip_checkErrorRate,GreedyStepwise_searchBackwards,GreedyStepwise_conservativeForwardSelection"
8,90,0.50000000,0.76972434,0.77069245,0.74048181,0.79492391,0011,0034,0057,0.51682724,"SimpleCart,SimpleCart_usePrune,SimpleCart_numFoldsPruning,SimpleCart_useOneSE,SimpleCart_minNumObj,SimpleCart_heuristic,JRip_minNo,PART,PART_doNotMakeSplitPointActualValue,PART_binarySplits,GreedyStepwise_conservativeForwardSelection,GreedyStepwise_searchBackwards,PART_useMDLcorrection,PART_pruning,PART_numFolds,PART_confidenceFactorValue,J48,J48_doNotMakeSplitPointActualValue,J48_minNumObj,J48_binarySplits,J48_collapseTree,J48_useLaplace,J48_useMDLcorrection,J48_pruning,J48_confidenceFactorValue,J48_numFolds,J48_subtreeRaising,PART_minNumObj,Aggregator,DecisionTable,DecisionTable_crossVal,DecisionTable_evaluationMeasure,JRip_folds,JRip_optimizations,BestFirst_direction,BestFirst_searchTermination,JRip_usePruning,DecisionTable_search,DecisionTable_useIBk,JRip,JRip_checkErrorRate"
9,90,0.67243141,0.76926336,0.77069245,0.74048181,0.79492391,0010,0062,0057,0.51682724,"SimpleCart,SimpleCart_usePrune,SimpleCart_numFoldsPruning,SimpleCart_useOneSE,PART_confidenceFactorValue,PART_numFolds,J48_subtreeRaising,J48_doNotMakeSplitPointActualValue,BestFirst_direction,J48_pruning,J48_numFolds,J48_confidenceFactorValue,J48_useMDLcorrection,J48_collapseTree,J48_minNumObj,J48_useLaplace,BestFirst_searchTermination,JRip_usePruning,J48_binarySplits,SimpleCart_minNumObj,JRip_folds,JRip_optimizations,SimpleCart_heuristic,PART,PART_doNotMakeSplitPointActualValue,PART_binarySplits,PART_useMDLcorrection,PART_pruning,J48,DecisionTable_crossVal,DecisionTable_evaluationMeasure,GreedyStepwise_conservativeForwardSelection,GreedyStepwise_searchBackwards,JRip_minNo,PART_minNumObj,DecisionTable,Aggregator,DecisionTable_useIBk,JRip,DecisionTable_search,JRip_checkErrorRate"
10,90,0.67497234,0.76800469,0.77069245,0.74048181,0.79492391,0010,0036,0039,0.58384612,"SimpleCart,J48,J48_minNumObj,J48_doNotMakeSplitPointActualValue,SimpleCart_usePrune,JRip,J48_useMDLcorrection,J48_binarySplits,SimpleCart_numFoldsPruning,J48_collapseTree,PART,J48_useLaplace,JRip_usePruning,SimpleCart_minNumObj,JRip_optimizations,PART_useMDLcorrection,Aggregator,SimpleCart_useOneSE,J48_pruning,PART_pruning,PART_doNotMakeSplitPointActualValue,PART_binarySplits,JRip_folds,JRip_minNo,JRip_checkErrorRate,PART_minNumObj,J48_subtreeRaising,PART_numFolds,PART_confidenceFactorValue,J48_numFolds,J48_confidenceFactorValue,SimpleCart_heuristic,DecisionTable,DecisionTable_crossVal,DecisionTable_evaluationMeasure,DecisionTable_search,BestFirst_searchTermination,BestFirst_direction,GreedyStepwise_searchBackwards,GreedyStepwise_conservativeForwardSelection,DecisionTable_useIBk"
11,90,0.67102954,0.76813827,0.77069245,0.74048181,0.79492391,0008,0035,0039,0.58384612,"SimpleCart,Aggregator,SimpleCart_usePrune,SimpleCart_useOneSE,SimpleCart_numFoldsPruning,SimpleCart_minNumObj,JRip,JRip_checkErrorRate,JRip_usePruning,PART,PART_pruning,J48,PART_binarySplits,JRip_folds,JRip_optimizations,J48_pruning,JRip_minNo,J48_collapseTree,PART_doNotMakeSplitPointActualValue,J48_binarySplits,J48_confidenceFactorValue,J48_minNumObj,PART_useMDLcorrection,PART_minNumObj,J48_numFolds,J48_doNotMakeSplitPointActualValue,PART_confidenceFactorValue,PART_numFolds,J48_useLaplace,J48_useMDLcorrection,J48_subtreeRaising,SimpleCart_heuristic,DecisionTable,DecisionTable_search,DecisionTable_crossVal,BestFirst_searchTermination,GreedyStepwise_searchBackwards,DecisionTable_evaluationMeasure,BestFirst_direction,GreedyStepwise_conservativeForwardSelection,DecisionTable_useIBk"
12,90,0.67102954,0.76731212,0.77069245,0.74048181,0.79492391,0008,0042,0039,0.58384612,"SimpleCart,Aggregator,JRip,PART,PART_useMDLcorrection,PART_binarySplits,J48,PART_minNumObj,SimpleCart_minNumObj,PART_pruning,JRip_checkErrorRate,J48_useMDLcorrection,SimpleCart_usePrune,J48_doNotMakeSplitPointActualValue,J48_minNumObj,PART_numFolds,JRip_usePruning,J48_useLaplace,JRip_minNo,PART_doNotMakeSplitPointActualValue,JRip_optimizations,J48_binarySplits,J48_collapseTree,SimpleCart_useOneSE,J48_pruning,PART_confidenceFactorValue,JRip_folds,SimpleCart_numFoldsPruning,J48_subtreeRaising,J48_confidenceFactorValue,J48_numFolds,SimpleCart_heuristic,DecisionTable,DecisionTable_crossVal,DecisionTable_search,DecisionTable_evaluationMeasure,BestFirst_searchTermination,GreedyStepwise_searchBackwards,BestFirst_direction,DecisionTable_useIBk,GreedyStepwise_conservativeForwardSelection"
13,90,0.66781928,0.76826793,0.77069245,0.74048181,0.79492391,0009,0037,0035,0.00000000,"PART,J48,J48_minNumObj,J48_pruning,PART_binarySplits,JRip,PART_doNotMakeSplitPointActualValue,JRip_minNo,PART_minNumObj,J48_subtreeRaising,PART_pruning,J48_useMDLcorrection,J48_binarySplits,PART_numFolds,Aggregator,J48_confidenceFactorValue,SimpleCart,SimpleCart_minNumObj,J48_useLaplace,J48_numFolds,PART_useMDLcorrection,DecisionTable,J48_doNotMakeSplitPointActualValue,DecisionTable_search,J48_collapseTree,JRip_checkErrorRate,JRip_usePruning,PART_confidenceFactorValue,SimpleCart_heuristic,DecisionTable_evaluationMeasure,JRip_folds,GreedyStepwise_searchBackwards,BestFirst_direction,SimpleCart_usePrune,DecisionTable_useIBk,JRip_optimizations,DecisionTable_crossVal,BestFirst_searchTermination,SimpleCart_numFoldsPruning,GreedyStepwise_conservativeForwardSelection,SimpleCart_useOneSE"
14,90,0.67090381,0.76747048,0.77069245,0.74048181,0.79492391,0008,0040,0035,0.00000000,"DecisionTable,J48,DecisionTable_evaluationMeasure,J48_useMDLcorrection,DecisionTable_crossVal,Aggregator,J48_binarySplits,J48_minNumObj,DecisionTable_search,PART,J48_pruning,J48_doNotMakeSplitPointActualValue,J48_useLaplace,PART_binarySplits,JRip,J48_confidenceFactorValue,SimpleCart,J48_collapseTree,J48_subtreeRaising,PART_useMDLcorrection,JRip_minNo,DecisionTable_useIBk,PART_doNotMakeSplitPointActualValue,PART_minNumObj,PART_pruning,BestFirst_direction,GreedyStepwise_conservativeForwardSelection,PART_confidenceFactorValue,BestFirst_searchTermination,SimpleCart_minNumObj,SimpleCart_heuristic,GreedyStepwise_searchBackwards,JRip_checkErrorRate,JRip_usePruning,J48_numFolds,SimpleCart_usePrune,JRip_folds,PART_numFolds,JRip_optimizations,SimpleCart_numFoldsPruning,SimpleCart_useOneSE"
15,90,0.67497234,0.76758119,0.77069245,0.74048181,0.79492391,0007,0037,0035,0.00000000,"SimpleCart,SimpleCart_heuristic,DecisionTable,DecisionTable_crossVal,JRip,PART,SimpleCart_minNumObj,SimpleCart_usePrune,DecisionTable_useIBk,JRip_minNo,Aggregator,J48,PART_minNumObj,DecisionTable_search,BestFirst_direction,SimpleCart_useOneSE,PART_binarySplits,PART_useMDLcorrection,GreedyStepwise_conservativeForwardSelection,J48_pruning,DecisionTable_evaluationMeasure,JRip_usePruning,J48_useLaplace,J48_minNumObj,BestFirst_searchTermination,PART_doNotMakeSplitPointActualValue,J48_binarySplits,JRip_checkErrorRate,PART_pruning,SimpleCart_numFoldsPruning,J48_numFolds,PART_numFolds,J48_useMDLcorrection,JRip_optimizations,J48_confidenceFactorValue,J48_doNotMakeSplitPointActualValue,J48_collapseTree,J48_subtreeRaising,GreedyStepwise_searchBackwards,JRip_folds,PART_confidenceFactorValue"
16,90,0.67497234,0.76825739,0.77069245,0.74048181,0.79492391,0008,0042,0037,0.10345967,"DecisionTable,DecisionTable_evaluationMeasure,Aggregator,DecisionTable_search,J48,J48_binarySplits,J48_minNumObj,J48_collapseTree,JRip,DecisionTable_useIBk,GreedyStepwise_conservativeForwardSelection,BestFirst_direction,GreedyStepwise_searchBackwards,J48_doNotMakeSplitPointActualValue,J48_useMDLcorrection,DecisionTable_crossVal,JRip_usePruning,JRip_checkErrorRate,BestFirst_searchTermination,J48_useLaplace,JRip_optimizations,JRip_minNo,J48_pruning,JRip_folds,J48_numFolds,J48_confidenceFactorValue,J48_subtreeRaising,SimpleCart,PART,PART_doNotMakeSplitPointActualValue,SimpleCart_usePrune,PART_useMDLcorrection,PART_minNumObj,SimpleCart_numFoldsPruning,SimpleCart_heuristic,PART_pruning,SimpleCart_minNumObj,PART_binarySplits,SimpleCart_useOneSE,PART_numFolds,PART_confidenceFactorValue"
17,90,0.50000000,0.76856780,0.77069245,0.74048181,0.79492391,0009,0068,0037,0.10345967,"Aggregator,DecisionTable,DecisionTable_crossVal,J48,DecisionTable_useIBk,J48_useMDLcorrection,DecisionTable_evaluationMeasure,J48_pruning,J48_useLaplace,J48_binarySplits,JRip,JRip_checkErrorRate,J48_minNumObj,J48_subtreeRaising,JRip_minNo,DecisionTable_search,GreedyStepwise_conservativeForwardSelection,J48_doNotMakeSplitPointActualValue,J48_collapseTree,GreedyStepwise_searchBackwards,J48_confidenceFactorValue,BestFirst_direction,J48_numFolds,JRip_usePruning,JRip_optimizations,JRip_folds,BestFirst_searchTermination,SimpleCart_minNumObj,SimpleCart_numFoldsPruning,SimpleCart_usePrune,SimpleCart_useOneSE,PART_confidenceFactorValue,PART_pruning,PART_numFolds,SimpleCart_heuristic,PART_minNumObj,PART_binarySplits,PART_useMDLcorrection,PART_doNotMakeSplitPointActualValue,PART,SimpleCart"
18,90,0.67497234,0.74922428,0.77069245,0.74048181,0.79492391,0006,0069,0037,0.10345967,"JRip,JRip_minNo,JRip_checkErrorRate,JRip_usePruning,J48,J48_collapseTree,J48_useMDLcorrection,J48_minNumObj,Aggregator,DecisionTable,J48_pruning,DecisionTable_crossVal,DecisionTable_evaluationMeasure,JRip_optimizations,J48_numFolds,J48_useLaplace,JRip_folds,J48_doNotMakeSplitPointActualValue,DecisionTable_useIBk,J48_binarySplits,DecisionTable_search,J48_subtreeRaising,J48_confidenceFactorValue,BestFirst_direction,GreedyStepwise_searchBackwards,BestFirst_searchTermination,GreedyStepwise_conservativeForwardSelection,SimpleCart_minNumObj,SimpleCart_usePrune,SimpleCart_numFoldsPruning,SimpleCart_useOneSE,PART_numFolds,PART_minNumObj,PART_pruning,PART_confidenceFactorValue,PART_binarySplits,SimpleCart_heuristic,PART_useMDLcorrection,PART_doNotMakeSplitPointActualValue,SimpleCart,PART"
19,90,0.50000000,0.72984502,0.77069245,0.74048181,0.79492391,0004,0038,0035,0.00000000,"DecisionTable,PART,DecisionTable_crossVal,PART_pruning,PART_minNumObj,J48,JRip,PART_useMDLcorrection,JRip_minNo,JRip_usePruning,Aggregator,JRip_optimizations,PART_binarySplits,DecisionTable_search,PART_doNotMakeSplitPointActualValue,J48_collapseTree,DecisionTable_useIBk,SimpleCart,DecisionTable_evaluationMeasure,BestFirst_searchTermination,JRip_folds,PART_confidenceFactorValue,J48_binarySplits,BestFirst_direction,PART_numFolds,SimpleCart_usePrune,SimpleCart_useOneSE,SimpleCart_heuristic,J48_doNotMakeSplitPointActualValue,J48_useLaplace,J48_minNumObj,GreedyStepwise_searchBackwards,J48_useMDLcorrection,SimpleCart_numFoldsPruning,JRip_checkErrorRate,J48_pruning,GreedyStepwise_conservativeForwardSelection,J48_numFolds,SimpleCart_minNumObj,J48_subtreeRaising,J48_confidenceFactorValue"
20,90,0.67090381,0.74826226,0.77069245,0.74048181,0.79492391,0006,0040,0035,0.00000000,"JRip,JRip_usePruning,JRip_minNo,DecisionTable,DecisionTable_useIBk,SimpleCart,DecisionTable_crossVal,SimpleCart_minNumObj,PART,JRip_checkErrorRate,J48,JRip_optimizations,PART_binarySplits,Aggregator,JRip_folds,J48_doNotMakeSplitPointActualValue,SimpleCart_usePrune,DecisionTable_search,PART_useMDLcorrection,J48_binarySplits,DecisionTable_evaluationMeasure,J48_pruning,J48_minNumObj,J48_collapseTree,GreedyStepwise_conservativeForwardSelection,J48_useLaplace,SimpleCart_heuristic,PART_doNotMakeSplitPointActualValue,PART_minNumObj,PART_pruning,J48_useMDLcorrection,J48_confidenceFactorValue,BestFirst_searchTermination,SimpleCart_useOneSE,J48_subtreeRaising,PART_numFolds,GreedyStepwise_searchBackwards,SimpleCart_numFoldsPruning,BestFirst_direction,J48_numFolds,PART_confidenceFactorValue"
21,90,0.68665838,0.74952389,0.77069245,0.74048181,0.79492391,0005,0042,0035,0.00000000,"JRip,JRip_minNo,SimpleCart,J48,J48_binarySplits,J48_minNumObj,JRip_checkErrorRate,Aggregator,DecisionTable,J48_pruning,PART,DecisionTable_search,SimpleCart_minNumObj,J48_collapseTree,J48_doNotMakeSplitPointActualValue,J48_useMDLcorrection,GreedyStepwise_searchBackwards,BestFirst_direction,J48_numFolds,SimpleCart_usePrune,DecisionTable_evaluationMeasure,J48_subtreeRaising,JRip_usePruning,PART_binarySplits,SimpleCart_heuristic,JRip_folds,J48_confidenceFactorValue,SimpleCart_numFoldsPruning,PART_useMDLcorrection,DecisionTable_useIBk,PART_minNumObj,PART_pruning,J48_useLaplace,GreedyStepwise_conservativeForwardSelection,DecisionTable_crossVal,PART_doNotMakeSplitPointActualValue,BestFirst_searchTermination,SimpleCart_useOneSE,JRip_optimizations,PART_confidenceFactorValue,PART_numFolds"
22,90,0.67801006,0.73400075,0.77069245,0.74048181,0.79492391,0005,0040,0035,0.00000000,"SimpleCart,SimpleCart_minNumObj,SimpleCart_usePrune,JRip,SimpleCart_heuristic,Aggregator,J48,J48_minNumObj,PART,JRip_usePruning,SimpleCart_numFoldsPruning,DecisionTable,J48_doNotMakeSplitPointActualValue,SimpleCart_useOneSE,DecisionTable_useIBk,J48_useMDLcorrection,J48_useLaplace,JRip_checkErrorRate,JRip_minNo,PART_minNumObj,JRip_folds,J48_binarySplits,PART_useMDLcorrection,PART_pruning,PART_doNotMakeSplitPointActualValue,DecisionTable_crossVal,J48_pruning,PART_binarySplits,J48_collapseTree,PART_numFolds,DecisionTable_evaluationMeasure,JRip_optimizations,J48_confidenceFactorValue,DecisionTable_search,J48_subtreeRaising,J48_numFolds,PART_confidenceFactorValue,GreedyStepwise_searchBackwards,BestFirst_searchTermination,BestFirst_direction,GreedyStepwise_conservativeForwardSelection"
23,90,0.70102828,0.75103943,0.77069245,0.74048181,0.79492391,0004,0039,0035,0.00000000,"PART,PART_pruning,PART_numFolds,PART_useMDLcorrection,PART_doNotMakeSplitPointActualValue,JRip,J48,PART_binarySplits,JRip_minNo,PART_confidenceFactorValue,JRip_checkErrorRate,Aggregator,DecisionTable,PART_minNumObj,SimpleCart,SimpleCart_heuristic,J48_collapseTree,DecisionTable_useIBk,J48_doNotMakeSplitPointActualValue,JRip_usePruning,J48_useLaplace,J48_minNumObj,J48_pruning,DecisionTable_crossVal,J48_confidenceFactorValue,J48_binarySplits,SimpleCart_usePrune,DecisionTable_evaluationMeasure,J48_useMDLcorrection,SimpleCart_minNumObj,DecisionTable_search,JRip_optimizations,J48_subtreeRaising,J48_numFolds,SimpleCart_useOneSE,GreedyStepwise_searchBackwards,JRip_folds,SimpleCart_numFoldsPruning,BestFirst_searchTermination,GreedyStepwise_conservativeForwardSelection,BestFirst_direction"
24,90,0.69501515,0.73007979,0.77069245,0.74048181,0.79492391,0004,0036,0035,0.00000000,"DecisionTable,J48,DecisionTable_search,DecisionTable_crossVal,J48_doNotMakeSplitPointActualValue,J48_collapseTree,PART,BestFirst_direction,J48_binarySplits,Aggregator,PART_doNotMakeSplitPointActualValue,PART_binarySplits,DecisionTable_useIBk,PART_minNumObj,PART_useMDLcorrection,DecisionTable_evaluationMeasure,JRip,GreedyStepwise_conservativeForwardSelection,SimpleCart,JRip_minNo,J48_minNumObj,J48_pruning,GreedyStepwise_searchBackwards,BestFirst_searchTermination,J48_useMDLcorrection,J48_useLaplace,SimpleCart_minNumObj,PART_pruning,PART_numFolds,PART_confidenceFactorValue,SimpleCart_usePrune,J48_subtreeRaising,JRip_checkErrorRate,JRip_usePruning,J48_confidenceFactorValue,SimpleCart_useOneSE,SimpleCart_heuristic,J48_numFolds,SimpleCart_numFoldsPruning,JRip_optimizations,JRip_folds"
25,90,0.68027056,0.73026182,0.77069245,0.74048181,0.79492391,0005,0040,0035,0.00000000,"Aggregator,DecisionTable,DecisionTable_useIBk,PART,SimpleCart,JRip,J48,PART_pruning,PART_confidenceFactorValue,PART_binarySplits,PART_numFolds,DecisionTable_evaluationMeasure,J48_pruning,SimpleCart_heuristic,J48_useMDLcorrection,J48_doNotMakeSplitPointActualValue,PART_useMDLcorrection,JRip_usePruning,J48_binarySplits,JRip_checkErrorRate,SimpleCart_minNumObj,JRip_minNo,DecisionTable_search,SimpleCart_usePrune,PART_minNumObj,J48_collapseTree,DecisionTable_crossVal,J48_confidenceFactorValue,PART_doNotMakeSplitPointActualValue,J48_useLaplace,SimpleCart_numFoldsPruning,BestFirst_searchTermination,J48_minNumObj,J48_numFolds,JRip_optimizations,GreedyStepwise_searchBackwards,SimpleCart_useOneSE,J48_subtreeRaising,JRip_folds,BestFirst_direction,GreedyStepwise_conservativeForwardSelection"
26,90,0.67090381,0.74438185,0.77081568,0.74001853,0.79378958,0006,0038,0035,0.00000000,"DecisionTable,PART,JRip,DecisionTable_crossVal,JRip_usePruning,JRip_minNo,SimpleCart,PART_doNotMakeSplitPointActualValue,PART_minNumObj,PART_useMDLcorrection,JRip_checkErrorRate,DecisionTable_search,BestFirst_searchTermination,PART_pruning,PART_binarySplits,DecisionTable_evaluationMeasure,Aggregator,J48,DecisionTable_useIBk,PART_numFolds,SimpleCart_heuristic,SimpleCart_usePrune,J48_binarySplits,J48_minNumObj,J48_useLaplace,BestFirst_direction,SimpleCart_useOneSE,J48_doNotMakeSplitPointActualValue,JRip_folds,PART_confidenceFactorValue,SimpleCart_minNumObj,JRip_optimizations,GreedyStepwise_conservativeForwardSelection,J48_collapseTree,GreedyStepwise_searchBackwards,J48_useMDLcorrection,J48_pruning,SimpleCart_numFoldsPruning,J48_subtreeRaising,J48_confidenceFactorValue,J48_numFolds"
27,90,0.70556707,0.73546740,0.77081568,0.74001853,0.79378958,0005,0035,0035,0.00000000,"Aggregator,DecisionTable,JRip,DecisionTable_search,JRip_usePruning,DecisionTable_evaluationMeasure,SimpleCart,JRip_optimizations,SimpleCart_minNumObj,BestFirst_direction,DecisionTable_crossVal,PART,PART_useMDLcorrection,SimpleCart_usePrune,PART_binarySplits,GreedyStepwise_conservativeForwardSelection,JRip_checkErrorRate,DecisionTable_useIBk,BestFirst_searchTermination,SimpleCart_numFoldsPruning,J48,JRip_folds,GreedyStepwise_searchBackwards,SimpleCart_heuristic,JRip_minNo,PART_pruning,SimpleCart_useOneSE,PART_minNumObj,J48_pruning,PART_numFolds,PART_doNotMakeSplitPointActualValue,J48_numFolds,J48_useMDLcorrection,J48_minNumObj,J48_useLaplace,J48_doNotMakeSplitPointActualValue,J48_collapseTree,J48_binarySplits,J48_subtreeRaising,PART_confidenceFactorValue,J48_confidenceFactorValue"
28,90,0.70120849,0.73301940,0.77081568,0.74001853,0.79378958,0006,0040,0040,0.62928653,"Aggregator,PART,SimpleCart,DecisionTable,JRip,SimpleCart_minNumObj,JRip_checkErrorRate,SimpleCart_heuristic,SimpleCart_usePrune,SimpleCart_useOneSE,SimpleCart_numFoldsPruning,JRip_minNo,PART_pruning,JRip_usePruning,DecisionTable_search,GreedyStepwise_conservativeForwardSelection,DecisionTable_useIBk,BestFirst_searchTermination,PART_numFolds,DecisionTable_crossVal,DecisionTable_evaluationMeasure,JRip_optimizations,JRip_folds,BestFirst_direction,PART_confidenceFactorValue,GreedyStepwise_searchBackwards,PART_binarySplits,PART_minNumObj,J48,J48_minNumObj,J48_doNotMakeSplitPointActualValue,J48_useMDLcorrection,J48_useLaplace,J48_binarySplits,PART_doNotMakeSplitPointActualValue,PART_useMDLcorrection,J48_collapseTree,J48_pruning,J48_confidenceFactorValue,J48_subtreeRaising,J48_numFolds"
29,90,0.67497234,0.75293510,0.77081568,0.74001853,0.79378958,0006,0077,0040,0.62928653,"SimpleCart,SimpleCart_heuristic,DecisionTable,DecisionTable_useIBk,SimpleCart_minNumObj,PART,DecisionTable_evaluationMeasure,Aggregator,SimpleCart_usePrune,DecisionTable_crossVal,JRip,JRip_minNo,JRip_checkErrorRate,PART_pruning,PART_confidenceFactorValue,DecisionTable_search,SimpleCart_useOneSE,BestFirst_searchTermination,BestFirst_direction,SimpleCart_numFoldsPruning,GreedyStepwise_conservativeForwardSelection,JRip_usePruning,GreedyStepwise_searchBackwards,PART_numFolds,JRip_folds,JRip_optimizations,J48_subtreeRaising,J48_confidenceFactorValue,J48_useMDLcorrection,J48_binarySplits,J48_pruning,J48_numFolds,PART_doNotMakeSplitPointActualValue,PART_binarySplits,PART_useMDLcorrection,PART_minNumObj,J48,J48_minNumObj,J48_collapseTree,J48_doNotMakeSplitPointActualValue,J48_useLaplace"
30,90,0.67090381,0.73466945,0.77081568,0.74001853,0.79378958,0006,0076,0040,0.62928653,"SimpleCart,SimpleCart_heuristic,PART,SimpleCart_usePrune,SimpleCart_minNumObj,JRip,DecisionTable,Aggregator,JRip_minNo,PART_pruning,DecisionTable_crossVal,SimpleCart_numFoldsPruning,SimpleCart_useOneSE,DecisionTable_evaluationMeasure,DecisionTable_search,GreedyStepwise_conservativeForwardSelection,JRip_usePruning,JRip_folds,BestFirst_searchTermination,PART_confidenceFactorValue,GreedyStepwise_searchBackwards,JRip_checkErrorRate,DecisionTable_useIBk,PART_numFolds,BestFirst_direction,JRip_optimizations,J48_confidenceFactorValue,J48_collapseTree,J48_pruning,J48_numFolds,J48_subtreeRaising,J48_minNumObj,J48_useMDLcorrection,J48_useLaplace,J48_binarySplits,J48_doNotMakeSplitPointActualValue,PART_useMDLcorrection,PART_doNotMakeSplitPointActualValue,PART_minNumObj,J48,PART_binarySplits"
31,90,0.69915940,0.76243191,0.77081568,0.74001853,0.79378958,0006,0035,0035,0.00000000,"DecisionTable,DecisionTable_search,JRip,SimpleCart,DecisionTable_crossVal,Aggregator,DecisionTable_evaluationMeasure,PART,GreedyStepwise_searchBackwards,PART_useMDLcorrection,PART_pruning,JRip_checkErrorRate,PART_binarySplits,PART_doNotMakeSplitPointActualValue,GreedyStepwise_conservativeForwardSelection,J48,JRip_usePruning,BestFirst_direction,JRip_minNo,PART_numFolds,DecisionTable_useIBk,BestFirst_searchTermination,J48_useMDLcorrection,SimpleCart_minNumObj,J48_pruning,PART_confidenceFactorValue,J48_minNumObj,J48_collapseTree,J48_useLaplace,J48_confidenceFactorValue,J48_binarySplits,SimpleCart_heuristic,SimpleCart_usePrune,SimpleCart_numFoldsPruning,JRip_folds,J48_doNotMakeSplitPointActualValue,PART_minNumObj,JRip_optimizations,J48_subtreeRaising,J48_numFolds,SimpleCart_useOneSE"
32,90,0.68289820,0.73702323,0.77081568,0.74001853,0.79378958,0007,0034,0035,0.00000000,"SimpleCart,J48,SimpleCart_minNumObj,J48_collapseTree,Aggregator,PART,PART_binarySplits,J48_minNumObj,J48_binarySplits,J48_pruning,J48_useLaplace,J48_useMDLcorrection,SimpleCart_usePrune,PART_useMDLcorrection,SimpleCart_heuristic,JRip,J48_subtreeRaising,PART_pruning,DecisionTable,PART_confidenceFactorValue,J48_doNotMakeSplitPointActualValue,SimpleCart_useOneSE,SimpleCart_numFoldsPruning,PART_numFolds,JRip_checkErrorRate,J48_numFolds,PART_minNumObj,PART_doNotMakeSplitPointActualValue,J48_confidenceFactorValue,DecisionTable_crossVal,DecisionTable_search,JRip_minNo,DecisionTable_useIBk,JRip_usePruning,DecisionTable_evaluationMeasure,GreedyStepwise_conservativeForwardSelection,JRip_optimizations,BestFirst_direction,GreedyStepwise_searchBackwards,BestFirst_searchTermination,JRip_folds"
33,90,0.70565508,0.73031283,0.77081568,0.74001853,0.79378958,0006,0035,0035,0.00000000,"PART,SimpleCart,PART_pruning,SimpleCart_usePrune,SimpleCart_numFoldsPruning,Aggregator,DecisionTable,SimpleCart_heuristic,SimpleCart_useOneSE,PART_minNumObj,PART_useMDLcorrection,PART_doNotMakeSplitPointActualValue,SimpleCart_minNumObj,PART_binarySplits,JRip,DecisionTable_useIBk,J48,PART_numFolds,J48_useMDLcorrection,J48_collapseTree,J48_doNotMakeSplitPointActualValue,PART_confidenceFactorValue,J48_pruning,J48_subtreeRaising,DecisionTable_evaluationMeasure,JRip_minNo,DecisionTable_crossVal,J48_confidenceFactorValue,DecisionTable_search,JRip_usePruning,BestFirst_direction,J48_useLaplace,GreedyStepwise_conservativeForwardSelection,JRip_checkErrorRate,GreedyStepwise_searchBackwards,JRip_folds,BestFirst_searchTermination,J48_binarySplits,J48_minNumObj,J48_numFolds,JRip_optimizations"
34,90,0.71089794,0.75738121,0.77081568,0.74001853,0.79378958,0006,0034,0035,0.00000000,"SimpleCart,Aggregator,DecisionTable,PART,J48,DecisionTable_crossVal,DecisionTable_evaluationMeasure,J48_minNumObj,JRip,PART_minNumObj,J48_useMDLcorrection,J48_pruning,J48_subtreeRaising,PART_doNotMakeSplitPointActualValue,J48_useLaplace,PART_useMDLcorrection,JRip_checkErrorRate,DecisionTable_useIBk,JRip_usePruning,PART_binarySplits,SimpleCart_minNumObj,JRip_optimizations,JRip_folds,DecisionTable_search,SimpleCart_usePrune,SimpleCart_heuristic,J48_confidenceFactorValue,JRip_minNo,J48_collapseTree,PART_pruning,J48_doNotMakeSplitPointActualValue,BestFirst_searchTermination,J48_binarySplits,J48_numFolds,SimpleCart_useOneSE,BestFirst_direction,PART_numFolds,SimpleCart_numFoldsPruning,PART_confidenceFactorValue,GreedyStepwise_conservativeForwardSelection,GreedyStepwise_searchBackwards"
35,90,0.69014157,0.73862460,0.77081568,0.74001853,0.79378958,0005,0034,0035,0.00000000,"PART,PART_minNumObj,Aggregator,J48,PART_pruning,JRip,J48_doNotMakeSplitPointActualValue,DecisionTable,DecisionTable_crossVal,PART_confidenceFactorValue,JRip_usePruning,JRip_minNo,SimpleCart,PART_doNotMakeSplitPointActualValue,J48_useMDLcorrection,J48_collapseTree,PART_useMDLcorrection,PART_binarySplits,DecisionTable_evaluationMeasure,J48_binarySplits,J48_pruning,SimpleCart_minNumObj,J48_confidenceFactorValue,SimpleCart_heuristic,JRip_folds,J48_minNumObj,J48_useLaplace,JRip_checkErrorRate,DecisionTable_search,J48_subtreeRaising,PART_numFolds,DecisionTable_useIBk,JRip_optimizations,SimpleCart_usePrune,BestFirst_direction,J48_numFolds,GreedyStepwise_searchBackwards,GreedyStepwise_conservativeForwardSelection,SimpleCart_numFoldsPruning,SimpleCart_useOneSE,BestFirst_searchTermination"
36,90,0.69050903,0.75089911,0.77081568,0.74001853,0.79378958,0005,0035,0035,0.00000000,"PART,DecisionTable,JRip,PART_pruning,PART_minNumObj,DecisionTable_crossVal,PART_doNotMakeSplitPointActualValue,PART_useMDLcorrection,J48,J48_useLaplace,Aggregator,J48_pruning,DecisionTable_useIBk,J48_doNotMakeSplitPointActualValue,J48_collapseTree,SimpleCart,DecisionTable_search,PART_numFolds,J48_binarySplits,GreedyStepwise_conservativeForwardSelection,JRip_minNo,JRip_checkErrorRate,J48_useMDLcorrection,JRip_usePruning,PART_binarySplits,J48_confidenceFactorValue,DecisionTable_evaluationMeasure,SimpleCart_usePrune,GreedyStepwise_searchBackwards,J48_subtreeRaising,PART_confidenceFactorValue,J48_numFolds,SimpleCart_heuristic,SimpleCart_minNumObj,J48_minNumObj,JRip_folds,BestFirst_direction,BestFirst_searchTermination,SimpleCart_numFoldsPruning,JRip_optimizations,SimpleCart_useOneSE"
