gen,nevals,min,median,max,currentGenBestValFitness,currentGenBestTestFitness,lap time (seconds),discarded individuals (including burn-in),GM connections,GM mean heuristic,sampling order
0,100,0.90399681,0.96726388,0.99045239,1.00000000,0.98024691,0019,0034,0035,0.00000000,"J48,J48_doNotMakeSplitPointActualValue,Aggregator,J48_useMDLcorrection,J48_pruning,J48_subtreeRaising,SimpleCart,J48_minNumObj,SimpleCart_minNumObj,J48_binarySplits,PART,JRip,DecisionTable,DecisionTable_crossVal,JRip_usePruning,J48_confidenceFactorValue,JRip_minNo,J48_useLaplace,J48_collapseTree,SimpleCart_usePrune,J48_numFolds,PART_doNotMakeSplitPointActualValue,JRip_optimizations,DecisionTable_useIBk,PART_binarySplits,SimpleCart_heuristic,PART_useMDLcorrection,DecisionTable_search,DecisionTable_evaluationMeasure,BestFirst_direction,SimpleCart_useOneSE,PART_minNumObj,PART_pruning,GreedyStepwise_searchBackwards,JRip_checkErrorRate,SimpleCart_numFoldsPruning,JRip_folds,BestFirst_searchTermination,GreedyStepwise_conservativeForwardSelection,PART_confidenceFactorValue,PART_numFolds"
1,90,0.88218855,0.96981956,0.99045239,1.00000000,0.98024691,0005,0034,0035,0.00000000,"JRip,SimpleCart,J48,JRip_usePruning,JRip_minNo,JRip_folds,J48_useMDLcorrection,J48_minNumObj,SimpleCart_usePrune,J48_doNotMakeSplitPointActualValue,SimpleCart_heuristic,Aggregator,SimpleCart_numFoldsPruning,J48_pruning,J48_binarySplits,DecisionTable,J48_collapseTree,JRip_checkErrorRate,PART,JRip_optimizations,DecisionTable_search,PART_binarySplits,J48_subtreeRaising,SimpleCart_minNumObj,PART_pruning,J48_useLaplace,J48_confidenceFactorValue,DecisionTable_crossVal,DecisionTable_useIBk,SimpleCart_useOneSE,PART_minNumObj,PART_confidenceFactorValue,PART_numFolds,J48_numFolds,PART_doNotMakeSplitPointActualValue,GreedyStepwise_searchBackwards,BestFirst_searchTermination,PART_useMDLcorrection,DecisionTable_evaluationMeasure,BestFirst_direction,GreedyStepwise_conservativeForwardSelection"
2,90,0.89718251,0.96979431,0.99128853,1.00000000,0.98024691,0004,0034,0035,0.00000000,"Aggregator,DecisionTable,JRip,SimpleCart,PART,JRip_checkErrorRate,DecisionTable_search,DecisionTable_useIBk,PART_useMDLcorrection,SimpleCart_usePrune,J48,BestFirst_direction,J48_minNumObj,GreedyStepwise_searchBackwards,J48_doNotMakeSplitPointActualValue,DecisionTable_evaluationMeasure,J48_collapseTree,JRip_usePruning,BestFirst_searchTermination,SimpleCart_heuristic,PART_doNotMakeSplitPointActualValue,DecisionTable_crossVal,SimpleCart_minNumObj,PART_pruning,JRip_minNo,PART_minNumObj,PART_binarySplits,J48_useLaplace,PART_confidenceFactorValue,SimpleCart_useOneSE,JRip_optimizations,J48_binarySplits,GreedyStepwise_conservativeForwardSelection,SimpleCart_numFoldsPruning,J48_useMDLcorrection,PART_numFolds,J48_pruning,JRip_folds,J48_subtreeRaising,J48_confidenceFactorValue,J48_numFolds"
3,90,0.90355348,0.97115234,0.99297980,0.99838969,0.98024691,0004,0034,0035,0.00000000,"Aggregator,DecisionTable,DecisionTable_crossVal,DecisionTable_evaluationMeasure,SimpleCart,DecisionTable_useIBk,SimpleCart_heuristic,DecisionTable_search,PART,PART_useMDLcorrection,J48,J48_collapseTree,JRip,SimpleCart_usePrune,PART_pruning,BestFirst_direction,SimpleCart_minNumObj,J48_useLaplace,PART_confidenceFactorValue,J48_binarySplits,PART_minNumObj,J48_minNumObj,SimpleCart_useOneSE,JRip_usePruning,JRip_checkErrorRate,SimpleCart_numFoldsPruning,GreedyStepwise_searchBackwards,JRip_minNo,J48_doNotMakeSplitPointActualValue,PART_numFolds,PART_doNotMakeSplitPointActualValue,BestFirst_searchTermination,JRip_optimizations,J48_pruning,JRip_folds,GreedyStepwise_conservativeForwardSelection,J48_useMDLcorrection,PART_binarySplits,J48_confidenceFactorValue,J48_numFolds,J48_subtreeRaising"
4,90,0.92464517,0.98164703,0.99297980,0.99838969,0.98024691,0006,0034,0074,0.55016236,"PART,PART_useMDLcorrection,PART_pruning,PART_numFolds,J48,J48_useMDLcorrection,J48_minNumObj,PART_doNotMakeSplitPointActualValue,J48_binarySplits,J48_collapseTree,PART_minNumObj,J48_doNotMakeSplitPointActualValue,J48_pruning,J48_numFolds,J48_confidenceFactorValue,J48_subtreeRaising,PART_confidenceFactorValue,SimpleCart,SimpleCart_usePrune,SimpleCart_useOneSE,JRip,JRip_checkErrorRate,JRip_minNo,SimpleCart_minNumObj,JRip_usePruning,JRip_folds,JRip_optimizations,PART_binarySplits,J48_useLaplace,SimpleCart_heuristic,BestFirst_direction,DecisionTable_evaluationMeasure,BestFirst_searchTermination,DecisionTable_search,DecisionTable_crossVal,GreedyStepwise_searchBackwards,GreedyStepwise_conservativeForwardSelection,SimpleCart_numFoldsPruning,DecisionTable,Aggregator,DecisionTable_useIBk"
5,90,0.90334456,0.98247820,0.99571268,1.00000000,1.00000000,0005,0034,0074,0.55016236,"PART,PART_doNotMakeSplitPointActualValue,PART_useMDLcorrection,PART_minNumObj,PART_binarySplits,PART_pruning,PART_confidenceFactorValue,SimpleCart,SimpleCart_heuristic,SimpleCart_minNumObj,SimpleCart_usePrune,SimpleCart_useOneSE,JRip,JRip_usePruning,JRip_checkErrorRate,JRip_minNo,JRip_folds,JRip_optimizations,SimpleCart_numFoldsPruning,DecisionTable,Aggregator,DecisionTable_crossVal,DecisionTable_useIBk,DecisionTable_evaluationMeasure,DecisionTable_search,GreedyStepwise_conservativeForwardSelection,GreedyStepwise_searchBackwards,BestFirst_searchTermination,BestFirst_direction,PART_numFolds,J48,J48_useLaplace,J48_pruning,J48_subtreeRaising,J48_confidenceFactorValue,J48_binarySplits,J48_collapseTree,J48_useMDLcorrection,J48_numFolds,J48_doNotMakeSplitPointActualValue,J48_minNumObj"
6,90,0.90754381,0.98440883,0.99571268,1.00000000,1.00000000,0006,0034,0074,0.55016236,"PART,PART_binarySplits,PART_minNumObj,PART_doNotMakeSplitPointActualValue,PART_pruning,PART_confidenceFactorValue,SimpleCart,SimpleCart_minNumObj,PART_numFolds,J48,J48_binarySplits,J48_doNotMakeSplitPointActualValue,J48_minNumObj,J48_useLaplace,PART_useMDLcorrection,J48_collapseTree,SimpleCart_heuristic,J48_pruning,J48_confidenceFactorValue,J48_numFolds,J48_subtreeRaising,J48_useMDLcorrection,SimpleCart_usePrune,SimpleCart_useOneSE,JRip,JRip_usePruning,JRip_checkErrorRate,JRip_minNo,JRip_folds,JRip_optimizations,SimpleCart_numFoldsPruning,Aggregator,DecisionTable,DecisionTable_crossVal,DecisionTable_evaluationMeasure,DecisionTable_search,BestFirst_searchTermination,GreedyStepwise_conservativeForwardSelection,GreedyStepwise_searchBackwards,BestFirst_direction,DecisionTable_useIBk"
7,90,0.92234050,0.98172753,0.99571268,1.00000000,1.00000000,0005,0034,0058,0.60263824,"DecisionTable,PART,SimpleCart,SimpleCart_usePrune,PART_binarySplits,JRip,PART_useMDLcorrection,SimpleCart_numFoldsPruning,SimpleCart_useOneSE,DecisionTable_evaluationMeasure,JRip_usePruning,DecisionTable_search,GreedyStepwise_conservativeForwardSelection,GreedyStepwise_searchBackwards,PART_minNumObj,J48,J48_minNumObj,J48_collapseTree,JRip_minNo,J48_binarySplits,SimpleCart_minNumObj,SimpleCart_heuristic,J48_pruning,PART_pruning,J48_useLaplace,J48_doNotMakeSplitPointActualValue,J48_confidenceFactorValue,PART_confidenceFactorValue,J48_subtreeRaising,PART_numFolds,J48_useMDLcorrection,DecisionTable_crossVal,J48_numFolds,DecisionTable_useIBk,JRip_checkErrorRate,BestFirst_direction,JRip_optimizations,BestFirst_searchTermination,JRip_folds,Aggregator,PART_doNotMakeSplitPointActualValue"
8,90,0.89628291,0.98339010,0.99571268,1.00000000,1.00000000,0004,0034,0058,0.60263824,"PART,PART_useMDLcorrection,DecisionTable,PART_binarySplits,JRip,SimpleCart,SimpleCart_usePrune,SimpleCart_useOneSE,SimpleCart_numFoldsPruning,JRip_checkErrorRate,Aggregator,PART_doNotMakeSplitPointActualValue,SimpleCart_heuristic,JRip_minNo,PART_minNumObj,SimpleCart_minNumObj,PART_pruning,PART_confidenceFactorValue,J48,J48_useMDLcorrection,PART_numFolds,J48_doNotMakeSplitPointActualValue,J48_collapseTree,J48_useLaplace,J48_minNumObj,J48_binarySplits,J48_pruning,J48_subtreeRaising,J48_confidenceFactorValue,DecisionTable_useIBk,JRip_usePruning,DecisionTable_search,JRip_folds,GreedyStepwise_searchBackwards,JRip_optimizations,BestFirst_direction,GreedyStepwise_conservativeForwardSelection,BestFirst_searchTermination,DecisionTable_crossVal,J48_numFolds,DecisionTable_evaluationMeasure"
9,90,0.93349046,0.98337305,0.99571268,1.00000000,1.00000000,0005,0034,0058,0.60263824,"DecisionTable,PART,SimpleCart,JRip,SimpleCart_usePrune,SimpleCart_useOneSE,PART_binarySplits,PART_useMDLcorrection,SimpleCart_numFoldsPruning,DecisionTable_search,GreedyStepwise_conservativeForwardSelection,GreedyStepwise_searchBackwards,JRip_usePruning,BestFirst_searchTermination,PART_doNotMakeSplitPointActualValue,SimpleCart_heuristic,JRip_folds,DecisionTable_useIBk,BestFirst_direction,JRip_checkErrorRate,Aggregator,JRip_optimizations,DecisionTable_crossVal,PART_minNumObj,J48,J48_minNumObj,JRip_minNo,J48_pruning,J48_subtreeRaising,SimpleCart_minNumObj,J48_collapseTree,J48_confidenceFactorValue,J48_doNotMakeSplitPointActualValue,J48_numFolds,J48_useMDLcorrection,J48_binarySplits,DecisionTable_evaluationMeasure,PART_pruning,PART_confidenceFactorValue,J48_useLaplace,PART_numFolds"
10,90,0.90316110,0.97337434,0.99571268,1.00000000,1.00000000,0004,0034,0035,0.00000000,"J48,SimpleCart,SimpleCart_usePrune,JRip,PART,J48_useMDLcorrection,J48_pruning,PART_binarySplits,JRip_usePruning,J48_binarySplits,DecisionTable,Aggregator,J48_subtreeRaising,SimpleCart_numFoldsPruning,J48_minNumObj,SimpleCart_minNumObj,J48_useLaplace,JRip_folds,DecisionTable_crossVal,DecisionTable_evaluationMeasure,J48_collapseTree,J48_doNotMakeSplitPointActualValue,SimpleCart_useOneSE,PART_useMDLcorrection,SimpleCart_heuristic,JRip_minNo,PART_doNotMakeSplitPointActualValue,PART_minNumObj,J48_numFolds,DecisionTable_search,PART_pruning,JRip_checkErrorRate,GreedyStepwise_searchBackwards,JRip_optimizations,BestFirst_direction,GreedyStepwise_conservativeForwardSelection,J48_confidenceFactorValue,DecisionTable_useIBk,PART_numFolds,PART_confidenceFactorValue,BestFirst_searchTermination"
11,90,0.90640810,0.97588427,0.99571268,1.00000000,1.00000000,0004,0034,0035,0.00000000,"Aggregator,J48,J48_collapseTree,SimpleCart,J48_doNotMakeSplitPointActualValue,J48_pruning,J48_useMDLcorrection,J48_binarySplits,J48_numFolds,JRip,SimpleCart_usePrune,J48_confidenceFactorValue,DecisionTable,PART,DecisionTable_evaluationMeasure,JRip_checkErrorRate,SimpleCart_numFoldsPruning,J48_minNumObj,PART_doNotMakeSplitPointActualValue,JRip_usePruning,PART_useMDLcorrection,SimpleCart_heuristic,PART_minNumObj,J48_useLaplace,DecisionTable_search,SimpleCart_minNumObj,J48_subtreeRaising,DecisionTable_useIBk,PART_binarySplits,SimpleCart_useOneSE,JRip_minNo,BestFirst_searchTermination,BestFirst_direction,JRip_optimizations,DecisionTable_crossVal,PART_pruning,JRip_folds,PART_numFolds,GreedyStepwise_searchBackwards,PART_confidenceFactorValue,GreedyStepwise_conservativeForwardSelection"
12,90,0.91641198,0.97129867,0.99571268,1.00000000,1.00000000,0004,0034,0035,0.00000000,"JRip,J48,DecisionTable,J48_doNotMakeSplitPointActualValue,J48_pruning,J48_useMDLcorrection,Aggregator,J48_binarySplits,JRip_checkErrorRate,DecisionTable_search,DecisionTable_useIBk,DecisionTable_crossVal,JRip_usePruning,JRip_minNo,PART,PART_useMDLcorrection,GreedyStepwise_conservativeForwardSelection,J48_numFolds,SimpleCart,SimpleCart_usePrune,DecisionTable_evaluationMeasure,SimpleCart_useOneSE,GreedyStepwise_searchBackwards,J48_minNumObj,JRip_folds,SimpleCart_minNumObj,J48_confidenceFactorValue,PART_pruning,J48_collapseTree,PART_minNumObj,J48_useLaplace,BestFirst_direction,BestFirst_searchTermination,SimpleCart_numFoldsPruning,PART_binarySplits,J48_subtreeRaising,JRip_optimizations,SimpleCart_heuristic,PART_doNotMakeSplitPointActualValue,PART_confidenceFactorValue,PART_numFolds"
13,90,0.92772814,0.97365234,0.99571268,1.00000000,1.00000000,0004,0034,0035,0.00000000,"PART,SimpleCart,Aggregator,DecisionTable,DecisionTable_search,PART_doNotMakeSplitPointActualValue,BestFirst_direction,DecisionTable_evaluationMeasure,JRip,JRip_minNo,DecisionTable_useIBk,SimpleCart_usePrune,SimpleCart_useOneSE,PART_useMDLcorrection,J48,SimpleCart_minNumObj,GreedyStepwise_conservativeForwardSelection,BestFirst_searchTermination,SimpleCart_numFoldsPruning,PART_binarySplits,DecisionTable_crossVal,J48_useMDLcorrection,GreedyStepwise_searchBackwards,PART_minNumObj,SimpleCart_heuristic,PART_pruning,JRip_usePruning,JRip_checkErrorRate,J48_minNumObj,PART_confidenceFactorValue,J48_pruning,J48_useLaplace,JRip_folds,J48_binarySplits,J48_confidenceFactorValue,J48_collapseTree,J48_doNotMakeSplitPointActualValue,J48_numFolds,JRip_optimizations,PART_numFolds,J48_subtreeRaising"
14,90,0.90402271,0.97425883,0.99571268,1.00000000,1.00000000,0004,0034,0035,0.00000000,"PART,PART_minNumObj,PART_useMDLcorrection,J48,PART_doNotMakeSplitPointActualValue,J48_useMDLcorrection,J48_pruning,JRip,PART_pruning,PART_binarySplits,DecisionTable,DecisionTable_useIBk,DecisionTable_search,J48_doNotMakeSplitPointActualValue,Aggregator,DecisionTable_crossVal,PART_confidenceFactorValue,J48_confidenceFactorValue,J48_numFolds,SimpleCart,SimpleCart_usePrune,GreedyStepwise_conservativeForwardSelection,J48_minNumObj,J48_collapseTree,JRip_minNo,J48_subtreeRaising,BestFirst_direction,PART_numFolds,J48_useLaplace,DecisionTable_evaluationMeasure,J48_binarySplits,JRip_checkErrorRate,SimpleCart_minNumObj,SimpleCart_numFoldsPruning,BestFirst_searchTermination,GreedyStepwise_searchBackwards,JRip_usePruning,SimpleCart_heuristic,SimpleCart_useOneSE,JRip_folds,JRip_optimizations"
15,90,0.91429638,0.97302232,0.99571268,1.00000000,1.00000000,0004,0034,0035,0.00000000,"Aggregator,PART,JRip,J48,PART_doNotMakeSplitPointActualValue,J48_binarySplits,DecisionTable,SimpleCart,J48_useLaplace,J48_useMDLcorrection,DecisionTable_useIBk,PART_minNumObj,PART_binarySplits,SimpleCart_heuristic,J48_minNumObj,DecisionTable_search,SimpleCart_usePrune,JRip_usePruning,PART_useMDLcorrection,J48_collapseTree,PART_pruning,BestFirst_direction,J48_doNotMakeSplitPointActualValue,SimpleCart_minNumObj,JRip_minNo,DecisionTable_crossVal,JRip_checkErrorRate,J48_pruning,J48_confidenceFactorValue,J48_numFolds,DecisionTable_evaluationMeasure,PART_numFolds,GreedyStepwise_searchBackwards,SimpleCart_useOneSE,JRip_optimizations,PART_confidenceFactorValue,JRip_folds,SimpleCart_numFoldsPruning,BestFirst_searchTermination,GreedyStepwise_conservativeForwardSelection,J48_subtreeRaising"
16,90,0.91860356,0.97408832,0.99571268,1.00000000,1.00000000,0004,0034,0035,0.00000000,"PART,PART_doNotMakeSplitPointActualValue,PART_pruning,PART_numFolds,JRip,Aggregator,SimpleCart,DecisionTable,JRip_usePruning,PART_useMDLcorrection,JRip_checkErrorRate,PART_confidenceFactorValue,DecisionTable_useIBk,PART_binarySplits,DecisionTable_evaluationMeasure,SimpleCart_heuristic,PART_minNumObj,SimpleCart_minNumObj,DecisionTable_crossVal,JRip_optimizations,DecisionTable_search,J48,JRip_minNo,SimpleCart_usePrune,J48_binarySplits,GreedyStepwise_searchBackwards,GreedyStepwise_conservativeForwardSelection,J48_pruning,J48_useMDLcorrection,J48_numFolds,JRip_folds,J48_collapseTree,BestFirst_searchTermination,J48_minNumObj,SimpleCart_useOneSE,SimpleCart_numFoldsPruning,J48_doNotMakeSplitPointActualValue,BestFirst_direction,J48_useLaplace,J48_confidenceFactorValue,J48_subtreeRaising"
17,90,0.92345809,0.97436264,0.99571268,1.00000000,1.00000000,0004,0034,0035,0.00000000,"J48,Aggregator,J48_binarySplits,J48_doNotMakeSplitPointActualValue,J48_pruning,J48_subtreeRaising,PART,J48_minNumObj,SimpleCart,SimpleCart_usePrune,J48_collapseTree,PART_minNumObj,J48_useLaplace,DecisionTable,JRip,DecisionTable_search,SimpleCart_heuristic,JRip_usePruning,J48_useMDLcorrection,SimpleCart_numFoldsPruning,SimpleCart_minNumObj,PART_binarySplits,JRip_minNo,J48_numFolds,PART_pruning,JRip_checkErrorRate,J48_confidenceFactorValue,BestFirst_searchTermination,BestFirst_direction,PART_useMDLcorrection,SimpleCart_useOneSE,JRip_optimizations,JRip_folds,PART_doNotMakeSplitPointActualValue,DecisionTable_evaluationMeasure,DecisionTable_useIBk,PART_confidenceFactorValue,DecisionTable_crossVal,GreedyStepwise_conservativeForwardSelection,GreedyStepwise_searchBackwards,PART_numFolds"
18,90,0.88218855,0.97181214,0.99571268,1.00000000,1.00000000,0004,0034,0035,0.00000000,"J48,DecisionTable,DecisionTable_crossVal,PART,PART_doNotMakeSplitPointActualValue,Aggregator,PART_minNumObj,DecisionTable_search,J48_collapseTree,DecisionTable_useIBk,SimpleCart,PART_binarySplits,JRip,BestFirst_searchTermination,PART_useMDLcorrection,JRip_usePruning,J48_useLaplace,SimpleCart_usePrune,GreedyStepwise_searchBackwards,J48_useMDLcorrection,J48_binarySplits,JRip_minNo,DecisionTable_evaluationMeasure,JRip_optimizations,SimpleCart_minNumObj,J48_doNotMakeSplitPointActualValue,PART_pruning,J48_pruning,GreedyStepwise_conservativeForwardSelection,JRip_checkErrorRate,SimpleCart_heuristic,J48_minNumObj,BestFirst_direction,J48_numFolds,SimpleCart_numFoldsPruning,J48_confidenceFactorValue,JRip_folds,SimpleCart_useOneSE,PART_numFolds,J48_subtreeRaising,PART_confidenceFactorValue"
19,90,0.89523871,0.97461797,0.99571268,1.00000000,1.00000000,0005,0034,0035,0.00000000,"DecisionTable,DecisionTable_evaluationMeasure,SimpleCart,SimpleCart_heuristic,J48,J48_pruning,PART,DecisionTable_search,J48_minNumObj,JRip,J48_subtreeRaising,PART_binarySplits,PART_pruning,J48_numFolds,J48_doNotMakeSplitPointActualValue,PART_useMDLcorrection,J48_collapseTree,J48_useLaplace,PART_doNotMakeSplitPointActualValue,GreedyStepwise_searchBackwards,DecisionTable_useIBk,DecisionTable_crossVal,BestFirst_searchTermination,Aggregator,J48_useMDLcorrection,J48_binarySplits,GreedyStepwise_conservativeForwardSelection,JRip_minNo,PART_minNumObj,PART_numFolds,SimpleCart_usePrune,SimpleCart_minNumObj,JRip_checkErrorRate,PART_confidenceFactorValue,JRip_usePruning,J48_confidenceFactorValue,BestFirst_direction,JRip_optimizations,SimpleCart_numFoldsPruning,SimpleCart_useOneSE,JRip_folds"
20,90,0.91019986,0.97405875,0.99571268,1.00000000,1.00000000,0004,0034,0035,0.00000000,"PART,J48,J48_binarySplits,DecisionTable,DecisionTable_useIBk,J48_useMDLcorrection,J48_collapseTree,J48_minNumObj,PART_binarySplits,SimpleCart,PART_pruning,JRip,J48_useLaplace,DecisionTable_search,PART_useMDLcorrection,Aggregator,DecisionTable_evaluationMeasure,PART_doNotMakeSplitPointActualValue,PART_minNumObj,SimpleCart_heuristic,JRip_usePruning,J48_pruning,BestFirst_searchTermination,DecisionTable_crossVal,JRip_checkErrorRate,J48_doNotMakeSplitPointActualValue,PART_numFolds,SimpleCart_minNumObj,JRip_minNo,SimpleCart_usePrune,JRip_folds,BestFirst_direction,GreedyStepwise_searchBackwards,PART_confidenceFactorValue,SimpleCart_numFoldsPruning,J48_subtreeRaising,J48_confidenceFactorValue,SimpleCart_useOneSE,J48_numFolds,GreedyStepwise_conservativeForwardSelection,JRip_optimizations"
21,90,0.91174782,0.97091686,0.99571268,1.00000000,1.00000000,0004,0034,0035,0.00000000,"PART,PART_minNumObj,PART_binarySplits,J48,J48_minNumObj,PART_useMDLcorrection,J48_pruning,J48_collapseTree,J48_confidenceFactorValue,J48_numFolds,DecisionTable,DecisionTable_useIBk,SimpleCart,PART_pruning,PART_doNotMakeSplitPointActualValue,PART_numFolds,SimpleCart_minNumObj,Aggregator,DecisionTable_crossVal,J48_useMDLcorrection,JRip,J48_doNotMakeSplitPointActualValue,DecisionTable_search,J48_binarySplits,J48_useLaplace,PART_confidenceFactorValue,GreedyStepwise_searchBackwards,J48_subtreeRaising,SimpleCart_heuristic,SimpleCart_usePrune,JRip_usePruning,BestFirst_searchTermination,DecisionTable_evaluationMeasure,SimpleCart_useOneSE,JRip_checkErrorRate,JRip_minNo,BestFirst_direction,SimpleCart_numFoldsPruning,JRip_folds,JRip_optimizations,GreedyStepwise_conservativeForwardSelection"
22,90,0.93044030,0.97330981,0.99571268,1.00000000,1.00000000,0004,0034,0035,0.00000000,"J48,SimpleCart,SimpleCart_minNumObj,DecisionTable,J48_pruning,Aggregator,JRip,DecisionTable_search,J48_subtreeRaising,J48_collapseTree,GreedyStepwise_searchBackwards,JRip_checkErrorRate,J48_minNumObj,J48_useLaplace,DecisionTable_crossVal,J48_numFolds,DecisionTable_evaluationMeasure,J48_useMDLcorrection,SimpleCart_heuristic,PART,PART_doNotMakeSplitPointActualValue,PART_useMDLcorrection,J48_doNotMakeSplitPointActualValue,DecisionTable_useIBk,SimpleCart_usePrune,J48_binarySplits,BestFirst_direction,JRip_usePruning,GreedyStepwise_conservativeForwardSelection,JRip_folds,PART_minNumObj,SimpleCart_numFoldsPruning,J48_confidenceFactorValue,JRip_minNo,SimpleCart_useOneSE,BestFirst_searchTermination,JRip_optimizations,PART_binarySplits,PART_pruning,PART_numFolds,PART_confidenceFactorValue"
23,90,0.89787490,0.97305534,0.99571268,1.00000000,1.00000000,0005,0034,0035,0.00000000,"SimpleCart,J48,Aggregator,SimpleCart_minNumObj,DecisionTable,PART,PART_binarySplits,J48_binarySplits,J48_useLaplace,PART_useMDLcorrection,PART_minNumObj,DecisionTable_evaluationMeasure,J48_minNumObj,SimpleCart_usePrune,DecisionTable_useIBk,DecisionTable_search,J48_doNotMakeSplitPointActualValue,J48_collapseTree,SimpleCart_heuristic,JRip,J48_pruning,JRip_minNo,PART_doNotMakeSplitPointActualValue,DecisionTable_crossVal,J48_useMDLcorrection,SimpleCart_useOneSE,SimpleCart_numFoldsPruning,JRip_checkErrorRate,GreedyStepwise_searchBackwards,GreedyStepwise_conservativeForwardSelection,BestFirst_direction,J48_subtreeRaising,PART_pruning,BestFirst_searchTermination,J48_numFolds,JRip_usePruning,PART_confidenceFactorValue,JRip_folds,J48_confidenceFactorValue,JRip_optimizations,PART_numFolds"
24,90,0.92920487,0.97235928,0.99571268,1.00000000,1.00000000,0004,0034,0035,0.00000000,"JRip,DecisionTable,PART,J48,DecisionTable_search,BestFirst_direction,DecisionTable_crossVal,DecisionTable_evaluationMeasure,PART_minNumObj,JRip_usePruning,JRip_checkErrorRate,J48_doNotMakeSplitPointActualValue,J48_minNumObj,J48_binarySplits,J48_pruning,JRip_folds,PART_pruning,Aggregator,PART_useMDLcorrection,DecisionTable_useIBk,SimpleCart,J48_collapseTree,PART_doNotMakeSplitPointActualValue,BestFirst_searchTermination,J48_confidenceFactorValue,J48_numFolds,J48_useMDLcorrection,PART_numFolds,GreedyStepwise_searchBackwards,J48_subtreeRaising,JRip_minNo,JRip_optimizations,SimpleCart_heuristic,GreedyStepwise_conservativeForwardSelection,J48_useLaplace,PART_binarySplits,SimpleCart_usePrune,SimpleCart_numFoldsPruning,SimpleCart_minNumObj,PART_confidenceFactorValue,SimpleCart_useOneSE"
25,90,0.90296987,0.97462596,0.99571268,1.00000000,1.00000000,0004,0034,0035,0.00000000,"Aggregator,SimpleCart,DecisionTable,SimpleCart_heuristic,DecisionTable_evaluationMeasure,PART,J48,J48_doNotMakeSplitPointActualValue,DecisionTable_crossVal,SimpleCart_usePrune,SimpleCart_useOneSE,JRip,DecisionTable_useIBk,J48_pruning,PART_minNumObj,J48_numFolds,PART_doNotMakeSplitPointActualValue,DecisionTable_search,JRip_usePruning,SimpleCart_minNumObj,J48_useMDLcorrection,GreedyStepwise_conservativeForwardSelection,J48_useLaplace,BestFirst_searchTermination,JRip_folds,PART_pruning,PART_confidenceFactorValue,PART_binarySplits,JRip_checkErrorRate,PART_useMDLcorrection,JRip_optimizations,SimpleCart_numFoldsPruning,BestFirst_direction,PART_numFolds,JRip_minNo,J48_binarySplits,J48_minNumObj,J48_collapseTree,J48_confidenceFactorValue,GreedyStepwise_searchBackwards,J48_subtreeRaising"
26,90,0.90639515,0.97601852,0.99571268,1.00000000,1.00000000,0003,0034,0035,0.00000000,"SimpleCart,Aggregator,DecisionTable,PART,DecisionTable_useIBk,DecisionTable_crossVal,PART_pruning,J48,J48_pruning,DecisionTable_evaluationMeasure,PART_numFolds,PART_confidenceFactorValue,SimpleCart_minNumObj,SimpleCart_usePrune,J48_numFolds,PART_minNumObj,J48_minNumObj,JRip,J48_subtreeRaising,DecisionTable_search,PART_useMDLcorrection,SimpleCart_heuristic,JRip_usePruning,PART_binarySplits,J48_doNotMakeSplitPointActualValue,PART_doNotMakeSplitPointActualValue,BestFirst_searchTermination,J48_binarySplits,J48_useMDLcorrection,SimpleCart_useOneSE,J48_useLaplace,J48_confidenceFactorValue,JRip_optimizations,GreedyStepwise_conservativeForwardSelection,J48_collapseTree,BestFirst_direction,SimpleCart_numFoldsPruning,JRip_minNo,GreedyStepwise_searchBackwards,JRip_checkErrorRate,JRip_folds"
27,90,0.89855392,0.97320060,0.99571268,1.00000000,1.00000000,0004,0034,0035,0.00000000,"PART,PART_pruning,PART_useMDLcorrection,PART_doNotMakeSplitPointActualValue,PART_binarySplits,PART_numFolds,J48,JRip,Aggregator,JRip_checkErrorRate,J48_pruning,JRip_minNo,DecisionTable,J48_numFolds,SimpleCart,J48_subtreeRaising,PART_confidenceFactorValue,J48_useLaplace,PART_minNumObj,JRip_usePruning,DecisionTable_evaluationMeasure,J48_doNotMakeSplitPointActualValue,J48_minNumObj,J48_useMDLcorrection,DecisionTable_search,J48_binarySplits,J48_collapseTree,DecisionTable_crossVal,GreedyStepwise_searchBackwards,SimpleCart_heuristic,DecisionTable_useIBk,JRip_optimizations,J48_confidenceFactorValue,SimpleCart_usePrune,SimpleCart_useOneSE,SimpleCart_minNumObj,JRip_folds,BestFirst_searchTermination,BestFirst_direction,SimpleCart_numFoldsPruning,GreedyStepwise_conservativeForwardSelection"
28,90,0.91006475,0.97148752,0.99571268,1.00000000,1.00000000,0005,0034,0035,0.00000000,"SimpleCart,Aggregator,SimpleCart_heuristic,DecisionTable,J48,DecisionTable_crossVal,JRip,J48_collapseTree,SimpleCart_usePrune,PART,SimpleCart_minNumObj,JRip_usePruning,DecisionTable_evaluationMeasure,DecisionTable_useIBk,PART_pruning,SimpleCart_useOneSE,J48_pruning,J48_numFolds,PART_minNumObj,PART_binarySplits,SimpleCart_numFoldsPruning,JRip_minNo,DecisionTable_search,JRip_checkErrorRate,J48_useLaplace,PART_confidenceFactorValue,GreedyStepwise_searchBackwards,J48_useMDLcorrection,J48_minNumObj,J48_binarySplits,J48_doNotMakeSplitPointActualValue,GreedyStepwise_conservativeForwardSelection,BestFirst_direction,PART_numFolds,JRip_folds,JRip_optimizations,BestFirst_searchTermination,J48_subtreeRaising,PART_useMDLcorrection,PART_doNotMakeSplitPointActualValue,J48_confidenceFactorValue"
29,90,0.92376025,0.97205927,0.99571268,1.00000000,1.00000000,0004,0034,0035,0.00000000,"SimpleCart,JRip,JRip_checkErrorRate,JRip_minNo,JRip_usePruning,J48,J48_collapseTree,SimpleCart_minNumObj,SimpleCart_usePrune,DecisionTable,J48_binarySplits,Aggregator,JRip_optimizations,PART,J48_minNumObj,SimpleCart_heuristic,PART_doNotMakeSplitPointActualValue,PART_useMDLcorrection,DecisionTable_crossVal,J48_pruning,J48_subtreeRaising,J48_useMDLcorrection,J48_confidenceFactorValue,DecisionTable_evaluationMeasure,DecisionTable_search,PART_pruning,J48_doNotMakeSplitPointActualValue,J48_useLaplace,PART_binarySplits,JRip_folds,PART_confidenceFactorValue,GreedyStepwise_searchBackwards,SimpleCart_useOneSE,SimpleCart_numFoldsPruning,BestFirst_direction,PART_numFolds,DecisionTable_useIBk,GreedyStepwise_conservativeForwardSelection,PART_minNumObj,J48_numFolds,BestFirst_searchTermination"
30,90,0.91347665,0.97705279,0.99571268,1.00000000,1.00000000,0004,0034,0035,0.00000000,"SimpleCart,SimpleCart_usePrune,SimpleCart_useOneSE,DecisionTable,J48,SimpleCart_minNumObj,Aggregator,SimpleCart_heuristic,DecisionTable_evaluationMeasure,DecisionTable_search,DecisionTable_useIBk,PART,J48_useLaplace,PART_minNumObj,J48_doNotMakeSplitPointActualValue,J48_binarySplits,JRip,BestFirst_direction,PART_useMDLcorrection,JRip_usePruning,PART_doNotMakeSplitPointActualValue,JRip_checkErrorRate,PART_pruning,PART_binarySplits,BestFirst_searchTermination,PART_confidenceFactorValue,SimpleCart_numFoldsPruning,J48_minNumObj,GreedyStepwise_searchBackwards,J48_collapseTree,J48_useMDLcorrection,GreedyStepwise_conservativeForwardSelection,DecisionTable_crossVal,J48_pruning,J48_numFolds,JRip_minNo,PART_numFolds,JRip_folds,JRip_optimizations,J48_subtreeRaising,J48_confidenceFactorValue"
31,90,0.90305059,0.97282526,0.99571268,1.00000000,1.00000000,0005,0034,0035,0.00000000,"SimpleCart,SimpleCart_usePrune,SimpleCart_useOneSE,JRip,SimpleCart_heuristic,Aggregator,DecisionTable,PART,PART_binarySplits,PART_minNumObj,PART_pruning,J48,JRip_minNo,SimpleCart_numFoldsPruning,PART_confidenceFactorValue,JRip_usePruning,SimpleCart_minNumObj,JRip_checkErrorRate,PART_doNotMakeSplitPointActualValue,JRip_folds,PART_numFolds,J48_doNotMakeSplitPointActualValue,DecisionTable_evaluationMeasure,DecisionTable_search,DecisionTable_crossVal,BestFirst_direction,J48_pruning,J48_useMDLcorrection,PART_useMDLcorrection,J48_collapseTree,DecisionTable_useIBk,J48_binarySplits,BestFirst_searchTermination,J48_numFolds,J48_useLaplace,J48_minNumObj,JRip_optimizations,J48_confidenceFactorValue,GreedyStepwise_conservativeForwardSelection,GreedyStepwise_searchBackwards,J48_subtreeRaising"
32,90,0.92744108,0.97406738,0.99571268,1.00000000,1.00000000,0004,0034,0035,0.00000000,"DecisionTable,DecisionTable_search,DecisionTable_evaluationMeasure,GreedyStepwise_conservativeForwardSelection,J48,J48_useLaplace,J48_pruning,JRip,J48_minNumObj,SimpleCart,DecisionTable_crossVal,J48_doNotMakeSplitPointActualValue,JRip_checkErrorRate,Aggregator,J48_confidenceFactorValue,SimpleCart_usePrune,J48_numFolds,PART,GreedyStepwise_searchBackwards,J48_useMDLcorrection,PART_minNumObj,DecisionTable_useIBk,PART_binarySplits,JRip_usePruning,SimpleCart_heuristic,J48_collapseTree,SimpleCart_useOneSE,J48_subtreeRaising,PART_doNotMakeSplitPointActualValue,BestFirst_direction,PART_pruning,PART_confidenceFactorValue,BestFirst_searchTermination,JRip_minNo,PART_useMDLcorrection,SimpleCart_minNumObj,J48_binarySplits,PART_numFolds,SimpleCart_numFoldsPruning,JRip_optimizations,JRip_folds"
33,90,0.90331779,0.97404839,0.99571268,1.00000000,1.00000000,0004,0034,0035,0.00000000,"JRip,SimpleCart,DecisionTable,SimpleCart_minNumObj,Aggregator,JRip_usePruning,JRip_minNo,JRip_folds,J48,JRip_optimizations,DecisionTable_search,PART,SimpleCart_usePrune,SimpleCart_useOneSE,DecisionTable_useIBk,PART_binarySplits,JRip_checkErrorRate,J48_pruning,J48_doNotMakeSplitPointActualValue,BestFirst_searchTermination,DecisionTable_evaluationMeasure,J48_subtreeRaising,J48_confidenceFactorValue,GreedyStepwise_searchBackwards,SimpleCart_heuristic,BestFirst_direction,DecisionTable_crossVal,SimpleCart_numFoldsPruning,J48_numFolds,J48_collapseTree,J48_useLaplace,PART_pruning,PART_doNotMakeSplitPointActualValue,PART_minNumObj,PART_useMDLcorrection,GreedyStepwise_conservativeForwardSelection,J48_binarySplits,PART_numFolds,J48_useMDLcorrection,J48_minNumObj,PART_confidenceFactorValue"
34,90,0.91827160,0.97627558,0.99571268,1.00000000,1.00000000,0004,0034,0035,0.00000000,"JRip,JRip_minNo,JRip_usePruning,JRip_folds,JRip_optimizations,Aggregator,PART,DecisionTable,PART_doNotMakeSplitPointActualValue,DecisionTable_crossVal,SimpleCart,PART_useMDLcorrection,SimpleCart_minNumObj,PART_binarySplits,J48,J48_collapseTree,DecisionTable_evaluationMeasure,PART_pruning,JRip_checkErrorRate,DecisionTable_useIBk,PART_minNumObj,DecisionTable_search,J48_pruning,J48_numFolds,PART_confidenceFactorValue,SimpleCart_heuristic,J48_useMDLcorrection,SimpleCart_usePrune,J48_minNumObj,PART_numFolds,BestFirst_direction,GreedyStepwise_searchBackwards,J48_binarySplits,J48_useLaplace,J48_doNotMakeSplitPointActualValue,J48_confidenceFactorValue,BestFirst_searchTermination,J48_subtreeRaising,GreedyStepwise_conservativeForwardSelection,SimpleCart_useOneSE,SimpleCart_numFoldsPruning"
35,90,0.92880687,0.97289692,0.99571268,1.00000000,1.00000000,0005,0034,0035,0.00000000,"SimpleCart,SimpleCart_heuristic,SimpleCart_minNumObj,DecisionTable,JRip,SimpleCart_usePrune,JRip_usePruning,DecisionTable_useIBk,SimpleCart_numFoldsPruning,J48,JRip_optimizations,JRip_minNo,PART,Aggregator,J48_minNumObj,JRip_checkErrorRate,J48_useLaplace,DecisionTable_evaluationMeasure,J48_useMDLcorrection,DecisionTable_search,SimpleCart_useOneSE,J48_collapseTree,JRip_folds,DecisionTable_crossVal,PART_minNumObj,J48_doNotMakeSplitPointActualValue,J48_pruning,J48_numFolds,BestFirst_direction,J48_binarySplits,PART_pruning,GreedyStepwise_searchBackwards,GreedyStepwise_conservativeForwardSelection,PART_confidenceFactorValue,PART_doNotMakeSplitPointActualValue,PART_binarySplits,PART_useMDLcorrection,J48_confidenceFactorValue,J48_subtreeRaising,PART_numFolds,BestFirst_searchTermination"
36,90,0.92948632,0.97715661,0.99571268,1.00000000,1.00000000,0005,0034,0035,0.00000000,"DecisionTable,J48,DecisionTable_crossVal,DecisionTable_useIBk,J48_collapseTree,J48_doNotMakeSplitPointActualValue,PART,J48_minNumObj,SimpleCart,JRip,PART_minNumObj,SimpleCart_usePrune,Aggregator,DecisionTable_search,SimpleCart_minNumObj,J48_useMDLcorrection,JRip_usePruning,J48_pruning,DecisionTable_evaluationMeasure,PART_useMDLcorrection,SimpleCart_heuristic,BestFirst_searchTermination,SimpleCart_useOneSE,J48_subtreeRaising,SimpleCart_numFoldsPruning,PART_doNotMakeSplitPointActualValue,J48_numFolds,J48_useLaplace,PART_pruning,JRip_optimizations,GreedyStepwise_searchBackwards,J48_binarySplits,PART_numFolds,GreedyStepwise_conservativeForwardSelection,PART_binarySplits,JRip_minNo,JRip_checkErrorRate,JRip_folds,BestFirst_direction,J48_confidenceFactorValue,PART_confidenceFactorValue"
37,90,0.89392170,0.97865471,0.99571268,1.00000000,1.00000000,0005,0034,0035,0.00000000,"SimpleCart,PART,PART_doNotMakeSplitPointActualValue,PART_minNumObj,DecisionTable,DecisionTable_crossVal,SimpleCart_heuristic,J48,Aggregator,DecisionTable_search,J48_pruning,SimpleCart_usePrune,J48_doNotMakeSplitPointActualValue,SimpleCart_minNumObj,PART_pruning,PART_confidenceFactorValue,BestFirst_direction,JRip,J48_useMDLcorrection,PART_binarySplits,J48_numFolds,J48_collapseTree,J48_binarySplits,J48_useLaplace,GreedyStepwise_searchBackwards,PART_useMDLcorrection,DecisionTable_useIBk,BestFirst_searchTermination,SimpleCart_useOneSE,GreedyStepwise_conservativeForwardSelection,J48_confidenceFactorValue,SimpleCart_numFoldsPruning,DecisionTable_evaluationMeasure,J48_minNumObj,JRip_minNo,JRip_checkErrorRate,J48_subtreeRaising,PART_numFolds,JRip_usePruning,JRip_optimizations,JRip_folds"
38,90,0.91655616,0.97823945,0.99571268,1.00000000,1.00000000,0005,0034,0035,0.00000000,"J48,J48_pruning,PART,J48_doNotMakeSplitPointActualValue,J48_minNumObj,PART_doNotMakeSplitPointActualValue,JRip,J48_collapseTree,PART_minNumObj,DecisionTable,J48_useMDLcorrection,J48_binarySplits,J48_useLaplace,Aggregator,SimpleCart,JRip_usePruning,PART_binarySplits,J48_numFolds,JRip_checkErrorRate,J48_subtreeRaising,PART_useMDLcorrection,PART_pruning,J48_confidenceFactorValue,DecisionTable_search,DecisionTable_useIBk,GreedyStepwise_conservativeForwardSelection,SimpleCart_minNumObj,DecisionTable_evaluationMeasure,JRip_minNo,JRip_optimizations,BestFirst_searchTermination,JRip_folds,DecisionTable_crossVal,PART_numFolds,BestFirst_direction,SimpleCart_heuristic,SimpleCart_usePrune,GreedyStepwise_searchBackwards,PART_confidenceFactorValue,SimpleCart_numFoldsPruning,SimpleCart_useOneSE"
39,90,0.92257101,0.97427286,0.99571268,1.00000000,1.00000000,0004,0034,0035,0.00000000,"PART,PART_binarySplits,DecisionTable,DecisionTable_search,BestFirst_direction,BestFirst_searchTermination,DecisionTable_useIBk,J48,JRip,GreedyStepwise_searchBackwards,JRip_checkErrorRate,Aggregator,PART_useMDLcorrection,J48_useMDLcorrection,DecisionTable_evaluationMeasure,J48_pruning,SimpleCart,PART_doNotMakeSplitPointActualValue,PART_pruning,SimpleCart_heuristic,J48_confidenceFactorValue,SimpleCart_usePrune,DecisionTable_crossVal,PART_minNumObj,SimpleCart_numFoldsPruning,J48_subtreeRaising,JRip_usePruning,J48_collapseTree,J48_numFolds,J48_doNotMakeSplitPointActualValue,J48_minNumObj,GreedyStepwise_conservativeForwardSelection,J48_binarySplits,PART_confidenceFactorValue,SimpleCart_useOneSE,PART_numFolds,JRip_folds,J48_useLaplace,SimpleCart_minNumObj,JRip_minNo,JRip_optimizations"
40,90,0.91956013,0.97574311,0.99571268,1.00000000,1.00000000,0004,0034,0035,0.00000000,"JRip,JRip_checkErrorRate,DecisionTable,J48,J48_useLaplace,DecisionTable_crossVal,J48_collapseTree,DecisionTable_search,GreedyStepwise_conservativeForwardSelection,DecisionTable_useIBk,BestFirst_direction,DecisionTable_evaluationMeasure,SimpleCart,PART,J48_binarySplits,Aggregator,SimpleCart_usePrune,PART_minNumObj,PART_doNotMakeSplitPointActualValue,PART_pruning,JRip_minNo,JRip_usePruning,J48_useMDLcorrection,SimpleCart_numFoldsPruning,J48_doNotMakeSplitPointActualValue,JRip_optimizations,PART_useMDLcorrection,PART_confidenceFactorValue,JRip_folds,PART_binarySplits,GreedyStepwise_searchBackwards,J48_minNumObj,J48_pruning,BestFirst_searchTermination,SimpleCart_useOneSE,PART_numFolds,SimpleCart_minNumObj,SimpleCart_heuristic,J48_subtreeRaising,J48_numFolds,J48_confidenceFactorValue"
41,90,0.90754295,0.97208560,0.99571268,1.00000000,1.00000000,0005,0034,0035,0.00000000,"SimpleCart,SimpleCart_minNumObj,DecisionTable,DecisionTable_crossVal,SimpleCart_usePrune,DecisionTable_evaluationMeasure,SimpleCart_useOneSE,SimpleCart_heuristic,DecisionTable_search,JRip,BestFirst_searchTermination,Aggregator,GreedyStepwise_searchBackwards,J48,DecisionTable_useIBk,PART,J48_minNumObj,PART_pruning,J48_binarySplits,JRip_usePruning,PART_doNotMakeSplitPointActualValue,JRip_minNo,JRip_folds,J48_doNotMakeSplitPointActualValue,JRip_optimizations,SimpleCart_numFoldsPruning,PART_confidenceFactorValue,PART_useMDLcorrection,J48_useMDLcorrection,JRip_checkErrorRate,GreedyStepwise_conservativeForwardSelection,PART_minNumObj,J48_pruning,J48_collapseTree,J48_confidenceFactorValue,J48_useLaplace,J48_subtreeRaising,BestFirst_direction,PART_numFolds,PART_binarySplits,J48_numFolds"
42,90,0.84754943,0.97975676,0.99571268,1.00000000,1.00000000,0004,0034,0035,0.00000000,"DecisionTable,DecisionTable_useIBk,SimpleCart,DecisionTable_search,J48,J48_doNotMakeSplitPointActualValue,SimpleCart_minNumObj,BestFirst_searchTermination,J48_minNumObj,GreedyStepwise_conservativeForwardSelection,DecisionTable_crossVal,GreedyStepwise_searchBackwards,J48_collapseTree,DecisionTable_evaluationMeasure,PART,SimpleCart_usePrune,SimpleCart_numFoldsPruning,Aggregator,BestFirst_direction,PART_useMDLcorrection,SimpleCart_heuristic,SimpleCart_useOneSE,JRip,JRip_usePruning,JRip_minNo,PART_binarySplits,J48_useLaplace,J48_pruning,J48_binarySplits,J48_useMDLcorrection,PART_doNotMakeSplitPointActualValue,JRip_checkErrorRate,PART_pruning,PART_minNumObj,JRip_optimizations,PART_numFolds,PART_confidenceFactorValue,J48_confidenceFactorValue,JRip_folds,J48_numFolds,J48_subtreeRaising"
43,90,0.91219028,0.97252072,0.99571268,1.00000000,1.00000000,0005,0034,0035,0.00000000,"SimpleCart,J48,SimpleCart_heuristic,PART,JRip,J48_doNotMakeSplitPointActualValue,J48_useLaplace,Aggregator,PART_useMDLcorrection,J48_minNumObj,JRip_usePruning,DecisionTable,J48_useMDLcorrection,JRip_checkErrorRate,PART_binarySplits,DecisionTable_useIBk,DecisionTable_search,J48_binarySplits,SimpleCart_minNumObj,PART_minNumObj,JRip_folds,SimpleCart_usePrune,DecisionTable_crossVal,JRip_minNo,PART_doNotMakeSplitPointActualValue,J48_collapseTree,DecisionTable_evaluationMeasure,PART_pruning,J48_pruning,PART_confidenceFactorValue,J48_confidenceFactorValue,JRip_optimizations,BestFirst_searchTermination,SimpleCart_numFoldsPruning,GreedyStepwise_searchBackwards,GreedyStepwise_conservativeForwardSelection,PART_numFolds,BestFirst_direction,SimpleCart_useOneSE,J48_subtreeRaising,J48_numFolds"
44,90,0.89777562,0.97680717,0.99571268,1.00000000,1.00000000,0005,0034,0035,0.00000000,"Aggregator,SimpleCart,J48,SimpleCart_heuristic,J48_useMDLcorrection,J48_useLaplace,J48_binarySplits,J48_minNumObj,SimpleCart_usePrune,DecisionTable,JRip,DecisionTable_useIBk,SimpleCart_minNumObj,PART,J48_collapseTree,DecisionTable_search,SimpleCart_numFoldsPruning,PART_minNumObj,J48_pruning,BestFirst_searchTermination,PART_pruning,J48_numFolds,PART_confidenceFactorValue,PART_useMDLcorrection,J48_doNotMakeSplitPointActualValue,PART_doNotMakeSplitPointActualValue,DecisionTable_crossVal,SimpleCart_useOneSE,GreedyStepwise_searchBackwards,JRip_usePruning,JRip_checkErrorRate,DecisionTable_evaluationMeasure,JRip_minNo,GreedyStepwise_conservativeForwardSelection,PART_binarySplits,J48_confidenceFactorValue,BestFirst_direction,J48_subtreeRaising,PART_numFolds,JRip_optimizations,JRip_folds"
45,90,0.89329750,0.97564448,0.99571268,1.00000000,1.00000000,0005,0034,0035,0.00000000,"DecisionTable,PART,JRip,J48,J48_doNotMakeSplitPointActualValue,DecisionTable_evaluationMeasure,DecisionTable_search,JRip_usePruning,JRip_folds,GreedyStepwise_conservativeForwardSelection,J48_useLaplace,GreedyStepwise_searchBackwards,J48_useMDLcorrection,PART_doNotMakeSplitPointActualValue,BestFirst_direction,SimpleCart,JRip_checkErrorRate,J48_pruning,PART_pruning,SimpleCart_minNumObj,JRip_optimizations,J48_confidenceFactorValue,J48_binarySplits,DecisionTable_crossVal,J48_numFolds,J48_subtreeRaising,BestFirst_searchTermination,PART_minNumObj,Aggregator,PART_binarySplits,PART_useMDLcorrection,DecisionTable_useIBk,JRip_minNo,J48_minNumObj,PART_numFolds,J48_collapseTree,SimpleCart_usePrune,SimpleCart_heuristic,PART_confidenceFactorValue,SimpleCart_numFoldsPruning,SimpleCart_useOneSE"
46,90,0.90747173,0.97529094,0.99571268,1.00000000,1.00000000,0005,0034,0035,0.00000000,"SimpleCart,DecisionTable,SimpleCart_heuristic,DecisionTable_useIBk,JRip,SimpleCart_usePrune,JRip_usePruning,Aggregator,SimpleCart_numFoldsPruning,SimpleCart_minNumObj,JRip_minNo,J48,DecisionTable_crossVal,PART,JRip_folds,PART_doNotMakeSplitPointActualValue,J48_useMDLcorrection,J48_binarySplits,J48_useLaplace,PART_pruning,JRip_checkErrorRate,DecisionTable_evaluationMeasure,PART_minNumObj,J48_doNotMakeSplitPointActualValue,DecisionTable_search,PART_binarySplits,JRip_optimizations,BestFirst_direction,J48_pruning,J48_collapseTree,SimpleCart_useOneSE,PART_useMDLcorrection,J48_minNumObj,BestFirst_searchTermination,PART_confidenceFactorValue,GreedyStepwise_searchBackwards,J48_numFolds,J48_subtreeRaising,GreedyStepwise_conservativeForwardSelection,PART_numFolds,J48_confidenceFactorValue"
47,90,0.91005482,0.97460006,0.99571268,1.00000000,1.00000000,0004,0034,0035,0.00000000,"Aggregator,PART,J48,JRip,J48_collapseTree,JRip_minNo,PART_binarySplits,DecisionTable,SimpleCart,DecisionTable_evaluationMeasure,DecisionTable_useIBk,PART_pruning,J48_useMDLcorrection,SimpleCart_usePrune,PART_doNotMakeSplitPointActualValue,J48_minNumObj,J48_pruning,J48_numFolds,J48_doNotMakeSplitPointActualValue,J48_useLaplace,PART_minNumObj,SimpleCart_numFoldsPruning,PART_confidenceFactorValue,JRip_checkErrorRate,SimpleCart_heuristic,DecisionTable_search,PART_useMDLcorrection,JRip_usePruning,J48_binarySplits,SimpleCart_minNumObj,DecisionTable_crossVal,PART_numFolds,SimpleCart_useOneSE,JRip_folds,GreedyStepwise_searchBackwards,J48_subtreeRaising,BestFirst_direction,JRip_optimizations,J48_confidenceFactorValue,GreedyStepwise_conservativeForwardSelection,BestFirst_searchTermination"
48,90,0.93011267,0.97802534,0.99571268,1.00000000,1.00000000,0005,0034,0035,0.00000000,"Aggregator,PART,J48,SimpleCart,J48_minNumObj,J48_useMDLcorrection,PART_useMDLcorrection,J48_useLaplace,J48_pruning,DecisionTable,J48_collapseTree,J48_numFolds,J48_binarySplits,SimpleCart_heuristic,PART_binarySplits,SimpleCart_usePrune,SimpleCart_numFoldsPruning,PART_minNumObj,PART_pruning,DecisionTable_useIBk,JRip,J48_subtreeRaising,SimpleCart_minNumObj,J48_doNotMakeSplitPointActualValue,PART_doNotMakeSplitPointActualValue,DecisionTable_search,J48_confidenceFactorValue,GreedyStepwise_searchBackwards,DecisionTable_evaluationMeasure,JRip_minNo,GreedyStepwise_conservativeForwardSelection,BestFirst_direction,PART_numFolds,JRip_checkErrorRate,SimpleCart_useOneSE,DecisionTable_crossVal,JRip_usePruning,PART_confidenceFactorValue,BestFirst_searchTermination,JRip_optimizations,JRip_folds"
49,90,0.89552361,0.97204373,0.99571268,1.00000000,1.00000000,0005,0034,0035,0.00000000,"Aggregator,PART,DecisionTable,DecisionTable_useIBk,J48,PART_doNotMakeSplitPointActualValue,J48_useMDLcorrection,J48_binarySplits,PART_useMDLcorrection,JRip,DecisionTable_evaluationMeasure,J48_doNotMakeSplitPointActualValue,JRip_checkErrorRate,J48_pruning,SimpleCart,SimpleCart_minNumObj,PART_pruning,DecisionTable_crossVal,J48_collapseTree,JRip_minNo,SimpleCart_usePrune,J48_minNumObj,PART_minNumObj,PART_numFolds,PART_binarySplits,PART_confidenceFactorValue,DecisionTable_search,J48_useLaplace,BestFirst_direction,SimpleCart_heuristic,J48_confidenceFactorValue,JRip_usePruning,JRip_optimizations,J48_subtreeRaising,BestFirst_searchTermination,J48_numFolds,GreedyStepwise_conservativeForwardSelection,SimpleCart_useOneSE,JRip_folds,SimpleCart_numFoldsPruning,GreedyStepwise_searchBackwards"
50,90,0.91192221,0.97674760,0.99571268,1.00000000,1.00000000,0004,0034,0035,0.00000000,"SimpleCart,SimpleCart_usePrune,SimpleCart_heuristic,Aggregator,SimpleCart_minNumObj,PART,J48,SimpleCart_useOneSE,J48_minNumObj,SimpleCart_numFoldsPruning,J48_useLaplace,JRip,PART_minNumObj,PART_doNotMakeSplitPointActualValue,J48_doNotMakeSplitPointActualValue,DecisionTable,JRip_minNo,PART_pruning,J48_binarySplits,PART_binarySplits,JRip_checkErrorRate,PART_useMDLcorrection,DecisionTable_crossVal,J48_pruning,PART_confidenceFactorValue,JRip_usePruning,DecisionTable_search,J48_useMDLcorrection,J48_collapseTree,J48_subtreeRaising,J48_confidenceFactorValue,J48_numFolds,DecisionTable_useIBk,BestFirst_searchTermination,DecisionTable_evaluationMeasure,PART_numFolds,BestFirst_direction,GreedyStepwise_conservativeForwardSelection,JRip_folds,JRip_optimizations,GreedyStepwise_searchBackwards"
51,90,0.90844557,0.97169667,0.99571268,1.00000000,1.00000000,0004,0034,0035,0.00000000,"PART,PART_binarySplits,JRip,SimpleCart,J48,DecisionTable,SimpleCart_minNumObj,PART_pruning,SimpleCart_usePrune,JRip_usePruning,DecisionTable_useIBk,J48_doNotMakeSplitPointActualValue,PART_useMDLcorrection,Aggregator,PART_minNumObj,SimpleCart_numFoldsPruning,SimpleCart_heuristic,J48_useMDLcorrection,JRip_folds,JRip_checkErrorRate,PART_confidenceFactorValue,JRip_minNo,DecisionTable_crossVal,PART_doNotMakeSplitPointActualValue,J48_useLaplace,SimpleCart_useOneSE,J48_minNumObj,J48_collapseTree,J48_pruning,J48_binarySplits,DecisionTable_evaluationMeasure,DecisionTable_search,PART_numFolds,JRip_optimizations,BestFirst_direction,J48_subtreeRaising,J48_confidenceFactorValue,J48_numFolds,GreedyStepwise_conservativeForwardSelection,BestFirst_searchTermination,GreedyStepwise_searchBackwards"
52,90,0.92557325,0.97296814,0.99571268,1.00000000,1.00000000,0004,0034,0035,0.00000000,"Aggregator,DecisionTable,J48,PART,DecisionTable_crossVal,J48_binarySplits,J48_collapseTree,PART_binarySplits,SimpleCart,DecisionTable_evaluationMeasure,PART_useMDLcorrection,PART_doNotMakeSplitPointActualValue,J48_useLaplace,JRip,DecisionTable_search,BestFirst_direction,J48_useMDLcorrection,GreedyStepwise_searchBackwards,GreedyStepwise_conservativeForwardSelection,J48_pruning,JRip_checkErrorRate,J48_numFolds,J48_minNumObj,DecisionTable_useIBk,PART_minNumObj,SimpleCart_usePrune,SimpleCart_heuristic,J48_doNotMakeSplitPointActualValue,JRip_usePruning,PART_pruning,JRip_optimizations,PART_numFolds,SimpleCart_minNumObj,SimpleCart_useOneSE,BestFirst_searchTermination,JRip_folds,JRip_minNo,J48_confidenceFactorValue,PART_confidenceFactorValue,J48_subtreeRaising,SimpleCart_numFoldsPruning"
53,90,0.91746870,0.97522706,0.99571268,1.00000000,1.00000000,0005,0034,0035,0.00000000,"DecisionTable,DecisionTable_evaluationMeasure,J48,J48_minNumObj,J48_collapseTree,DecisionTable_search,DecisionTable_useIBk,PART,JRip,PART_useMDLcorrection,J48_pruning,SimpleCart,BestFirst_direction,PART_binarySplits,J48_binarySplits,J48_useLaplace,JRip_checkErrorRate,J48_doNotMakeSplitPointActualValue,PART_doNotMakeSplitPointActualValue,Aggregator,SimpleCart_minNumObj,SimpleCart_usePrune,PART_minNumObj,DecisionTable_crossVal,GreedyStepwise_searchBackwards,GreedyStepwise_conservativeForwardSelection,J48_useMDLcorrection,BestFirst_searchTermination,JRip_usePruning,J48_numFolds,SimpleCart_heuristic,J48_subtreeRaising,PART_pruning,J48_confidenceFactorValue,JRip_minNo,SimpleCart_numFoldsPruning,SimpleCart_useOneSE,PART_numFolds,JRip_optimizations,JRip_folds,PART_confidenceFactorValue"
54,90,0.92689070,0.97497194,0.99571268,1.00000000,1.00000000,0005,0034,0035,0.00000000,"JRip,SimpleCart,JRip_checkErrorRate,SimpleCart_minNumObj,Aggregator,SimpleCart_usePrune,SimpleCart_useOneSE,PART,SimpleCart_heuristic,JRip_usePruning,PART_minNumObj,SimpleCart_numFoldsPruning,J48,J48_collapseTree,DecisionTable,JRip_minNo,PART_doNotMakeSplitPointActualValue,PART_binarySplits,JRip_optimizations,J48_binarySplits,J48_minNumObj,DecisionTable_useIBk,JRip_folds,J48_useLaplace,PART_pruning,J48_useMDLcorrection,PART_numFolds,J48_doNotMakeSplitPointActualValue,PART_useMDLcorrection,PART_confidenceFactorValue,DecisionTable_evaluationMeasure,J48_pruning,DecisionTable_search,BestFirst_direction,GreedyStepwise_searchBackwards,DecisionTable_crossVal,GreedyStepwise_conservativeForwardSelection,J48_confidenceFactorValue,BestFirst_searchTermination,J48_numFolds,J48_subtreeRaising"
55,90,0.92844341,0.97710675,0.99571268,1.00000000,1.00000000,0005,0034,0035,0.00000000,"J48,J48_doNotMakeSplitPointActualValue,J48_useMDLcorrection,J48_collapseTree,J48_useLaplace,Aggregator,J48_minNumObj,J48_binarySplits,SimpleCart,J48_pruning,PART,DecisionTable,PART_binarySplits,JRip,DecisionTable_crossVal,SimpleCart_heuristic,PART_useMDLcorrection,DecisionTable_useIBk,DecisionTable_evaluationMeasure,DecisionTable_search,JRip_checkErrorRate,GreedyStepwise_searchBackwards,BestFirst_direction,J48_subtreeRaising,SimpleCart_minNumObj,J48_numFolds,SimpleCart_usePrune,SimpleCart_useOneSE,J48_confidenceFactorValue,PART_minNumObj,JRip_usePruning,PART_doNotMakeSplitPointActualValue,BestFirst_searchTermination,JRip_minNo,JRip_folds,PART_pruning,SimpleCart_numFoldsPruning,GreedyStepwise_conservativeForwardSelection,JRip_optimizations,PART_confidenceFactorValue,PART_numFolds"
56,90,0.89617413,0.97269166,0.99571268,1.00000000,1.00000000,0005,0034,0035,0.00000000,"PART,PART_minNumObj,PART_pruning,PART_useMDLcorrection,PART_doNotMakeSplitPointActualValue,SimpleCart,PART_confidenceFactorValue,SimpleCart_usePrune,Aggregator,SimpleCart_numFoldsPruning,SimpleCart_useOneSE,DecisionTable,PART_numFolds,SimpleCart_heuristic,JRip,JRip_checkErrorRate,J48,PART_binarySplits,JRip_minNo,DecisionTable_useIBk,J48_collapseTree,DecisionTable_evaluationMeasure,SimpleCart_minNumObj,J48_binarySplits,J48_pruning,JRip_usePruning,J48_confidenceFactorValue,DecisionTable_search,J48_useLaplace,BestFirst_searchTermination,J48_numFolds,DecisionTable_crossVal,JRip_folds,J48_subtreeRaising,GreedyStepwise_conservativeForwardSelection,J48_doNotMakeSplitPointActualValue,GreedyStepwise_searchBackwards,J48_minNumObj,BestFirst_direction,J48_useMDLcorrection,JRip_optimizations"
57,90,0.90808383,0.97460761,0.99571268,1.00000000,1.00000000,0005,0034,0035,0.00000000,"J48,J48_binarySplits,DecisionTable,DecisionTable_search,BestFirst_direction,Aggregator,GreedyStepwise_conservativeForwardSelection,BestFirst_searchTermination,J48_useLaplace,SimpleCart,SimpleCart_usePrune,DecisionTable_useIBk,PART,J48_doNotMakeSplitPointActualValue,DecisionTable_evaluationMeasure,JRip,JRip_usePruning,J48_minNumObj,SimpleCart_minNumObj,JRip_minNo,GreedyStepwise_searchBackwards,J48_pruning,J48_collapseTree,SimpleCart_numFoldsPruning,PART_useMDLcorrection,JRip_checkErrorRate,JRip_folds,DecisionTable_crossVal,J48_useMDLcorrection,PART_doNotMakeSplitPointActualValue,SimpleCart_useOneSE,J48_subtreeRaising,J48_numFolds,PART_minNumObj,SimpleCart_heuristic,PART_pruning,JRip_optimizations,J48_confidenceFactorValue,PART_confidenceFactorValue,PART_binarySplits,PART_numFolds"
58,90,0.88751187,0.97546534,0.99571268,1.00000000,1.00000000,0005,0034,0035,0.00000000,"PART,PART_binarySplits,SimpleCart,SimpleCart_heuristic,PART_minNumObj,JRip,DecisionTable,J48,J48_useMDLcorrection,JRip_checkErrorRate,PART_pruning,Aggregator,PART_doNotMakeSplitPointActualValue,JRip_minNo,DecisionTable_useIBk,PART_useMDLcorrection,J48_minNumObj,SimpleCart_usePrune,SimpleCart_minNumObj,J48_collapseTree,PART_numFolds,J48_useLaplace,PART_confidenceFactorValue,DecisionTable_search,JRip_usePruning,JRip_folds,GreedyStepwise_searchBackwards,J48_pruning,GreedyStepwise_conservativeForwardSelection,BestFirst_searchTermination,DecisionTable_evaluationMeasure,J48_binarySplits,J48_doNotMakeSplitPointActualValue,DecisionTable_crossVal,J48_subtreeRaising,SimpleCart_useOneSE,J48_confidenceFactorValue,SimpleCart_numFoldsPruning,J48_numFolds,JRip_optimizations,BestFirst_direction"
59,90,0.91006561,0.97215661,0.99571268,1.00000000,1.00000000,0005,0034,0035,0.00000000,"J48,JRip,JRip_minNo,J48_binarySplits,DecisionTable,JRip_checkErrorRate,J48_useLaplace,J48_doNotMakeSplitPointActualValue,JRip_usePruning,DecisionTable_evaluationMeasure,JRip_optimizations,DecisionTable_crossVal,J48_collapseTree,J48_minNumObj,PART,JRip_folds,J48_pruning,SimpleCart,J48_useMDLcorrection,Aggregator,J48_subtreeRaising,J48_numFolds,PART_doNotMakeSplitPointActualValue,DecisionTable_search,BestFirst_direction,PART_minNumObj,DecisionTable_useIBk,SimpleCart_usePrune,PART_useMDLcorrection,SimpleCart_useOneSE,J48_confidenceFactorValue,PART_binarySplits,GreedyStepwise_searchBackwards,SimpleCart_heuristic,PART_pruning,BestFirst_searchTermination,PART_numFolds,SimpleCart_minNumObj,SimpleCart_numFoldsPruning,GreedyStepwise_conservativeForwardSelection,PART_confidenceFactorValue"
60,90,0.91885651,0.97369054,0.99571268,1.00000000,1.00000000,0005,0034,0035,0.00000000,"Aggregator,J48,J48_binarySplits,JRip,DecisionTable,DecisionTable_evaluationMeasure,J48_doNotMakeSplitPointActualValue,J48_useLaplace,J48_pruning,DecisionTable_crossVal,DecisionTable_useIBk,J48_subtreeRaising,J48_minNumObj,J48_confidenceFactorValue,JRip_minNo,JRip_checkErrorRate,J48_collapseTree,J48_useMDLcorrection,SimpleCart,PART,DecisionTable_search,SimpleCart_heuristic,J48_numFolds,BestFirst_searchTermination,PART_useMDLcorrection,PART_binarySplits,JRip_usePruning,PART_doNotMakeSplitPointActualValue,GreedyStepwise_conservativeForwardSelection,PART_pruning,GreedyStepwise_searchBackwards,BestFirst_direction,SimpleCart_usePrune,SimpleCart_minNumObj,PART_minNumObj,JRip_folds,PART_numFolds,JRip_optimizations,SimpleCart_useOneSE,SimpleCart_numFoldsPruning,PART_confidenceFactorValue"
61,90,0.91386946,0.97455171,0.99571268,1.00000000,1.00000000,0005,0034,0035,0.00000000,"J48,J48_binarySplits,DecisionTable,DecisionTable_useIBk,J48_minNumObj,PART,J48_useLaplace,PART_pruning,J48_useMDLcorrection,JRip,DecisionTable_search,SimpleCart,PART_binarySplits,GreedyStepwise_conservativeForwardSelection,J48_collapseTree,Aggregator,DecisionTable_crossVal,J48_pruning,PART_numFolds,PART_minNumObj,BestFirst_direction,J48_doNotMakeSplitPointActualValue,JRip_minNo,DecisionTable_evaluationMeasure,PART_confidenceFactorValue,SimpleCart_minNumObj,J48_numFolds,PART_doNotMakeSplitPointActualValue,JRip_usePruning,PART_useMDLcorrection,SimpleCart_heuristic,J48_confidenceFactorValue,BestFirst_searchTermination,GreedyStepwise_searchBackwards,JRip_checkErrorRate,J48_subtreeRaising,JRip_optimizations,JRip_folds,SimpleCart_usePrune,SimpleCart_numFoldsPruning,SimpleCart_useOneSE"
62,90,0.90027411,0.97139580,0.99571268,1.00000000,1.00000000,0005,0034,0035,0.00000000,"SimpleCart,SimpleCart_usePrune,SimpleCart_heuristic,SimpleCart_useOneSE,SimpleCart_minNumObj,J48,PART,PART_doNotMakeSplitPointActualValue,PART_useMDLcorrection,PART_minNumObj,J48_doNotMakeSplitPointActualValue,Aggregator,J48_minNumObj,PART_binarySplits,JRip,DecisionTable,DecisionTable_crossVal,DecisionTable_useIBk,J48_useLaplace,SimpleCart_numFoldsPruning,JRip_checkErrorRate,J48_pruning,J48_collapseTree,JRip_usePruning,J48_binarySplits,PART_pruning,J48_useMDLcorrection,J48_subtreeRaising,JRip_optimizations,DecisionTable_search,DecisionTable_evaluationMeasure,J48_numFolds,JRip_folds,GreedyStepwise_searchBackwards,J48_confidenceFactorValue,JRip_minNo,BestFirst_direction,PART_confidenceFactorValue,GreedyStepwise_conservativeForwardSelection,BestFirst_searchTermination,PART_numFolds"
63,90,0.88722309,0.97419667,0.99571268,1.00000000,1.00000000,0005,0034,0035,0.00000000,"Aggregator,JRip,SimpleCart,SimpleCart_usePrune,PART,PART_binarySplits,SimpleCart_useOneSE,J48,JRip_minNo,J48_pruning,PART_useMDLcorrection,J48_subtreeRaising,J48_confidenceFactorValue,SimpleCart_numFoldsPruning,SimpleCart_minNumObj,PART_doNotMakeSplitPointActualValue,JRip_checkErrorRate,DecisionTable,J48_collapseTree,SimpleCart_heuristic,DecisionTable_useIBk,JRip_usePruning,J48_binarySplits,J48_minNumObj,J48_useLaplace,J48_numFolds,J48_doNotMakeSplitPointActualValue,PART_pruning,PART_minNumObj,J48_useMDLcorrection,DecisionTable_evaluationMeasure,PART_numFolds,JRip_folds,PART_confidenceFactorValue,DecisionTable_search,DecisionTable_crossVal,GreedyStepwise_searchBackwards,JRip_optimizations,BestFirst_direction,BestFirst_searchTermination,GreedyStepwise_conservativeForwardSelection"
64,90,0.90572779,0.97624471,0.99571268,1.00000000,1.00000000,0005,0034,0035,0.00000000,"PART,PART_binarySplits,DecisionTable,Aggregator,DecisionTable_evaluationMeasure,PART_doNotMakeSplitPointActualValue,PART_minNumObj,PART_pruning,JRip,J48,J48_binarySplits,DecisionTable_useIBk,J48_useLaplace,PART_numFolds,J48_pruning,J48_useMDLcorrection,J48_minNumObj,JRip_minNo,PART_useMDLcorrection,J48_doNotMakeSplitPointActualValue,J48_collapseTree,JRip_usePruning,DecisionTable_search,SimpleCart,DecisionTable_crossVal,BestFirst_searchTermination,J48_confidenceFactorValue,JRip_checkErrorRate,PART_confidenceFactorValue,J48_subtreeRaising,BestFirst_direction,J48_numFolds,GreedyStepwise_searchBackwards,JRip_optimizations,JRip_folds,SimpleCart_heuristic,SimpleCart_usePrune,GreedyStepwise_conservativeForwardSelection,SimpleCart_minNumObj,SimpleCart_useOneSE,SimpleCart_numFoldsPruning"
65,90,0.89464085,0.97499849,0.99571268,1.00000000,1.00000000,0005,0034,0035,0.00000000,"PART,JRip,PART_useMDLcorrection,SimpleCart,Aggregator,PART_binarySplits,PART_minNumObj,J48,J48_collapseTree,SimpleCart_usePrune,DecisionTable,SimpleCart_heuristic,J48_minNumObj,J48_useLaplace,PART_doNotMakeSplitPointActualValue,SimpleCart_minNumObj,JRip_checkErrorRate,SimpleCart_numFoldsPruning,JRip_minNo,J48_binarySplits,J48_pruning,J48_doNotMakeSplitPointActualValue,PART_pruning,DecisionTable_search,J48_useMDLcorrection,J48_subtreeRaising,JRip_usePruning,DecisionTable_useIBk,PART_numFolds,BestFirst_direction,BestFirst_searchTermination,GreedyStepwise_searchBackwards,J48_numFolds,J48_confidenceFactorValue,SimpleCart_useOneSE,DecisionTable_crossVal,DecisionTable_evaluationMeasure,JRip_folds,PART_confidenceFactorValue,GreedyStepwise_conservativeForwardSelection,JRip_optimizations"
66,90,0.91979237,0.97679293,0.99571268,1.00000000,1.00000000,0005,0034,0035,0.00000000,"Aggregator,JRip,JRip_checkErrorRate,DecisionTable,DecisionTable_useIBk,J48,PART,JRip_minNo,J48_useMDLcorrection,PART_useMDLcorrection,SimpleCart,JRip_usePruning,DecisionTable_evaluationMeasure,J48_minNumObj,J48_useLaplace,PART_minNumObj,PART_pruning,J48_binarySplits,JRip_folds,DecisionTable_search,PART_binarySplits,PART_doNotMakeSplitPointActualValue,BestFirst_searchTermination,GreedyStepwise_searchBackwards,J48_pruning,J48_collapseTree,BestFirst_direction,JRip_optimizations,DecisionTable_crossVal,SimpleCart_heuristic,J48_doNotMakeSplitPointActualValue,PART_confidenceFactorValue,J48_numFolds,SimpleCart_usePrune,SimpleCart_minNumObj,SimpleCart_numFoldsPruning,PART_numFolds,GreedyStepwise_conservativeForwardSelection,J48_confidenceFactorValue,SimpleCart_useOneSE,J48_subtreeRaising"
67,90,0.91826599,0.97320124,0.99571268,1.00000000,1.00000000,0005,0034,0035,0.00000000,"JRip,JRip_checkErrorRate,PART,Aggregator,JRip_minNo,DecisionTable,DecisionTable_search,DecisionTable_evaluationMeasure,GreedyStepwise_conservativeForwardSelection,DecisionTable_crossVal,SimpleCart,J48,GreedyStepwise_searchBackwards,BestFirst_searchTermination,JRip_usePruning,SimpleCart_heuristic,PART_doNotMakeSplitPointActualValue,PART_useMDLcorrection,JRip_folds,J48_useMDLcorrection,PART_minNumObj,J48_minNumObj,DecisionTable_useIBk,PART_binarySplits,BestFirst_direction,J48_doNotMakeSplitPointActualValue,SimpleCart_minNumObj,PART_pruning,J48_collapseTree,J48_binarySplits,J48_useLaplace,J48_pruning,SimpleCart_usePrune,PART_numFolds,JRip_optimizations,SimpleCart_useOneSE,SimpleCart_numFoldsPruning,PART_confidenceFactorValue,J48_numFolds,J48_confidenceFactorValue,J48_subtreeRaising"
68,90,0.91519209,0.97751770,0.99571268,1.00000000,1.00000000,0005,0034,0035,0.00000000,"SimpleCart,SimpleCart_heuristic,JRip,J48,J48_doNotMakeSplitPointActualValue,JRip_checkErrorRate,PART,PART_pruning,PART_minNumObj,JRip_minNo,SimpleCart_minNumObj,J48_binarySplits,J48_pruning,SimpleCart_usePrune,DecisionTable,SimpleCart_useOneSE,Aggregator,PART_useMDLcorrection,J48_numFolds,J48_subtreeRaising,PART_doNotMakeSplitPointActualValue,DecisionTable_evaluationMeasure,J48_useLaplace,JRip_usePruning,SimpleCart_numFoldsPruning,PART_numFolds,J48_minNumObj,DecisionTable_useIBk,J48_useMDLcorrection,JRip_optimizations,PART_binarySplits,J48_collapseTree,DecisionTable_crossVal,PART_confidenceFactorValue,DecisionTable_search,BestFirst_direction,J48_confidenceFactorValue,JRip_folds,BestFirst_searchTermination,GreedyStepwise_conservativeForwardSelection,GreedyStepwise_searchBackwards"
69,90,0.92424674,0.97241949,0.99571268,1.00000000,1.00000000,0005,0034,0035,0.00000000,"JRip,JRip_checkErrorRate,DecisionTable,PART,PART_binarySplits,JRip_minNo,PART_doNotMakeSplitPointActualValue,DecisionTable_evaluationMeasure,SimpleCart,Aggregator,JRip_usePruning,DecisionTable_search,JRip_optimizations,DecisionTable_useIBk,DecisionTable_crossVal,JRip_folds,PART_pruning,GreedyStepwise_searchBackwards,J48,J48_binarySplits,PART_minNumObj,PART_useMDLcorrection,BestFirst_direction,J48_useLaplace,PART_numFolds,SimpleCart_heuristic,J48_useMDLcorrection,SimpleCart_minNumObj,PART_confidenceFactorValue,SimpleCart_usePrune,J48_collapseTree,J48_doNotMakeSplitPointActualValue,BestFirst_searchTermination,J48_pruning,J48_minNumObj,GreedyStepwise_conservativeForwardSelection,J48_numFolds,J48_confidenceFactorValue,SimpleCart_numFoldsPruning,SimpleCart_useOneSE,J48_subtreeRaising"
70,90,0.90209100,0.97112082,0.99571268,1.00000000,1.00000000,0004,0034,0035,0.00000000,"DecisionTable,Aggregator,DecisionTable_search,SimpleCart,PART,DecisionTable_useIBk,BestFirst_direction,JRip,DecisionTable_evaluationMeasure,SimpleCart_minNumObj,PART_minNumObj,J48,DecisionTable_crossVal,J48_useLaplace,J48_binarySplits,GreedyStepwise_searchBackwards,SimpleCart_usePrune,PART_useMDLcorrection,GreedyStepwise_conservativeForwardSelection,J48_minNumObj,JRip_checkErrorRate,BestFirst_searchTermination,SimpleCart_heuristic,PART_binarySplits,PART_pruning,PART_doNotMakeSplitPointActualValue,JRip_minNo,J48_useMDLcorrection,J48_collapseTree,JRip_usePruning,J48_pruning,SimpleCart_numFoldsPruning,J48_doNotMakeSplitPointActualValue,JRip_folds,SimpleCart_useOneSE,J48_subtreeRaising,PART_numFolds,PART_confidenceFactorValue,JRip_optimizations,J48_confidenceFactorValue,J48_numFolds"
71,90,0.90251273,0.97404127,0.99571268,1.00000000,1.00000000,0005,0034,0035,0.00000000,"Aggregator,SimpleCart,SimpleCart_minNumObj,JRip,DecisionTable,SimpleCart_usePrune,DecisionTable_crossVal,JRip_usePruning,J48,J48_binarySplits,DecisionTable_search,PART,SimpleCart_heuristic,GreedyStepwise_searchBackwards,J48_minNumObj,SimpleCart_useOneSE,JRip_minNo,BestFirst_direction,JRip_checkErrorRate,J48_pruning,JRip_optimizations,J48_collapseTree,DecisionTable_useIBk,JRip_folds,J48_doNotMakeSplitPointActualValue,SimpleCart_numFoldsPruning,J48_useMDLcorrection,PART_minNumObj,GreedyStepwise_conservativeForwardSelection,J48_confidenceFactorValue,PART_binarySplits,DecisionTable_evaluationMeasure,J48_useLaplace,BestFirst_searchTermination,PART_doNotMakeSplitPointActualValue,PART_useMDLcorrection,J48_subtreeRaising,PART_pruning,J48_numFolds,PART_numFolds,PART_confidenceFactorValue"
72,90,0.89831434,0.97413256,0.99571268,1.00000000,1.00000000,0005,0034,0035,0.00000000,"SimpleCart,SimpleCart_minNumObj,SimpleCart_heuristic,DecisionTable,SimpleCart_usePrune,JRip,JRip_checkErrorRate,J48,J48_useLaplace,JRip_usePruning,SimpleCart_numFoldsPruning,DecisionTable_useIBk,Aggregator,PART,PART_binarySplits,DecisionTable_evaluationMeasure,J48_pruning,J48_useMDLcorrection,PART_minNumObj,J48_collapseTree,PART_doNotMakeSplitPointActualValue,JRip_minNo,DecisionTable_crossVal,JRip_optimizations,SimpleCart_useOneSE,DecisionTable_search,GreedyStepwise_conservativeForwardSelection,BestFirst_direction,BestFirst_searchTermination,J48_doNotMakeSplitPointActualValue,PART_pruning,J48_minNumObj,JRip_folds,J48_numFolds,J48_binarySplits,J48_confidenceFactorValue,J48_subtreeRaising,PART_useMDLcorrection,GreedyStepwise_searchBackwards,PART_confidenceFactorValue,PART_numFolds"
73,90,0.90478244,0.97612579,0.99571268,1.00000000,1.00000000,0005,0034,0035,0.00000000,"DecisionTable,Aggregator,DecisionTable_search,SimpleCart,PART,SimpleCart_usePrune,DecisionTable_useIBk,SimpleCart_heuristic,SimpleCart_useOneSE,PART_pruning,SimpleCart_numFoldsPruning,PART_doNotMakeSplitPointActualValue,GreedyStepwise_searchBackwards,J48,SimpleCart_minNumObj,J48_doNotMakeSplitPointActualValue,GreedyStepwise_conservativeForwardSelection,JRip,PART_confidenceFactorValue,J48_binarySplits,BestFirst_direction,DecisionTable_crossVal,J48_pruning,BestFirst_searchTermination,J48_confidenceFactorValue,DecisionTable_evaluationMeasure,J48_collapseTree,JRip_usePruning,PART_binarySplits,PART_minNumObj,J48_minNumObj,PART_useMDLcorrection,JRip_folds,JRip_optimizations,J48_numFolds,J48_subtreeRaising,J48_useMDLcorrection,PART_numFolds,JRip_checkErrorRate,JRip_minNo,J48_useLaplace"
74,90,0.90404731,0.97492057,0.99571268,1.00000000,1.00000000,0004,0034,0035,0.00000000,"J48,PART,Aggregator,J48_pruning,JRip,DecisionTable,J48_useLaplace,SimpleCart,SimpleCart_heuristic,JRip_usePruning,J48_minNumObj,PART_pruning,JRip_optimizations,PART_binarySplits,JRip_minNo,J48_numFolds,PART_minNumObj,DecisionTable_evaluationMeasure,J48_binarySplits,J48_doNotMakeSplitPointActualValue,DecisionTable_search,JRip_folds,SimpleCart_usePrune,J48_collapseTree,SimpleCart_numFoldsPruning,J48_subtreeRaising,DecisionTable_crossVal,J48_useMDLcorrection,J48_confidenceFactorValue,PART_doNotMakeSplitPointActualValue,PART_useMDLcorrection,PART_numFolds,JRip_checkErrorRate,SimpleCart_useOneSE,DecisionTable_useIBk,SimpleCart_minNumObj,BestFirst_direction,PART_confidenceFactorValue,BestFirst_searchTermination,GreedyStepwise_searchBackwards,GreedyStepwise_conservativeForwardSelection"
75,90,0.92727359,0.97566736,0.99571268,1.00000000,1.00000000,0006,0034,0035,0.00000000,"SimpleCart,SimpleCart_minNumObj,DecisionTable,J48,J48_pruning,J48_doNotMakeSplitPointActualValue,DecisionTable_useIBk,JRip,DecisionTable_search,PART,BestFirst_searchTermination,JRip_usePruning,Aggregator,JRip_folds,J48_binarySplits,J48_minNumObj,SimpleCart_usePrune,DecisionTable_evaluationMeasure,SimpleCart_heuristic,J48_useLaplace,PART_useMDLcorrection,SimpleCart_numFoldsPruning,PART_doNotMakeSplitPointActualValue,J48_confidenceFactorValue,DecisionTable_crossVal,JRip_checkErrorRate,JRip_optimizations,SimpleCart_useOneSE,J48_collapseTree,J48_numFolds,J48_useMDLcorrection,J48_subtreeRaising,PART_pruning,GreedyStepwise_searchBackwards,PART_binarySplits,BestFirst_direction,JRip_minNo,PART_minNumObj,GreedyStepwise_conservativeForwardSelection,PART_confidenceFactorValue,PART_numFolds"
76,90,0.90921437,0.97135846,0.99571268,1.00000000,1.00000000,0005,0034,0035,0.00000000,"SimpleCart,SimpleCart_heuristic,SimpleCart_minNumObj,DecisionTable,SimpleCart_usePrune,JRip,DecisionTable_useIBk,SimpleCart_numFoldsPruning,J48,DecisionTable_search,Aggregator,J48_collapseTree,SimpleCart_useOneSE,PART,J48_minNumObj,BestFirst_searchTermination,PART_useMDLcorrection,J48_binarySplits,BestFirst_direction,JRip_checkErrorRate,DecisionTable_evaluationMeasure,J48_pruning,PART_binarySplits,DecisionTable_crossVal,J48_confidenceFactorValue,J48_useMDLcorrection,JRip_minNo,PART_minNumObj,JRip_usePruning,J48_doNotMakeSplitPointActualValue,PART_pruning,GreedyStepwise_searchBackwards,PART_confidenceFactorValue,GreedyStepwise_conservativeForwardSelection,J48_useLaplace,J48_numFolds,JRip_folds,PART_doNotMakeSplitPointActualValue,J48_subtreeRaising,JRip_optimizations,PART_numFolds"
77,90,0.90532116,0.97547850,0.99571268,1.00000000,1.00000000,0005,0034,0035,0.00000000,"J48,J48_binarySplits,J48_pruning,J48_useMDLcorrection,PART,PART_binarySplits,JRip,J48_subtreeRaising,J48_doNotMakeSplitPointActualValue,PART_minNumObj,PART_doNotMakeSplitPointActualValue,DecisionTable,DecisionTable_crossVal,JRip_minNo,PART_pruning,J48_collapseTree,J48_numFolds,Aggregator,J48_useLaplace,PART_useMDLcorrection,J48_minNumObj,SimpleCart,J48_confidenceFactorValue,PART_confidenceFactorValue,SimpleCart_minNumObj,DecisionTable_search,BestFirst_direction,GreedyStepwise_conservativeForwardSelection,PART_numFolds,JRip_usePruning,JRip_folds,JRip_checkErrorRate,DecisionTable_useIBk,DecisionTable_evaluationMeasure,SimpleCart_heuristic,GreedyStepwise_searchBackwards,SimpleCart_usePrune,JRip_optimizations,BestFirst_searchTermination,SimpleCart_numFoldsPruning,SimpleCart_useOneSE"
78,90,0.89130277,0.97295973,0.99571268,1.00000000,1.00000000,0005,0034,0035,0.00000000,"J48,PART,Aggregator,SimpleCart,J48_useLaplace,PART_doNotMakeSplitPointActualValue,J48_pruning,PART_pruning,J48_subtreeRaising,J48_useMDLcorrection,SimpleCart_heuristic,JRip,PART_binarySplits,PART_useMDLcorrection,J48_collapseTree,DecisionTable,PART_minNumObj,J48_binarySplits,DecisionTable_evaluationMeasure,J48_doNotMakeSplitPointActualValue,J48_minNumObj,JRip_usePruning,J48_numFolds,SimpleCart_minNumObj,JRip_minNo,PART_confidenceFactorValue,J48_confidenceFactorValue,SimpleCart_usePrune,SimpleCart_useOneSE,PART_numFolds,JRip_checkErrorRate,DecisionTable_useIBk,DecisionTable_search,GreedyStepwise_conservativeForwardSelection,BestFirst_direction,SimpleCart_numFoldsPruning,GreedyStepwise_searchBackwards,DecisionTable_crossVal,JRip_folds,JRip_optimizations,BestFirst_searchTermination"
79,90,0.89645515,0.97359039,0.99571268,1.00000000,1.00000000,0005,0034,0035,0.00000000,"DecisionTable,JRip,DecisionTable_search,BestFirst_searchTermination,JRip_usePruning,BestFirst_direction,DecisionTable_evaluationMeasure,DecisionTable_useIBk,JRip_checkErrorRate,JRip_folds,PART,PART_doNotMakeSplitPointActualValue,Aggregator,PART_binarySplits,PART_minNumObj,GreedyStepwise_searchBackwards,J48,PART_useMDLcorrection,GreedyStepwise_conservativeForwardSelection,SimpleCart,PART_pruning,PART_numFolds,DecisionTable_crossVal,JRip_minNo,JRip_optimizations,J48_pruning,J48_doNotMakeSplitPointActualValue,PART_confidenceFactorValue,J48_minNumObj,SimpleCart_usePrune,J48_useMDLcorrection,J48_binarySplits,J48_collapseTree,J48_useLaplace,J48_confidenceFactorValue,SimpleCart_numFoldsPruning,SimpleCart_heuristic,J48_numFolds,SimpleCart_minNumObj,SimpleCart_useOneSE,J48_subtreeRaising"
80,90,0.92094449,0.97628054,0.99571268,1.00000000,1.00000000,0005,0034,0035,0.00000000,"PART,PART_binarySplits,Aggregator,PART_doNotMakeSplitPointActualValue,PART_pruning,J48,PART_numFolds,SimpleCart,J48_doNotMakeSplitPointActualValue,SimpleCart_usePrune,PART_useMDLcorrection,J48_binarySplits,DecisionTable,DecisionTable_crossVal,J48_minNumObj,PART_minNumObj,DecisionTable_useIBk,JRip,PART_confidenceFactorValue,DecisionTable_evaluationMeasure,JRip_usePruning,SimpleCart_heuristic,JRip_optimizations,J48_useMDLcorrection,SimpleCart_useOneSE,J48_pruning,SimpleCart_minNumObj,J48_subtreeRaising,SimpleCart_numFoldsPruning,J48_collapseTree,DecisionTable_search,JRip_checkErrorRate,J48_useLaplace,JRip_minNo,JRip_folds,BestFirst_searchTermination,J48_confidenceFactorValue,J48_numFolds,GreedyStepwise_conservativeForwardSelection,GreedyStepwise_searchBackwards,BestFirst_direction"
81,90,0.91617975,0.97620521,0.99571268,1.00000000,1.00000000,0005,0034,0035,0.00000000,"JRip,JRip_usePruning,Aggregator,JRip_checkErrorRate,DecisionTable,DecisionTable_crossVal,J48,PART,J48_useMDLcorrection,JRip_optimizations,JRip_minNo,PART_minNumObj,J48_minNumObj,PART_useMDLcorrection,SimpleCart,PART_binarySplits,JRip_folds,J48_doNotMakeSplitPointActualValue,PART_doNotMakeSplitPointActualValue,SimpleCart_heuristic,DecisionTable_useIBk,PART_pruning,DecisionTable_search,DecisionTable_evaluationMeasure,J48_pruning,PART_confidenceFactorValue,J48_numFolds,GreedyStepwise_conservativeForwardSelection,J48_useLaplace,J48_collapseTree,J48_binarySplits,SimpleCart_minNumObj,SimpleCart_usePrune,BestFirst_searchTermination,J48_subtreeRaising,SimpleCart_useOneSE,BestFirst_direction,J48_confidenceFactorValue,GreedyStepwise_searchBackwards,PART_numFolds,SimpleCart_numFoldsPruning"
82,90,0.91109255,0.97255979,0.99571268,1.00000000,1.00000000,0005,0034,0035,0.00000000,"Aggregator,JRip,JRip_usePruning,JRip_minNo,JRip_folds,SimpleCart,JRip_optimizations,DecisionTable,J48,SimpleCart_heuristic,J48_minNumObj,PART,J48_binarySplits,PART_minNumObj,PART_pruning,DecisionTable_useIBk,DecisionTable_evaluationMeasure,J48_collapseTree,JRip_checkErrorRate,PART_useMDLcorrection,PART_confidenceFactorValue,J48_pruning,PART_numFolds,SimpleCart_usePrune,J48_subtreeRaising,J48_useMDLcorrection,J48_confidenceFactorValue,DecisionTable_search,DecisionTable_crossVal,J48_doNotMakeSplitPointActualValue,SimpleCart_minNumObj,PART_binarySplits,J48_useLaplace,BestFirst_direction,PART_doNotMakeSplitPointActualValue,GreedyStepwise_conservativeForwardSelection,SimpleCart_numFoldsPruning,SimpleCart_useOneSE,J48_numFolds,BestFirst_searchTermination,GreedyStepwise_searchBackwards"
83,90,0.90323362,0.97301153,0.99571268,1.00000000,1.00000000,0004,0034,0035,0.00000000,"Aggregator,SimpleCart,SimpleCart_usePrune,SimpleCart_minNumObj,JRip,DecisionTable,PART,JRip_checkErrorRate,SimpleCart_useOneSE,SimpleCart_heuristic,SimpleCart_numFoldsPruning,J48,DecisionTable_crossVal,PART_binarySplits,JRip_usePruning,PART_pruning,J48_useMDLcorrection,PART_minNumObj,J48_pruning,PART_useMDLcorrection,JRip_optimizations,JRip_minNo,PART_doNotMakeSplitPointActualValue,J48_useLaplace,JRip_folds,J48_binarySplits,PART_confidenceFactorValue,DecisionTable_evaluationMeasure,J48_minNumObj,DecisionTable_search,J48_numFolds,J48_confidenceFactorValue,DecisionTable_useIBk,J48_doNotMakeSplitPointActualValue,J48_collapseTree,BestFirst_searchTermination,GreedyStepwise_searchBackwards,PART_numFolds,J48_subtreeRaising,GreedyStepwise_conservativeForwardSelection,BestFirst_direction"
84,90,0.90678624,0.97670832,0.99571268,1.00000000,1.00000000,0005,0034,0035,0.00000000,"PART,DecisionTable,Aggregator,DecisionTable_search,J48,SimpleCart,J48_minNumObj,BestFirst_direction,JRip,PART_useMDLcorrection,PART_pruning,J48_collapseTree,JRip_minNo,BestFirst_searchTermination,PART_doNotMakeSplitPointActualValue,SimpleCart_usePrune,J48_useMDLcorrection,GreedyStepwise_conservativeForwardSelection,J48_pruning,SimpleCart_minNumObj,SimpleCart_numFoldsPruning,SimpleCart_heuristic,DecisionTable_useIBk,PART_minNumObj,J48_useLaplace,DecisionTable_crossVal,PART_binarySplits,DecisionTable_evaluationMeasure,JRip_usePruning,J48_numFolds,J48_binarySplits,PART_numFolds,J48_subtreeRaising,GreedyStepwise_searchBackwards,PART_confidenceFactorValue,JRip_folds,J48_doNotMakeSplitPointActualValue,SimpleCart_useOneSE,JRip_checkErrorRate,JRip_optimizations,J48_confidenceFactorValue"
85,90,0.92442070,0.97739964,0.99571268,1.00000000,1.00000000,0004,0034,0035,0.00000000,"PART,PART_minNumObj,PART_doNotMakeSplitPointActualValue,SimpleCart,DecisionTable,JRip,J48,PART_pruning,J48_useLaplace,J48_binarySplits,J48_pruning,J48_confidenceFactorValue,J48_numFolds,J48_minNumObj,SimpleCart_heuristic,PART_useMDLcorrection,DecisionTable_evaluationMeasure,J48_subtreeRaising,J48_useMDLcorrection,SimpleCart_usePrune,PART_confidenceFactorValue,J48_collapseTree,Aggregator,SimpleCart_minNumObj,DecisionTable_crossVal,J48_doNotMakeSplitPointActualValue,JRip_minNo,DecisionTable_search,PART_binarySplits,JRip_usePruning,GreedyStepwise_searchBackwards,DecisionTable_useIBk,PART_numFolds,JRip_checkErrorRate,SimpleCart_useOneSE,BestFirst_searchTermination,BestFirst_direction,GreedyStepwise_conservativeForwardSelection,SimpleCart_numFoldsPruning,JRip_optimizations,JRip_folds"
86,90,0.87736251,0.97520634,0.99571268,1.00000000,1.00000000,0005,0034,0035,0.00000000,"PART,SimpleCart,JRip,DecisionTable,DecisionTable_crossVal,JRip_minNo,PART_minNumObj,PART_useMDLcorrection,SimpleCart_minNumObj,PART_pruning,PART_binarySplits,JRip_usePruning,PART_doNotMakeSplitPointActualValue,J48,DecisionTable_search,DecisionTable_useIBk,JRip_checkErrorRate,SimpleCart_usePrune,SimpleCart_heuristic,DecisionTable_evaluationMeasure,Aggregator,JRip_folds,BestFirst_searchTermination,SimpleCart_useOneSE,J48_doNotMakeSplitPointActualValue,PART_numFolds,JRip_optimizations,J48_minNumObj,J48_binarySplits,BestFirst_direction,PART_confidenceFactorValue,SimpleCart_numFoldsPruning,J48_useMDLcorrection,GreedyStepwise_conservativeForwardSelection,J48_useLaplace,GreedyStepwise_searchBackwards,J48_collapseTree,J48_pruning,J48_subtreeRaising,J48_confidenceFactorValue,J48_numFolds"
87,90,0.91043728,0.97343629,0.99571268,1.00000000,1.00000000,0004,0034,0035,0.00000000,"Aggregator,J48,SimpleCart,DecisionTable,J48_minNumObj,JRip,PART,J48_collapseTree,DecisionTable_useIBk,J48_useMDLcorrection,DecisionTable_crossVal,J48_binarySplits,JRip_usePruning,J48_useLaplace,DecisionTable_search,PART_minNumObj,J48_pruning,SimpleCart_usePrune,SimpleCart_heuristic,JRip_checkErrorRate,JRip_optimizations,GreedyStepwise_searchBackwards,BestFirst_searchTermination,J48_doNotMakeSplitPointActualValue,PART_useMDLcorrection,SimpleCart_minNumObj,PART_binarySplits,JRip_minNo,PART_doNotMakeSplitPointActualValue,PART_pruning,DecisionTable_evaluationMeasure,GreedyStepwise_conservativeForwardSelection,J48_subtreeRaising,JRip_folds,PART_numFolds,SimpleCart_useOneSE,J48_numFolds,BestFirst_direction,J48_confidenceFactorValue,SimpleCart_numFoldsPruning,PART_confidenceFactorValue"
88,90,0.90186653,0.97341557,0.99571268,1.00000000,1.00000000,0004,0034,0035,0.00000000,"DecisionTable,SimpleCart,J48,J48_pruning,DecisionTable_search,Aggregator,SimpleCart_heuristic,SimpleCart_minNumObj,J48_minNumObj,J48_subtreeRaising,PART,DecisionTable_crossVal,J48_useMDLcorrection,J48_doNotMakeSplitPointActualValue,J48_useLaplace,PART_pruning,DecisionTable_evaluationMeasure,SimpleCart_usePrune,J48_binarySplits,BestFirst_direction,DecisionTable_useIBk,PART_useMDLcorrection,PART_binarySplits,PART_doNotMakeSplitPointActualValue,JRip,PART_numFolds,GreedyStepwise_searchBackwards,J48_collapseTree,J48_numFolds,PART_minNumObj,J48_confidenceFactorValue,BestFirst_searchTermination,GreedyStepwise_conservativeForwardSelection,SimpleCart_useOneSE,JRip_minNo,JRip_usePruning,PART_confidenceFactorValue,JRip_checkErrorRate,SimpleCart_numFoldsPruning,JRip_optimizations,JRip_folds"
89,90,0.92220496,0.97684581,0.99571268,1.00000000,1.00000000,0005,0034,0035,0.00000000,"SimpleCart,J48,SimpleCart_heuristic,Aggregator,J48_useMDLcorrection,PART,SimpleCart_minNumObj,PART_binarySplits,SimpleCart_usePrune,J48_collapseTree,J48_pruning,J48_minNumObj,SimpleCart_numFoldsPruning,JRip,J48_doNotMakeSplitPointActualValue,PART_pruning,PART_confidenceFactorValue,DecisionTable,J48_subtreeRaising,J48_binarySplits,DecisionTable_search,JRip_minNo,J48_useLaplace,DecisionTable_evaluationMeasure,DecisionTable_crossVal,SimpleCart_useOneSE,PART_minNumObj,PART_doNotMakeSplitPointActualValue,DecisionTable_useIBk,GreedyStepwise_searchBackwards,JRip_checkErrorRate,PART_useMDLcorrection,JRip_usePruning,JRip_optimizations,J48_confidenceFactorValue,J48_numFolds,PART_numFolds,GreedyStepwise_conservativeForwardSelection,BestFirst_searchTermination,JRip_folds,BestFirst_direction"
90,90,0.92960330,0.97824635,0.99571268,1.00000000,1.00000000,0005,0034,0035,0.00000000,"SimpleCart,JRip,PART,PART_minNumObj,Aggregator,DecisionTable,SimpleCart_usePrune,J48,SimpleCart_minNumObj,J48_useMDLcorrection,JRip_minNo,SimpleCart_heuristic,J48_collapseTree,PART_pruning,DecisionTable_useIBk,J48_pruning,J48_confidenceFactorValue,SimpleCart_useOneSE,DecisionTable_crossVal,J48_binarySplits,JRip_checkErrorRate,DecisionTable_evaluationMeasure,JRip_usePruning,PART_doNotMakeSplitPointActualValue,PART_numFolds,J48_useLaplace,DecisionTable_search,GreedyStepwise_searchBackwards,JRip_optimizations,PART_binarySplits,PART_useMDLcorrection,SimpleCart_numFoldsPruning,BestFirst_searchTermination,GreedyStepwise_conservativeForwardSelection,J48_doNotMakeSplitPointActualValue,J48_numFolds,JRip_folds,J48_minNumObj,PART_confidenceFactorValue,BestFirst_direction,J48_subtreeRaising"
91,90,0.90369896,0.97248338,0.99571268,1.00000000,1.00000000,0005,0034,0035,0.00000000,"Aggregator,PART,SimpleCart,PART_useMDLcorrection,JRip,SimpleCart_heuristic,JRip_minNo,PART_pruning,SimpleCart_usePrune,PART_binarySplits,PART_doNotMakeSplitPointActualValue,J48,DecisionTable,SimpleCart_numFoldsPruning,J48_pruning,SimpleCart_minNumObj,J48_binarySplits,DecisionTable_evaluationMeasure,PART_minNumObj,JRip_usePruning,J48_minNumObj,J48_numFolds,JRip_optimizations,JRip_checkErrorRate,J48_subtreeRaising,J48_confidenceFactorValue,DecisionTable_useIBk,DecisionTable_search,J48_doNotMakeSplitPointActualValue,PART_numFolds,SimpleCart_useOneSE,J48_collapseTree,PART_confidenceFactorValue,GreedyStepwise_conservativeForwardSelection,GreedyStepwise_searchBackwards,J48_useLaplace,DecisionTable_crossVal,J48_useMDLcorrection,BestFirst_searchTermination,BestFirst_direction,JRip_folds"
92,90,0.90167271,0.97557865,0.99571268,1.00000000,1.00000000,0004,0034,0035,0.00000000,"J48,J48_pruning,SimpleCart,J48_doNotMakeSplitPointActualValue,J48_confidenceFactorValue,DecisionTable,J48_subtreeRaising,DecisionTable_evaluationMeasure,JRip,J48_numFolds,SimpleCart_usePrune,J48_useLaplace,SimpleCart_useOneSE,SimpleCart_numFoldsPruning,SimpleCart_heuristic,DecisionTable_crossVal,J48_binarySplits,JRip_checkErrorRate,SimpleCart_minNumObj,J48_useMDLcorrection,J48_collapseTree,JRip_usePruning,Aggregator,PART,DecisionTable_search,PART_useMDLcorrection,J48_minNumObj,DecisionTable_useIBk,PART_binarySplits,PART_pruning,JRip_optimizations,JRip_minNo,BestFirst_searchTermination,PART_minNumObj,PART_confidenceFactorValue,JRip_folds,GreedyStepwise_conservativeForwardSelection,PART_doNotMakeSplitPointActualValue,GreedyStepwise_searchBackwards,BestFirst_direction,PART_numFolds"
93,90,0.90568031,0.97128831,0.99571268,1.00000000,1.00000000,0004,0034,0035,0.00000000,"SimpleCart,PART,SimpleCart_minNumObj,PART_useMDLcorrection,PART_minNumObj,JRip,PART_binarySplits,SimpleCart_heuristic,PART_pruning,J48,Aggregator,DecisionTable,DecisionTable_useIBk,SimpleCart_usePrune,J48_minNumObj,JRip_checkErrorRate,PART_doNotMakeSplitPointActualValue,SimpleCart_useOneSE,J48_binarySplits,J48_doNotMakeSplitPointActualValue,JRip_usePruning,PART_numFolds,J48_collapseTree,JRip_folds,JRip_minNo,J48_pruning,PART_confidenceFactorValue,DecisionTable_crossVal,J48_useMDLcorrection,J48_useLaplace,SimpleCart_numFoldsPruning,DecisionTable_search,DecisionTable_evaluationMeasure,J48_numFolds,JRip_optimizations,J48_subtreeRaising,GreedyStepwise_searchBackwards,BestFirst_searchTermination,J48_confidenceFactorValue,GreedyStepwise_conservativeForwardSelection,BestFirst_direction"
94,90,0.88018475,0.97537274,0.99571268,1.00000000,1.00000000,0004,0034,0035,0.00000000,"SimpleCart,DecisionTable,DecisionTable_useIBk,SimpleCart_heuristic,DecisionTable_search,DecisionTable_crossVal,Aggregator,SimpleCart_usePrune,SimpleCart_numFoldsPruning,SimpleCart_useOneSE,SimpleCart_minNumObj,BestFirst_direction,JRip,DecisionTable_evaluationMeasure,GreedyStepwise_conservativeForwardSelection,PART,PART_useMDLcorrection,J48,GreedyStepwise_searchBackwards,BestFirst_searchTermination,JRip_checkErrorRate,PART_pruning,JRip_usePruning,JRip_optimizations,J48_binarySplits,JRip_minNo,PART_confidenceFactorValue,PART_minNumObj,PART_binarySplits,J48_collapseTree,J48_doNotMakeSplitPointActualValue,PART_doNotMakeSplitPointActualValue,J48_minNumObj,J48_useMDLcorrection,J48_pruning,J48_useLaplace,PART_numFolds,JRip_folds,J48_subtreeRaising,J48_confidenceFactorValue,J48_numFolds"
95,90,0.89443452,0.97269943,0.99571268,1.00000000,1.00000000,0004,0034,0035,0.00000000,"Aggregator,DecisionTable,DecisionTable_evaluationMeasure,JRip,J48,JRip_minNo,DecisionTable_useIBk,J48_collapseTree,JRip_usePruning,DecisionTable_crossVal,J48_pruning,J48_minNumObj,J48_confidenceFactorValue,J48_binarySplits,DecisionTable_search,BestFirst_searchTermination,PART,SimpleCart,SimpleCart_usePrune,BestFirst_direction,SimpleCart_minNumObj,SimpleCart_heuristic,PART_pruning,J48_doNotMakeSplitPointActualValue,GreedyStepwise_conservativeForwardSelection,PART_minNumObj,PART_confidenceFactorValue,PART_doNotMakeSplitPointActualValue,JRip_folds,JRip_checkErrorRate,J48_useMDLcorrection,J48_useLaplace,J48_subtreeRaising,JRip_optimizations,PART_useMDLcorrection,SimpleCart_numFoldsPruning,SimpleCart_useOneSE,J48_numFolds,GreedyStepwise_searchBackwards,PART_numFolds,PART_binarySplits"
96,90,0.92288656,0.97245964,0.99571268,1.00000000,1.00000000,0005,0034,0035,0.00000000,"JRip,JRip_minNo,PART,SimpleCart,PART_pruning,SimpleCart_minNumObj,PART_useMDLcorrection,DecisionTable,DecisionTable_crossVal,PART_minNumObj,JRip_checkErrorRate,SimpleCart_usePrune,DecisionTable_search,DecisionTable_evaluationMeasure,Aggregator,PART_binarySplits,JRip_usePruning,PART_numFolds,PART_doNotMakeSplitPointActualValue,J48,BestFirst_direction,SimpleCart_useOneSE,GreedyStepwise_conservativeForwardSelection,SimpleCart_heuristic,PART_confidenceFactorValue,JRip_folds,J48_collapseTree,JRip_optimizations,J48_binarySplits,DecisionTable_useIBk,BestFirst_searchTermination,J48_doNotMakeSplitPointActualValue,GreedyStepwise_searchBackwards,J48_pruning,SimpleCart_numFoldsPruning,J48_subtreeRaising,J48_useLaplace,J48_minNumObj,J48_useMDLcorrection,J48_numFolds,J48_confidenceFactorValue"
97,90,0.91486489,0.97402767,0.99571268,1.00000000,1.00000000,0005,0034,0035,0.00000000,"PART,DecisionTable,SimpleCart,DecisionTable_crossVal,PART_doNotMakeSplitPointActualValue,Aggregator,J48,PART_minNumObj,DecisionTable_search,SimpleCart_usePrune,DecisionTable_useIBk,JRip,BestFirst_searchTermination,J48_binarySplits,PART_useMDLcorrection,PART_pruning,SimpleCart_heuristic,BestFirst_direction,PART_binarySplits,GreedyStepwise_conservativeForwardSelection,JRip_checkErrorRate,SimpleCart_minNumObj,PART_numFolds,J48_useMDLcorrection,DecisionTable_evaluationMeasure,J48_collapseTree,JRip_minNo,JRip_usePruning,J48_minNumObj,J48_doNotMakeSplitPointActualValue,GreedyStepwise_searchBackwards,SimpleCart_numFoldsPruning,J48_useLaplace,SimpleCart_useOneSE,PART_confidenceFactorValue,J48_pruning,JRip_optimizations,J48_confidenceFactorValue,JRip_folds,J48_numFolds,J48_subtreeRaising"
98,90,0.90576794,0.97425430,0.99706510,1.00000000,1.00000000,0004,0034,0035,0.00000000,"DecisionTable,PART,DecisionTable_search,DecisionTable_useIBk,Aggregator,BestFirst_direction,PART_binarySplits,PART_pruning,PART_numFolds,DecisionTable_crossVal,J48,SimpleCart,J48_minNumObj,JRip,JRip_usePruning,J48_doNotMakeSplitPointActualValue,GreedyStepwise_conservativeForwardSelection,J48_binarySplits,J48_collapseTree,PART_doNotMakeSplitPointActualValue,SimpleCart_heuristic,PART_minNumObj,PART_useMDLcorrection,JRip_checkErrorRate,J48_useLaplace,SimpleCart_usePrune,PART_confidenceFactorValue,JRip_optimizations,JRip_minNo,DecisionTable_evaluationMeasure,J48_pruning,BestFirst_searchTermination,GreedyStepwise_searchBackwards,JRip_folds,J48_subtreeRaising,J48_useMDLcorrection,SimpleCart_numFoldsPruning,SimpleCart_minNumObj,SimpleCart_useOneSE,J48_numFolds,J48_confidenceFactorValue"
99,90,0.90723301,0.97686739,0.99706510,1.00000000,1.00000000,0005,0034,0035,0.00000000,"PART,PART_binarySplits,J48,JRip,J48_useLaplace,JRip_checkErrorRate,PART_useMDLcorrection,PART_doNotMakeSplitPointActualValue,Aggregator,JRip_usePruning,J48_pruning,JRip_folds,J48_binarySplits,DecisionTable,PART_pruning,PART_minNumObj,JRip_minNo,J48_minNumObj,SimpleCart,SimpleCart_minNumObj,J48_confidenceFactorValue,J48_useMDLcorrection,J48_subtreeRaising,J48_numFolds,J48_doNotMakeSplitPointActualValue,J48_collapseTree,DecisionTable_useIBk,DecisionTable_crossVal,JRip_optimizations,PART_confidenceFactorValue,SimpleCart_heuristic,PART_numFolds,SimpleCart_usePrune,DecisionTable_evaluationMeasure,DecisionTable_search,BestFirst_direction,GreedyStepwise_conservativeForwardSelection,SimpleCart_useOneSE,GreedyStepwise_searchBackwards,SimpleCart_numFoldsPruning,BestFirst_searchTermination"
