gen,nevals,min,median,max,currentGenBestValFitness,currentGenBestTestFitness,lap time (seconds),discarded individuals (including burn-in),GM connections,GM mean heuristic,sampling order
0,100,0.74892431,0.98883254,0.99588032,0.99589038,0.99825241,0076,0034,0035,0.00000000,"J48,J48_minNumObj,Aggregator,J48_binarySplits,J48_useLaplace,J48_pruning,SimpleCart,JRip,DecisionTable,J48_doNotMakeSplitPointActualValue,J48_numFolds,J48_useMDLcorrection,JRip_minNo,PART,J48_collapseTree,J48_subtreeRaising,J48_confidenceFactorValue,DecisionTable_useIBk,DecisionTable_evaluationMeasure,PART_useMDLcorrection,SimpleCart_minNumObj,JRip_checkErrorRate,JRip_usePruning,SimpleCart_usePrune,SimpleCart_heuristic,PART_minNumObj,JRip_folds,PART_pruning,DecisionTable_search,SimpleCart_useOneSE,JRip_optimizations,DecisionTable_crossVal,SimpleCart_numFoldsPruning,PART_binarySplits,PART_doNotMakeSplitPointActualValue,BestFirst_direction,PART_confidenceFactorValue,GreedyStepwise_searchBackwards,GreedyStepwise_conservativeForwardSelection,PART_numFolds,BestFirst_searchTermination"
1,90,0.50555920,0.99141028,0.99625464,0.99664311,0.99885148,0041,0034,0035,0.00000000,"JRip,J48,J48_doNotMakeSplitPointActualValue,JRip_checkErrorRate,SimpleCart,J48_binarySplits,J48_pruning,Aggregator,SimpleCart_usePrune,JRip_minNo,J48_useMDLcorrection,J48_confidenceFactorValue,J48_minNumObj,DecisionTable,J48_collapseTree,J48_useLaplace,JRip_usePruning,SimpleCart_heuristic,SimpleCart_numFoldsPruning,DecisionTable_crossVal,DecisionTable_search,PART,JRip_optimizations,SimpleCart_minNumObj,J48_subtreeRaising,GreedyStepwise_searchBackwards,BestFirst_direction,PART_minNumObj,DecisionTable_useIBk,GreedyStepwise_conservativeForwardSelection,J48_numFolds,SimpleCart_useOneSE,DecisionTable_evaluationMeasure,BestFirst_searchTermination,JRip_folds,PART_binarySplits,PART_doNotMakeSplitPointActualValue,PART_pruning,PART_numFolds,PART_useMDLcorrection,PART_confidenceFactorValue"
2,90,0.79001809,0.99079375,0.99625464,0.99664311,0.99885148,0036,0034,0035,0.00000000,"JRip,J48,JRip_minNo,JRip_usePruning,J48_binarySplits,DecisionTable,J48_doNotMakeSplitPointActualValue,Aggregator,J48_useMDLcorrection,J48_useLaplace,DecisionTable_search,GreedyStepwise_conservativeForwardSelection,JRip_checkErrorRate,JRip_optimizations,DecisionTable_evaluationMeasure,SimpleCart,BestFirst_searchTermination,PART,J48_minNumObj,J48_pruning,PART_minNumObj,DecisionTable_useIBk,SimpleCart_usePrune,PART_pruning,BestFirst_direction,PART_useMDLcorrection,PART_binarySplits,J48_subtreeRaising,SimpleCart_numFoldsPruning,PART_doNotMakeSplitPointActualValue,J48_collapseTree,PART_confidenceFactorValue,SimpleCart_minNumObj,JRip_folds,DecisionTable_crossVal,PART_numFolds,GreedyStepwise_searchBackwards,SimpleCart_heuristic,J48_confidenceFactorValue,SimpleCart_useOneSE,J48_numFolds"
3,90,0.75342572,0.99130249,0.99625464,0.99664311,0.99885148,0040,0034,0035,0.00000000,"J48,Aggregator,PART,J48_doNotMakeSplitPointActualValue,J48_minNumObj,JRip,JRip_minNo,PART_minNumObj,DecisionTable,SimpleCart,J48_pruning,J48_binarySplits,SimpleCart_minNumObj,PART_pruning,PART_binarySplits,J48_useLaplace,PART_numFolds,DecisionTable_useIBk,DecisionTable_search,J48_useMDLcorrection,J48_collapseTree,JRip_checkErrorRate,J48_numFolds,DecisionTable_crossVal,PART_doNotMakeSplitPointActualValue,JRip_usePruning,DecisionTable_evaluationMeasure,JRip_optimizations,JRip_folds,J48_confidenceFactorValue,SimpleCart_usePrune,PART_useMDLcorrection,BestFirst_searchTermination,J48_subtreeRaising,GreedyStepwise_searchBackwards,SimpleCart_numFoldsPruning,SimpleCart_heuristic,SimpleCart_useOneSE,GreedyStepwise_conservativeForwardSelection,PART_confidenceFactorValue,BestFirst_direction"
4,90,0.75487291,0.99399351,0.99716088,0.99761450,0.99857555,0031,0034,0073,0.46712129,"DecisionTable,SimpleCart,PART,PART_doNotMakeSplitPointActualValue,PART_useMDLcorrection,PART_minNumObj,PART_binarySplits,DecisionTable_search,GreedyStepwise_conservativeForwardSelection,GreedyStepwise_searchBackwards,DecisionTable_useIBk,DecisionTable_crossVal,BestFirst_direction,SimpleCart_heuristic,PART_pruning,PART_numFolds,JRip,PART_confidenceFactorValue,JRip_minNo,JRip_usePruning,JRip_optimizations,JRip_checkErrorRate,JRip_folds,SimpleCart_minNumObj,DecisionTable_evaluationMeasure,J48,J48_pruning,J48_subtreeRaising,J48_confidenceFactorValue,J48_doNotMakeSplitPointActualValue,J48_binarySplits,J48_useLaplace,J48_collapseTree,J48_useMDLcorrection,J48_numFolds,SimpleCart_usePrune,SimpleCart_numFoldsPruning,Aggregator,SimpleCart_useOneSE,BestFirst_searchTermination,J48_minNumObj"
5,90,0.79142257,0.99430461,0.99716088,0.99761450,0.99857555,0030,0034,0073,0.46712129,"DecisionTable,PART,SimpleCart,PART_useMDLcorrection,SimpleCart_minNumObj,PART_pruning,PART_confidenceFactorValue,DecisionTable_evaluationMeasure,J48,J48_doNotMakeSplitPointActualValue,J48_useLaplace,J48_collapseTree,J48_binarySplits,SimpleCart_usePrune,SimpleCart_numFoldsPruning,Aggregator,SimpleCart_useOneSE,J48_minNumObj,SimpleCart_heuristic,PART_doNotMakeSplitPointActualValue,PART_numFolds,JRip,JRip_minNo,JRip_usePruning,JRip_optimizations,JRip_folds,JRip_checkErrorRate,J48_pruning,DecisionTable_crossVal,PART_minNumObj,J48_subtreeRaising,J48_numFolds,J48_confidenceFactorValue,DecisionTable_useIBk,DecisionTable_search,GreedyStepwise_searchBackwards,J48_useMDLcorrection,BestFirst_direction,BestFirst_searchTermination,PART_binarySplits,GreedyStepwise_conservativeForwardSelection"
6,90,0.85200919,0.99506934,0.99727738,0.99791075,0.99942047,0028,0034,0073,0.46712129,"SimpleCart,PART,DecisionTable,PART_binarySplits,DecisionTable_search,GreedyStepwise_conservativeForwardSelection,SimpleCart_usePrune,SimpleCart_useOneSE,PART_useMDLcorrection,DecisionTable_evaluationMeasure,J48,J48_useLaplace,J48_doNotMakeSplitPointActualValue,J48_collapseTree,SimpleCart_minNumObj,DecisionTable_crossVal,BestFirst_direction,GreedyStepwise_searchBackwards,SimpleCart_numFoldsPruning,Aggregator,PART_minNumObj,SimpleCart_heuristic,J48_minNumObj,BestFirst_searchTermination,J48_pruning,J48_numFolds,DecisionTable_useIBk,J48_subtreeRaising,J48_confidenceFactorValue,J48_useMDLcorrection,J48_binarySplits,PART_pruning,PART_numFolds,JRip,JRip_minNo,JRip_usePruning,JRip_optimizations,PART_confidenceFactorValue,JRip_folds,JRip_checkErrorRate,PART_doNotMakeSplitPointActualValue"
7,90,0.77227539,0.99388948,0.99727738,0.99791075,0.99942047,0036,0071,0062,0.38031905,"SimpleCart,PART,SimpleCart_usePrune,PART_pruning,PART_numFolds,PART_confidenceFactorValue,SimpleCart_numFoldsPruning,SimpleCart_useOneSE,PART_doNotMakeSplitPointActualValue,SimpleCart_minNumObj,PART_minNumObj,SimpleCart_heuristic,PART_useMDLcorrection,PART_binarySplits,J48_subtreeRaising,J48_confidenceFactorValue,DecisionTable,DecisionTable_search,GreedyStepwise_conservativeForwardSelection,DecisionTable_evaluationMeasure,GreedyStepwise_searchBackwards,BestFirst_direction,DecisionTable_crossVal,BestFirst_searchTermination,DecisionTable_useIBk,Aggregator,J48,J48_pruning,J48_useMDLcorrection,J48_minNumObj,J48_numFolds,J48_collapseTree,J48_useLaplace,J48_doNotMakeSplitPointActualValue,J48_binarySplits,JRip,JRip_checkErrorRate,JRip_usePruning,JRip_folds,JRip_minNo,JRip_optimizations"
8,90,0.82660086,0.99376357,0.99727738,0.99791075,0.99942047,0036,0054,0062,0.38031905,"PART,SimpleCart,SimpleCart_usePrune,SimpleCart_useOneSE,PART_pruning,SimpleCart_numFoldsPruning,PART_numFolds,PART_confidenceFactorValue,PART_minNumObj,SimpleCart_heuristic,PART_doNotMakeSplitPointActualValue,PART_binarySplits,PART_useMDLcorrection,SimpleCart_minNumObj,DecisionTable_evaluationMeasure,GreedyStepwise_searchBackwards,J48_useMDLcorrection,BestFirst_searchTermination,J48_subtreeRaising,DecisionTable_useIBk,DecisionTable_crossVal,J48,Aggregator,J48_pruning,J48_minNumObj,J48_numFolds,J48_useLaplace,J48_confidenceFactorValue,JRip,J48_doNotMakeSplitPointActualValue,DecisionTable,JRip_minNo,J48_collapseTree,JRip_usePruning,J48_binarySplits,DecisionTable_search,BestFirst_direction,JRip_checkErrorRate,JRip_optimizations,JRip_folds,GreedyStepwise_conservativeForwardSelection"
9,90,0.82775733,0.99475930,0.99729360,0.99791075,0.99942047,0033,0034,0062,0.38031905,"SimpleCart,SimpleCart_usePrune,PART,SimpleCart_numFoldsPruning,PART_pruning,PART_numFolds,SimpleCart_useOneSE,PART_confidenceFactorValue,SimpleCart_minNumObj,PART_binarySplits,PART_minNumObj,PART_useMDLcorrection,PART_doNotMakeSplitPointActualValue,SimpleCart_heuristic,J48,J48_useMDLcorrection,J48_pruning,J48_useLaplace,J48_doNotMakeSplitPointActualValue,J48_subtreeRaising,J48_confidenceFactorValue,DecisionTable,DecisionTable_search,GreedyStepwise_conservativeForwardSelection,GreedyStepwise_searchBackwards,DecisionTable_crossVal,Aggregator,BestFirst_direction,BestFirst_searchTermination,J48_numFolds,DecisionTable_useIBk,JRip,JRip_usePruning,DecisionTable_evaluationMeasure,JRip_optimizations,J48_minNumObj,J48_binarySplits,JRip_folds,JRip_checkErrorRate,J48_collapseTree,JRip_minNo"
10,90,0.82441472,0.99220801,0.99729360,0.99791075,0.99942047,0029,0034,0055,0.28604282,"J48,SimpleCart,SimpleCart_minNumObj,J48_binarySplits,PART,PART_pruning,PART_minNumObj,PART_confidenceFactorValue,SimpleCart_usePrune,PART_numFolds,SimpleCart_numFoldsPruning,PART_doNotMakeSplitPointActualValue,PART_binarySplits,SimpleCart_useOneSE,J48_collapseTree,J48_minNumObj,Aggregator,J48_useMDLcorrection,J48_useLaplace,J48_pruning,J48_confidenceFactorValue,J48_numFolds,J48_subtreeRaising,PART_useMDLcorrection,J48_doNotMakeSplitPointActualValue,SimpleCart_heuristic,BestFirst_searchTermination,DecisionTable_search,GreedyStepwise_searchBackwards,BestFirst_direction,GreedyStepwise_conservativeForwardSelection,DecisionTable_useIBk,DecisionTable_crossVal,DecisionTable_evaluationMeasure,JRip_usePruning,JRip_optimizations,JRip_folds,JRip_minNo,JRip_checkErrorRate,JRip,DecisionTable"
11,90,0.78845553,0.99142596,0.99729360,0.99791075,0.99942047,0034,0034,0055,0.28604282,"J48,PART,PART_doNotMakeSplitPointActualValue,PART_pruning,SimpleCart,J48_binarySplits,PART_minNumObj,PART_confidenceFactorValue,SimpleCart_minNumObj,PART_binarySplits,PART_numFolds,SimpleCart_usePrune,SimpleCart_numFoldsPruning,SimpleCart_useOneSE,SimpleCart_heuristic,J48_doNotMakeSplitPointActualValue,J48_useMDLcorrection,J48_useLaplace,J48_pruning,J48_confidenceFactorValue,PART_useMDLcorrection,J48_minNumObj,Aggregator,J48_numFolds,J48_subtreeRaising,J48_collapseTree,DecisionTable_search,BestFirst_searchTermination,GreedyStepwise_searchBackwards,JRip_checkErrorRate,JRip_minNo,JRip_optimizations,JRip_usePruning,JRip_folds,BestFirst_direction,GreedyStepwise_conservativeForwardSelection,DecisionTable_useIBk,DecisionTable_crossVal,DecisionTable_evaluationMeasure,DecisionTable,JRip"
12,90,0.84717476,0.99199049,0.99729360,0.99791075,0.99942047,0031,0043,0055,0.28604282,"SimpleCart,PART,PART_doNotMakeSplitPointActualValue,PART_binarySplits,PART_minNumObj,J48,PART_pruning,SimpleCart_minNumObj,J48_binarySplits,PART_numFolds,SimpleCart_usePrune,SimpleCart_numFoldsPruning,PART_confidenceFactorValue,SimpleCart_useOneSE,J48_pruning,J48_confidenceFactorValue,PART_useMDLcorrection,J48_collapseTree,J48_useMDLcorrection,J48_useLaplace,J48_minNumObj,Aggregator,BestFirst_searchTermination,J48_subtreeRaising,DecisionTable_search,GreedyStepwise_searchBackwards,JRip_minNo,JRip_folds,JRip_usePruning,JRip_optimizations,BestFirst_direction,J48_doNotMakeSplitPointActualValue,GreedyStepwise_conservativeForwardSelection,J48_numFolds,SimpleCart_heuristic,JRip,DecisionTable,JRip_checkErrorRate,DecisionTable_useIBk,DecisionTable_crossVal,DecisionTable_evaluationMeasure"
13,90,0.79746579,0.99186745,0.99729360,0.99791075,0.99942047,0030,0034,0035,0.00000000,"Aggregator,DecisionTable,PART,J48,J48_collapseTree,PART_useMDLcorrection,DecisionTable_evaluationMeasure,J48_pruning,J48_subtreeRaising,SimpleCart,JRip,SimpleCart_minNumObj,J48_useLaplace,J48_minNumObj,PART_pruning,SimpleCart_heuristic,JRip_minNo,PART_confidenceFactorValue,JRip_checkErrorRate,DecisionTable_useIBk,PART_minNumObj,SimpleCart_usePrune,J48_doNotMakeSplitPointActualValue,SimpleCart_useOneSE,PART_doNotMakeSplitPointActualValue,DecisionTable_crossVal,DecisionTable_search,PART_binarySplits,J48_binarySplits,J48_useMDLcorrection,GreedyStepwise_conservativeForwardSelection,PART_numFolds,J48_numFolds,J48_confidenceFactorValue,JRip_usePruning,BestFirst_direction,JRip_folds,SimpleCart_numFoldsPruning,BestFirst_searchTermination,GreedyStepwise_searchBackwards,JRip_optimizations"
14,90,0.83045437,0.99184544,0.99729360,0.99791075,0.99942047,0032,0035,0035,0.00000000,"DecisionTable,Aggregator,DecisionTable_evaluationMeasure,SimpleCart,PART,DecisionTable_crossVal,JRip,JRip_checkErrorRate,J48,J48_doNotMakeSplitPointActualValue,JRip_usePruning,PART_minNumObj,PART_doNotMakeSplitPointActualValue,J48_pruning,JRip_optimizations,SimpleCart_minNumObj,J48_binarySplits,DecisionTable_search,GreedyStepwise_searchBackwards,DecisionTable_useIBk,JRip_minNo,SimpleCart_usePrune,J48_useLaplace,J48_collapseTree,PART_pruning,SimpleCart_heuristic,PART_binarySplits,PART_useMDLcorrection,J48_minNumObj,BestFirst_searchTermination,JRip_folds,J48_useMDLcorrection,J48_subtreeRaising,J48_numFolds,SimpleCart_numFoldsPruning,J48_confidenceFactorValue,PART_numFolds,BestFirst_direction,GreedyStepwise_conservativeForwardSelection,PART_confidenceFactorValue,SimpleCart_useOneSE"
15,90,0.78563246,0.99229174,0.99729360,0.99791075,0.99942047,0031,0034,0035,0.00000000,"J48,SimpleCart,SimpleCart_heuristic,J48_minNumObj,DecisionTable,J48_useMDLcorrection,DecisionTable_evaluationMeasure,J48_binarySplits,J48_doNotMakeSplitPointActualValue,DecisionTable_useIBk,J48_pruning,SimpleCart_usePrune,Aggregator,PART,SimpleCart_minNumObj,DecisionTable_crossVal,J48_confidenceFactorValue,PART_pruning,J48_useLaplace,JRip,J48_collapseTree,SimpleCart_numFoldsPruning,J48_subtreeRaising,JRip_checkErrorRate,SimpleCart_useOneSE,PART_useMDLcorrection,PART_numFolds,PART_confidenceFactorValue,PART_minNumObj,J48_numFolds,PART_binarySplits,JRip_usePruning,DecisionTable_search,JRip_folds,JRip_minNo,PART_doNotMakeSplitPointActualValue,BestFirst_searchTermination,JRip_optimizations,GreedyStepwise_searchBackwards,BestFirst_direction,GreedyStepwise_conservativeForwardSelection"
16,90,0.79627040,0.99195272,0.99729360,0.99791075,0.99942047,0036,0034,0035,0.00000000,"PART,PART_doNotMakeSplitPointActualValue,J48,J48_useLaplace,J48_collapseTree,J48_minNumObj,PART_pruning,JRip,SimpleCart,DecisionTable,PART_minNumObj,JRip_minNo,SimpleCart_usePrune,JRip_usePruning,J48_useMDLcorrection,PART_binarySplits,SimpleCart_heuristic,PART_numFolds,PART_useMDLcorrection,DecisionTable_crossVal,J48_binarySplits,Aggregator,DecisionTable_search,GreedyStepwise_conservativeForwardSelection,PART_confidenceFactorValue,JRip_checkErrorRate,SimpleCart_numFoldsPruning,DecisionTable_evaluationMeasure,BestFirst_direction,J48_pruning,J48_doNotMakeSplitPointActualValue,DecisionTable_useIBk,GreedyStepwise_searchBackwards,SimpleCart_minNumObj,JRip_folds,SimpleCart_useOneSE,J48_confidenceFactorValue,BestFirst_searchTermination,JRip_optimizations,J48_subtreeRaising,J48_numFolds"
17,90,0.81580840,0.99240649,0.99729360,0.99791075,0.99942047,0034,0034,0035,0.00000000,"J48,SimpleCart,J48_binarySplits,J48_pruning,SimpleCart_usePrune,J48_confidenceFactorValue,SimpleCart_heuristic,Aggregator,SimpleCart_numFoldsPruning,JRip,SimpleCart_minNumObj,JRip_checkErrorRate,J48_doNotMakeSplitPointActualValue,PART,J48_useLaplace,PART_pruning,J48_collapseTree,SimpleCart_useOneSE,DecisionTable,J48_numFolds,J48_useMDLcorrection,PART_numFolds,J48_minNumObj,JRip_usePruning,PART_confidenceFactorValue,J48_subtreeRaising,PART_minNumObj,DecisionTable_crossVal,JRip_folds,PART_binarySplits,JRip_minNo,JRip_optimizations,DecisionTable_useIBk,DecisionTable_evaluationMeasure,PART_doNotMakeSplitPointActualValue,PART_useMDLcorrection,DecisionTable_search,GreedyStepwise_searchBackwards,GreedyStepwise_conservativeForwardSelection,BestFirst_direction,BestFirst_searchTermination"
18,90,0.82445115,0.99188177,0.99729360,0.99791075,0.99942047,0038,0034,0035,0.00000000,"SimpleCart,PART,PART_minNumObj,Aggregator,SimpleCart_minNumObj,DecisionTable,PART_doNotMakeSplitPointActualValue,SimpleCart_heuristic,SimpleCart_usePrune,PART_binarySplits,SimpleCart_useOneSE,JRip,PART_pruning,J48,JRip_minNo,PART_useMDLcorrection,DecisionTable_crossVal,J48_collapseTree,PART_confidenceFactorValue,DecisionTable_evaluationMeasure,SimpleCart_numFoldsPruning,J48_useLaplace,J48_minNumObj,PART_numFolds,DecisionTable_useIBk,J48_pruning,DecisionTable_search,J48_useMDLcorrection,GreedyStepwise_conservativeForwardSelection,J48_doNotMakeSplitPointActualValue,J48_confidenceFactorValue,JRip_usePruning,GreedyStepwise_searchBackwards,J48_binarySplits,JRip_checkErrorRate,BestFirst_direction,J48_subtreeRaising,JRip_optimizations,BestFirst_searchTermination,J48_numFolds,JRip_folds"
19,90,0.77377987,0.99199191,0.99729360,0.99791075,0.99942047,0037,0034,0035,0.00000000,"J48,DecisionTable,SimpleCart,SimpleCart_minNumObj,PART,PART_pruning,J48_doNotMakeSplitPointActualValue,J48_useMDLcorrection,J48_pruning,J48_useLaplace,Aggregator,SimpleCart_usePrune,JRip,DecisionTable_search,PART_confidenceFactorValue,PART_doNotMakeSplitPointActualValue,JRip_minNo,DecisionTable_useIBk,PART_minNumObj,J48_minNumObj,J48_binarySplits,J48_collapseTree,GreedyStepwise_conservativeForwardSelection,DecisionTable_evaluationMeasure,PART_useMDLcorrection,GreedyStepwise_searchBackwards,JRip_checkErrorRate,SimpleCart_heuristic,J48_numFolds,J48_confidenceFactorValue,PART_binarySplits,DecisionTable_crossVal,BestFirst_direction,PART_numFolds,J48_subtreeRaising,SimpleCart_useOneSE,JRip_usePruning,SimpleCart_numFoldsPruning,BestFirst_searchTermination,JRip_optimizations,JRip_folds"
20,90,0.84489537,0.99232637,0.99729360,0.99791075,0.99942047,0036,0034,0035,0.00000000,"JRip,DecisionTable,JRip_usePruning,PART,SimpleCart,JRip_checkErrorRate,JRip_minNo,JRip_folds,SimpleCart_minNumObj,DecisionTable_useIBk,SimpleCart_heuristic,PART_pruning,Aggregator,PART_minNumObj,DecisionTable_search,J48,JRip_optimizations,J48_minNumObj,PART_doNotMakeSplitPointActualValue,PART_confidenceFactorValue,DecisionTable_evaluationMeasure,J48_doNotMakeSplitPointActualValue,PART_binarySplits,DecisionTable_crossVal,PART_useMDLcorrection,PART_numFolds,GreedyStepwise_conservativeForwardSelection,SimpleCart_usePrune,J48_useLaplace,BestFirst_direction,SimpleCart_numFoldsPruning,SimpleCart_useOneSE,BestFirst_searchTermination,J48_pruning,GreedyStepwise_searchBackwards,J48_binarySplits,J48_collapseTree,J48_useMDLcorrection,J48_confidenceFactorValue,J48_numFolds,J48_subtreeRaising"
21,90,0.78669615,0.99096059,0.99729360,0.99791075,0.99942047,0034,0034,0035,0.00000000,"J48,J48_minNumObj,PART,J48_pruning,J48_subtreeRaising,J48_useLaplace,J48_doNotMakeSplitPointActualValue,SimpleCart,PART_doNotMakeSplitPointActualValue,Aggregator,PART_minNumObj,DecisionTable,PART_useMDLcorrection,J48_collapseTree,JRip,PART_binarySplits,J48_binarySplits,DecisionTable_search,SimpleCart_usePrune,GreedyStepwise_searchBackwards,J48_useMDLcorrection,J48_confidenceFactorValue,PART_pruning,DecisionTable_useIBk,SimpleCart_numFoldsPruning,PART_numFolds,SimpleCart_minNumObj,BestFirst_direction,DecisionTable_evaluationMeasure,JRip_minNo,J48_numFolds,JRip_usePruning,JRip_optimizations,SimpleCart_heuristic,JRip_checkErrorRate,PART_confidenceFactorValue,DecisionTable_crossVal,BestFirst_searchTermination,GreedyStepwise_conservativeForwardSelection,JRip_folds,SimpleCart_useOneSE"
22,90,0.79753790,0.99170187,0.99729360,0.99791075,0.99942047,0032,0034,0035,0.00000000,"Aggregator,PART,SimpleCart,SimpleCart_heuristic,SimpleCart_usePrune,J48,J48_minNumObj,PART_minNumObj,SimpleCart_minNumObj,PART_binarySplits,JRip,PART_pruning,DecisionTable,JRip_usePruning,PART_useMDLcorrection,J48_pruning,JRip_optimizations,PART_doNotMakeSplitPointActualValue,DecisionTable_useIBk,J48_useLaplace,JRip_minNo,J48_binarySplits,SimpleCart_useOneSE,J48_numFolds,J48_doNotMakeSplitPointActualValue,SimpleCart_numFoldsPruning,DecisionTable_evaluationMeasure,PART_numFolds,J48_collapseTree,JRip_folds,J48_useMDLcorrection,J48_confidenceFactorValue,PART_confidenceFactorValue,DecisionTable_crossVal,J48_subtreeRaising,DecisionTable_search,BestFirst_direction,JRip_checkErrorRate,GreedyStepwise_conservativeForwardSelection,BestFirst_searchTermination,GreedyStepwise_searchBackwards"
23,90,0.76627107,0.99210246,0.99729360,0.99791075,0.99942047,0039,0034,0035,0.00000000,"JRip,JRip_checkErrorRate,JRip_minNo,DecisionTable,DecisionTable_crossVal,JRip_usePruning,Aggregator,PART,J48,PART_pruning,J48_useMDLcorrection,SimpleCart,PART_numFolds,JRip_folds,PART_doNotMakeSplitPointActualValue,J48_pruning,J48_numFolds,J48_minNumObj,J48_confidenceFactorValue,DecisionTable_useIBk,DecisionTable_evaluationMeasure,J48_collapseTree,PART_useMDLcorrection,J48_doNotMakeSplitPointActualValue,DecisionTable_search,SimpleCart_usePrune,J48_binarySplits,PART_confidenceFactorValue,PART_minNumObj,JRip_optimizations,J48_useLaplace,SimpleCart_minNumObj,J48_subtreeRaising,PART_binarySplits,BestFirst_searchTermination,SimpleCart_heuristic,SimpleCart_useOneSE,GreedyStepwise_conservativeForwardSelection,SimpleCart_numFoldsPruning,BestFirst_direction,GreedyStepwise_searchBackwards"
24,90,0.78136629,0.99200291,0.99729360,0.99791075,0.99942047,0033,0034,0035,0.00000000,"PART,Aggregator,PART_useMDLcorrection,SimpleCart,PART_doNotMakeSplitPointActualValue,J48,J48_doNotMakeSplitPointActualValue,PART_minNumObj,DecisionTable,JRip,DecisionTable_useIBk,J48_useLaplace,SimpleCart_heuristic,J48_binarySplits,PART_binarySplits,PART_pruning,J48_pruning,JRip_checkErrorRate,J48_useMDLcorrection,SimpleCart_usePrune,SimpleCart_minNumObj,DecisionTable_evaluationMeasure,J48_minNumObj,J48_collapseTree,PART_numFolds,SimpleCart_useOneSE,JRip_minNo,J48_subtreeRaising,DecisionTable_crossVal,J48_numFolds,J48_confidenceFactorValue,JRip_usePruning,DecisionTable_search,PART_confidenceFactorValue,JRip_optimizations,GreedyStepwise_searchBackwards,GreedyStepwise_conservativeForwardSelection,SimpleCart_numFoldsPruning,BestFirst_direction,JRip_folds,BestFirst_searchTermination"
25,90,0.78114885,0.99258901,0.99729360,0.99791075,0.99942047,0030,0034,0035,0.00000000,"PART,J48,Aggregator,J48_doNotMakeSplitPointActualValue,SimpleCart,J48_pruning,PART_binarySplits,J48_useLaplace,J48_numFolds,JRip,PART_useMDLcorrection,PART_minNumObj,J48_minNumObj,J48_useMDLcorrection,PART_pruning,J48_collapseTree,JRip_minNo,DecisionTable,PART_doNotMakeSplitPointActualValue,J48_binarySplits,J48_subtreeRaising,DecisionTable_evaluationMeasure,SimpleCart_minNumObj,J48_confidenceFactorValue,SimpleCart_usePrune,PART_numFolds,SimpleCart_heuristic,DecisionTable_crossVal,JRip_usePruning,SimpleCart_numFoldsPruning,JRip_checkErrorRate,DecisionTable_useIBk,PART_confidenceFactorValue,DecisionTable_search,GreedyStepwise_searchBackwards,JRip_optimizations,JRip_folds,GreedyStepwise_conservativeForwardSelection,SimpleCart_useOneSE,BestFirst_searchTermination,BestFirst_direction"
26,90,0.75555685,0.99232397,0.99729360,0.99791075,0.99942047,0030,0034,0035,0.00000000,"PART,PART_binarySplits,PART_doNotMakeSplitPointActualValue,JRip,SimpleCart,Aggregator,DecisionTable,PART_minNumObj,JRip_usePruning,PART_pruning,J48,PART_useMDLcorrection,J48_doNotMakeSplitPointActualValue,DecisionTable_crossVal,DecisionTable_useIBk,JRip_optimizations,J48_useLaplace,JRip_minNo,J48_collapseTree,JRip_checkErrorRate,PART_confidenceFactorValue,DecisionTable_evaluationMeasure,SimpleCart_minNumObj,SimpleCart_heuristic,SimpleCart_usePrune,J48_binarySplits,PART_numFolds,DecisionTable_search,JRip_folds,J48_pruning,J48_minNumObj,J48_useMDLcorrection,SimpleCart_numFoldsPruning,BestFirst_direction,GreedyStepwise_conservativeForwardSelection,J48_numFolds,BestFirst_searchTermination,SimpleCart_useOneSE,GreedyStepwise_searchBackwards,J48_subtreeRaising,J48_confidenceFactorValue"
27,90,0.75775006,0.99185964,0.99729360,0.99791075,0.99942047,0031,0034,0035,0.00000000,"SimpleCart,J48,DecisionTable,DecisionTable_search,J48_useLaplace,GreedyStepwise_searchBackwards,J48_doNotMakeSplitPointActualValue,J48_minNumObj,J48_pruning,Aggregator,BestFirst_direction,BestFirst_searchTermination,DecisionTable_evaluationMeasure,J48_useMDLcorrection,SimpleCart_minNumObj,JRip,DecisionTable_crossVal,JRip_minNo,JRip_checkErrorRate,J48_confidenceFactorValue,JRip_usePruning,J48_numFolds,J48_subtreeRaising,JRip_optimizations,J48_binarySplits,PART,DecisionTable_useIBk,SimpleCart_usePrune,GreedyStepwise_conservativeForwardSelection,SimpleCart_heuristic,J48_collapseTree,PART_useMDLcorrection,SimpleCart_useOneSE,JRip_folds,PART_binarySplits,PART_pruning,SimpleCart_numFoldsPruning,PART_minNumObj,PART_doNotMakeSplitPointActualValue,PART_numFolds,PART_confidenceFactorValue"
28,90,0.77169628,0.99252408,0.99729360,0.99791075,0.99942047,0030,0034,0035,0.00000000,"Aggregator,PART,DecisionTable,DecisionTable_crossVal,PART_binarySplits,PART_minNumObj,J48,DecisionTable_evaluationMeasure,SimpleCart,JRip,DecisionTable_search,J48_binarySplits,SimpleCart_usePrune,PART_doNotMakeSplitPointActualValue,DecisionTable_useIBk,J48_pruning,GreedyStepwise_conservativeForwardSelection,JRip_minNo,J48_doNotMakeSplitPointActualValue,J48_minNumObj,J48_numFolds,PART_pruning,GreedyStepwise_searchBackwards,SimpleCart_minNumObj,SimpleCart_numFoldsPruning,PART_useMDLcorrection,J48_useMDLcorrection,J48_subtreeRaising,SimpleCart_heuristic,J48_confidenceFactorValue,J48_collapseTree,JRip_checkErrorRate,JRip_usePruning,SimpleCart_useOneSE,BestFirst_direction,J48_useLaplace,BestFirst_searchTermination,JRip_folds,PART_confidenceFactorValue,PART_numFolds,JRip_optimizations"
29,90,0.79370859,0.99212579,0.99729360,0.99791075,0.99942047,0026,0034,0035,0.00000000,"SimpleCart,PART,SimpleCart_heuristic,PART_pruning,PART_useMDLcorrection,SimpleCart_minNumObj,PART_minNumObj,Aggregator,SimpleCart_usePrune,JRip,PART_confidenceFactorValue,JRip_checkErrorRate,J48,PART_doNotMakeSplitPointActualValue,DecisionTable,SimpleCart_numFoldsPruning,JRip_usePruning,J48_pruning,PART_binarySplits,DecisionTable_evaluationMeasure,J48_useLaplace,DecisionTable_useIBk,J48_useMDLcorrection,J48_minNumObj,PART_numFolds,J48_doNotMakeSplitPointActualValue,SimpleCart_useOneSE,JRip_folds,J48_confidenceFactorValue,J48_binarySplits,J48_subtreeRaising,JRip_minNo,J48_collapseTree,DecisionTable_crossVal,JRip_optimizations,DecisionTable_search,J48_numFolds,GreedyStepwise_searchBackwards,BestFirst_searchTermination,GreedyStepwise_conservativeForwardSelection,BestFirst_direction"
30,90,0.77734692,0.99124435,0.99729360,0.99791075,0.99942047,0028,0034,0035,0.00000000,"J48,J48_binarySplits,JRip,Aggregator,JRip_checkErrorRate,J48_doNotMakeSplitPointActualValue,DecisionTable,SimpleCart,DecisionTable_crossVal,DecisionTable_useIBk,DecisionTable_search,J48_useLaplace,BestFirst_direction,JRip_minNo,J48_minNumObj,J48_collapseTree,BestFirst_searchTermination,J48_useMDLcorrection,PART,JRip_usePruning,DecisionTable_evaluationMeasure,J48_pruning,SimpleCart_heuristic,GreedyStepwise_conservativeForwardSelection,PART_pruning,JRip_folds,SimpleCart_usePrune,PART_doNotMakeSplitPointActualValue,PART_confidenceFactorValue,J48_subtreeRaising,SimpleCart_numFoldsPruning,J48_confidenceFactorValue,PART_minNumObj,PART_binarySplits,SimpleCart_minNumObj,GreedyStepwise_searchBackwards,JRip_optimizations,PART_useMDLcorrection,J48_numFolds,SimpleCart_useOneSE,PART_numFolds"
31,90,0.77543552,0.99222815,0.99729360,0.99791075,0.99942047,0032,0034,0035,0.00000000,"Aggregator,PART,DecisionTable,PART_minNumObj,DecisionTable_search,PART_binarySplits,PART_pruning,DecisionTable_useIBk,BestFirst_searchTermination,JRip,DecisionTable_evaluationMeasure,PART_useMDLcorrection,J48,PART_numFolds,J48_doNotMakeSplitPointActualValue,SimpleCart,SimpleCart_minNumObj,GreedyStepwise_searchBackwards,BestFirst_direction,JRip_usePruning,PART_doNotMakeSplitPointActualValue,J48_useLaplace,J48_pruning,PART_confidenceFactorValue,DecisionTable_crossVal,GreedyStepwise_conservativeForwardSelection,J48_binarySplits,J48_minNumObj,JRip_optimizations,J48_collapseTree,J48_numFolds,J48_subtreeRaising,J48_confidenceFactorValue,JRip_checkErrorRate,SimpleCart_usePrune,JRip_minNo,J48_useMDLcorrection,JRip_folds,SimpleCart_numFoldsPruning,SimpleCart_heuristic,SimpleCart_useOneSE"
32,90,0.83840723,0.99251351,0.99729360,0.99791075,0.99942047,0036,0034,0035,0.00000000,"JRip,SimpleCart,JRip_usePruning,DecisionTable,PART,SimpleCart_heuristic,JRip_minNo,PART_binarySplits,SimpleCart_usePrune,PART_minNumObj,SimpleCart_minNumObj,DecisionTable_search,Aggregator,SimpleCart_numFoldsPruning,JRip_checkErrorRate,DecisionTable_crossVal,BestFirst_searchTermination,DecisionTable_evaluationMeasure,J48,DecisionTable_useIBk,JRip_optimizations,GreedyStepwise_conservativeForwardSelection,JRip_folds,J48_pruning,PART_pruning,BestFirst_direction,PART_doNotMakeSplitPointActualValue,PART_useMDLcorrection,PART_confidenceFactorValue,J48_subtreeRaising,J48_useLaplace,GreedyStepwise_searchBackwards,J48_numFolds,J48_confidenceFactorValue,SimpleCart_useOneSE,J48_collapseTree,J48_minNumObj,J48_doNotMakeSplitPointActualValue,J48_binarySplits,J48_useMDLcorrection,PART_numFolds"
33,90,0.78688606,0.99207610,0.99729360,0.99791075,0.99942047,0030,0034,0035,0.00000000,"PART,JRip,J48,PART_useMDLcorrection,JRip_usePruning,PART_pruning,JRip_folds,Aggregator,JRip_minNo,JRip_optimizations,J48_useLaplace,DecisionTable,J48_binarySplits,J48_doNotMakeSplitPointActualValue,SimpleCart,DecisionTable_evaluationMeasure,PART_minNumObj,J48_collapseTree,DecisionTable_crossVal,SimpleCart_heuristic,PART_binarySplits,J48_useMDLcorrection,SimpleCart_usePrune,JRip_checkErrorRate,PART_doNotMakeSplitPointActualValue,J48_pruning,J48_minNumObj,DecisionTable_useIBk,PART_confidenceFactorValue,PART_numFolds,SimpleCart_useOneSE,DecisionTable_search,SimpleCart_minNumObj,J48_numFolds,SimpleCart_numFoldsPruning,J48_subtreeRaising,BestFirst_searchTermination,J48_confidenceFactorValue,GreedyStepwise_searchBackwards,BestFirst_direction,GreedyStepwise_conservativeForwardSelection"
34,90,0.83460666,0.99258907,0.99729360,0.99791075,0.99942047,0033,0034,0035,0.00000000,"SimpleCart,PART,PART_useMDLcorrection,PART_doNotMakeSplitPointActualValue,SimpleCart_minNumObj,JRip,SimpleCart_usePrune,DecisionTable,PART_binarySplits,PART_pruning,Aggregator,SimpleCart_heuristic,SimpleCart_numFoldsPruning,J48,DecisionTable_crossVal,J48_minNumObj,JRip_checkErrorRate,J48_binarySplits,JRip_usePruning,PART_confidenceFactorValue,J48_useLaplace,PART_minNumObj,DecisionTable_evaluationMeasure,SimpleCart_useOneSE,JRip_folds,DecisionTable_search,JRip_minNo,JRip_optimizations,BestFirst_direction,DecisionTable_useIBk,J48_useMDLcorrection,PART_numFolds,J48_collapseTree,J48_doNotMakeSplitPointActualValue,J48_pruning,J48_subtreeRaising,J48_confidenceFactorValue,J48_numFolds,GreedyStepwise_searchBackwards,GreedyStepwise_conservativeForwardSelection,BestFirst_searchTermination"
35,90,0.82432760,0.99236240,0.99729360,0.99791075,0.99942047,0029,0034,0035,0.00000000,"JRip,JRip_checkErrorRate,Aggregator,J48,PART,J48_useMDLcorrection,DecisionTable,J48_useLaplace,DecisionTable_useIBk,J48_binarySplits,DecisionTable_search,SimpleCart,J48_collapseTree,SimpleCart_usePrune,PART_doNotMakeSplitPointActualValue,DecisionTable_crossVal,PART_minNumObj,BestFirst_direction,J48_pruning,J48_subtreeRaising,DecisionTable_evaluationMeasure,GreedyStepwise_searchBackwards,J48_minNumObj,JRip_usePruning,PART_useMDLcorrection,JRip_minNo,GreedyStepwise_conservativeForwardSelection,J48_doNotMakeSplitPointActualValue,SimpleCart_heuristic,PART_binarySplits,SimpleCart_minNumObj,PART_pruning,BestFirst_searchTermination,J48_confidenceFactorValue,SimpleCart_numFoldsPruning,SimpleCart_useOneSE,JRip_folds,PART_confidenceFactorValue,J48_numFolds,JRip_optimizations,PART_numFolds"
36,90,0.77937307,0.99189576,0.99729360,0.99791075,0.99942047,0032,0034,0035,0.00000000,"J48,PART,J48_useMDLcorrection,DecisionTable,DecisionTable_search,J48_doNotMakeSplitPointActualValue,J48_collapseTree,SimpleCart,GreedyStepwise_conservativeForwardSelection,J48_useLaplace,PART_pruning,J48_binarySplits,Aggregator,J48_minNumObj,DecisionTable_useIBk,BestFirst_direction,PART_useMDLcorrection,PART_minNumObj,DecisionTable_evaluationMeasure,J48_pruning,PART_doNotMakeSplitPointActualValue,JRip,PART_binarySplits,JRip_minNo,DecisionTable_crossVal,SimpleCart_heuristic,PART_confidenceFactorValue,PART_numFolds,GreedyStepwise_searchBackwards,BestFirst_searchTermination,J48_numFolds,SimpleCart_usePrune,SimpleCart_minNumObj,J48_subtreeRaising,JRip_usePruning,JRip_folds,JRip_checkErrorRate,J48_confidenceFactorValue,SimpleCart_useOneSE,SimpleCart_numFoldsPruning,JRip_optimizations"
37,90,0.74855405,0.99191095,0.99729360,0.99791075,0.99942047,0036,0034,0035,0.00000000,"JRip,JRip_minNo,Aggregator,DecisionTable,JRip_usePruning,DecisionTable_evaluationMeasure,J48,DecisionTable_search,J48_minNumObj,BestFirst_searchTermination,GreedyStepwise_searchBackwards,PART,JRip_checkErrorRate,SimpleCart,PART_pruning,J48_useMDLcorrection,J48_useLaplace,DecisionTable_crossVal,PART_binarySplits,J48_binarySplits,JRip_optimizations,DecisionTable_useIBk,PART_confidenceFactorValue,PART_useMDLcorrection,JRip_folds,BestFirst_direction,J48_collapseTree,GreedyStepwise_conservativeForwardSelection,PART_numFolds,J48_pruning,PART_doNotMakeSplitPointActualValue,J48_doNotMakeSplitPointActualValue,PART_minNumObj,SimpleCart_usePrune,SimpleCart_minNumObj,SimpleCart_heuristic,SimpleCart_useOneSE,J48_subtreeRaising,SimpleCart_numFoldsPruning,J48_confidenceFactorValue,J48_numFolds"
38,90,0.82271416,0.99199277,0.99729360,0.99791075,0.99942047,0033,0034,0035,0.00000000,"DecisionTable,DecisionTable_search,DecisionTable_evaluationMeasure,GreedyStepwise_conservativeForwardSelection,Aggregator,JRip,J48,SimpleCart,JRip_usePruning,JRip_minNo,J48_collapseTree,J48_pruning,J48_useLaplace,BestFirst_searchTermination,DecisionTable_useIBk,SimpleCart_heuristic,GreedyStepwise_searchBackwards,J48_binarySplits,SimpleCart_minNumObj,JRip_optimizations,BestFirst_direction,J48_useMDLcorrection,PART,DecisionTable_crossVal,JRip_checkErrorRate,J48_numFolds,PART_pruning,PART_useMDLcorrection,J48_minNumObj,J48_confidenceFactorValue,PART_doNotMakeSplitPointActualValue,PART_minNumObj,PART_numFolds,J48_subtreeRaising,J48_doNotMakeSplitPointActualValue,JRip_folds,PART_binarySplits,SimpleCart_usePrune,PART_confidenceFactorValue,SimpleCart_useOneSE,SimpleCart_numFoldsPruning"
39,90,0.78916644,0.99202657,0.99729360,0.99791075,0.99942047,0038,0034,0035,0.00000000,"SimpleCart,SimpleCart_usePrune,DecisionTable,JRip,DecisionTable_evaluationMeasure,Aggregator,SimpleCart_numFoldsPruning,SimpleCart_useOneSE,J48,PART,DecisionTable_search,GreedyStepwise_searchBackwards,SimpleCart_minNumObj,SimpleCart_heuristic,PART_doNotMakeSplitPointActualValue,J48_useLaplace,JRip_minNo,J48_minNumObj,DecisionTable_useIBk,JRip_usePruning,DecisionTable_crossVal,PART_minNumObj,J48_useMDLcorrection,JRip_folds,JRip_checkErrorRate,GreedyStepwise_conservativeForwardSelection,J48_doNotMakeSplitPointActualValue,J48_pruning,PART_useMDLcorrection,J48_collapseTree,PART_pruning,BestFirst_searchTermination,J48_binarySplits,PART_binarySplits,BestFirst_direction,PART_confidenceFactorValue,J48_subtreeRaising,PART_numFolds,JRip_optimizations,J48_numFolds,J48_confidenceFactorValue"
40,90,0.75755950,0.99142386,0.99729360,0.99791075,0.99942047,0040,0034,0035,0.00000000,"DecisionTable,PART,DecisionTable_crossVal,PART_binarySplits,DecisionTable_useIBk,DecisionTable_evaluationMeasure,SimpleCart,Aggregator,DecisionTable_search,PART_pruning,JRip,J48,SimpleCart_usePrune,PART_confidenceFactorValue,PART_minNumObj,SimpleCart_heuristic,J48_doNotMakeSplitPointActualValue,BestFirst_searchTermination,J48_binarySplits,JRip_checkErrorRate,SimpleCart_useOneSE,SimpleCart_minNumObj,PART_doNotMakeSplitPointActualValue,JRip_usePruning,GreedyStepwise_searchBackwards,PART_numFolds,GreedyStepwise_conservativeForwardSelection,J48_useMDLcorrection,PART_useMDLcorrection,J48_useLaplace,SimpleCart_numFoldsPruning,J48_pruning,JRip_minNo,J48_minNumObj,J48_collapseTree,BestFirst_direction,JRip_folds,J48_numFolds,J48_subtreeRaising,JRip_optimizations,J48_confidenceFactorValue"
41,90,0.75938826,0.99213203,0.99729360,0.99791075,0.99942047,0035,0034,0035,0.00000000,"J48,J48_minNumObj,SimpleCart,J48_binarySplits,DecisionTable,JRip,PART,SimpleCart_minNumObj,Aggregator,J48_doNotMakeSplitPointActualValue,DecisionTable_crossVal,PART_minNumObj,J48_collapseTree,PART_pruning,JRip_usePruning,J48_useLaplace,DecisionTable_useIBk,J48_pruning,SimpleCart_heuristic,JRip_minNo,J48_useMDLcorrection,J48_confidenceFactorValue,DecisionTable_search,SimpleCart_usePrune,BestFirst_direction,DecisionTable_evaluationMeasure,SimpleCart_useOneSE,SimpleCart_numFoldsPruning,JRip_checkErrorRate,GreedyStepwise_searchBackwards,PART_binarySplits,JRip_folds,JRip_optimizations,J48_subtreeRaising,J48_numFolds,PART_useMDLcorrection,PART_doNotMakeSplitPointActualValue,BestFirst_searchTermination,GreedyStepwise_conservativeForwardSelection,PART_numFolds,PART_confidenceFactorValue"
42,90,0.80896923,0.99177430,0.99729360,0.99791075,0.99942047,0029,0034,0035,0.00000000,"PART,PART_pruning,J48,PART_binarySplits,J48_doNotMakeSplitPointActualValue,J48_useMDLcorrection,Aggregator,PART_doNotMakeSplitPointActualValue,PART_numFolds,J48_minNumObj,J48_pruning,PART_useMDLcorrection,SimpleCart,DecisionTable,J48_confidenceFactorValue,SimpleCart_minNumObj,JRip,JRip_minNo,J48_binarySplits,PART_confidenceFactorValue,PART_minNumObj,DecisionTable_evaluationMeasure,J48_collapseTree,J48_useLaplace,JRip_checkErrorRate,J48_subtreeRaising,DecisionTable_useIBk,DecisionTable_crossVal,J48_numFolds,DecisionTable_search,SimpleCart_usePrune,JRip_usePruning,SimpleCart_heuristic,SimpleCart_numFoldsPruning,BestFirst_direction,GreedyStepwise_searchBackwards,JRip_folds,SimpleCart_useOneSE,BestFirst_searchTermination,GreedyStepwise_conservativeForwardSelection,JRip_optimizations"
43,90,0.81585664,0.99163663,0.99729360,0.99791075,0.99942047,0032,0034,0035,0.00000000,"SimpleCart,SimpleCart_minNumObj,J48,J48_minNumObj,JRip,SimpleCart_usePrune,J48_binarySplits,Aggregator,SimpleCart_numFoldsPruning,SimpleCart_heuristic,PART,J48_collapseTree,DecisionTable,PART_doNotMakeSplitPointActualValue,DecisionTable_useIBk,J48_doNotMakeSplitPointActualValue,SimpleCart_useOneSE,J48_pruning,J48_confidenceFactorValue,J48_useLaplace,PART_pruning,PART_useMDLcorrection,PART_binarySplits,PART_confidenceFactorValue,J48_subtreeRaising,JRip_checkErrorRate,DecisionTable_search,PART_minNumObj,JRip_usePruning,J48_useMDLcorrection,BestFirst_direction,GreedyStepwise_conservativeForwardSelection,JRip_minNo,DecisionTable_evaluationMeasure,PART_numFolds,DecisionTable_crossVal,BestFirst_searchTermination,J48_numFolds,JRip_folds,JRip_optimizations,GreedyStepwise_searchBackwards"
44,90,0.78483352,0.99158348,0.99729360,0.99791075,0.99942047,0036,0034,0035,0.00000000,"DecisionTable,DecisionTable_crossVal,J48,J48_collapseTree,J48_useMDLcorrection,J48_binarySplits,SimpleCart,J48_minNumObj,SimpleCart_minNumObj,DecisionTable_useIBk,SimpleCart_heuristic,J48_doNotMakeSplitPointActualValue,PART,DecisionTable_evaluationMeasure,JRip,DecisionTable_search,SimpleCart_usePrune,PART_binarySplits,SimpleCart_useOneSE,Aggregator,J48_useLaplace,GreedyStepwise_conservativeForwardSelection,JRip_minNo,JRip_usePruning,PART_doNotMakeSplitPointActualValue,JRip_checkErrorRate,PART_minNumObj,J48_pruning,J48_subtreeRaising,J48_confidenceFactorValue,BestFirst_direction,SimpleCart_numFoldsPruning,PART_useMDLcorrection,JRip_optimizations,GreedyStepwise_searchBackwards,PART_pruning,J48_numFolds,BestFirst_searchTermination,JRip_folds,PART_numFolds,PART_confidenceFactorValue"
45,90,0.80786773,0.99200808,0.99729360,0.99791075,0.99942047,0036,0034,0035,0.00000000,"J48,JRip,Aggregator,J48_useMDLcorrection,PART,J48_doNotMakeSplitPointActualValue,J48_binarySplits,J48_collapseTree,SimpleCart,J48_minNumObj,PART_useMDLcorrection,JRip_usePruning,PART_doNotMakeSplitPointActualValue,SimpleCart_minNumObj,PART_pruning,JRip_folds,J48_pruning,JRip_minNo,JRip_optimizations,JRip_checkErrorRate,DecisionTable,J48_subtreeRaising,J48_useLaplace,SimpleCart_usePrune,DecisionTable_evaluationMeasure,PART_confidenceFactorValue,PART_minNumObj,PART_binarySplits,J48_confidenceFactorValue,DecisionTable_useIBk,SimpleCart_useOneSE,SimpleCart_heuristic,J48_numFolds,PART_numFolds,DecisionTable_crossVal,DecisionTable_search,SimpleCart_numFoldsPruning,GreedyStepwise_conservativeForwardSelection,BestFirst_searchTermination,BestFirst_direction,GreedyStepwise_searchBackwards"
46,90,0.80635747,0.99167284,0.99729360,0.99791075,0.99942047,0033,0034,0035,0.00000000,"SimpleCart,PART,Aggregator,SimpleCart_heuristic,SimpleCart_minNumObj,PART_minNumObj,PART_pruning,JRip,PART_doNotMakeSplitPointActualValue,PART_binarySplits,DecisionTable,J48,DecisionTable_useIBk,DecisionTable_search,PART_useMDLcorrection,SimpleCart_usePrune,J48_minNumObj,J48_useLaplace,J48_binarySplits,BestFirst_searchTermination,PART_numFolds,SimpleCart_numFoldsPruning,J48_doNotMakeSplitPointActualValue,JRip_minNo,JRip_checkErrorRate,PART_confidenceFactorValue,J48_pruning,GreedyStepwise_conservativeForwardSelection,J48_numFolds,DecisionTable_evaluationMeasure,SimpleCart_useOneSE,BestFirst_direction,JRip_usePruning,J48_confidenceFactorValue,GreedyStepwise_searchBackwards,DecisionTable_crossVal,J48_collapseTree,J48_useMDLcorrection,JRip_optimizations,J48_subtreeRaising,JRip_folds"
47,90,0.83127275,0.99229562,0.99729360,0.99791075,0.99942047,0034,0034,0035,0.00000000,"SimpleCart,JRip,Aggregator,SimpleCart_heuristic,DecisionTable,PART,PART_doNotMakeSplitPointActualValue,SimpleCart_minNumObj,PART_pruning,JRip_checkErrorRate,J48,SimpleCart_usePrune,PART_numFolds,JRip_usePruning,J48_useLaplace,JRip_minNo,JRip_folds,J48_minNumObj,DecisionTable_search,DecisionTable_useIBk,DecisionTable_evaluationMeasure,PART_useMDLcorrection,J48_binarySplits,J48_useMDLcorrection,JRip_optimizations,PART_minNumObj,BestFirst_searchTermination,SimpleCart_useOneSE,J48_doNotMakeSplitPointActualValue,PART_confidenceFactorValue,DecisionTable_crossVal,PART_binarySplits,J48_collapseTree,BestFirst_direction,SimpleCart_numFoldsPruning,GreedyStepwise_searchBackwards,J48_pruning,J48_confidenceFactorValue,GreedyStepwise_conservativeForwardSelection,J48_subtreeRaising,J48_numFolds"
48,90,0.82201566,0.99205666,0.99729360,0.99791075,0.99942047,0038,0034,0035,0.00000000,"PART,PART_pruning,SimpleCart,PART_numFolds,DecisionTable,DecisionTable_crossVal,DecisionTable_useIBk,PART_minNumObj,PART_doNotMakeSplitPointActualValue,Aggregator,PART_useMDLcorrection,JRip,SimpleCart_minNumObj,SimpleCart_heuristic,JRip_minNo,J48,J48_collapseTree,PART_confidenceFactorValue,PART_binarySplits,J48_useLaplace,JRip_usePruning,SimpleCart_usePrune,J48_binarySplits,DecisionTable_search,GreedyStepwise_conservativeForwardSelection,J48_pruning,J48_doNotMakeSplitPointActualValue,J48_numFolds,DecisionTable_evaluationMeasure,BestFirst_direction,J48_minNumObj,GreedyStepwise_searchBackwards,SimpleCart_useOneSE,JRip_folds,JRip_optimizations,JRip_checkErrorRate,J48_useMDLcorrection,J48_confidenceFactorValue,J48_subtreeRaising,SimpleCart_numFoldsPruning,BestFirst_searchTermination"
49,90,0.78243284,0.99241299,0.99729360,0.99791075,0.99942047,0034,0034,0035,0.00000000,"SimpleCart,J48,SimpleCart_heuristic,SimpleCart_minNumObj,SimpleCart_usePrune,J48_useLaplace,Aggregator,J48_collapseTree,JRip,DecisionTable,J48_doNotMakeSplitPointActualValue,J48_binarySplits,JRip_checkErrorRate,PART,J48_pruning,PART_pruning,PART_confidenceFactorValue,SimpleCart_useOneSE,J48_useMDLcorrection,J48_minNumObj,DecisionTable_crossVal,DecisionTable_search,PART_useMDLcorrection,J48_subtreeRaising,J48_numFolds,PART_binarySplits,JRip_minNo,SimpleCart_numFoldsPruning,DecisionTable_evaluationMeasure,GreedyStepwise_searchBackwards,JRip_usePruning,PART_numFolds,JRip_optimizations,J48_confidenceFactorValue,PART_doNotMakeSplitPointActualValue,DecisionTable_useIBk,BestFirst_searchTermination,GreedyStepwise_conservativeForwardSelection,PART_minNumObj,BestFirst_direction,JRip_folds"
50,90,0.79451324,0.99156433,0.99729360,0.99791075,0.99942047,0031,0034,0035,0.00000000,"SimpleCart,DecisionTable,JRip,SimpleCart_heuristic,SimpleCart_minNumObj,JRip_minNo,Aggregator,DecisionTable_crossVal,JRip_usePruning,JRip_folds,SimpleCart_usePrune,JRip_checkErrorRate,SimpleCart_numFoldsPruning,J48,J48_useMDLcorrection,JRip_optimizations,DecisionTable_useIBk,PART,PART_useMDLcorrection,J48_doNotMakeSplitPointActualValue,PART_doNotMakeSplitPointActualValue,DecisionTable_evaluationMeasure,DecisionTable_search,J48_collapseTree,BestFirst_searchTermination,BestFirst_direction,SimpleCart_useOneSE,PART_pruning,J48_minNumObj,PART_minNumObj,PART_binarySplits,J48_binarySplits,J48_pruning,J48_confidenceFactorValue,PART_numFolds,J48_useLaplace,GreedyStepwise_conservativeForwardSelection,GreedyStepwise_searchBackwards,PART_confidenceFactorValue,J48_numFolds,J48_subtreeRaising"
51,90,0.80091268,0.99188912,0.99729360,0.99791075,0.99942047,0040,0034,0035,0.00000000,"DecisionTable,Aggregator,J48,DecisionTable_evaluationMeasure,DecisionTable_useIBk,SimpleCart,J48_collapseTree,SimpleCart_usePrune,J48_useLaplace,DecisionTable_search,SimpleCart_minNumObj,GreedyStepwise_searchBackwards,BestFirst_direction,J48_useMDLcorrection,SimpleCart_heuristic,DecisionTable_crossVal,SimpleCart_useOneSE,SimpleCart_numFoldsPruning,JRip,PART,GreedyStepwise_conservativeForwardSelection,J48_binarySplits,J48_pruning,JRip_minNo,J48_subtreeRaising,PART_doNotMakeSplitPointActualValue,J48_minNumObj,JRip_usePruning,J48_doNotMakeSplitPointActualValue,BestFirst_searchTermination,PART_pruning,J48_numFolds,PART_useMDLcorrection,PART_binarySplits,JRip_checkErrorRate,PART_minNumObj,J48_confidenceFactorValue,JRip_optimizations,JRip_folds,PART_numFolds,PART_confidenceFactorValue"
52,90,0.79178886,0.99188237,0.99729360,0.99791075,0.99942047,0039,0034,0035,0.00000000,"J48,J48_collapseTree,PART,DecisionTable,DecisionTable_useIBk,J48_pruning,Aggregator,PART_useMDLcorrection,J48_useMDLcorrection,SimpleCart,J48_doNotMakeSplitPointActualValue,JRip,DecisionTable_evaluationMeasure,J48_binarySplits,DecisionTable_search,J48_minNumObj,J48_subtreeRaising,PART_minNumObj,PART_pruning,SimpleCart_minNumObj,DecisionTable_crossVal,J48_useLaplace,JRip_usePruning,GreedyStepwise_conservativeForwardSelection,BestFirst_searchTermination,J48_numFolds,PART_doNotMakeSplitPointActualValue,PART_confidenceFactorValue,PART_binarySplits,J48_confidenceFactorValue,BestFirst_direction,SimpleCart_usePrune,JRip_checkErrorRate,SimpleCart_heuristic,JRip_folds,SimpleCart_useOneSE,JRip_minNo,GreedyStepwise_searchBackwards,PART_numFolds,SimpleCart_numFoldsPruning,JRip_optimizations"
53,90,0.82125342,0.99172104,0.99729360,0.99791075,0.99942047,0037,0034,0035,0.00000000,"PART,PART_minNumObj,PART_pruning,JRip,PART_binarySplits,PART_numFolds,Aggregator,SimpleCart,J48,DecisionTable,PART_confidenceFactorValue,DecisionTable_useIBk,DecisionTable_search,JRip_checkErrorRate,SimpleCart_heuristic,J48_pruning,DecisionTable_evaluationMeasure,DecisionTable_crossVal,SimpleCart_usePrune,J48_binarySplits,J48_useLaplace,SimpleCart_minNumObj,PART_useMDLcorrection,PART_doNotMakeSplitPointActualValue,JRip_usePruning,J48_doNotMakeSplitPointActualValue,J48_useMDLcorrection,BestFirst_searchTermination,J48_subtreeRaising,JRip_minNo,JRip_folds,GreedyStepwise_searchBackwards,J48_collapseTree,JRip_optimizations,GreedyStepwise_conservativeForwardSelection,J48_minNumObj,BestFirst_direction,SimpleCart_useOneSE,J48_numFolds,J48_confidenceFactorValue,SimpleCart_numFoldsPruning"
54,90,0.80342235,0.99179132,0.99729360,0.99791075,0.99942047,0038,0034,0035,0.00000000,"DecisionTable,JRip,JRip_minNo,DecisionTable_crossVal,DecisionTable_useIBk,SimpleCart,Aggregator,PART,SimpleCart_minNumObj,DecisionTable_search,BestFirst_searchTermination,SimpleCart_heuristic,BestFirst_direction,JRip_checkErrorRate,PART_pruning,PART_confidenceFactorValue,PART_binarySplits,J48,JRip_usePruning,J48_binarySplits,DecisionTable_evaluationMeasure,GreedyStepwise_searchBackwards,PART_minNumObj,GreedyStepwise_conservativeForwardSelection,PART_doNotMakeSplitPointActualValue,J48_pruning,SimpleCart_usePrune,JRip_optimizations,J48_doNotMakeSplitPointActualValue,PART_useMDLcorrection,PART_numFolds,J48_useMDLcorrection,J48_numFolds,J48_minNumObj,J48_useLaplace,J48_confidenceFactorValue,JRip_folds,J48_collapseTree,J48_subtreeRaising,SimpleCart_useOneSE,SimpleCart_numFoldsPruning"
55,90,0.80580896,0.99198435,0.99729360,0.99791075,0.99942047,0038,0034,0035,0.00000000,"DecisionTable,DecisionTable_crossVal,Aggregator,DecisionTable_evaluationMeasure,DecisionTable_search,JRip,GreedyStepwise_conservativeForwardSelection,GreedyStepwise_searchBackwards,SimpleCart,J48,JRip_checkErrorRate,JRip_usePruning,J48_doNotMakeSplitPointActualValue,J48_useLaplace,JRip_folds,BestFirst_direction,PART,PART_binarySplits,DecisionTable_useIBk,J48_pruning,PART_pruning,J48_confidenceFactorValue,JRip_optimizations,PART_minNumObj,J48_useMDLcorrection,SimpleCart_minNumObj,SimpleCart_usePrune,J48_collapseTree,SimpleCart_heuristic,BestFirst_searchTermination,PART_confidenceFactorValue,JRip_minNo,SimpleCart_useOneSE,SimpleCart_numFoldsPruning,J48_minNumObj,PART_numFolds,J48_binarySplits,PART_doNotMakeSplitPointActualValue,PART_useMDLcorrection,J48_subtreeRaising,J48_numFolds"
56,90,0.77537549,0.99220099,0.99729360,0.99791075,0.99942047,0037,0034,0035,0.00000000,"DecisionTable,Aggregator,JRip,DecisionTable_evaluationMeasure,J48,DecisionTable_search,PART,DecisionTable_useIBk,BestFirst_direction,J48_pruning,JRip_minNo,PART_binarySplits,JRip_checkErrorRate,DecisionTable_crossVal,PART_pruning,J48_binarySplits,J48_useMDLcorrection,PART_confidenceFactorValue,J48_useLaplace,GreedyStepwise_conservativeForwardSelection,J48_minNumObj,J48_doNotMakeSplitPointActualValue,PART_useMDLcorrection,SimpleCart,J48_collapseTree,SimpleCart_usePrune,PART_numFolds,SimpleCart_heuristic,PART_minNumObj,JRip_usePruning,BestFirst_searchTermination,PART_doNotMakeSplitPointActualValue,J48_subtreeRaising,J48_confidenceFactorValue,GreedyStepwise_searchBackwards,J48_numFolds,JRip_optimizations,SimpleCart_minNumObj,JRip_folds,SimpleCart_numFoldsPruning,SimpleCart_useOneSE"
57,90,0.77884009,0.99146672,0.99729360,0.99791075,0.99942047,0038,0034,0035,0.00000000,"Aggregator,SimpleCart,JRip,DecisionTable,PART,JRip_minNo,DecisionTable_crossVal,PART_useMDLcorrection,PART_pruning,SimpleCart_heuristic,SimpleCart_minNumObj,PART_doNotMakeSplitPointActualValue,JRip_usePruning,JRip_checkErrorRate,PART_numFolds,SimpleCart_usePrune,SimpleCart_numFoldsPruning,J48,DecisionTable_useIBk,DecisionTable_evaluationMeasure,J48_useMDLcorrection,JRip_optimizations,PART_confidenceFactorValue,PART_minNumObj,J48_binarySplits,DecisionTable_search,J48_useLaplace,PART_binarySplits,JRip_folds,BestFirst_searchTermination,J48_doNotMakeSplitPointActualValue,J48_collapseTree,J48_pruning,GreedyStepwise_conservativeForwardSelection,J48_numFolds,J48_minNumObj,SimpleCart_useOneSE,J48_confidenceFactorValue,GreedyStepwise_searchBackwards,BestFirst_direction,J48_subtreeRaising"
58,90,0.82497236,0.99196476,0.99729360,0.99791075,0.99942047,0034,0034,0035,0.00000000,"SimpleCart,PART,SimpleCart_minNumObj,DecisionTable,DecisionTable_useIBk,J48,DecisionTable_evaluationMeasure,PART_useMDLcorrection,PART_binarySplits,J48_binarySplits,SimpleCart_heuristic,DecisionTable_crossVal,JRip,DecisionTable_search,J48_useMDLcorrection,Aggregator,J48_collapseTree,PART_pruning,JRip_checkErrorRate,GreedyStepwise_searchBackwards,SimpleCart_usePrune,SimpleCart_numFoldsPruning,GreedyStepwise_conservativeForwardSelection,PART_doNotMakeSplitPointActualValue,PART_minNumObj,J48_pruning,J48_confidenceFactorValue,J48_doNotMakeSplitPointActualValue,J48_minNumObj,BestFirst_searchTermination,J48_useLaplace,JRip_usePruning,JRip_optimizations,JRip_folds,PART_numFolds,JRip_minNo,SimpleCart_useOneSE,PART_confidenceFactorValue,BestFirst_direction,J48_subtreeRaising,J48_numFolds"
59,90,0.78875444,0.99198112,0.99731555,0.99788390,0.99950894,0035,0034,0035,0.00000000,"JRip,JRip_checkErrorRate,SimpleCart,SimpleCart_usePrune,J48,J48_collapseTree,DecisionTable,J48_binarySplits,DecisionTable_crossVal,DecisionTable_evaluationMeasure,Aggregator,JRip_minNo,SimpleCart_minNumObj,JRip_usePruning,PART,PART_doNotMakeSplitPointActualValue,PART_pruning,J48_minNumObj,J48_pruning,PART_binarySplits,SimpleCart_heuristic,SimpleCart_numFoldsPruning,J48_useLaplace,J48_subtreeRaising,J48_numFolds,PART_useMDLcorrection,J48_useMDLcorrection,SimpleCart_useOneSE,DecisionTable_useIBk,J48_doNotMakeSplitPointActualValue,JRip_optimizations,DecisionTable_search,BestFirst_searchTermination,PART_confidenceFactorValue,JRip_folds,PART_minNumObj,PART_numFolds,J48_confidenceFactorValue,BestFirst_direction,GreedyStepwise_conservativeForwardSelection,GreedyStepwise_searchBackwards"
60,90,0.78333677,0.99199420,0.99731555,0.99788390,0.99950894,0035,0034,0035,0.00000000,"DecisionTable,PART,J48,J48_useMDLcorrection,PART_pruning,PART_numFolds,PART_binarySplits,DecisionTable_evaluationMeasure,J48_doNotMakeSplitPointActualValue,J48_binarySplits,SimpleCart,J48_minNumObj,DecisionTable_useIBk,PART_useMDLcorrection,SimpleCart_minNumObj,PART_minNumObj,DecisionTable_crossVal,SimpleCart_heuristic,PART_doNotMakeSplitPointActualValue,DecisionTable_search,J48_pruning,J48_useLaplace,JRip,J48_collapseTree,PART_confidenceFactorValue,Aggregator,JRip_usePruning,SimpleCart_usePrune,JRip_checkErrorRate,J48_numFolds,BestFirst_searchTermination,J48_subtreeRaising,GreedyStepwise_searchBackwards,J48_confidenceFactorValue,JRip_minNo,BestFirst_direction,SimpleCart_useOneSE,GreedyStepwise_conservativeForwardSelection,SimpleCart_numFoldsPruning,JRip_folds,JRip_optimizations"
61,90,0.70737067,0.99123409,0.99731555,0.99788390,0.99950894,0034,0199,0040,0.62928653,"SimpleCart,J48,J48_useLaplace,SimpleCart_minNumObj,J48_binarySplits,SimpleCart_heuristic,Aggregator,JRip,SimpleCart_usePrune,J48_useMDLcorrection,PART,SimpleCart_useOneSE,PART_useMDLcorrection,JRip_minNo,PART_minNumObj,PART_binarySplits,SimpleCart_numFoldsPruning,PART_pruning,JRip_usePruning,JRip_optimizations,JRip_checkErrorRate,PART_doNotMakeSplitPointActualValue,JRip_folds,PART_numFolds,PART_confidenceFactorValue,GreedyStepwise_conservativeForwardSelection,GreedyStepwise_searchBackwards,DecisionTable_useIBk,J48_numFolds,DecisionTable_crossVal,BestFirst_direction,J48_confidenceFactorValue,DecisionTable_search,BestFirst_searchTermination,J48_minNumObj,J48_doNotMakeSplitPointActualValue,J48_pruning,J48_collapseTree,J48_subtreeRaising,DecisionTable,DecisionTable_evaluationMeasure"
62,90,0.80376559,0.99133832,0.99731555,0.99788390,0.99950894,0028,0203,0040,0.62928653,"PART,SimpleCart,JRip,Aggregator,SimpleCart_minNumObj,PART_minNumObj,SimpleCart_usePrune,SimpleCart_heuristic,JRip_minNo,PART_pruning,PART_useMDLcorrection,PART_confidenceFactorValue,PART_binarySplits,J48,PART_doNotMakeSplitPointActualValue,J48_binarySplits,JRip_usePruning,JRip_checkErrorRate,J48_useLaplace,SimpleCart_useOneSE,PART_numFolds,SimpleCart_numFoldsPruning,J48_useMDLcorrection,JRip_folds,JRip_optimizations,BestFirst_searchTermination,GreedyStepwise_conservativeForwardSelection,DecisionTable_crossVal,GreedyStepwise_searchBackwards,DecisionTable_search,BestFirst_direction,DecisionTable_evaluationMeasure,J48_numFolds,J48_confidenceFactorValue,DecisionTable_useIBk,J48_subtreeRaising,J48_minNumObj,J48_pruning,J48_collapseTree,J48_doNotMakeSplitPointActualValue,DecisionTable"
63,90,0.83177070,0.99052150,0.99731555,0.99788390,0.99950894,0024,0268,0040,0.62928653,"SimpleCart,SimpleCart_heuristic,SimpleCart_usePrune,SimpleCart_numFoldsPruning,Aggregator,SimpleCart_useOneSE,J48,SimpleCart_minNumObj,JRip,PART,JRip_usePruning,JRip_folds,J48_useLaplace,JRip_checkErrorRate,PART_doNotMakeSplitPointActualValue,J48_useMDLcorrection,PART_pruning,PART_binarySplits,PART_minNumObj,JRip_minNo,PART_confidenceFactorValue,PART_numFolds,PART_useMDLcorrection,JRip_optimizations,J48_binarySplits,J48_confidenceFactorValue,DecisionTable_search,BestFirst_searchTermination,BestFirst_direction,GreedyStepwise_conservativeForwardSelection,GreedyStepwise_searchBackwards,J48_subtreeRaising,DecisionTable_useIBk,DecisionTable_evaluationMeasure,DecisionTable_crossVal,J48_numFolds,J48_minNumObj,J48_collapseTree,J48_doNotMakeSplitPointActualValue,J48_pruning,DecisionTable"
64,90,0.76453741,0.99154489,0.99731555,0.99788390,0.99950894,0028,0034,0035,0.00000000,"PART,PART_useMDLcorrection,PART_pruning,PART_confidenceFactorValue,PART_numFolds,DecisionTable,PART_minNumObj,Aggregator,DecisionTable_search,JRip,PART_doNotMakeSplitPointActualValue,DecisionTable_evaluationMeasure,J48,J48_collapseTree,GreedyStepwise_searchBackwards,PART_binarySplits,GreedyStepwise_conservativeForwardSelection,DecisionTable_useIBk,J48_binarySplits,SimpleCart,BestFirst_direction,JRip_checkErrorRate,DecisionTable_crossVal,J48_minNumObj,SimpleCart_heuristic,JRip_usePruning,J48_pruning,BestFirst_searchTermination,J48_confidenceFactorValue,JRip_optimizations,JRip_minNo,SimpleCart_usePrune,J48_doNotMakeSplitPointActualValue,J48_subtreeRaising,SimpleCart_minNumObj,J48_useLaplace,J48_useMDLcorrection,JRip_folds,J48_numFolds,SimpleCart_useOneSE,SimpleCart_numFoldsPruning"
65,90,0.79094239,0.99188118,0.99731555,0.99788390,0.99950894,0026,0034,0035,0.00000000,"SimpleCart,SimpleCart_minNumObj,DecisionTable,DecisionTable_evaluationMeasure,Aggregator,PART,DecisionTable_crossVal,SimpleCart_heuristic,J48,PART_doNotMakeSplitPointActualValue,J48_useMDLcorrection,DecisionTable_useIBk,JRip,PART_pruning,PART_binarySplits,SimpleCart_usePrune,DecisionTable_search,JRip_checkErrorRate,J48_minNumObj,GreedyStepwise_searchBackwards,GreedyStepwise_conservativeForwardSelection,SimpleCart_useOneSE,BestFirst_direction,PART_useMDLcorrection,J48_pruning,J48_useLaplace,BestFirst_searchTermination,J48_binarySplits,J48_numFolds,J48_collapseTree,PART_minNumObj,JRip_usePruning,J48_doNotMakeSplitPointActualValue,JRip_minNo,J48_confidenceFactorValue,J48_subtreeRaising,PART_numFolds,PART_confidenceFactorValue,SimpleCart_numFoldsPruning,JRip_optimizations,JRip_folds"
66,90,0.80121920,0.99095517,0.99731555,0.99788390,0.99950894,0029,0034,0035,0.00000000,"DecisionTable,JRip,SimpleCart,Aggregator,JRip_checkErrorRate,SimpleCart_minNumObj,JRip_usePruning,DecisionTable_useIBk,JRip_optimizations,PART,PART_binarySplits,PART_doNotMakeSplitPointActualValue,PART_pruning,DecisionTable_search,J48,J48_useMDLcorrection,J48_collapseTree,DecisionTable_evaluationMeasure,BestFirst_direction,JRip_minNo,PART_numFolds,DecisionTable_crossVal,SimpleCart_usePrune,SimpleCart_heuristic,J48_doNotMakeSplitPointActualValue,SimpleCart_numFoldsPruning,GreedyStepwise_searchBackwards,J48_minNumObj,J48_pruning,J48_binarySplits,PART_useMDLcorrection,J48_confidenceFactorValue,JRip_folds,GreedyStepwise_conservativeForwardSelection,J48_subtreeRaising,J48_useLaplace,BestFirst_searchTermination,PART_minNumObj,J48_numFolds,SimpleCart_useOneSE,PART_confidenceFactorValue"
67,90,0.78493970,0.99098384,0.99731555,0.99788390,0.99950894,0030,0034,0035,0.00000000,"JRip,Aggregator,PART,JRip_minNo,J48,J48_pruning,DecisionTable,DecisionTable_search,DecisionTable_evaluationMeasure,DecisionTable_useIBk,J48_useLaplace,JRip_usePruning,BestFirst_searchTermination,GreedyStepwise_conservativeForwardSelection,J48_numFolds,JRip_folds,BestFirst_direction,PART_pruning,DecisionTable_crossVal,J48_useMDLcorrection,J48_minNumObj,J48_subtreeRaising,SimpleCart,SimpleCart_heuristic,JRip_checkErrorRate,SimpleCart_usePrune,J48_collapseTree,PART_binarySplits,J48_binarySplits,PART_useMDLcorrection,PART_confidenceFactorValue,J48_doNotMakeSplitPointActualValue,J48_confidenceFactorValue,PART_doNotMakeSplitPointActualValue,PART_minNumObj,PART_numFolds,SimpleCart_minNumObj,GreedyStepwise_searchBackwards,SimpleCart_useOneSE,JRip_optimizations,SimpleCart_numFoldsPruning"
68,90,0.78683383,0.99182869,0.99731555,0.99788390,0.99950894,0030,0034,0035,0.00000000,"JRip,JRip_checkErrorRate,JRip_minNo,PART,Aggregator,PART_minNumObj,DecisionTable,SimpleCart,JRip_usePruning,PART_binarySplits,SimpleCart_heuristic,DecisionTable_crossVal,DecisionTable_search,J48,J48_useMDLcorrection,DecisionTable_evaluationMeasure,BestFirst_direction,PART_useMDLcorrection,BestFirst_searchTermination,PART_pruning,DecisionTable_useIBk,PART_doNotMakeSplitPointActualValue,JRip_folds,J48_useLaplace,J48_doNotMakeSplitPointActualValue,SimpleCart_minNumObj,GreedyStepwise_searchBackwards,JRip_optimizations,SimpleCart_usePrune,GreedyStepwise_conservativeForwardSelection,J48_minNumObj,J48_pruning,J48_numFolds,PART_confidenceFactorValue,PART_numFolds,J48_collapseTree,J48_binarySplits,J48_subtreeRaising,J48_confidenceFactorValue,SimpleCart_useOneSE,SimpleCart_numFoldsPruning"
69,90,0.85102550,0.99204620,0.99731555,0.99788390,0.99950894,0029,0034,0035,0.00000000,"Aggregator,JRip,JRip_minNo,PART,PART_minNumObj,DecisionTable,J48,PART_useMDLcorrection,J48_minNumObj,DecisionTable_useIBk,PART_binarySplits,JRip_checkErrorRate,DecisionTable_search,J48_pruning,SimpleCart,PART_doNotMakeSplitPointActualValue,PART_pruning,DecisionTable_evaluationMeasure,GreedyStepwise_searchBackwards,JRip_usePruning,J48_subtreeRaising,BestFirst_searchTermination,GreedyStepwise_conservativeForwardSelection,DecisionTable_crossVal,J48_collapseTree,J48_doNotMakeSplitPointActualValue,JRip_optimizations,J48_binarySplits,J48_useLaplace,J48_confidenceFactorValue,J48_useMDLcorrection,JRip_folds,SimpleCart_minNumObj,SimpleCart_usePrune,PART_confidenceFactorValue,SimpleCart_numFoldsPruning,PART_numFolds,J48_numFolds,BestFirst_direction,SimpleCart_heuristic,SimpleCart_useOneSE"
