gen,nevals,min,median,max,currentGenBestValFitness,currentGenBestTestFitness,lap time (seconds),discarded individuals (including burn-in),GM connections,GM mean heuristic,sampling order
0,100,0.87558781,0.92020664,0.93649536,0.94869989,0.93078129,0028,0034,0035,0.00000000,"Aggregator,J48,J48_minNumObj,JRip,J48_useLaplace,J48_useMDLcorrection,JRip_minNo,J48_doNotMakeSplitPointActualValue,PART,SimpleCart,J48_collapseTree,PART_useMDLcorrection,DecisionTable,J48_pruning,JRip_usePruning,PART_minNumObj,JRip_checkErrorRate,SimpleCart_usePrune,J48_binarySplits,SimpleCart_useOneSE,JRip_optimizations,J48_subtreeRaising,SimpleCart_minNumObj,DecisionTable_search,DecisionTable_crossVal,SimpleCart_numFoldsPruning,SimpleCart_heuristic,GreedyStepwise_searchBackwards,PART_pruning,PART_doNotMakeSplitPointActualValue,PART_binarySplits,DecisionTable_evaluationMeasure,DecisionTable_useIBk,J48_numFolds,BestFirst_direction,PART_numFolds,BestFirst_searchTermination,J48_confidenceFactorValue,JRip_folds,GreedyStepwise_conservativeForwardSelection,PART_confidenceFactorValue"
1,90,0.85606489,0.92371609,0.93649536,0.94869989,0.93078129,0018,0034,0035,0.00000000,"JRip,J48,JRip_minNo,DecisionTable,Aggregator,J48_doNotMakeSplitPointActualValue,JRip_usePruning,J48_binarySplits,JRip_folds,J48_useLaplace,JRip_optimizations,PART,DecisionTable_crossVal,DecisionTable_evaluationMeasure,JRip_checkErrorRate,DecisionTable_search,J48_useMDLcorrection,J48_collapseTree,DecisionTable_useIBk,SimpleCart,PART_useMDLcorrection,BestFirst_direction,PART_doNotMakeSplitPointActualValue,SimpleCart_heuristic,PART_pruning,J48_minNumObj,SimpleCart_usePrune,J48_pruning,PART_confidenceFactorValue,PART_numFolds,SimpleCart_minNumObj,GreedyStepwise_searchBackwards,PART_binarySplits,BestFirst_searchTermination,GreedyStepwise_conservativeForwardSelection,SimpleCart_numFoldsPruning,PART_minNumObj,J48_subtreeRaising,J48_confidenceFactorValue,J48_numFolds,SimpleCart_useOneSE"
2,90,0.86688701,0.92400722,0.93649536,0.94869989,0.93078129,0022,0034,0035,0.00000000,"DecisionTable,JRip,JRip_checkErrorRate,JRip_usePruning,DecisionTable_evaluationMeasure,J48,J48_minNumObj,JRip_minNo,J48_useLaplace,J48_binarySplits,J48_useMDLcorrection,DecisionTable_crossVal,J48_pruning,DecisionTable_useIBk,J48_doNotMakeSplitPointActualValue,J48_confidenceFactorValue,PART,Aggregator,DecisionTable_search,SimpleCart,JRip_folds,JRip_optimizations,SimpleCart_usePrune,PART_pruning,PART_numFolds,J48_collapseTree,PART_minNumObj,SimpleCart_useOneSE,J48_numFolds,SimpleCart_heuristic,PART_confidenceFactorValue,PART_binarySplits,J48_subtreeRaising,GreedyStepwise_conservativeForwardSelection,PART_useMDLcorrection,SimpleCart_numFoldsPruning,GreedyStepwise_searchBackwards,SimpleCart_minNumObj,PART_doNotMakeSplitPointActualValue,BestFirst_direction,BestFirst_searchTermination"
3,90,0.85157484,0.92539944,0.93649536,0.94869989,0.93078129,0024,0034,0035,0.00000000,"JRip,Aggregator,JRip_usePruning,J48,PART,JRip_folds,PART_binarySplits,J48_collapseTree,J48_useMDLcorrection,PART_minNumObj,SimpleCart,SimpleCart_usePrune,SimpleCart_numFoldsPruning,J48_pruning,JRip_optimizations,JRip_checkErrorRate,J48_subtreeRaising,SimpleCart_heuristic,J48_useLaplace,DecisionTable,J48_binarySplits,JRip_minNo,SimpleCart_minNumObj,DecisionTable_useIBk,PART_pruning,PART_useMDLcorrection,J48_numFolds,J48_doNotMakeSplitPointActualValue,SimpleCart_useOneSE,J48_confidenceFactorValue,J48_minNumObj,DecisionTable_evaluationMeasure,PART_doNotMakeSplitPointActualValue,PART_confidenceFactorValue,DecisionTable_search,GreedyStepwise_searchBackwards,DecisionTable_crossVal,PART_numFolds,GreedyStepwise_conservativeForwardSelection,BestFirst_direction,BestFirst_searchTermination"
4,90,0.87051398,0.92680085,0.93794834,0.94813379,0.91018105,0024,0148,0074,0.55188429,"SimpleCart,DecisionTable,DecisionTable_search,BestFirst_searchTermination,JRip,JRip_minNo,SimpleCart_minNumObj,DecisionTable_crossVal,SimpleCart_heuristic,BestFirst_direction,DecisionTable_evaluationMeasure,GreedyStepwise_searchBackwards,JRip_usePruning,JRip_folds,JRip_optimizations,Aggregator,PART_pruning,PART_minNumObj,PART_confidenceFactorValue,SimpleCart_usePrune,DecisionTable_useIBk,SimpleCart_useOneSE,J48_doNotMakeSplitPointActualValue,J48_useMDLcorrection,J48_minNumObj,JRip_checkErrorRate,GreedyStepwise_conservativeForwardSelection,J48_collapseTree,J48_confidenceFactorValue,J48_numFolds,PART,PART_useMDLcorrection,PART_binarySplits,J48_subtreeRaising,J48_useLaplace,J48_binarySplits,PART_numFolds,J48,J48_pruning,SimpleCart_numFoldsPruning,PART_doNotMakeSplitPointActualValue"
5,90,0.87862026,0.92786210,0.93794834,0.94813379,0.91018105,0021,0236,0074,0.55188429,"DecisionTable,SimpleCart,DecisionTable_useIBk,SimpleCart_heuristic,SimpleCart_minNumObj,DecisionTable_crossVal,JRip_minNo,JRip_optimizations,Aggregator,J48_confidenceFactorValue,J48_doNotMakeSplitPointActualValue,PART_minNumObj,DecisionTable_evaluationMeasure,PART_confidenceFactorValue,SimpleCart_usePrune,SimpleCart_useOneSE,J48_numFolds,PART,PART_binarySplits,PART_useMDLcorrection,PART_pruning,J48_useLaplace,J48_subtreeRaising,J48_minNumObj,JRip_checkErrorRate,GreedyStepwise_searchBackwards,J48_binarySplits,PART_numFolds,J48,J48_collapseTree,BestFirst_direction,GreedyStepwise_conservativeForwardSelection,JRip_usePruning,J48_pruning,SimpleCart_numFoldsPruning,DecisionTable_search,PART_doNotMakeSplitPointActualValue,BestFirst_searchTermination,JRip_folds,JRip,J48_useMDLcorrection"
6,90,0.87407301,0.92739159,0.93794834,0.94813379,0.91018105,0026,0143,0074,0.55188429,"DecisionTable,SimpleCart,DecisionTable_evaluationMeasure,SimpleCart_minNumObj,DecisionTable_crossVal,BestFirst_direction,J48_confidenceFactorValue,JRip_minNo,SimpleCart_heuristic,JRip_optimizations,Aggregator,J48_binarySplits,GreedyStepwise_searchBackwards,PART_minNumObj,J48_numFolds,PART,PART_useMDLcorrection,PART_pruning,PART_confidenceFactorValue,PART_numFolds,DecisionTable_useIBk,PART_binarySplits,J48,J48_collapseTree,SimpleCart_usePrune,J48_minNumObj,J48_doNotMakeSplitPointActualValue,J48_useLaplace,SimpleCart_useOneSE,JRip_checkErrorRate,J48_subtreeRaising,GreedyStepwise_conservativeForwardSelection,JRip_usePruning,SimpleCart_numFoldsPruning,DecisionTable_search,PART_doNotMakeSplitPointActualValue,J48_pruning,J48_useMDLcorrection,BestFirst_searchTermination,JRip_folds,JRip"
7,90,0.87097391,0.92768861,0.93932000,0.94888903,0.92625209,0026,0034,0067,0.55828651,"SimpleCart,DecisionTable,PART,SimpleCart_usePrune,SimpleCart_useOneSE,PART_useMDLcorrection,SimpleCart_minNumObj,J48,J48_binarySplits,J48_collapseTree,Aggregator,DecisionTable_search,BestFirst_searchTermination,BestFirst_direction,J48_pruning,J48_numFolds,J48_subtreeRaising,J48_confidenceFactorValue,J48_doNotMakeSplitPointActualValue,GreedyStepwise_conservativeForwardSelection,GreedyStepwise_searchBackwards,J48_minNumObj,PART_doNotMakeSplitPointActualValue,SimpleCart_heuristic,J48_useMDLcorrection,DecisionTable_crossVal,SimpleCart_numFoldsPruning,PART_minNumObj,PART_pruning,J48_useLaplace,PART_binarySplits,PART_numFolds,JRip,DecisionTable_useIBk,JRip_checkErrorRate,DecisionTable_evaluationMeasure,JRip_usePruning,JRip_folds,JRip_optimizations,JRip_minNo,PART_confidenceFactorValue"
8,90,0.87731574,0.92846391,0.93932000,0.94888903,0.92625209,0022,0103,0067,0.55828651,"DecisionTable,PART,SimpleCart,DecisionTable_search,BestFirst_direction,BestFirst_searchTermination,GreedyStepwise_conservativeForwardSelection,SimpleCart_heuristic,PART_doNotMakeSplitPointActualValue,SimpleCart_useOneSE,J48_numFolds,J48_subtreeRaising,J48_confidenceFactorValue,SimpleCart_usePrune,GreedyStepwise_searchBackwards,PART_pruning,JRip,JRip_minNo,PART_useMDLcorrection,PART_numFolds,DecisionTable_evaluationMeasure,SimpleCart_numFoldsPruning,PART_minNumObj,DecisionTable_useIBk,DecisionTable_crossVal,SimpleCart_minNumObj,J48,J48_minNumObj,J48_binarySplits,J48_doNotMakeSplitPointActualValue,PART_binarySplits,J48_useLaplace,J48_pruning,JRip_optimizations,JRip_folds,J48_useMDLcorrection,JRip_checkErrorRate,PART_confidenceFactorValue,JRip_usePruning,J48_collapseTree,Aggregator"
9,90,0.88056807,0.92813933,0.93932000,0.94888903,0.92625209,0019,0034,0067,0.55828651,"PART,SimpleCart,DecisionTable,PART_useMDLcorrection,PART_binarySplits,PART_minNumObj,DecisionTable_useIBk,DecisionTable_crossVal,PART_pruning,SimpleCart_minNumObj,J48,PART_numFolds,J48_pruning,J48_useLaplace,SimpleCart_usePrune,JRip,J48_numFolds,J48_minNumObj,J48_doNotMakeSplitPointActualValue,SimpleCart_numFoldsPruning,J48_subtreeRaising,J48_binarySplits,J48_confidenceFactorValue,DecisionTable_evaluationMeasure,SimpleCart_useOneSE,JRip_minNo,GreedyStepwise_searchBackwards,JRip_optimizations,JRip_folds,GreedyStepwise_conservativeForwardSelection,BestFirst_searchTermination,BestFirst_direction,J48_collapseTree,DecisionTable_search,JRip_usePruning,Aggregator,JRip_checkErrorRate,J48_useMDLcorrection,PART_confidenceFactorValue,SimpleCart_heuristic,PART_doNotMakeSplitPointActualValue"
10,90,0.87337259,0.92580809,0.93932000,0.94888903,0.92625209,0022,0142,0046,0.57975468,"SimpleCart,PART,DecisionTable,PART_binarySplits,DecisionTable_evaluationMeasure,Aggregator,SimpleCart_heuristic,DecisionTable_search,BestFirst_searchTermination,BestFirst_direction,GreedyStepwise_conservativeForwardSelection,J48_confidenceFactorValue,J48_binarySplits,J48_doNotMakeSplitPointActualValue,J48_useLaplace,JRip_minNo,J48_pruning,J48_subtreeRaising,J48_numFolds,SimpleCart_useOneSE,SimpleCart_numFoldsPruning,PART_confidenceFactorValue,PART_numFolds,JRip_checkErrorRate,JRip_optimizations,J48_collapseTree,JRip_usePruning,JRip_folds,J48_useMDLcorrection,J48_minNumObj,PART_useMDLcorrection,DecisionTable_useIBk,SimpleCart_usePrune,J48,PART_pruning,SimpleCart_minNumObj,DecisionTable_crossVal,GreedyStepwise_searchBackwards,PART_minNumObj,JRip,PART_doNotMakeSplitPointActualValue"
11,90,0.86481562,0.92577036,0.93932000,0.94888903,0.92625209,0019,0034,0046,0.57975468,"DecisionTable,DecisionTable_search,BestFirst_direction,Aggregator,DecisionTable_evaluationMeasure,PART,PART_binarySplits,GreedyStepwise_conservativeForwardSelection,SimpleCart,BestFirst_searchTermination,SimpleCart_heuristic,PART_minNumObj,PART_doNotMakeSplitPointActualValue,SimpleCart_minNumObj,PART_pruning,PART_confidenceFactorValue,PART_numFolds,PART_useMDLcorrection,SimpleCart_usePrune,GreedyStepwise_searchBackwards,SimpleCart_numFoldsPruning,DecisionTable_useIBk,DecisionTable_crossVal,J48,J48_collapseTree,JRip,SimpleCart_useOneSE,J48_doNotMakeSplitPointActualValue,J48_useMDLcorrection,J48_minNumObj,J48_useLaplace,JRip_minNo,J48_binarySplits,JRip_usePruning,J48_pruning,JRip_checkErrorRate,J48_numFolds,J48_subtreeRaising,JRip_folds,JRip_optimizations,J48_confidenceFactorValue"
12,90,0.86827074,0.92545803,0.93932000,0.94888903,0.92625209,0021,0157,0046,0.57975468,"PART,SimpleCart,DecisionTable,DecisionTable_evaluationMeasure,PART_binarySplits,Aggregator,DecisionTable_search,SimpleCart_heuristic,GreedyStepwise_conservativeForwardSelection,BestFirst_direction,BestFirst_searchTermination,J48_subtreeRaising,J48_useMDLcorrection,SimpleCart_numFoldsPruning,JRip_optimizations,SimpleCart_useOneSE,J48_useLaplace,J48_numFolds,JRip_minNo,JRip_usePruning,JRip_folds,J48_collapseTree,JRip_checkErrorRate,PART_confidenceFactorValue,J48_doNotMakeSplitPointActualValue,J48_confidenceFactorValue,J48_pruning,J48_minNumObj,J48_binarySplits,PART_numFolds,SimpleCart_usePrune,PART_minNumObj,SimpleCart_minNumObj,DecisionTable_useIBk,DecisionTable_crossVal,PART_pruning,PART_useMDLcorrection,PART_doNotMakeSplitPointActualValue,GreedyStepwise_searchBackwards,JRip,J48"
13,90,0.85961636,0.92418037,0.93932000,0.94888903,0.92625209,0018,0034,0035,0.00000000,"DecisionTable,DecisionTable_useIBk,DecisionTable_search,JRip,JRip_checkErrorRate,J48,J48_collapseTree,DecisionTable_crossVal,PART,JRip_minNo,J48_minNumObj,PART_pruning,JRip_usePruning,SimpleCart,J48_useMDLcorrection,Aggregator,JRip_folds,J48_doNotMakeSplitPointActualValue,PART_binarySplits,J48_binarySplits,DecisionTable_evaluationMeasure,GreedyStepwise_searchBackwards,SimpleCart_usePrune,SimpleCart_heuristic,PART_minNumObj,PART_confidenceFactorValue,J48_pruning,J48_useLaplace,GreedyStepwise_conservativeForwardSelection,SimpleCart_numFoldsPruning,BestFirst_searchTermination,BestFirst_direction,PART_doNotMakeSplitPointActualValue,SimpleCart_minNumObj,PART_useMDLcorrection,JRip_optimizations,PART_numFolds,J48_subtreeRaising,J48_confidenceFactorValue,SimpleCart_useOneSE,J48_numFolds"
14,90,0.86670633,0.92470293,0.93932000,0.94888903,0.92625209,0016,0034,0035,0.00000000,"JRip,Aggregator,JRip_checkErrorRate,DecisionTable,JRip_usePruning,JRip_minNo,DecisionTable_evaluationMeasure,JRip_optimizations,DecisionTable_crossVal,PART,DecisionTable_search,DecisionTable_useIBk,GreedyStepwise_conservativeForwardSelection,PART_doNotMakeSplitPointActualValue,J48,PART_binarySplits,BestFirst_searchTermination,JRip_folds,BestFirst_direction,SimpleCart,J48_useMDLcorrection,J48_minNumObj,GreedyStepwise_searchBackwards,J48_binarySplits,PART_pruning,PART_confidenceFactorValue,PART_useMDLcorrection,SimpleCart_minNumObj,J48_collapseTree,J48_pruning,PART_minNumObj,PART_numFolds,SimpleCart_heuristic,J48_doNotMakeSplitPointActualValue,J48_useLaplace,SimpleCart_usePrune,J48_confidenceFactorValue,J48_subtreeRaising,J48_numFolds,SimpleCart_useOneSE,SimpleCart_numFoldsPruning"
15,90,0.86594755,0.92523645,0.93932000,0.94888903,0.92625209,0020,0034,0035,0.00000000,"Aggregator,J48,JRip,J48_doNotMakeSplitPointActualValue,PART,PART_binarySplits,SimpleCart,JRip_checkErrorRate,SimpleCart_minNumObj,DecisionTable,J48_pruning,J48_collapseTree,SimpleCart_heuristic,PART_doNotMakeSplitPointActualValue,J48_subtreeRaising,J48_minNumObj,SimpleCart_usePrune,DecisionTable_crossVal,J48_useMDLcorrection,SimpleCart_numFoldsPruning,PART_useMDLcorrection,J48_useLaplace,DecisionTable_useIBk,DecisionTable_search,JRip_usePruning,PART_pruning,J48_binarySplits,JRip_minNo,J48_confidenceFactorValue,GreedyStepwise_conservativeForwardSelection,SimpleCart_useOneSE,PART_minNumObj,JRip_optimizations,DecisionTable_evaluationMeasure,J48_numFolds,BestFirst_direction,GreedyStepwise_searchBackwards,PART_numFolds,JRip_folds,PART_confidenceFactorValue,BestFirst_searchTermination"
16,90,0.86179606,0.92434581,0.93932000,0.94888903,0.92625209,0022,0034,0035,0.00000000,"DecisionTable,Aggregator,J48,J48_useLaplace,J48_pruning,J48_useMDLcorrection,J48_minNumObj,SimpleCart,DecisionTable_evaluationMeasure,DecisionTable_search,J48_confidenceFactorValue,DecisionTable_crossVal,J48_subtreeRaising,DecisionTable_useIBk,PART,GreedyStepwise_searchBackwards,PART_binarySplits,J48_doNotMakeSplitPointActualValue,SimpleCart_usePrune,J48_binarySplits,JRip,SimpleCart_heuristic,J48_numFolds,J48_collapseTree,SimpleCart_useOneSE,GreedyStepwise_conservativeForwardSelection,SimpleCart_minNumObj,SimpleCart_numFoldsPruning,PART_pruning,PART_doNotMakeSplitPointActualValue,PART_useMDLcorrection,BestFirst_direction,BestFirst_searchTermination,PART_numFolds,PART_minNumObj,JRip_usePruning,JRip_folds,JRip_checkErrorRate,JRip_minNo,PART_confidenceFactorValue,JRip_optimizations"
17,90,0.86806478,0.92503878,0.93932000,0.94888903,0.92625209,0019,0034,0035,0.00000000,"J48,J48_binarySplits,J48_minNumObj,DecisionTable,PART,DecisionTable_evaluationMeasure,DecisionTable_crossVal,J48_pruning,J48_confidenceFactorValue,JRip,SimpleCart,DecisionTable_search,J48_useMDLcorrection,JRip_usePruning,SimpleCart_usePrune,J48_collapseTree,SimpleCart_useOneSE,GreedyStepwise_conservativeForwardSelection,GreedyStepwise_searchBackwards,DecisionTable_useIBk,J48_useLaplace,SimpleCart_numFoldsPruning,Aggregator,J48_doNotMakeSplitPointActualValue,J48_numFolds,JRip_minNo,BestFirst_searchTermination,JRip_optimizations,PART_doNotMakeSplitPointActualValue,PART_binarySplits,PART_pruning,PART_minNumObj,J48_subtreeRaising,SimpleCart_minNumObj,PART_useMDLcorrection,SimpleCart_heuristic,PART_confidenceFactorValue,BestFirst_direction,JRip_checkErrorRate,JRip_folds,PART_numFolds"
18,90,0.87157057,0.92413735,0.93932000,0.94888903,0.92625209,0016,0034,0035,0.00000000,"PART,SimpleCart,JRip,JRip_usePruning,JRip_checkErrorRate,PART_minNumObj,PART_pruning,PART_numFolds,JRip_optimizations,Aggregator,SimpleCart_usePrune,DecisionTable,DecisionTable_search,JRip_minNo,PART_doNotMakeSplitPointActualValue,PART_confidenceFactorValue,PART_useMDLcorrection,J48,GreedyStepwise_conservativeForwardSelection,PART_binarySplits,J48_minNumObj,BestFirst_direction,SimpleCart_useOneSE,SimpleCart_heuristic,SimpleCart_minNumObj,JRip_folds,J48_useLaplace,SimpleCart_numFoldsPruning,DecisionTable_useIBk,J48_useMDLcorrection,J48_doNotMakeSplitPointActualValue,DecisionTable_evaluationMeasure,J48_binarySplits,GreedyStepwise_searchBackwards,J48_pruning,BestFirst_searchTermination,DecisionTable_crossVal,J48_collapseTree,J48_subtreeRaising,J48_numFolds,J48_confidenceFactorValue"
19,90,0.86624037,0.92438701,0.93932000,0.94888903,0.92625209,0017,0035,0035,0.00000000,"Aggregator,J48,JRip,SimpleCart,JRip_minNo,J48_pruning,SimpleCart_usePrune,J48_minNumObj,J48_collapseTree,J48_doNotMakeSplitPointActualValue,J48_subtreeRaising,J48_useMDLcorrection,JRip_checkErrorRate,PART,DecisionTable,SimpleCart_minNumObj,J48_useLaplace,SimpleCart_numFoldsPruning,DecisionTable_crossVal,PART_binarySplits,J48_numFolds,J48_binarySplits,DecisionTable_search,PART_pruning,JRip_usePruning,PART_minNumObj,GreedyStepwise_searchBackwards,DecisionTable_useIBk,SimpleCart_useOneSE,JRip_folds,DecisionTable_evaluationMeasure,SimpleCart_heuristic,JRip_optimizations,J48_confidenceFactorValue,PART_numFolds,PART_doNotMakeSplitPointActualValue,BestFirst_searchTermination,PART_useMDLcorrection,BestFirst_direction,GreedyStepwise_conservativeForwardSelection,PART_confidenceFactorValue"
20,90,0.85555445,0.92493440,0.93932000,0.94888903,0.92625209,0015,0034,0035,0.00000000,"JRip,SimpleCart,JRip_minNo,DecisionTable,SimpleCart_usePrune,SimpleCart_useOneSE,Aggregator,J48,J48_minNumObj,J48_binarySplits,PART,JRip_usePruning,DecisionTable_evaluationMeasure,J48_doNotMakeSplitPointActualValue,JRip_checkErrorRate,JRip_folds,DecisionTable_crossVal,SimpleCart_minNumObj,DecisionTable_search,BestFirst_searchTermination,PART_doNotMakeSplitPointActualValue,DecisionTable_useIBk,GreedyStepwise_conservativeForwardSelection,SimpleCart_heuristic,JRip_optimizations,PART_binarySplits,PART_useMDLcorrection,PART_minNumObj,SimpleCart_numFoldsPruning,J48_collapseTree,J48_pruning,J48_useLaplace,J48_confidenceFactorValue,J48_useMDLcorrection,GreedyStepwise_searchBackwards,PART_pruning,BestFirst_direction,J48_subtreeRaising,PART_numFolds,J48_numFolds,PART_confidenceFactorValue"
21,90,0.86200050,0.92534303,0.93932000,0.94888903,0.92625209,0017,0034,0035,0.00000000,"SimpleCart,SimpleCart_usePrune,SimpleCart_minNumObj,DecisionTable,DecisionTable_search,BestFirst_searchTermination,DecisionTable_useIBk,J48,J48_minNumObj,Aggregator,DecisionTable_evaluationMeasure,J48_doNotMakeSplitPointActualValue,J48_useMDLcorrection,SimpleCart_numFoldsPruning,JRip,J48_pruning,PART,SimpleCart_heuristic,SimpleCart_useOneSE,BestFirst_direction,PART_minNumObj,PART_pruning,J48_numFolds,PART_doNotMakeSplitPointActualValue,J48_collapseTree,GreedyStepwise_conservativeForwardSelection,PART_useMDLcorrection,GreedyStepwise_searchBackwards,J48_useLaplace,DecisionTable_crossVal,J48_binarySplits,JRip_minNo,J48_subtreeRaising,PART_confidenceFactorValue,PART_binarySplits,JRip_checkErrorRate,JRip_usePruning,J48_confidenceFactorValue,JRip_folds,PART_numFolds,JRip_optimizations"
22,90,0.85985818,0.92393754,0.93932000,0.94888903,0.92625209,0018,0034,0035,0.00000000,"J48,J48_useMDLcorrection,JRip,DecisionTable,J48_doNotMakeSplitPointActualValue,JRip_minNo,SimpleCart,JRip_checkErrorRate,Aggregator,J48_minNumObj,J48_binarySplits,DecisionTable_crossVal,J48_collapseTree,PART,JRip_usePruning,J48_pruning,SimpleCart_minNumObj,JRip_folds,PART_doNotMakeSplitPointActualValue,J48_useLaplace,PART_minNumObj,DecisionTable_evaluationMeasure,DecisionTable_search,J48_confidenceFactorValue,SimpleCart_usePrune,DecisionTable_useIBk,PART_binarySplits,J48_numFolds,PART_useMDLcorrection,SimpleCart_heuristic,J48_subtreeRaising,JRip_optimizations,GreedyStepwise_conservativeForwardSelection,PART_pruning,GreedyStepwise_searchBackwards,BestFirst_searchTermination,SimpleCart_useOneSE,SimpleCart_numFoldsPruning,PART_confidenceFactorValue,BestFirst_direction,PART_numFolds"
23,90,0.85252829,0.92461006,0.93932000,0.94888903,0.92625209,0016,0034,0035,0.00000000,"JRip,PART,PART_doNotMakeSplitPointActualValue,SimpleCart,PART_minNumObj,J48,DecisionTable,J48_binarySplits,PART_useMDLcorrection,J48_minNumObj,JRip_usePruning,DecisionTable_evaluationMeasure,PART_binarySplits,SimpleCart_usePrune,J48_collapseTree,Aggregator,SimpleCart_minNumObj,DecisionTable_crossVal,JRip_minNo,JRip_folds,JRip_checkErrorRate,DecisionTable_search,J48_useMDLcorrection,J48_pruning,BestFirst_direction,SimpleCart_heuristic,GreedyStepwise_conservativeForwardSelection,PART_pruning,J48_numFolds,BestFirst_searchTermination,J48_useLaplace,SimpleCart_useOneSE,DecisionTable_useIBk,SimpleCart_numFoldsPruning,J48_doNotMakeSplitPointActualValue,J48_confidenceFactorValue,JRip_optimizations,J48_subtreeRaising,PART_confidenceFactorValue,GreedyStepwise_searchBackwards,PART_numFolds"
24,90,0.76963475,0.92493567,0.93932000,0.94888903,0.92625209,0019,0034,0035,0.00000000,"Aggregator,DecisionTable,DecisionTable_evaluationMeasure,DecisionTable_search,J48,J48_doNotMakeSplitPointActualValue,BestFirst_direction,SimpleCart,JRip,JRip_minNo,SimpleCart_heuristic,J48_minNumObj,JRip_checkErrorRate,DecisionTable_crossVal,BestFirst_searchTermination,SimpleCart_minNumObj,GreedyStepwise_conservativeForwardSelection,SimpleCart_usePrune,PART,J48_useMDLcorrection,PART_pruning,J48_collapseTree,PART_numFolds,PART_useMDLcorrection,SimpleCart_useOneSE,J48_useLaplace,DecisionTable_useIBk,J48_pruning,JRip_usePruning,J48_binarySplits,SimpleCart_numFoldsPruning,GreedyStepwise_searchBackwards,PART_binarySplits,PART_confidenceFactorValue,J48_subtreeRaising,J48_numFolds,PART_doNotMakeSplitPointActualValue,PART_minNumObj,J48_confidenceFactorValue,JRip_optimizations,JRip_folds"
25,90,0.86331906,0.92378075,0.93932000,0.94888903,0.92625209,0019,0034,0035,0.00000000,"J48,J48_useMDLcorrection,J48_binarySplits,DecisionTable,JRip,PART,J48_minNumObj,PART_doNotMakeSplitPointActualValue,PART_minNumObj,DecisionTable_evaluationMeasure,Aggregator,DecisionTable_search,SimpleCart,JRip_minNo,BestFirst_direction,JRip_usePruning,SimpleCart_usePrune,J48_pruning,SimpleCart_numFoldsPruning,J48_doNotMakeSplitPointActualValue,J48_useLaplace,PART_useMDLcorrection,J48_collapseTree,DecisionTable_useIBk,J48_confidenceFactorValue,BestFirst_searchTermination,JRip_checkErrorRate,DecisionTable_crossVal,J48_numFolds,GreedyStepwise_searchBackwards,SimpleCart_useOneSE,SimpleCart_minNumObj,GreedyStepwise_conservativeForwardSelection,PART_pruning,PART_binarySplits,SimpleCart_heuristic,J48_subtreeRaising,JRip_folds,PART_numFolds,JRip_optimizations,PART_confidenceFactorValue"
26,90,0.86600365,0.92444916,0.93932000,0.94888903,0.92625209,0018,0034,0035,0.00000000,"SimpleCart,J48,J48_collapseTree,SimpleCart_usePrune,SimpleCart_heuristic,Aggregator,SimpleCart_minNumObj,SimpleCart_numFoldsPruning,J48_useMDLcorrection,J48_minNumObj,SimpleCart_useOneSE,PART,JRip,J48_doNotMakeSplitPointActualValue,PART_minNumObj,J48_pruning,J48_binarySplits,DecisionTable,J48_useLaplace,DecisionTable_useIBk,J48_numFolds,PART_pruning,PART_numFolds,JRip_checkErrorRate,PART_binarySplits,J48_subtreeRaising,PART_doNotMakeSplitPointActualValue,PART_useMDLcorrection,JRip_usePruning,JRip_minNo,DecisionTable_search,GreedyStepwise_searchBackwards,GreedyStepwise_conservativeForwardSelection,JRip_folds,DecisionTable_evaluationMeasure,J48_confidenceFactorValue,DecisionTable_crossVal,PART_confidenceFactorValue,BestFirst_direction,BestFirst_searchTermination,JRip_optimizations"
27,90,0.85320920,0.92403613,0.93932000,0.94888903,0.92625209,0017,0035,0035,0.00000000,"PART,PART_binarySplits,PART_useMDLcorrection,DecisionTable,Aggregator,DecisionTable_crossVal,PART_doNotMakeSplitPointActualValue,JRip,DecisionTable_evaluationMeasure,J48,J48_pruning,JRip_minNo,PART_pruning,SimpleCart,J48_numFolds,J48_binarySplits,J48_collapseTree,J48_minNumObj,PART_minNumObj,J48_confidenceFactorValue,SimpleCart_usePrune,DecisionTable_useIBk,J48_subtreeRaising,PART_numFolds,DecisionTable_search,SimpleCart_heuristic,PART_confidenceFactorValue,J48_useLaplace,JRip_usePruning,JRip_optimizations,J48_doNotMakeSplitPointActualValue,J48_useMDLcorrection,JRip_checkErrorRate,BestFirst_searchTermination,SimpleCart_minNumObj,BestFirst_direction,SimpleCart_useOneSE,SimpleCart_numFoldsPruning,GreedyStepwise_conservativeForwardSelection,GreedyStepwise_searchBackwards,JRip_folds"
28,90,0.86868717,0.92382182,0.93932000,0.94888903,0.92625209,0019,0034,0035,0.00000000,"J48,J48_minNumObj,PART,DecisionTable,Aggregator,JRip,J48_collapseTree,DecisionTable_evaluationMeasure,SimpleCart,JRip_usePruning,J48_binarySplits,PART_binarySplits,PART_useMDLcorrection,J48_useMDLcorrection,PART_doNotMakeSplitPointActualValue,DecisionTable_crossVal,JRip_minNo,DecisionTable_search,JRip_checkErrorRate,SimpleCart_heuristic,PART_pruning,J48_useLaplace,GreedyStepwise_conservativeForwardSelection,J48_doNotMakeSplitPointActualValue,DecisionTable_useIBk,J48_pruning,JRip_folds,JRip_optimizations,SimpleCart_minNumObj,PART_minNumObj,PART_confidenceFactorValue,PART_numFolds,BestFirst_searchTermination,SimpleCart_usePrune,J48_subtreeRaising,SimpleCart_numFoldsPruning,J48_confidenceFactorValue,BestFirst_direction,GreedyStepwise_searchBackwards,J48_numFolds,SimpleCart_useOneSE"
29,90,0.86256512,0.92166347,0.93932000,0.94888903,0.92625209,0019,0034,0035,0.00000000,"J48,JRip,JRip_checkErrorRate,J48_pruning,PART,PART_pruning,J48_binarySplits,J48_useMDLcorrection,J48_doNotMakeSplitPointActualValue,J48_minNumObj,SimpleCart,J48_subtreeRaising,Aggregator,SimpleCart_heuristic,SimpleCart_minNumObj,SimpleCart_usePrune,JRip_minNo,JRip_usePruning,PART_confidenceFactorValue,PART_numFolds,DecisionTable,J48_collapseTree,J48_useLaplace,SimpleCart_numFoldsPruning,J48_numFolds,PART_minNumObj,DecisionTable_search,PART_useMDLcorrection,JRip_optimizations,J48_confidenceFactorValue,PART_doNotMakeSplitPointActualValue,PART_binarySplits,JRip_folds,DecisionTable_evaluationMeasure,BestFirst_direction,SimpleCart_useOneSE,DecisionTable_crossVal,GreedyStepwise_searchBackwards,BestFirst_searchTermination,DecisionTable_useIBk,GreedyStepwise_conservativeForwardSelection"
30,90,0.85964137,0.92526700,0.93932000,0.94888903,0.92625209,0020,0034,0035,0.00000000,"J48,J48_useLaplace,J48_minNumObj,PART,J48_binarySplits,DecisionTable,J48_collapseTree,PART_doNotMakeSplitPointActualValue,DecisionTable_evaluationMeasure,PART_minNumObj,PART_pruning,PART_numFolds,JRip,DecisionTable_search,J48_useMDLcorrection,PART_useMDLcorrection,DecisionTable_useIBk,SimpleCart,Aggregator,PART_confidenceFactorValue,DecisionTable_crossVal,J48_pruning,J48_doNotMakeSplitPointActualValue,GreedyStepwise_searchBackwards,SimpleCart_heuristic,BestFirst_searchTermination,SimpleCart_usePrune,PART_binarySplits,JRip_minNo,GreedyStepwise_conservativeForwardSelection,SimpleCart_minNumObj,J48_confidenceFactorValue,JRip_usePruning,BestFirst_direction,JRip_checkErrorRate,SimpleCart_numFoldsPruning,J48_subtreeRaising,J48_numFolds,JRip_optimizations,SimpleCart_useOneSE,JRip_folds"
31,90,0.87622950,0.92553311,0.93932000,0.94888903,0.92625209,0018,0034,0035,0.00000000,"J48,J48_collapseTree,Aggregator,PART,J48_minNumObj,PART_useMDLcorrection,J48_binarySplits,J48_useLaplace,J48_useMDLcorrection,J48_doNotMakeSplitPointActualValue,PART_doNotMakeSplitPointActualValue,DecisionTable,JRip,JRip_minNo,DecisionTable_evaluationMeasure,SimpleCart,PART_pruning,DecisionTable_crossVal,J48_pruning,SimpleCart_minNumObj,DecisionTable_search,SimpleCart_heuristic,PART_minNumObj,JRip_checkErrorRate,PART_binarySplits,SimpleCart_usePrune,DecisionTable_useIBk,J48_confidenceFactorValue,JRip_usePruning,J48_numFolds,BestFirst_direction,PART_numFolds,PART_confidenceFactorValue,GreedyStepwise_conservativeForwardSelection,J48_subtreeRaising,GreedyStepwise_searchBackwards,JRip_optimizations,BestFirst_searchTermination,SimpleCart_useOneSE,JRip_folds,SimpleCart_numFoldsPruning"
32,90,0.86258173,0.92328455,0.93932000,0.94888903,0.92625209,0020,0034,0035,0.00000000,"PART,PART_pruning,Aggregator,J48,DecisionTable,J48_minNumObj,DecisionTable_useIBk,SimpleCart,PART_doNotMakeSplitPointActualValue,PART_useMDLcorrection,PART_numFolds,J48_pruning,PART_binarySplits,J48_useLaplace,J48_binarySplits,JRip,DecisionTable_evaluationMeasure,DecisionTable_search,GreedyStepwise_conservativeForwardSelection,J48_collapseTree,PART_minNumObj,SimpleCart_heuristic,J48_numFolds,JRip_checkErrorRate,JRip_minNo,J48_doNotMakeSplitPointActualValue,J48_useMDLcorrection,PART_confidenceFactorValue,J48_subtreeRaising,BestFirst_searchTermination,DecisionTable_crossVal,GreedyStepwise_searchBackwards,BestFirst_direction,J48_confidenceFactorValue,SimpleCart_minNumObj,SimpleCart_usePrune,SimpleCart_numFoldsPruning,JRip_usePruning,JRip_optimizations,SimpleCart_useOneSE,JRip_folds"
33,90,0.85709116,0.92278598,0.93932000,0.94888903,0.92625209,0020,0034,0035,0.00000000,"SimpleCart,J48,J48_useMDLcorrection,JRip,Aggregator,DecisionTable,DecisionTable_useIBk,JRip_checkErrorRate,SimpleCart_heuristic,J48_minNumObj,J48_useLaplace,DecisionTable_search,PART,SimpleCart_minNumObj,JRip_usePruning,J48_binarySplits,GreedyStepwise_conservativeForwardSelection,DecisionTable_crossVal,JRip_folds,DecisionTable_evaluationMeasure,BestFirst_searchTermination,SimpleCart_usePrune,J48_collapseTree,J48_doNotMakeSplitPointActualValue,JRip_minNo,BestFirst_direction,JRip_optimizations,PART_pruning,PART_binarySplits,J48_pruning,PART_doNotMakeSplitPointActualValue,PART_useMDLcorrection,J48_subtreeRaising,SimpleCart_numFoldsPruning,J48_confidenceFactorValue,PART_minNumObj,GreedyStepwise_searchBackwards,SimpleCart_useOneSE,PART_confidenceFactorValue,J48_numFolds,PART_numFolds"
34,90,0.86975504,0.92375646,0.93932000,0.94888903,0.92625209,0020,0035,0035,0.00000000,"PART,PART_minNumObj,SimpleCart,Aggregator,J48,JRip,PART_doNotMakeSplitPointActualValue,SimpleCart_heuristic,DecisionTable,J48_collapseTree,PART_useMDLcorrection,JRip_checkErrorRate,PART_binarySplits,J48_binarySplits,PART_pruning,DecisionTable_useIBk,J48_doNotMakeSplitPointActualValue,DecisionTable_crossVal,J48_useLaplace,PART_numFolds,J48_pruning,SimpleCart_usePrune,J48_confidenceFactorValue,DecisionTable_search,J48_useMDLcorrection,DecisionTable_evaluationMeasure,J48_minNumObj,SimpleCart_minNumObj,JRip_usePruning,JRip_minNo,J48_numFolds,J48_subtreeRaising,PART_confidenceFactorValue,BestFirst_searchTermination,SimpleCart_numFoldsPruning,JRip_folds,GreedyStepwise_searchBackwards,SimpleCart_useOneSE,GreedyStepwise_conservativeForwardSelection,BestFirst_direction,JRip_optimizations"
35,90,0.78374331,0.92549092,0.93932000,0.94888903,0.92625209,0020,0034,0035,0.00000000,"JRip,Aggregator,PART,PART_binarySplits,JRip_usePruning,DecisionTable,JRip_optimizations,PART_minNumObj,PART_pruning,PART_confidenceFactorValue,PART_doNotMakeSplitPointActualValue,SimpleCart,J48,JRip_checkErrorRate,JRip_minNo,SimpleCart_heuristic,J48_collapseTree,JRip_folds,PART_useMDLcorrection,DecisionTable_evaluationMeasure,SimpleCart_usePrune,J48_useMDLcorrection,SimpleCart_useOneSE,DecisionTable_crossVal,J48_useLaplace,DecisionTable_useIBk,J48_binarySplits,PART_numFolds,DecisionTable_search,BestFirst_searchTermination,J48_pruning,J48_confidenceFactorValue,GreedyStepwise_searchBackwards,J48_minNumObj,SimpleCart_numFoldsPruning,SimpleCart_minNumObj,J48_doNotMakeSplitPointActualValue,BestFirst_direction,J48_subtreeRaising,J48_numFolds,GreedyStepwise_conservativeForwardSelection"
36,90,0.86682984,0.92434612,0.93932000,0.94888903,0.92625209,0020,0034,0035,0.00000000,"PART,SimpleCart,J48,SimpleCart_usePrune,SimpleCart_heuristic,J48_useMDLcorrection,Aggregator,PART_binarySplits,PART_pruning,J48_doNotMakeSplitPointActualValue,DecisionTable,J48_binarySplits,JRip,J48_collapseTree,SimpleCart_numFoldsPruning,PART_doNotMakeSplitPointActualValue,JRip_usePruning,SimpleCart_useOneSE,DecisionTable_crossVal,J48_pruning,SimpleCart_minNumObj,PART_confidenceFactorValue,PART_useMDLcorrection,PART_minNumObj,DecisionTable_search,J48_subtreeRaising,J48_useLaplace,J48_minNumObj,DecisionTable_useIBk,BestFirst_direction,PART_numFolds,JRip_minNo,BestFirst_searchTermination,DecisionTable_evaluationMeasure,JRip_folds,J48_numFolds,JRip_checkErrorRate,J48_confidenceFactorValue,JRip_optimizations,GreedyStepwise_conservativeForwardSelection,GreedyStepwise_searchBackwards"
37,90,0.86913819,0.92389369,0.93932000,0.94888903,0.92625209,0017,0034,0035,0.00000000,"DecisionTable,DecisionTable_crossVal,DecisionTable_search,DecisionTable_useIBk,DecisionTable_evaluationMeasure,BestFirst_direction,Aggregator,GreedyStepwise_conservativeForwardSelection,SimpleCart,J48,SimpleCart_heuristic,PART,J48_useLaplace,PART_useMDLcorrection,PART_doNotMakeSplitPointActualValue,SimpleCart_usePrune,SimpleCart_numFoldsPruning,JRip,PART_binarySplits,BestFirst_searchTermination,J48_pruning,JRip_minNo,GreedyStepwise_searchBackwards,JRip_checkErrorRate,PART_minNumObj,JRip_usePruning,J48_useMDLcorrection,SimpleCart_minNumObj,JRip_optimizations,J48_subtreeRaising,J48_minNumObj,J48_collapseTree,J48_binarySplits,J48_doNotMakeSplitPointActualValue,JRip_folds,PART_pruning,SimpleCart_useOneSE,J48_numFolds,J48_confidenceFactorValue,PART_confidenceFactorValue,PART_numFolds"
38,90,0.86875422,0.92327239,0.93932000,0.94888903,0.92625209,0019,0034,0035,0.00000000,"JRip,J48,J48_pruning,J48_useLaplace,J48_numFolds,J48_subtreeRaising,PART,J48_doNotMakeSplitPointActualValue,PART_minNumObj,J48_useMDLcorrection,SimpleCart,J48_confidenceFactorValue,Aggregator,J48_binarySplits,PART_doNotMakeSplitPointActualValue,JRip_minNo,JRip_usePruning,DecisionTable,J48_minNumObj,J48_collapseTree,JRip_checkErrorRate,SimpleCart_heuristic,DecisionTable_search,BestFirst_direction,PART_useMDLcorrection,PART_binarySplits,SimpleCart_minNumObj,JRip_optimizations,DecisionTable_crossVal,GreedyStepwise_conservativeForwardSelection,JRip_folds,PART_pruning,DecisionTable_useIBk,PART_confidenceFactorValue,DecisionTable_evaluationMeasure,SimpleCart_usePrune,SimpleCart_useOneSE,BestFirst_searchTermination,PART_numFolds,GreedyStepwise_searchBackwards,SimpleCart_numFoldsPruning"
39,90,0.86564084,0.92344776,0.93932000,0.94888903,0.92625209,0022,0034,0035,0.00000000,"PART,JRip,PART_minNumObj,PART_useMDLcorrection,JRip_checkErrorRate,PART_binarySplits,PART_doNotMakeSplitPointActualValue,JRip_minNo,SimpleCart,PART_pruning,JRip_usePruning,Aggregator,SimpleCart_minNumObj,PART_numFolds,DecisionTable,J48,SimpleCart_usePrune,J48_doNotMakeSplitPointActualValue,JRip_folds,DecisionTable_evaluationMeasure,JRip_optimizations,DecisionTable_crossVal,J48_binarySplits,J48_minNumObj,SimpleCart_numFoldsPruning,J48_pruning,J48_confidenceFactorValue,J48_useLaplace,SimpleCart_heuristic,J48_collapseTree,J48_subtreeRaising,PART_confidenceFactorValue,DecisionTable_search,DecisionTable_useIBk,J48_useMDLcorrection,J48_numFolds,SimpleCart_useOneSE,BestFirst_searchTermination,GreedyStepwise_conservativeForwardSelection,BestFirst_direction,GreedyStepwise_searchBackwards"
40,90,0.86666993,0.92372732,0.93932000,0.94888903,0.92625209,0019,0034,0035,0.00000000,"JRip,SimpleCart,DecisionTable,PART,PART_minNumObj,PART_doNotMakeSplitPointActualValue,J48,SimpleCart_heuristic,Aggregator,DecisionTable_useIBk,J48_doNotMakeSplitPointActualValue,PART_useMDLcorrection,PART_binarySplits,PART_pruning,SimpleCart_usePrune,SimpleCart_minNumObj,DecisionTable_evaluationMeasure,JRip_minNo,DecisionTable_crossVal,J48_useLaplace,JRip_checkErrorRate,JRip_usePruning,J48_binarySplits,SimpleCart_useOneSE,DecisionTable_search,J48_pruning,JRip_optimizations,PART_numFolds,GreedyStepwise_conservativeForwardSelection,J48_minNumObj,GreedyStepwise_searchBackwards,J48_useMDLcorrection,PART_confidenceFactorValue,J48_collapseTree,BestFirst_direction,JRip_folds,BestFirst_searchTermination,SimpleCart_numFoldsPruning,J48_subtreeRaising,J48_numFolds,J48_confidenceFactorValue"
41,90,0.85573392,0.92425852,0.93932000,0.94888903,0.92625209,0017,0034,0035,0.00000000,"Aggregator,JRip,SimpleCart,JRip_checkErrorRate,SimpleCart_minNumObj,JRip_usePruning,SimpleCart_heuristic,DecisionTable,DecisionTable_evaluationMeasure,J48,J48_binarySplits,SimpleCart_usePrune,J48_minNumObj,SimpleCart_useOneSE,JRip_folds,DecisionTable_useIBk,J48_collapseTree,JRip_minNo,PART,PART_useMDLcorrection,J48_doNotMakeSplitPointActualValue,PART_binarySplits,SimpleCart_numFoldsPruning,J48_useLaplace,J48_pruning,J48_useMDLcorrection,JRip_optimizations,DecisionTable_crossVal,J48_subtreeRaising,DecisionTable_search,J48_numFolds,PART_pruning,GreedyStepwise_searchBackwards,BestFirst_direction,BestFirst_searchTermination,PART_doNotMakeSplitPointActualValue,PART_minNumObj,PART_confidenceFactorValue,PART_numFolds,J48_confidenceFactorValue,GreedyStepwise_conservativeForwardSelection"
42,90,0.87182041,0.92432767,0.93932000,0.94888903,0.92625209,0019,0034,0035,0.00000000,"Aggregator,SimpleCart,PART,J48,J48_binarySplits,J48_useMDLcorrection,J48_collapseTree,PART_useMDLcorrection,SimpleCart_minNumObj,DecisionTable,J48_doNotMakeSplitPointActualValue,SimpleCart_usePrune,JRip,SimpleCart_heuristic,JRip_usePruning,PART_doNotMakeSplitPointActualValue,J48_useLaplace,JRip_optimizations,PART_pruning,JRip_folds,PART_binarySplits,PART_minNumObj,SimpleCart_useOneSE,DecisionTable_useIBk,J48_minNumObj,PART_confidenceFactorValue,DecisionTable_evaluationMeasure,J48_pruning,J48_confidenceFactorValue,PART_numFolds,DecisionTable_crossVal,JRip_minNo,JRip_checkErrorRate,DecisionTable_search,BestFirst_searchTermination,SimpleCart_numFoldsPruning,GreedyStepwise_searchBackwards,BestFirst_direction,J48_subtreeRaising,J48_numFolds,GreedyStepwise_conservativeForwardSelection"
43,90,0.85380100,0.92456620,0.93932000,0.94888903,0.92625209,0020,0034,0035,0.00000000,"PART,PART_useMDLcorrection,SimpleCart,SimpleCart_minNumObj,Aggregator,PART_pruning,PART_doNotMakeSplitPointActualValue,PART_confidenceFactorValue,JRip,JRip_minNo,JRip_checkErrorRate,JRip_usePruning,SimpleCart_heuristic,PART_minNumObj,JRip_folds,SimpleCart_usePrune,DecisionTable,SimpleCart_useOneSE,PART_binarySplits,J48,DecisionTable_useIBk,J48_useMDLcorrection,J48_minNumObj,SimpleCart_numFoldsPruning,PART_numFolds,J48_useLaplace,DecisionTable_crossVal,J48_pruning,J48_binarySplits,JRip_optimizations,DecisionTable_search,GreedyStepwise_searchBackwards,DecisionTable_evaluationMeasure,BestFirst_direction,J48_doNotMakeSplitPointActualValue,J48_collapseTree,J48_confidenceFactorValue,J48_subtreeRaising,GreedyStepwise_conservativeForwardSelection,J48_numFolds,BestFirst_searchTermination"
44,90,0.85716754,0.92446425,0.93932000,0.94888903,0.92625209,0019,0034,0035,0.00000000,"SimpleCart,SimpleCart_heuristic,PART,SimpleCart_usePrune,Aggregator,PART_useMDLcorrection,PART_pruning,DecisionTable,PART_binarySplits,DecisionTable_crossVal,PART_minNumObj,J48,SimpleCart_useOneSE,PART_confidenceFactorValue,JRip,SimpleCart_minNumObj,PART_numFolds,DecisionTable_search,J48_doNotMakeSplitPointActualValue,DecisionTable_useIBk,J48_useMDLcorrection,PART_doNotMakeSplitPointActualValue,J48_pruning,JRip_minNo,J48_subtreeRaising,SimpleCart_numFoldsPruning,BestFirst_direction,J48_numFolds,BestFirst_searchTermination,GreedyStepwise_searchBackwards,DecisionTable_evaluationMeasure,J48_useLaplace,JRip_checkErrorRate,J48_minNumObj,J48_binarySplits,J48_collapseTree,JRip_usePruning,GreedyStepwise_conservativeForwardSelection,JRip_folds,J48_confidenceFactorValue,JRip_optimizations"
45,90,0.84937905,0.92368328,0.93932000,0.94888903,0.92625209,0016,0034,0035,0.00000000,"J48,J48_pruning,J48_confidenceFactorValue,SimpleCart,J48_collapseTree,J48_numFolds,Aggregator,J48_subtreeRaising,PART,PART_doNotMakeSplitPointActualValue,PART_binarySplits,SimpleCart_heuristic,J48_binarySplits,J48_useMDLcorrection,JRip,SimpleCart_minNumObj,PART_useMDLcorrection,PART_minNumObj,J48_doNotMakeSplitPointActualValue,DecisionTable,SimpleCart_usePrune,J48_useLaplace,DecisionTable_crossVal,J48_minNumObj,PART_pruning,DecisionTable_useIBk,PART_confidenceFactorValue,DecisionTable_search,GreedyStepwise_conservativeForwardSelection,SimpleCart_useOneSE,BestFirst_searchTermination,JRip_checkErrorRate,JRip_usePruning,GreedyStepwise_searchBackwards,DecisionTable_evaluationMeasure,SimpleCart_numFoldsPruning,JRip_minNo,BestFirst_direction,JRip_folds,PART_numFolds,JRip_optimizations"
46,90,0.85863767,0.92250398,0.93932000,0.94888903,0.92625209,0018,0034,0035,0.00000000,"JRip,JRip_minNo,J48,DecisionTable,J48_collapseTree,J48_useMDLcorrection,Aggregator,J48_doNotMakeSplitPointActualValue,J48_binarySplits,JRip_usePruning,DecisionTable_search,JRip_optimizations,BestFirst_searchTermination,BestFirst_direction,J48_minNumObj,SimpleCart,J48_pruning,PART,DecisionTable_evaluationMeasure,PART_pruning,JRip_checkErrorRate,DecisionTable_useIBk,J48_subtreeRaising,PART_doNotMakeSplitPointActualValue,GreedyStepwise_searchBackwards,J48_useLaplace,DecisionTable_crossVal,GreedyStepwise_conservativeForwardSelection,PART_numFolds,PART_binarySplits,SimpleCart_usePrune,SimpleCart_heuristic,SimpleCart_minNumObj,J48_numFolds,SimpleCart_numFoldsPruning,JRip_folds,SimpleCart_useOneSE,PART_useMDLcorrection,PART_minNumObj,J48_confidenceFactorValue,PART_confidenceFactorValue"
47,90,0.87086962,0.92574945,0.93932000,0.94888903,0.92625209,0018,0034,0035,0.00000000,"JRip,J48,Aggregator,J48_collapseTree,J48_pruning,JRip_checkErrorRate,SimpleCart,J48_subtreeRaising,J48_doNotMakeSplitPointActualValue,JRip_minNo,PART,PART_pruning,J48_minNumObj,DecisionTable,DecisionTable_useIBk,PART_binarySplits,J48_useMDLcorrection,PART_confidenceFactorValue,JRip_usePruning,J48_binarySplits,J48_numFolds,PART_doNotMakeSplitPointActualValue,J48_useLaplace,SimpleCart_minNumObj,DecisionTable_evaluationMeasure,SimpleCart_usePrune,J48_confidenceFactorValue,JRip_optimizations,SimpleCart_numFoldsPruning,JRip_folds,SimpleCart_heuristic,DecisionTable_search,PART_numFolds,BestFirst_searchTermination,PART_useMDLcorrection,PART_minNumObj,DecisionTable_crossVal,GreedyStepwise_conservativeForwardSelection,BestFirst_direction,SimpleCart_useOneSE,GreedyStepwise_searchBackwards"
48,90,0.85566217,0.92487184,0.93932000,0.94888903,0.92625209,0019,0034,0035,0.00000000,"SimpleCart,SimpleCart_usePrune,SimpleCart_minNumObj,PART,PART_doNotMakeSplitPointActualValue,SimpleCart_numFoldsPruning,PART_minNumObj,PART_pruning,Aggregator,SimpleCart_useOneSE,J48,J48_doNotMakeSplitPointActualValue,PART_confidenceFactorValue,J48_useLaplace,PART_useMDLcorrection,DecisionTable,J48_minNumObj,JRip,SimpleCart_heuristic,JRip_usePruning,J48_useMDLcorrection,J48_binarySplits,PART_numFolds,JRip_folds,DecisionTable_search,PART_binarySplits,DecisionTable_useIBk,JRip_optimizations,J48_collapseTree,DecisionTable_crossVal,DecisionTable_evaluationMeasure,J48_pruning,JRip_minNo,BestFirst_searchTermination,J48_confidenceFactorValue,BestFirst_direction,JRip_checkErrorRate,GreedyStepwise_conservativeForwardSelection,J48_numFolds,J48_subtreeRaising,GreedyStepwise_searchBackwards"
49,90,0.86774058,0.92366254,0.93932000,0.94888903,0.92625209,0020,0034,0035,0.00000000,"J48,DecisionTable,JRip,J48_doNotMakeSplitPointActualValue,SimpleCart,J48_useLaplace,DecisionTable_search,Aggregator,BestFirst_searchTermination,JRip_minNo,JRip_checkErrorRate,J48_useMDLcorrection,J48_collapseTree,SimpleCart_minNumObj,SimpleCart_heuristic,DecisionTable_crossVal,J48_minNumObj,PART,JRip_usePruning,DecisionTable_evaluationMeasure,PART_doNotMakeSplitPointActualValue,PART_useMDLcorrection,J48_pruning,DecisionTable_useIBk,J48_binarySplits,SimpleCart_usePrune,GreedyStepwise_searchBackwards,JRip_optimizations,BestFirst_direction,PART_minNumObj,PART_pruning,GreedyStepwise_conservativeForwardSelection,PART_binarySplits,PART_numFolds,SimpleCart_useOneSE,JRip_folds,J48_numFolds,J48_confidenceFactorValue,J48_subtreeRaising,SimpleCart_numFoldsPruning,PART_confidenceFactorValue"
50,90,0.87240050,0.92446207,0.93932000,0.94888903,0.92625209,0017,0034,0035,0.00000000,"SimpleCart,DecisionTable,DecisionTable_useIBk,PART,PART_pruning,SimpleCart_heuristic,DecisionTable_search,PART_doNotMakeSplitPointActualValue,JRip,PART_binarySplits,DecisionTable_evaluationMeasure,J48,J48_collapseTree,SimpleCart_usePrune,BestFirst_searchTermination,DecisionTable_crossVal,J48_minNumObj,PART_useMDLcorrection,Aggregator,PART_minNumObj,SimpleCart_minNumObj,J48_useMDLcorrection,JRip_checkErrorRate,J48_useLaplace,BestFirst_direction,J48_doNotMakeSplitPointActualValue,J48_pruning,SimpleCart_useOneSE,GreedyStepwise_searchBackwards,J48_confidenceFactorValue,PART_numFolds,GreedyStepwise_conservativeForwardSelection,PART_confidenceFactorValue,JRip_minNo,J48_subtreeRaising,J48_binarySplits,JRip_usePruning,SimpleCart_numFoldsPruning,J48_numFolds,JRip_optimizations,JRip_folds"
51,90,0.83096613,0.92286245,0.93932000,0.94888903,0.92625209,0019,0034,0035,0.00000000,"SimpleCart,Aggregator,SimpleCart_usePrune,JRip,SimpleCart_useOneSE,J48,SimpleCart_heuristic,JRip_checkErrorRate,SimpleCart_minNumObj,JRip_usePruning,JRip_folds,PART,PART_doNotMakeSplitPointActualValue,J48_pruning,SimpleCart_numFoldsPruning,DecisionTable,J48_numFolds,J48_doNotMakeSplitPointActualValue,PART_useMDLcorrection,J48_binarySplits,JRip_minNo,J48_collapseTree,DecisionTable_useIBk,J48_useLaplace,PART_minNumObj,J48_subtreeRaising,J48_confidenceFactorValue,J48_minNumObj,DecisionTable_search,PART_binarySplits,J48_useMDLcorrection,BestFirst_searchTermination,PART_pruning,JRip_optimizations,PART_confidenceFactorValue,GreedyStepwise_conservativeForwardSelection,DecisionTable_crossVal,DecisionTable_evaluationMeasure,BestFirst_direction,GreedyStepwise_searchBackwards,PART_numFolds"
52,90,0.78578743,0.92381679,0.93932000,0.94888903,0.92625209,0018,0034,0035,0.00000000,"JRip,Aggregator,SimpleCart,DecisionTable,JRip_usePruning,SimpleCart_usePrune,JRip_folds,J48,JRip_minNo,SimpleCart_numFoldsPruning,JRip_optimizations,JRip_checkErrorRate,PART,PART_pruning,J48_collapseTree,PART_numFolds,PART_useMDLcorrection,SimpleCart_heuristic,DecisionTable_evaluationMeasure,DecisionTable_useIBk,DecisionTable_crossVal,SimpleCart_minNumObj,J48_useMDLcorrection,J48_minNumObj,J48_doNotMakeSplitPointActualValue,PART_binarySplits,DecisionTable_search,PART_minNumObj,PART_doNotMakeSplitPointActualValue,J48_useLaplace,SimpleCart_useOneSE,J48_pruning,J48_binarySplits,J48_confidenceFactorValue,BestFirst_direction,PART_confidenceFactorValue,GreedyStepwise_conservativeForwardSelection,J48_numFolds,GreedyStepwise_searchBackwards,BestFirst_searchTermination,J48_subtreeRaising"
53,90,0.87039714,0.92372180,0.93932000,0.94888903,0.92625209,0022,0034,0035,0.00000000,"JRip,SimpleCart,SimpleCart_minNumObj,JRip_usePruning,SimpleCart_usePrune,PART,SimpleCart_useOneSE,JRip_optimizations,J48,JRip_checkErrorRate,Aggregator,DecisionTable,DecisionTable_search,JRip_minNo,J48_binarySplits,J48_useLaplace,SimpleCart_heuristic,GreedyStepwise_searchBackwards,J48_useMDLcorrection,J48_doNotMakeSplitPointActualValue,JRip_folds,BestFirst_direction,PART_binarySplits,DecisionTable_useIBk,GreedyStepwise_conservativeForwardSelection,PART_doNotMakeSplitPointActualValue,SimpleCart_numFoldsPruning,PART_pruning,J48_collapseTree,J48_pruning,PART_useMDLcorrection,J48_minNumObj,PART_minNumObj,DecisionTable_evaluationMeasure,DecisionTable_crossVal,BestFirst_searchTermination,PART_numFolds,PART_confidenceFactorValue,J48_confidenceFactorValue,J48_numFolds,J48_subtreeRaising"
54,90,0.85765885,0.92232376,0.93932000,0.94888903,0.92625209,0021,0034,0035,0.00000000,"Aggregator,JRip,DecisionTable,PART,PART_pruning,PART_confidenceFactorValue,PART_doNotMakeSplitPointActualValue,J48,SimpleCart,SimpleCart_usePrune,PART_useMDLcorrection,DecisionTable_useIBk,J48_doNotMakeSplitPointActualValue,JRip_usePruning,SimpleCart_numFoldsPruning,JRip_minNo,PART_numFolds,J48_useMDLcorrection,DecisionTable_search,J48_pruning,PART_binarySplits,J48_numFolds,J48_useLaplace,JRip_checkErrorRate,DecisionTable_evaluationMeasure,PART_minNumObj,J48_confidenceFactorValue,J48_minNumObj,J48_subtreeRaising,DecisionTable_crossVal,JRip_folds,JRip_optimizations,BestFirst_direction,SimpleCart_heuristic,J48_collapseTree,SimpleCart_minNumObj,J48_binarySplits,SimpleCart_useOneSE,BestFirst_searchTermination,GreedyStepwise_conservativeForwardSelection,GreedyStepwise_searchBackwards"
55,90,0.85853483,0.92445682,0.93932000,0.94888903,0.92625209,0019,0034,0035,0.00000000,"DecisionTable,SimpleCart,DecisionTable_crossVal,J48,Aggregator,DecisionTable_search,GreedyStepwise_searchBackwards,BestFirst_direction,J48_doNotMakeSplitPointActualValue,GreedyStepwise_conservativeForwardSelection,J48_minNumObj,J48_pruning,PART,J48_useMDLcorrection,J48_useLaplace,SimpleCart_heuristic,BestFirst_searchTermination,DecisionTable_evaluationMeasure,JRip,J48_subtreeRaising,JRip_checkErrorRate,J48_binarySplits,PART_minNumObj,PART_binarySplits,DecisionTable_useIBk,SimpleCart_usePrune,JRip_minNo,SimpleCart_minNumObj,PART_useMDLcorrection,PART_doNotMakeSplitPointActualValue,J48_numFolds,J48_confidenceFactorValue,J48_collapseTree,PART_pruning,SimpleCart_numFoldsPruning,PART_confidenceFactorValue,JRip_usePruning,PART_numFolds,SimpleCart_useOneSE,JRip_folds,JRip_optimizations"
56,90,0.86894650,0.92283007,0.93932000,0.94888903,0.92625209,0018,0034,0035,0.00000000,"Aggregator,PART,PART_binarySplits,PART_minNumObj,PART_doNotMakeSplitPointActualValue,JRip,SimpleCart,PART_pruning,SimpleCart_usePrune,DecisionTable,J48,SimpleCart_heuristic,JRip_minNo,DecisionTable_crossVal,J48_useLaplace,DecisionTable_evaluationMeasure,JRip_checkErrorRate,PART_useMDLcorrection,SimpleCart_minNumObj,JRip_usePruning,DecisionTable_useIBk,JRip_optimizations,J48_collapseTree,DecisionTable_search,SimpleCart_useOneSE,J48_doNotMakeSplitPointActualValue,J48_minNumObj,J48_binarySplits,PART_numFolds,PART_confidenceFactorValue,SimpleCart_numFoldsPruning,J48_useMDLcorrection,J48_pruning,BestFirst_direction,JRip_folds,GreedyStepwise_searchBackwards,GreedyStepwise_conservativeForwardSelection,BestFirst_searchTermination,J48_confidenceFactorValue,J48_subtreeRaising,J48_numFolds"
57,90,0.85655876,0.92369423,0.93932000,0.94888903,0.92625209,0019,0034,0035,0.00000000,"Aggregator,J48,SimpleCart,SimpleCart_heuristic,J48_useLaplace,J48_minNumObj,J48_useMDLcorrection,DecisionTable,JRip,PART,J48_binarySplits,SimpleCart_usePrune,PART_doNotMakeSplitPointActualValue,SimpleCart_minNumObj,J48_collapseTree,J48_pruning,J48_doNotMakeSplitPointActualValue,JRip_checkErrorRate,SimpleCart_numFoldsPruning,PART_pruning,SimpleCart_useOneSE,JRip_minNo,PART_useMDLcorrection,PART_minNumObj,DecisionTable_search,DecisionTable_crossVal,DecisionTable_evaluationMeasure,J48_subtreeRaising,BestFirst_direction,PART_confidenceFactorValue,J48_confidenceFactorValue,DecisionTable_useIBk,PART_binarySplits,JRip_usePruning,J48_numFolds,JRip_optimizations,GreedyStepwise_searchBackwards,PART_numFolds,GreedyStepwise_conservativeForwardSelection,JRip_folds,BestFirst_searchTermination"
58,90,0.85159990,0.92394787,0.93932000,0.94888903,0.92625209,0020,0034,0035,0.00000000,"JRip,PART,SimpleCart,J48,Aggregator,PART_binarySplits,DecisionTable,JRip_checkErrorRate,PART_minNumObj,J48_useLaplace,PART_doNotMakeSplitPointActualValue,JRip_minNo,J48_useMDLcorrection,DecisionTable_evaluationMeasure,PART_useMDLcorrection,SimpleCart_usePrune,DecisionTable_useIBk,SimpleCart_numFoldsPruning,SimpleCart_heuristic,PART_pruning,JRip_usePruning,J48_collapseTree,J48_doNotMakeSplitPointActualValue,J48_minNumObj,DecisionTable_search,DecisionTable_crossVal,SimpleCart_minNumObj,GreedyStepwise_searchBackwards,J48_binarySplits,J48_pruning,PART_confidenceFactorValue,SimpleCart_useOneSE,J48_confidenceFactorValue,J48_subtreeRaising,BestFirst_searchTermination,J48_numFolds,JRip_folds,JRip_optimizations,PART_numFolds,BestFirst_direction,GreedyStepwise_conservativeForwardSelection"
59,90,0.85757862,0.92438133,0.93932000,0.94888903,0.92625209,0018,0034,0035,0.00000000,"J48,JRip,SimpleCart,J48_useLaplace,SimpleCart_heuristic,Aggregator,PART,DecisionTable,J48_doNotMakeSplitPointActualValue,J48_minNumObj,J48_useMDLcorrection,PART_binarySplits,PART_doNotMakeSplitPointActualValue,DecisionTable_search,SimpleCart_usePrune,DecisionTable_crossVal,SimpleCart_minNumObj,GreedyStepwise_conservativeForwardSelection,JRip_checkErrorRate,JRip_usePruning,J48_binarySplits,DecisionTable_useIBk,PART_useMDLcorrection,JRip_minNo,DecisionTable_evaluationMeasure,J48_collapseTree,PART_pruning,J48_pruning,PART_confidenceFactorValue,PART_minNumObj,J48_numFolds,SimpleCart_numFoldsPruning,BestFirst_direction,JRip_folds,GreedyStepwise_searchBackwards,SimpleCart_useOneSE,JRip_optimizations,BestFirst_searchTermination,PART_numFolds,J48_confidenceFactorValue,J48_subtreeRaising"
60,90,0.85699566,0.92359963,0.93932000,0.94888903,0.92625209,0021,0034,0035,0.00000000,"SimpleCart,PART,PART_doNotMakeSplitPointActualValue,J48,J48_useLaplace,PART_useMDLcorrection,SimpleCart_usePrune,J48_useMDLcorrection,J48_pruning,SimpleCart_minNumObj,DecisionTable,PART_pruning,J48_doNotMakeSplitPointActualValue,J48_binarySplits,JRip,J48_subtreeRaising,J48_minNumObj,SimpleCart_heuristic,SimpleCart_numFoldsPruning,J48_numFolds,PART_minNumObj,Aggregator,JRip_minNo,PART_binarySplits,SimpleCart_useOneSE,JRip_usePruning,J48_collapseTree,JRip_checkErrorRate,JRip_optimizations,DecisionTable_evaluationMeasure,J48_confidenceFactorValue,PART_numFolds,PART_confidenceFactorValue,DecisionTable_search,GreedyStepwise_conservativeForwardSelection,DecisionTable_useIBk,DecisionTable_crossVal,GreedyStepwise_searchBackwards,JRip_folds,BestFirst_searchTermination,BestFirst_direction"
61,90,0.86905250,0.92313639,0.93932000,0.94888903,0.92625209,0019,0034,0035,0.00000000,"PART,SimpleCart,SimpleCart_minNumObj,SimpleCart_usePrune,SimpleCart_heuristic,PART_useMDLcorrection,PART_binarySplits,PART_doNotMakeSplitPointActualValue,SimpleCart_numFoldsPruning,J48,SimpleCart_useOneSE,J48_pruning,PART_minNumObj,Aggregator,J48_useLaplace,JRip,DecisionTable,DecisionTable_evaluationMeasure,JRip_usePruning,JRip_folds,PART_pruning,JRip_minNo,J48_useMDLcorrection,J48_collapseTree,DecisionTable_search,GreedyStepwise_searchBackwards,J48_subtreeRaising,J48_binarySplits,J48_minNumObj,J48_numFolds,J48_doNotMakeSplitPointActualValue,PART_confidenceFactorValue,J48_confidenceFactorValue,BestFirst_searchTermination,GreedyStepwise_conservativeForwardSelection,JRip_optimizations,DecisionTable_useIBk,JRip_checkErrorRate,BestFirst_direction,DecisionTable_crossVal,PART_numFolds"
62,90,0.86977876,0.92393654,0.93932000,0.94888903,0.92625209,0016,0034,0035,0.00000000,"PART,PART_binarySplits,PART_useMDLcorrection,DecisionTable,DecisionTable_search,Aggregator,PART_pruning,PART_doNotMakeSplitPointActualValue,J48,SimpleCart,SimpleCart_heuristic,DecisionTable_evaluationMeasure,GreedyStepwise_searchBackwards,GreedyStepwise_conservativeForwardSelection,PART_minNumObj,DecisionTable_crossVal,J48_useLaplace,J48_binarySplits,JRip,DecisionTable_useIBk,BestFirst_direction,PART_confidenceFactorValue,JRip_minNo,PART_numFolds,SimpleCart_minNumObj,J48_collapseTree,BestFirst_searchTermination,J48_pruning,JRip_usePruning,J48_confidenceFactorValue,J48_minNumObj,JRip_checkErrorRate,JRip_folds,J48_subtreeRaising,SimpleCart_usePrune,J48_doNotMakeSplitPointActualValue,J48_useMDLcorrection,SimpleCart_numFoldsPruning,J48_numFolds,JRip_optimizations,SimpleCart_useOneSE"
63,90,0.87111252,0.92440104,0.93932000,0.94888903,0.92625209,0018,0034,0035,0.00000000,"Aggregator,SimpleCart,DecisionTable,JRip,PART,JRip_minNo,DecisionTable_evaluationMeasure,SimpleCart_heuristic,PART_minNumObj,J48,PART_doNotMakeSplitPointActualValue,SimpleCart_usePrune,J48_useMDLcorrection,J48_minNumObj,DecisionTable_crossVal,PART_useMDLcorrection,PART_binarySplits,J48_useLaplace,J48_doNotMakeSplitPointActualValue,SimpleCart_minNumObj,DecisionTable_search,SimpleCart_useOneSE,J48_binarySplits,BestFirst_searchTermination,SimpleCart_numFoldsPruning,DecisionTable_useIBk,JRip_usePruning,JRip_checkErrorRate,GreedyStepwise_searchBackwards,PART_pruning,JRip_optimizations,J48_pruning,J48_collapseTree,PART_numFolds,BestFirst_direction,JRip_folds,GreedyStepwise_conservativeForwardSelection,J48_numFolds,PART_confidenceFactorValue,J48_subtreeRaising,J48_confidenceFactorValue"
64,90,0.84725653,0.92388326,0.93932000,0.94888903,0.92625209,0018,0034,0035,0.00000000,"Aggregator,DecisionTable,JRip,PART,JRip_minNo,JRip_usePruning,DecisionTable_crossVal,PART_doNotMakeSplitPointActualValue,J48,SimpleCart,PART_binarySplits,DecisionTable_search,SimpleCart_minNumObj,SimpleCart_usePrune,J48_useLaplace,SimpleCart_useOneSE,JRip_optimizations,SimpleCart_heuristic,PART_pruning,PART_useMDLcorrection,DecisionTable_useIBk,JRip_checkErrorRate,J48_binarySplits,DecisionTable_evaluationMeasure,JRip_folds,J48_collapseTree,J48_minNumObj,BestFirst_direction,J48_useMDLcorrection,GreedyStepwise_searchBackwards,PART_minNumObj,BestFirst_searchTermination,J48_doNotMakeSplitPointActualValue,GreedyStepwise_conservativeForwardSelection,SimpleCart_numFoldsPruning,PART_numFolds,J48_pruning,J48_numFolds,PART_confidenceFactorValue,J48_subtreeRaising,J48_confidenceFactorValue"
65,90,0.86243653,0.92436410,0.93932000,0.94888903,0.92625209,0021,0034,0035,0.00000000,"PART,Aggregator,SimpleCart,PART_doNotMakeSplitPointActualValue,JRip,SimpleCart_usePrune,SimpleCart_numFoldsPruning,JRip_usePruning,SimpleCart_minNumObj,J48,JRip_checkErrorRate,PART_minNumObj,PART_binarySplits,DecisionTable,PART_pruning,PART_useMDLcorrection,J48_pruning,J48_useMDLcorrection,PART_numFolds,J48_subtreeRaising,SimpleCart_heuristic,JRip_minNo,J48_useLaplace,SimpleCart_useOneSE,J48_binarySplits,PART_confidenceFactorValue,JRip_optimizations,DecisionTable_search,GreedyStepwise_conservativeForwardSelection,DecisionTable_crossVal,J48_collapseTree,DecisionTable_evaluationMeasure,J48_doNotMakeSplitPointActualValue,JRip_folds,BestFirst_direction,J48_minNumObj,DecisionTable_useIBk,J48_confidenceFactorValue,J48_numFolds,BestFirst_searchTermination,GreedyStepwise_searchBackwards"
66,90,0.84582598,0.92440064,0.93932000,0.94888903,0.92625209,0020,0034,0035,0.00000000,"JRip,PART,JRip_minNo,Aggregator,PART_doNotMakeSplitPointActualValue,J48,SimpleCart,PART_minNumObj,PART_binarySplits,SimpleCart_minNumObj,SimpleCart_heuristic,J48_collapseTree,PART_useMDLcorrection,DecisionTable,PART_pruning,SimpleCart_usePrune,J48_useMDLcorrection,J48_useLaplace,DecisionTable_crossVal,SimpleCart_numFoldsPruning,J48_binarySplits,JRip_usePruning,J48_doNotMakeSplitPointActualValue,DecisionTable_evaluationMeasure,JRip_checkErrorRate,J48_minNumObj,J48_pruning,PART_numFolds,DecisionTable_useIBk,J48_numFolds,JRip_optimizations,SimpleCart_useOneSE,DecisionTable_search,PART_confidenceFactorValue,JRip_folds,J48_confidenceFactorValue,BestFirst_searchTermination,GreedyStepwise_searchBackwards,J48_subtreeRaising,GreedyStepwise_conservativeForwardSelection,BestFirst_direction"
67,90,0.85713404,0.92399429,0.93932000,0.94888903,0.92625209,0020,0034,0035,0.00000000,"PART,DecisionTable,DecisionTable_useIBk,PART_doNotMakeSplitPointActualValue,PART_minNumObj,DecisionTable_crossVal,DecisionTable_search,SimpleCart,PART_binarySplits,SimpleCart_minNumObj,J48,PART_useMDLcorrection,Aggregator,J48_binarySplits,JRip,DecisionTable_evaluationMeasure,SimpleCart_heuristic,SimpleCart_usePrune,JRip_checkErrorRate,BestFirst_direction,SimpleCart_numFoldsPruning,SimpleCart_useOneSE,J48_useLaplace,J48_useMDLcorrection,J48_pruning,PART_pruning,J48_minNumObj,JRip_usePruning,GreedyStepwise_conservativeForwardSelection,J48_collapseTree,J48_doNotMakeSplitPointActualValue,BestFirst_searchTermination,JRip_minNo,GreedyStepwise_searchBackwards,J48_confidenceFactorValue,J48_numFolds,PART_numFolds,J48_subtreeRaising,JRip_folds,JRip_optimizations,PART_confidenceFactorValue"
68,90,0.81145694,0.92325301,0.93932000,0.94888903,0.92625209,0020,0034,0035,0.00000000,"PART,SimpleCart,PART_doNotMakeSplitPointActualValue,PART_minNumObj,SimpleCart_minNumObj,DecisionTable,SimpleCart_usePrune,JRip,PART_useMDLcorrection,Aggregator,JRip_checkErrorRate,J48,PART_binarySplits,DecisionTable_crossVal,SimpleCart_useOneSE,J48_pruning,DecisionTable_search,J48_numFolds,SimpleCart_heuristic,BestFirst_direction,J48_useLaplace,PART_pruning,GreedyStepwise_conservativeForwardSelection,J48_doNotMakeSplitPointActualValue,J48_confidenceFactorValue,JRip_usePruning,JRip_minNo,J48_subtreeRaising,JRip_optimizations,JRip_folds,PART_confidenceFactorValue,BestFirst_searchTermination,PART_numFolds,DecisionTable_evaluationMeasure,J48_useMDLcorrection,SimpleCart_numFoldsPruning,DecisionTable_useIBk,J48_minNumObj,J48_binarySplits,GreedyStepwise_searchBackwards,J48_collapseTree"
69,90,0.86183995,0.92412803,0.93932000,0.94888903,0.92625209,0017,0034,0035,0.00000000,"Aggregator,PART,J48,J48_useMDLcorrection,J48_collapseTree,PART_pruning,DecisionTable,J48_binarySplits,SimpleCart,DecisionTable_evaluationMeasure,PART_doNotMakeSplitPointActualValue,SimpleCart_usePrune,JRip,JRip_usePruning,SimpleCart_numFoldsPruning,DecisionTable_crossVal,PART_confidenceFactorValue,JRip_folds,DecisionTable_useIBk,PART_binarySplits,PART_useMDLcorrection,J48_pruning,SimpleCart_useOneSE,J48_minNumObj,J48_doNotMakeSplitPointActualValue,PART_numFolds,J48_subtreeRaising,J48_useLaplace,PART_minNumObj,JRip_optimizations,DecisionTable_search,SimpleCart_minNumObj,SimpleCart_heuristic,J48_confidenceFactorValue,BestFirst_direction,JRip_checkErrorRate,JRip_minNo,BestFirst_searchTermination,GreedyStepwise_conservativeForwardSelection,J48_numFolds,GreedyStepwise_searchBackwards"
70,90,0.86299808,0.92294878,0.93932000,0.94888903,0.92625209,0017,0034,0035,0.00000000,"JRip,Aggregator,SimpleCart,PART,JRip_usePruning,SimpleCart_heuristic,J48,J48_pruning,JRip_optimizations,JRip_checkErrorRate,J48_useLaplace,DecisionTable,J48_collapseTree,DecisionTable_useIBk,SimpleCart_minNumObj,J48_confidenceFactorValue,J48_numFolds,PART_pruning,PART_doNotMakeSplitPointActualValue,PART_useMDLcorrection,PART_numFolds,DecisionTable_search,SimpleCart_usePrune,JRip_minNo,PART_minNumObj,J48_doNotMakeSplitPointActualValue,JRip_folds,PART_binarySplits,BestFirst_searchTermination,DecisionTable_crossVal,SimpleCart_useOneSE,J48_binarySplits,J48_subtreeRaising,J48_useMDLcorrection,PART_confidenceFactorValue,J48_minNumObj,DecisionTable_evaluationMeasure,GreedyStepwise_searchBackwards,BestFirst_direction,GreedyStepwise_conservativeForwardSelection,SimpleCart_numFoldsPruning"
71,90,0.85544948,0.92427608,0.93932000,0.94888903,0.92625209,0019,0034,0035,0.00000000,"Aggregator,JRip,DecisionTable,DecisionTable_useIBk,DecisionTable_search,JRip_minNo,DecisionTable_evaluationMeasure,JRip_checkErrorRate,JRip_usePruning,PART,SimpleCart,GreedyStepwise_conservativeForwardSelection,BestFirst_direction,SimpleCart_heuristic,J48,JRip_optimizations,PART_useMDLcorrection,SimpleCart_minNumObj,PART_minNumObj,J48_useMDLcorrection,GreedyStepwise_searchBackwards,BestFirst_searchTermination,J48_minNumObj,J48_binarySplits,DecisionTable_crossVal,PART_binarySplits,PART_doNotMakeSplitPointActualValue,SimpleCart_usePrune,J48_doNotMakeSplitPointActualValue,PART_pruning,SimpleCart_numFoldsPruning,JRip_folds,J48_collapseTree,J48_pruning,SimpleCart_useOneSE,J48_numFolds,PART_confidenceFactorValue,PART_numFolds,J48_useLaplace,J48_confidenceFactorValue,J48_subtreeRaising"
72,90,0.86900171,0.92186435,0.93932000,0.94888903,0.92625209,0017,0034,0035,0.00000000,"PART,PART_binarySplits,PART_pruning,PART_minNumObj,JRip,SimpleCart,SimpleCart_usePrune,SimpleCart_numFoldsPruning,J48,JRip_checkErrorRate,J48_binarySplits,J48_pruning,PART_useMDLcorrection,PART_numFolds,DecisionTable,DecisionTable_evaluationMeasure,PART_doNotMakeSplitPointActualValue,Aggregator,SimpleCart_heuristic,SimpleCart_useOneSE,DecisionTable_useIBk,J48_useLaplace,JRip_minNo,J48_doNotMakeSplitPointActualValue,PART_confidenceFactorValue,J48_numFolds,J48_useMDLcorrection,J48_minNumObj,JRip_usePruning,J48_subtreeRaising,DecisionTable_crossVal,JRip_folds,J48_collapseTree,SimpleCart_minNumObj,DecisionTable_search,J48_confidenceFactorValue,GreedyStepwise_searchBackwards,BestFirst_searchTermination,GreedyStepwise_conservativeForwardSelection,JRip_optimizations,BestFirst_direction"
73,90,0.86729860,0.92365454,0.93932000,0.94888903,0.92625209,0020,0034,0035,0.00000000,"PART,PART_pruning,PART_useMDLcorrection,PART_doNotMakeSplitPointActualValue,PART_numFolds,DecisionTable,Aggregator,JRip,J48,SimpleCart,PART_binarySplits,JRip_checkErrorRate,DecisionTable_evaluationMeasure,SimpleCart_minNumObj,DecisionTable_crossVal,DecisionTable_useIBk,PART_minNumObj,J48_doNotMakeSplitPointActualValue,J48_minNumObj,PART_confidenceFactorValue,SimpleCart_heuristic,DecisionTable_search,J48_useLaplace,JRip_usePruning,GreedyStepwise_conservativeForwardSelection,J48_useMDLcorrection,SimpleCart_usePrune,JRip_minNo,BestFirst_direction,JRip_folds,J48_binarySplits,J48_pruning,J48_collapseTree,J48_confidenceFactorValue,BestFirst_searchTermination,GreedyStepwise_searchBackwards,JRip_optimizations,SimpleCart_useOneSE,SimpleCart_numFoldsPruning,J48_numFolds,J48_subtreeRaising"
74,90,0.87181414,0.92231351,0.93932000,0.94888903,0.92625209,0018,0034,0035,0.00000000,"Aggregator,J48,J48_pruning,SimpleCart,SimpleCart_minNumObj,J48_useLaplace,DecisionTable,J48_binarySplits,J48_useMDLcorrection,J48_minNumObj,PART,JRip,SimpleCart_heuristic,PART_doNotMakeSplitPointActualValue,DecisionTable_crossVal,PART_minNumObj,JRip_checkErrorRate,J48_doNotMakeSplitPointActualValue,J48_subtreeRaising,DecisionTable_evaluationMeasure,PART_useMDLcorrection,J48_confidenceFactorValue,J48_collapseTree,DecisionTable_search,SimpleCart_usePrune,PART_pruning,SimpleCart_numFoldsPruning,J48_numFolds,GreedyStepwise_searchBackwards,DecisionTable_useIBk,PART_binarySplits,JRip_minNo,JRip_usePruning,BestFirst_searchTermination,BestFirst_direction,JRip_folds,PART_confidenceFactorValue,SimpleCart_useOneSE,GreedyStepwise_conservativeForwardSelection,PART_numFolds,JRip_optimizations"
75,90,0.85065987,0.92318273,0.93932000,0.94888903,0.92625209,0018,0034,0035,0.00000000,"DecisionTable,Aggregator,SimpleCart,DecisionTable_useIBk,J48,JRip,J48_useMDLcorrection,PART,SimpleCart_usePrune,DecisionTable_search,J48_pruning,DecisionTable_crossVal,GreedyStepwise_conservativeForwardSelection,J48_numFolds,PART_doNotMakeSplitPointActualValue,SimpleCart_heuristic,SimpleCart_useOneSE,PART_useMDLcorrection,J48_collapseTree,J48_binarySplits,J48_confidenceFactorValue,J48_useLaplace,J48_minNumObj,J48_doNotMakeSplitPointActualValue,PART_binarySplits,BestFirst_direction,JRip_checkErrorRate,JRip_usePruning,GreedyStepwise_searchBackwards,JRip_minNo,DecisionTable_evaluationMeasure,JRip_folds,SimpleCart_minNumObj,PART_minNumObj,SimpleCart_numFoldsPruning,PART_pruning,J48_subtreeRaising,BestFirst_searchTermination,JRip_optimizations,PART_numFolds,PART_confidenceFactorValue"
76,90,0.86968891,0.92199444,0.93932000,0.94888903,0.92625209,0018,0034,0035,0.00000000,"J48,DecisionTable,J48_useLaplace,J48_collapseTree,Aggregator,J48_binarySplits,J48_doNotMakeSplitPointActualValue,J48_minNumObj,J48_pruning,J48_useMDLcorrection,PART,DecisionTable_crossVal,DecisionTable_search,SimpleCart,JRip,GreedyStepwise_conservativeForwardSelection,J48_subtreeRaising,DecisionTable_evaluationMeasure,DecisionTable_useIBk,BestFirst_direction,JRip_checkErrorRate,J48_numFolds,PART_useMDLcorrection,GreedyStepwise_searchBackwards,PART_pruning,PART_binarySplits,PART_numFolds,PART_minNumObj,JRip_minNo,J48_confidenceFactorValue,SimpleCart_minNumObj,JRip_usePruning,PART_doNotMakeSplitPointActualValue,SimpleCart_usePrune,BestFirst_searchTermination,PART_confidenceFactorValue,SimpleCart_heuristic,JRip_optimizations,SimpleCart_useOneSE,JRip_folds,SimpleCart_numFoldsPruning"
77,90,0.86778944,0.92218891,0.93932000,0.94888903,0.92625209,0021,0034,0035,0.00000000,"PART,SimpleCart,JRip,PART_minNumObj,PART_binarySplits,JRip_checkErrorRate,DecisionTable,DecisionTable_useIBk,PART_doNotMakeSplitPointActualValue,DecisionTable_crossVal,PART_pruning,PART_useMDLcorrection,DecisionTable_evaluationMeasure,Aggregator,J48,PART_numFolds,J48_pruning,J48_confidenceFactorValue,J48_minNumObj,SimpleCart_minNumObj,SimpleCart_heuristic,JRip_usePruning,JRip_minNo,SimpleCart_usePrune,SimpleCart_useOneSE,J48_subtreeRaising,DecisionTable_search,BestFirst_direction,J48_doNotMakeSplitPointActualValue,GreedyStepwise_conservativeForwardSelection,PART_confidenceFactorValue,J48_useLaplace,J48_binarySplits,JRip_optimizations,BestFirst_searchTermination,JRip_folds,J48_collapseTree,J48_numFolds,J48_useMDLcorrection,GreedyStepwise_searchBackwards,SimpleCart_numFoldsPruning"
78,90,0.87363675,0.92201327,0.93932000,0.94888903,0.92625209,0019,0034,0035,0.00000000,"SimpleCart,DecisionTable,J48,SimpleCart_heuristic,JRip,DecisionTable_search,Aggregator,DecisionTable_evaluationMeasure,JRip_minNo,J48_doNotMakeSplitPointActualValue,GreedyStepwise_searchBackwards,J48_collapseTree,J48_useMDLcorrection,SimpleCart_minNumObj,DecisionTable_crossVal,BestFirst_searchTermination,J48_pruning,J48_useLaplace,SimpleCart_usePrune,PART,GreedyStepwise_conservativeForwardSelection,DecisionTable_useIBk,PART_useMDLcorrection,J48_binarySplits,JRip_usePruning,PART_binarySplits,BestFirst_direction,JRip_checkErrorRate,J48_minNumObj,PART_pruning,JRip_folds,SimpleCart_numFoldsPruning,JRip_optimizations,PART_confidenceFactorValue,PART_minNumObj,J48_confidenceFactorValue,J48_numFolds,PART_numFolds,J48_subtreeRaising,SimpleCart_useOneSE,PART_doNotMakeSplitPointActualValue"
79,90,0.84547248,0.92319625,0.93932000,0.94888903,0.92625209,0016,0034,0035,0.00000000,"JRip,JRip_checkErrorRate,PART,PART_pruning,PART_minNumObj,JRip_usePruning,J48,PART_binarySplits,J48_useLaplace,DecisionTable,SimpleCart,J48_binarySplits,DecisionTable_evaluationMeasure,DecisionTable_crossVal,J48_minNumObj,Aggregator,DecisionTable_useIBk,J48_useMDLcorrection,DecisionTable_search,PART_numFolds,PART_confidenceFactorValue,J48_collapseTree,JRip_minNo,JRip_optimizations,JRip_folds,PART_useMDLcorrection,PART_doNotMakeSplitPointActualValue,SimpleCart_usePrune,J48_doNotMakeSplitPointActualValue,J48_pruning,BestFirst_searchTermination,SimpleCart_heuristic,GreedyStepwise_conservativeForwardSelection,SimpleCart_minNumObj,BestFirst_direction,J48_subtreeRaising,SimpleCart_useOneSE,J48_numFolds,GreedyStepwise_searchBackwards,J48_confidenceFactorValue,SimpleCart_numFoldsPruning"
80,90,0.84925196,0.92574971,0.93932000,0.94888903,0.92625209,0021,0034,0035,0.00000000,"SimpleCart,PART,SimpleCart_minNumObj,SimpleCart_heuristic,J48,J48_collapseTree,JRip,JRip_minNo,DecisionTable,J48_minNumObj,J48_binarySplits,PART_pruning,PART_binarySplits,J48_doNotMakeSplitPointActualValue,PART_minNumObj,DecisionTable_evaluationMeasure,J48_useLaplace,Aggregator,PART_useMDLcorrection,SimpleCart_usePrune,PART_doNotMakeSplitPointActualValue,J48_pruning,J48_useMDLcorrection,PART_confidenceFactorValue,DecisionTable_crossVal,JRip_usePruning,JRip_checkErrorRate,PART_numFolds,DecisionTable_useIBk,J48_numFolds,DecisionTable_search,GreedyStepwise_conservativeForwardSelection,JRip_folds,SimpleCart_useOneSE,SimpleCart_numFoldsPruning,J48_confidenceFactorValue,J48_subtreeRaising,BestFirst_searchTermination,BestFirst_direction,JRip_optimizations,GreedyStepwise_searchBackwards"
81,90,0.85201819,0.92525228,0.93932000,0.94888903,0.92625209,0023,0034,0035,0.00000000,"JRip,J48,JRip_checkErrorRate,PART,DecisionTable,PART_useMDLcorrection,DecisionTable_useIBk,SimpleCart,JRip_minNo,PART_pruning,Aggregator,JRip_usePruning,J48_pruning,SimpleCart_minNumObj,J48_subtreeRaising,J48_binarySplits,JRip_folds,DecisionTable_crossVal,J48_useLaplace,J48_confidenceFactorValue,DecisionTable_search,J48_minNumObj,PART_numFolds,J48_doNotMakeSplitPointActualValue,PART_doNotMakeSplitPointActualValue,J48_useMDLcorrection,J48_collapseTree,DecisionTable_evaluationMeasure,GreedyStepwise_conservativeForwardSelection,PART_minNumObj,PART_confidenceFactorValue,JRip_optimizations,PART_binarySplits,GreedyStepwise_searchBackwards,SimpleCart_usePrune,SimpleCart_heuristic,BestFirst_direction,BestFirst_searchTermination,J48_numFolds,SimpleCart_numFoldsPruning,SimpleCart_useOneSE"
82,90,0.85149180,0.92328173,0.93932000,0.94888903,0.92625209,0019,0034,0035,0.00000000,"SimpleCart,SimpleCart_heuristic,PART,SimpleCart_minNumObj,PART_binarySplits,Aggregator,J48,PART_doNotMakeSplitPointActualValue,J48_doNotMakeSplitPointActualValue,J48_useMDLcorrection,DecisionTable,J48_pruning,PART_pruning,JRip,J48_collapseTree,J48_minNumObj,PART_useMDLcorrection,SimpleCart_usePrune,J48_confidenceFactorValue,PART_minNumObj,J48_binarySplits,JRip_checkErrorRate,JRip_minNo,DecisionTable_evaluationMeasure,DecisionTable_search,J48_numFolds,GreedyStepwise_searchBackwards,SimpleCart_numFoldsPruning,SimpleCart_useOneSE,BestFirst_direction,J48_useLaplace,J48_subtreeRaising,PART_confidenceFactorValue,BestFirst_searchTermination,DecisionTable_useIBk,JRip_usePruning,GreedyStepwise_conservativeForwardSelection,PART_numFolds,DecisionTable_crossVal,JRip_folds,JRip_optimizations"
83,90,0.81309365,0.92436105,0.93932000,0.94888903,0.92625209,0017,0034,0035,0.00000000,"DecisionTable,Aggregator,J48,SimpleCart,DecisionTable_useIBk,DecisionTable_search,DecisionTable_evaluationMeasure,J48_binarySplits,PART,JRip,J48_pruning,DecisionTable_crossVal,PART_useMDLcorrection,J48_useMDLcorrection,J48_confidenceFactorValue,J48_minNumObj,BestFirst_direction,GreedyStepwise_searchBackwards,SimpleCart_heuristic,J48_useLaplace,BestFirst_searchTermination,GreedyStepwise_conservativeForwardSelection,J48_doNotMakeSplitPointActualValue,PART_minNumObj,PART_binarySplits,J48_collapseTree,SimpleCart_usePrune,SimpleCart_numFoldsPruning,JRip_usePruning,PART_pruning,J48_subtreeRaising,JRip_checkErrorRate,SimpleCart_minNumObj,PART_confidenceFactorValue,JRip_minNo,PART_doNotMakeSplitPointActualValue,JRip_folds,J48_numFolds,JRip_optimizations,PART_numFolds,SimpleCart_useOneSE"
84,90,0.86784161,0.92415725,0.93932000,0.94888903,0.92625209,0020,0034,0035,0.00000000,"J48,J48_binarySplits,JRip,J48_doNotMakeSplitPointActualValue,JRip_checkErrorRate,PART,J48_pruning,PART_pruning,JRip_minNo,J48_minNumObj,DecisionTable,J48_useLaplace,J48_useMDLcorrection,J48_subtreeRaising,SimpleCart,PART_doNotMakeSplitPointActualValue,PART_confidenceFactorValue,J48_collapseTree,DecisionTable_crossVal,Aggregator,PART_numFolds,J48_numFolds,PART_minNumObj,SimpleCart_minNumObj,PART_binarySplits,PART_useMDLcorrection,JRip_usePruning,DecisionTable_useIBk,JRip_folds,J48_confidenceFactorValue,SimpleCart_usePrune,DecisionTable_evaluationMeasure,SimpleCart_heuristic,DecisionTable_search,JRip_optimizations,SimpleCart_useOneSE,GreedyStepwise_searchBackwards,SimpleCart_numFoldsPruning,BestFirst_direction,BestFirst_searchTermination,GreedyStepwise_conservativeForwardSelection"
85,90,0.84637362,0.92197108,0.93932000,0.94888903,0.92625209,0018,0034,0035,0.00000000,"SimpleCart,Aggregator,SimpleCart_heuristic,SimpleCart_usePrune,PART,JRip,JRip_checkErrorRate,SimpleCart_useOneSE,PART_binarySplits,SimpleCart_numFoldsPruning,DecisionTable,JRip_usePruning,DecisionTable_search,BestFirst_searchTermination,J48,J48_useLaplace,PART_minNumObj,DecisionTable_useIBk,SimpleCart_minNumObj,GreedyStepwise_conservativeForwardSelection,JRip_minNo,J48_binarySplits,J48_doNotMakeSplitPointActualValue,GreedyStepwise_searchBackwards,PART_useMDLcorrection,PART_pruning,PART_doNotMakeSplitPointActualValue,DecisionTable_evaluationMeasure,JRip_optimizations,DecisionTable_crossVal,PART_confidenceFactorValue,PART_numFolds,JRip_folds,J48_pruning,J48_numFolds,J48_minNumObj,BestFirst_direction,J48_useMDLcorrection,J48_collapseTree,J48_confidenceFactorValue,J48_subtreeRaising"
86,90,0.85322241,0.92460702,0.93932000,0.94888903,0.92625209,0021,0034,0035,0.00000000,"PART,Aggregator,SimpleCart,PART_binarySplits,PART_pruning,SimpleCart_heuristic,PART_minNumObj,PART_useMDLcorrection,JRip,DecisionTable,J48,DecisionTable_useIBk,J48_minNumObj,DecisionTable_evaluationMeasure,SimpleCart_minNumObj,PART_confidenceFactorValue,PART_doNotMakeSplitPointActualValue,JRip_checkErrorRate,J48_useMDLcorrection,J48_binarySplits,JRip_usePruning,PART_numFolds,J48_doNotMakeSplitPointActualValue,DecisionTable_crossVal,SimpleCart_usePrune,DecisionTable_search,JRip_folds,SimpleCart_useOneSE,J48_collapseTree,JRip_minNo,J48_pruning,J48_useLaplace,GreedyStepwise_searchBackwards,J48_confidenceFactorValue,BestFirst_direction,GreedyStepwise_conservativeForwardSelection,J48_numFolds,J48_subtreeRaising,JRip_optimizations,SimpleCart_numFoldsPruning,BestFirst_searchTermination"
87,90,0.86488583,0.92499254,0.93932000,0.94888903,0.92625209,0019,0034,0035,0.00000000,"Aggregator,J48,J48_doNotMakeSplitPointActualValue,PART,PART_pruning,JRip,DecisionTable,J48_collapseTree,JRip_usePruning,PART_useMDLcorrection,DecisionTable_useIBk,SimpleCart,PART_numFolds,JRip_checkErrorRate,J48_pruning,PART_minNumObj,JRip_folds,DecisionTable_evaluationMeasure,SimpleCart_minNumObj,SimpleCart_usePrune,J48_binarySplits,J48_minNumObj,DecisionTable_search,JRip_minNo,PART_doNotMakeSplitPointActualValue,PART_binarySplits,J48_useMDLcorrection,J48_useLaplace,J48_subtreeRaising,DecisionTable_crossVal,J48_confidenceFactorValue,GreedyStepwise_conservativeForwardSelection,PART_confidenceFactorValue,BestFirst_direction,SimpleCart_heuristic,JRip_optimizations,BestFirst_searchTermination,J48_numFolds,GreedyStepwise_searchBackwards,SimpleCart_useOneSE,SimpleCart_numFoldsPruning"
88,90,0.85101129,0.92338257,0.93932000,0.94888903,0.92625209,0018,0034,0035,0.00000000,"SimpleCart,SimpleCart_usePrune,SimpleCart_heuristic,Aggregator,PART,J48,JRip,DecisionTable,J48_doNotMakeSplitPointActualValue,SimpleCart_numFoldsPruning,SimpleCart_useOneSE,DecisionTable_useIBk,PART_pruning,DecisionTable_evaluationMeasure,DecisionTable_search,BestFirst_direction,PART_doNotMakeSplitPointActualValue,J48_minNumObj,SimpleCart_minNumObj,BestFirst_searchTermination,J48_pruning,GreedyStepwise_conservativeForwardSelection,JRip_checkErrorRate,PART_binarySplits,J48_collapseTree,JRip_minNo,J48_binarySplits,DecisionTable_crossVal,J48_useLaplace,PART_confidenceFactorValue,PART_minNumObj,JRip_usePruning,PART_useMDLcorrection,J48_useMDLcorrection,GreedyStepwise_searchBackwards,JRip_optimizations,PART_numFolds,J48_confidenceFactorValue,J48_numFolds,J48_subtreeRaising,JRip_folds"
89,90,0.73692381,0.92412194,0.93932000,0.94888903,0.92625209,0020,0035,0035,0.00000000,"J48,J48_binarySplits,J48_doNotMakeSplitPointActualValue,J48_collapseTree,SimpleCart,Aggregator,DecisionTable,PART,J48_pruning,SimpleCart_usePrune,JRip,DecisionTable_evaluationMeasure,PART_useMDLcorrection,J48_minNumObj,J48_useLaplace,DecisionTable_search,DecisionTable_useIBk,BestFirst_direction,SimpleCart_minNumObj,GreedyStepwise_conservativeForwardSelection,DecisionTable_crossVal,JRip_checkErrorRate,PART_binarySplits,JRip_minNo,J48_numFolds,PART_doNotMakeSplitPointActualValue,J48_subtreeRaising,SimpleCart_useOneSE,J48_useMDLcorrection,PART_pruning,SimpleCart_heuristic,SimpleCart_numFoldsPruning,BestFirst_searchTermination,GreedyStepwise_searchBackwards,PART_confidenceFactorValue,PART_minNumObj,J48_confidenceFactorValue,PART_numFolds,JRip_usePruning,JRip_folds,JRip_optimizations"
90,90,0.86383749,0.92258998,0.93932000,0.94888903,0.92625209,0018,0034,0035,0.00000000,"JRip,Aggregator,JRip_minNo,PART,JRip_usePruning,PART_binarySplits,JRip_checkErrorRate,DecisionTable,PART_useMDLcorrection,DecisionTable_crossVal,J48,DecisionTable_search,JRip_optimizations,J48_pruning,J48_numFolds,GreedyStepwise_conservativeForwardSelection,PART_minNumObj,SimpleCart,BestFirst_searchTermination,DecisionTable_evaluationMeasure,BestFirst_direction,GreedyStepwise_searchBackwards,PART_pruning,J48_subtreeRaising,J48_useLaplace,SimpleCart_usePrune,SimpleCart_minNumObj,J48_useMDLcorrection,PART_doNotMakeSplitPointActualValue,JRip_folds,J48_collapseTree,SimpleCart_heuristic,J48_confidenceFactorValue,J48_minNumObj,DecisionTable_useIBk,J48_doNotMakeSplitPointActualValue,J48_binarySplits,PART_numFolds,SimpleCart_numFoldsPruning,PART_confidenceFactorValue,SimpleCart_useOneSE"
91,90,0.86929469,0.92315115,0.93932000,0.94888903,0.92625209,0021,0034,0035,0.00000000,"Aggregator,SimpleCart,JRip,J48,J48_binarySplits,J48_collapseTree,DecisionTable,SimpleCart_usePrune,PART,SimpleCart_minNumObj,JRip_usePruning,PART_doNotMakeSplitPointActualValue,J48_useLaplace,PART_pruning,SimpleCart_heuristic,SimpleCart_numFoldsPruning,PART_numFolds,JRip_minNo,JRip_checkErrorRate,PART_useMDLcorrection,JRip_optimizations,DecisionTable_useIBk,DecisionTable_crossVal,PART_minNumObj,JRip_folds,J48_doNotMakeSplitPointActualValue,DecisionTable_search,GreedyStepwise_conservativeForwardSelection,GreedyStepwise_searchBackwards,BestFirst_searchTermination,J48_pruning,BestFirst_direction,DecisionTable_evaluationMeasure,J48_numFolds,J48_minNumObj,J48_useMDLcorrection,SimpleCart_useOneSE,PART_confidenceFactorValue,PART_binarySplits,J48_subtreeRaising,J48_confidenceFactorValue"
92,90,0.86859086,0.92423381,0.93932000,0.94888903,0.92625209,0018,0034,0035,0.00000000,"DecisionTable,SimpleCart,PART,PART_pruning,PART_binarySplits,JRip,JRip_usePruning,DecisionTable_crossVal,PART_numFolds,Aggregator,JRip_folds,DecisionTable_evaluationMeasure,JRip_optimizations,SimpleCart_usePrune,DecisionTable_search,JRip_checkErrorRate,BestFirst_searchTermination,SimpleCart_numFoldsPruning,PART_minNumObj,SimpleCart_minNumObj,PART_confidenceFactorValue,GreedyStepwise_conservativeForwardSelection,SimpleCart_heuristic,PART_doNotMakeSplitPointActualValue,J48,J48_minNumObj,DecisionTable_useIBk,PART_useMDLcorrection,J48_useMDLcorrection,JRip_minNo,BestFirst_direction,SimpleCart_useOneSE,J48_useLaplace,GreedyStepwise_searchBackwards,J48_binarySplits,J48_doNotMakeSplitPointActualValue,J48_pruning,J48_collapseTree,J48_confidenceFactorValue,J48_subtreeRaising,J48_numFolds"
93,90,0.86723194,0.92344068,0.93932000,0.94888903,0.92625209,0020,0034,0035,0.00000000,"PART,DecisionTable,Aggregator,JRip,PART_minNumObj,DecisionTable_search,JRip_usePruning,GreedyStepwise_conservativeForwardSelection,J48,SimpleCart,DecisionTable_evaluationMeasure,JRip_folds,DecisionTable_useIBk,SimpleCart_heuristic,J48_minNumObj,BestFirst_searchTermination,JRip_minNo,JRip_checkErrorRate,DecisionTable_crossVal,PART_doNotMakeSplitPointActualValue,GreedyStepwise_searchBackwards,J48_doNotMakeSplitPointActualValue,J48_pruning,PART_pruning,J48_useMDLcorrection,PART_useMDLcorrection,PART_binarySplits,J48_collapseTree,BestFirst_direction,J48_binarySplits,J48_confidenceFactorValue,J48_useLaplace,JRip_optimizations,SimpleCart_usePrune,SimpleCart_minNumObj,PART_numFolds,J48_subtreeRaising,PART_confidenceFactorValue,J48_numFolds,SimpleCart_numFoldsPruning,SimpleCart_useOneSE"
94,90,0.85452244,0.92239896,0.93932000,0.94888903,0.92625209,0019,0034,0035,0.00000000,"DecisionTable,PART,JRip,DecisionTable_crossVal,PART_binarySplits,DecisionTable_evaluationMeasure,Aggregator,JRip_checkErrorRate,SimpleCart,DecisionTable_search,JRip_usePruning,PART_pruning,GreedyStepwise_conservativeForwardSelection,JRip_optimizations,J48,J48_pruning,SimpleCart_usePrune,J48_collapseTree,J48_doNotMakeSplitPointActualValue,J48_binarySplits,PART_minNumObj,J48_useMDLcorrection,BestFirst_direction,SimpleCart_heuristic,SimpleCart_numFoldsPruning,PART_doNotMakeSplitPointActualValue,J48_subtreeRaising,J48_minNumObj,JRip_minNo,PART_useMDLcorrection,DecisionTable_useIBk,GreedyStepwise_searchBackwards,J48_confidenceFactorValue,J48_useLaplace,SimpleCart_minNumObj,JRip_folds,PART_confidenceFactorValue,SimpleCart_useOneSE,PART_numFolds,BestFirst_searchTermination,J48_numFolds"
95,90,0.84802355,0.92408716,0.93932000,0.94888903,0.92625209,0017,0034,0035,0.00000000,"DecisionTable,DecisionTable_evaluationMeasure,PART,Aggregator,PART_minNumObj,J48,J48_useMDLcorrection,DecisionTable_useIBk,PART_binarySplits,PART_useMDLcorrection,DecisionTable_crossVal,J48_useLaplace,J48_pruning,JRip,J48_minNumObj,DecisionTable_search,JRip_usePruning,SimpleCart,J48_collapseTree,PART_pruning,JRip_minNo,J48_binarySplits,BestFirst_searchTermination,SimpleCart_minNumObj,JRip_checkErrorRate,PART_doNotMakeSplitPointActualValue,J48_confidenceFactorValue,GreedyStepwise_conservativeForwardSelection,BestFirst_direction,J48_doNotMakeSplitPointActualValue,J48_subtreeRaising,JRip_folds,JRip_optimizations,J48_numFolds,GreedyStepwise_searchBackwards,PART_confidenceFactorValue,SimpleCart_heuristic,PART_numFolds,SimpleCart_usePrune,SimpleCart_numFoldsPruning,SimpleCart_useOneSE"
96,90,0.87174524,0.92447259,0.93932000,0.94888903,0.92625209,0017,0034,0035,0.00000000,"DecisionTable,DecisionTable_evaluationMeasure,Aggregator,JRip,J48,J48_binarySplits,SimpleCart,PART,JRip_minNo,DecisionTable_crossVal,DecisionTable_search,PART_useMDLcorrection,DecisionTable_useIBk,J48_doNotMakeSplitPointActualValue,BestFirst_searchTermination,PART_doNotMakeSplitPointActualValue,J48_collapseTree,JRip_usePruning,BestFirst_direction,PART_pruning,SimpleCart_usePrune,JRip_optimizations,JRip_checkErrorRate,SimpleCart_heuristic,J48_useMDLcorrection,J48_useLaplace,GreedyStepwise_searchBackwards,J48_pruning,PART_numFolds,J48_minNumObj,SimpleCart_minNumObj,J48_subtreeRaising,PART_minNumObj,SimpleCart_numFoldsPruning,PART_binarySplits,GreedyStepwise_conservativeForwardSelection,SimpleCart_useOneSE,J48_confidenceFactorValue,PART_confidenceFactorValue,JRip_folds,J48_numFolds"
97,90,0.87274936,0.92487533,0.93932000,0.94888903,0.92625209,0015,0034,0035,0.00000000,"Aggregator,SimpleCart,SimpleCart_usePrune,JRip,JRip_minNo,J48,J48_useLaplace,PART,SimpleCart_minNumObj,SimpleCart_useOneSE,SimpleCart_numFoldsPruning,DecisionTable,J48_pruning,SimpleCart_heuristic,J48_minNumObj,J48_collapseTree,J48_binarySplits,J48_doNotMakeSplitPointActualValue,J48_numFolds,PART_doNotMakeSplitPointActualValue,JRip_usePruning,JRip_folds,DecisionTable_search,PART_binarySplits,PART_useMDLcorrection,JRip_checkErrorRate,GreedyStepwise_searchBackwards,J48_confidenceFactorValue,J48_useMDLcorrection,DecisionTable_evaluationMeasure,DecisionTable_useIBk,PART_minNumObj,PART_pruning,J48_subtreeRaising,DecisionTable_crossVal,GreedyStepwise_conservativeForwardSelection,BestFirst_searchTermination,PART_confidenceFactorValue,JRip_optimizations,BestFirst_direction,PART_numFolds"
98,90,0.86452807,0.92526752,0.93932000,0.94888903,0.92625209,0016,0034,0035,0.00000000,"JRip,J48,SimpleCart,J48_doNotMakeSplitPointActualValue,PART,J48_minNumObj,JRip_minNo,J48_collapseTree,Aggregator,J48_binarySplits,J48_useMDLcorrection,PART_useMDLcorrection,J48_pruning,J48_useLaplace,PART_pruning,DecisionTable,JRip_checkErrorRate,SimpleCart_heuristic,SimpleCart_usePrune,PART_doNotMakeSplitPointActualValue,JRip_usePruning,PART_minNumObj,DecisionTable_useIBk,SimpleCart_minNumObj,JRip_folds,PART_numFolds,SimpleCart_useOneSE,JRip_optimizations,PART_binarySplits,J48_subtreeRaising,PART_confidenceFactorValue,J48_confidenceFactorValue,DecisionTable_search,BestFirst_direction,SimpleCart_numFoldsPruning,GreedyStepwise_searchBackwards,DecisionTable_evaluationMeasure,J48_numFolds,DecisionTable_crossVal,BestFirst_searchTermination,GreedyStepwise_conservativeForwardSelection"
99,90,0.87376696,0.92349620,0.93932000,0.94888903,0.92625209,0017,0034,0035,0.00000000,"J48,J48_doNotMakeSplitPointActualValue,PART,J48_binarySplits,PART_minNumObj,PART_doNotMakeSplitPointActualValue,J48_useLaplace,SimpleCart,Aggregator,SimpleCart_minNumObj,J48_useMDLcorrection,PART_pruning,SimpleCart_usePrune,DecisionTable,DecisionTable_evaluationMeasure,JRip,J48_pruning,J48_subtreeRaising,J48_numFolds,SimpleCart_numFoldsPruning,PART_useMDLcorrection,J48_collapseTree,J48_minNumObj,JRip_minNo,PART_binarySplits,DecisionTable_useIBk,PART_confidenceFactorValue,SimpleCart_heuristic,J48_confidenceFactorValue,DecisionTable_crossVal,SimpleCart_useOneSE,DecisionTable_search,GreedyStepwise_searchBackwards,JRip_checkErrorRate,JRip_usePruning,BestFirst_searchTermination,PART_numFolds,BestFirst_direction,GreedyStepwise_conservativeForwardSelection,JRip_optimizations,JRip_folds"
