gen,nevals,min,median,max,currentGenBestValFitness,currentGenBestTestFitness,lap time (seconds),discarded individuals (including burn-in),GM connections,GM mean heuristic,sampling order
0,100,0.55092593,0.66486111,0.70648148,0.80324074,0.78333333,0034,0034,0035,0.00000000,"JRip,Aggregator,DecisionTable,JRip_checkErrorRate,DecisionTable_useIBk,DecisionTable_search,JRip_usePruning,J48,DecisionTable_evaluationMeasure,SimpleCart,SimpleCart_usePrune,J48_collapseTree,GreedyStepwise_conservativeForwardSelection,SimpleCart_useOneSE,SimpleCart_numFoldsPruning,JRip_optimizations,PART,JRip_minNo,SimpleCart_minNumObj,DecisionTable_crossVal,BestFirst_direction,PART_minNumObj,GreedyStepwise_searchBackwards,J48_pruning,J48_subtreeRaising,J48_doNotMakeSplitPointActualValue,J48_minNumObj,J48_useMDLcorrection,BestFirst_searchTermination,J48_useLaplace,J48_confidenceFactorValue,JRip_folds,SimpleCart_heuristic,J48_binarySplits,PART_binarySplits,PART_pruning,PART_useMDLcorrection,PART_doNotMakeSplitPointActualValue,PART_numFolds,J48_numFolds,PART_confidenceFactorValue"
1,90,0.52648148,0.66930556,0.70925926,0.80925926,0.77812500,0012,0034,0035,0.00000000,"PART,J48,PART_minNumObj,DecisionTable,J48_pruning,JRip,J48_confidenceFactorValue,DecisionTable_crossVal,J48_numFolds,DecisionTable_useIBk,PART_useMDLcorrection,Aggregator,SimpleCart,PART_doNotMakeSplitPointActualValue,PART_pruning,PART_binarySplits,PART_confidenceFactorValue,J48_useMDLcorrection,J48_doNotMakeSplitPointActualValue,JRip_usePruning,DecisionTable_evaluationMeasure,J48_subtreeRaising,SimpleCart_usePrune,J48_useLaplace,J48_minNumObj,J48_collapseTree,JRip_minNo,J48_binarySplits,DecisionTable_search,SimpleCart_numFoldsPruning,JRip_checkErrorRate,PART_numFolds,GreedyStepwise_searchBackwards,BestFirst_searchTermination,JRip_folds,SimpleCart_heuristic,SimpleCart_minNumObj,SimpleCart_useOneSE,JRip_optimizations,BestFirst_direction,GreedyStepwise_conservativeForwardSelection"
2,90,0.51055556,0.66615741,0.71435185,0.67129630,0.71250000,0011,0034,0035,0.00000000,"JRip,Aggregator,J48,JRip_checkErrorRate,SimpleCart,J48_pruning,PART,J48_subtreeRaising,J48_binarySplits,J48_minNumObj,J48_collapseTree,J48_useMDLcorrection,J48_confidenceFactorValue,JRip_minNo,SimpleCart_usePrune,PART_useMDLcorrection,DecisionTable,DecisionTable_crossVal,J48_doNotMakeSplitPointActualValue,PART_pruning,PART_binarySplits,JRip_usePruning,PART_minNumObj,SimpleCart_minNumObj,SimpleCart_numFoldsPruning,SimpleCart_heuristic,DecisionTable_evaluationMeasure,J48_useLaplace,DecisionTable_useIBk,PART_doNotMakeSplitPointActualValue,J48_numFolds,JRip_folds,JRip_optimizations,PART_numFolds,PART_confidenceFactorValue,DecisionTable_search,BestFirst_direction,SimpleCart_useOneSE,GreedyStepwise_conservativeForwardSelection,GreedyStepwise_searchBackwards,BestFirst_searchTermination"
3,90,0.53250000,0.66138889,0.71435185,0.67129630,0.71250000,0011,0034,0035,0.00000000,"JRip,PART,SimpleCart,JRip_minNo,J48,J48_useMDLcorrection,PART_minNumObj,J48_doNotMakeSplitPointActualValue,JRip_checkErrorRate,SimpleCart_minNumObj,PART_binarySplits,J48_collapseTree,J48_useLaplace,J48_pruning,PART_doNotMakeSplitPointActualValue,DecisionTable,JRip_usePruning,JRip_optimizations,DecisionTable_search,PART_useMDLcorrection,Aggregator,JRip_folds,SimpleCart_usePrune,SimpleCart_heuristic,DecisionTable_evaluationMeasure,BestFirst_searchTermination,SimpleCart_numFoldsPruning,PART_pruning,SimpleCart_useOneSE,J48_minNumObj,PART_confidenceFactorValue,J48_binarySplits,J48_numFolds,DecisionTable_useIBk,BestFirst_direction,DecisionTable_crossVal,J48_confidenceFactorValue,J48_subtreeRaising,GreedyStepwise_conservativeForwardSelection,GreedyStepwise_searchBackwards,PART_numFolds"
4,90,0.56638889,0.67398148,0.71435185,0.67129630,0.71250000,0012,0034,0073,0.58879396,"JRip,PART,J48,J48_binarySplits,PART_binarySplits,PART_doNotMakeSplitPointActualValue,JRip_checkErrorRate,JRip_minNo,J48_pruning,J48_collapseTree,J48_confidenceFactorValue,PART_useMDLcorrection,PART_pruning,PART_confidenceFactorValue,PART_numFolds,JRip_usePruning,J48_useMDLcorrection,SimpleCart,SimpleCart_usePrune,SimpleCart_numFoldsPruning,SimpleCart_minNumObj,JRip_optimizations,DecisionTable,DecisionTable_search,DecisionTable_crossVal,Aggregator,BestFirst_searchTermination,GreedyStepwise_conservativeForwardSelection,DecisionTable_useIBk,DecisionTable_evaluationMeasure,BestFirst_direction,J48_doNotMakeSplitPointActualValue,GreedyStepwise_searchBackwards,J48_minNumObj,PART_minNumObj,J48_numFolds,J48_subtreeRaising,SimpleCart_useOneSE,SimpleCart_heuristic,J48_useLaplace,JRip_folds"
5,90,0.59074074,0.67143519,0.72388889,0.83148148,0.78750000,0012,0034,0073,0.58879396,"J48,PART,JRip,PART_pruning,PART_confidenceFactorValue,J48_useMDLcorrection,PART_useMDLcorrection,PART_doNotMakeSplitPointActualValue,J48_binarySplits,JRip_checkErrorRate,PART_binarySplits,J48_collapseTree,J48_useLaplace,JRip_usePruning,JRip_folds,JRip_optimizations,DecisionTable,DecisionTable_useIBk,DecisionTable_evaluationMeasure,DecisionTable_search,GreedyStepwise_conservativeForwardSelection,GreedyStepwise_searchBackwards,BestFirst_searchTermination,BestFirst_direction,J48_doNotMakeSplitPointActualValue,DecisionTable_crossVal,Aggregator,J48_minNumObj,PART_numFolds,J48_pruning,PART_minNumObj,JRip_minNo,SimpleCart,J48_numFolds,J48_confidenceFactorValue,SimpleCart_usePrune,SimpleCart_minNumObj,SimpleCart_heuristic,SimpleCart_numFoldsPruning,SimpleCart_useOneSE,J48_subtreeRaising"
6,90,0.58194444,0.67074074,0.72388889,0.83148148,0.78750000,0012,0034,0073,0.58879396,"JRip,J48,PART,J48_collapseTree,J48_useLaplace,JRip_usePruning,J48_binarySplits,PART_binarySplits,JRip_minNo,JRip_optimizations,DecisionTable,DecisionTable_crossVal,Aggregator,DecisionTable_useIBk,DecisionTable_search,GreedyStepwise_searchBackwards,GreedyStepwise_conservativeForwardSelection,BestFirst_searchTermination,DecisionTable_evaluationMeasure,BestFirst_direction,J48_doNotMakeSplitPointActualValue,PART_useMDLcorrection,JRip_folds,J48_minNumObj,PART_minNumObj,JRip_checkErrorRate,J48_useMDLcorrection,PART_doNotMakeSplitPointActualValue,PART_pruning,PART_numFolds,SimpleCart,SimpleCart_usePrune,PART_confidenceFactorValue,SimpleCart_minNumObj,SimpleCart_numFoldsPruning,J48_pruning,J48_confidenceFactorValue,J48_numFolds,J48_subtreeRaising,SimpleCart_useOneSE,SimpleCart_heuristic"
7,90,0.51342593,0.66222222,0.72388889,0.83148148,0.79375000,0014,0034,0056,0.59388309,"DecisionTable,PART,DecisionTable_search,PART_binarySplits,J48,JRip,J48_useLaplace,GreedyStepwise_conservativeForwardSelection,PART_useMDLcorrection,J48_doNotMakeSplitPointActualValue,JRip_usePruning,GreedyStepwise_searchBackwards,J48_useMDLcorrection,JRip_minNo,PART_pruning,J48_binarySplits,PART_numFolds,PART_doNotMakeSplitPointActualValue,BestFirst_searchTermination,J48_pruning,DecisionTable_useIBk,JRip_checkErrorRate,DecisionTable_evaluationMeasure,J48_confidenceFactorValue,J48_subtreeRaising,PART_confidenceFactorValue,BestFirst_direction,JRip_optimizations,J48_numFolds,PART_minNumObj,DecisionTable_crossVal,J48_collapseTree,J48_minNumObj,Aggregator,JRip_folds,SimpleCart,SimpleCart_minNumObj,SimpleCart_heuristic,SimpleCart_usePrune,SimpleCart_useOneSE,SimpleCart_numFoldsPruning"
8,90,0.51361111,0.66745370,0.72388889,0.83148148,0.78750000,0012,0034,0056,0.59388309,"DecisionTable,J48,JRip,PART,J48_useLaplace,J48_doNotMakeSplitPointActualValue,PART_useMDLcorrection,J48_useMDLcorrection,DecisionTable_search,JRip_usePruning,PART_binarySplits,GreedyStepwise_conservativeForwardSelection,GreedyStepwise_searchBackwards,DecisionTable_evaluationMeasure,BestFirst_direction,J48_minNumObj,JRip_minNo,BestFirst_searchTermination,DecisionTable_useIBk,JRip_checkErrorRate,J48_pruning,J48_confidenceFactorValue,DecisionTable_crossVal,J48_numFolds,PART_minNumObj,J48_collapseTree,Aggregator,JRip_optimizations,J48_binarySplits,PART_pruning,PART_doNotMakeSplitPointActualValue,PART_numFolds,J48_subtreeRaising,PART_confidenceFactorValue,JRip_folds,SimpleCart,SimpleCart_minNumObj,SimpleCart_usePrune,SimpleCart_heuristic,SimpleCart_numFoldsPruning,SimpleCart_useOneSE"
9,90,0.51564815,0.66587963,0.72685185,0.83194444,0.79270833,0011,0034,0056,0.59388309,"J48,DecisionTable,J48_doNotMakeSplitPointActualValue,PART,J48_useMDLcorrection,JRip,DecisionTable_search,PART_useMDLcorrection,GreedyStepwise_searchBackwards,GreedyStepwise_conservativeForwardSelection,J48_useLaplace,JRip_usePruning,PART_binarySplits,JRip_folds,SimpleCart,SimpleCart_usePrune,SimpleCart_minNumObj,SimpleCart_useOneSE,SimpleCart_heuristic,SimpleCart_numFoldsPruning,PART_doNotMakeSplitPointActualValue,JRip_optimizations,J48_minNumObj,BestFirst_searchTermination,JRip_checkErrorRate,DecisionTable_useIBk,JRip_minNo,DecisionTable_evaluationMeasure,J48_pruning,J48_confidenceFactorValue,J48_numFolds,PART_pruning,J48_binarySplits,PART_numFolds,DecisionTable_crossVal,PART_minNumObj,Aggregator,J48_collapseTree,PART_confidenceFactorValue,J48_subtreeRaising,BestFirst_direction"
10,90,0.49990741,0.65657407,0.72685185,0.83194444,0.79270833,0014,0034,0044,0.10345967,"J48,JRip,J48_binarySplits,J48_collapseTree,Aggregator,JRip_checkErrorRate,DecisionTable,PART,PART_doNotMakeSplitPointActualValue,J48_useLaplace,PART_useMDLcorrection,PART_minNumObj,J48_useMDLcorrection,PART_pruning,DecisionTable_search,J48_pruning,SimpleCart,DecisionTable_useIBk,PART_confidenceFactorValue,BestFirst_direction,DecisionTable_evaluationMeasure,SimpleCart_minNumObj,GreedyStepwise_searchBackwards,PART_numFolds,J48_confidenceFactorValue,GreedyStepwise_conservativeForwardSelection,SimpleCart_heuristic,SimpleCart_usePrune,SimpleCart_useOneSE,SimpleCart_numFoldsPruning,JRip_minNo,J48_numFolds,PART_binarySplits,J48_minNumObj,DecisionTable_crossVal,J48_subtreeRaising,J48_doNotMakeSplitPointActualValue,BestFirst_searchTermination,JRip_usePruning,JRip_optimizations,JRip_folds"
11,90,0.47370370,0.66611111,0.72685185,0.83194444,0.79270833,0011,0034,0044,0.10345967,"DecisionTable,J48,DecisionTable_useIBk,J48_binarySplits,SimpleCart,SimpleCart_heuristic,SimpleCart_usePrune,JRip,SimpleCart_numFoldsPruning,J48_useLaplace,J48_pruning,J48_collapseTree,DecisionTable_search,SimpleCart_minNumObj,PART,DecisionTable_evaluationMeasure,J48_useMDLcorrection,Aggregator,PART_doNotMakeSplitPointActualValue,GreedyStepwise_conservativeForwardSelection,BestFirst_direction,PART_pruning,J48_confidenceFactorValue,SimpleCart_useOneSE,PART_minNumObj,JRip_checkErrorRate,GreedyStepwise_searchBackwards,PART_confidenceFactorValue,PART_useMDLcorrection,PART_numFolds,J48_doNotMakeSplitPointActualValue,J48_numFolds,PART_binarySplits,DecisionTable_crossVal,J48_subtreeRaising,J48_minNumObj,JRip_usePruning,JRip_folds,BestFirst_searchTermination,JRip_minNo,JRip_optimizations"
12,90,0.55157407,0.65657407,0.72685185,0.83194444,0.79270833,0012,0034,0044,0.10345967,"SimpleCart,J48,Aggregator,SimpleCart_minNumObj,PART,J48_useMDLcorrection,SimpleCart_heuristic,J48_binarySplits,JRip,DecisionTable,PART_useMDLcorrection,DecisionTable_useIBk,PART_minNumObj,J48_pruning,J48_useLaplace,SimpleCart_usePrune,JRip_checkErrorRate,DecisionTable_search,PART_doNotMakeSplitPointActualValue,J48_collapseTree,J48_confidenceFactorValue,BestFirst_direction,PART_pruning,PART_numFolds,DecisionTable_evaluationMeasure,SimpleCart_useOneSE,GreedyStepwise_searchBackwards,GreedyStepwise_conservativeForwardSelection,SimpleCart_numFoldsPruning,PART_confidenceFactorValue,J48_subtreeRaising,JRip_minNo,J48_minNumObj,BestFirst_searchTermination,DecisionTable_crossVal,J48_numFolds,PART_binarySplits,JRip_usePruning,J48_doNotMakeSplitPointActualValue,JRip_optimizations,JRip_folds"
13,90,0.49527778,0.66037037,0.72685185,0.83194444,0.79270833,0015,0034,0035,0.00000000,"PART,PART_pruning,PART_numFolds,PART_doNotMakeSplitPointActualValue,PART_minNumObj,Aggregator,J48,DecisionTable,PART_useMDLcorrection,PART_binarySplits,PART_confidenceFactorValue,JRip,JRip_minNo,J48_doNotMakeSplitPointActualValue,SimpleCart,J48_useMDLcorrection,SimpleCart_heuristic,J48_pruning,J48_binarySplits,J48_useLaplace,J48_numFolds,JRip_usePruning,J48_confidenceFactorValue,DecisionTable_crossVal,DecisionTable_useIBk,JRip_folds,J48_minNumObj,SimpleCart_minNumObj,J48_collapseTree,J48_subtreeRaising,DecisionTable_evaluationMeasure,DecisionTable_search,JRip_checkErrorRate,BestFirst_direction,SimpleCart_usePrune,JRip_optimizations,SimpleCart_numFoldsPruning,BestFirst_searchTermination,GreedyStepwise_conservativeForwardSelection,GreedyStepwise_searchBackwards,SimpleCart_useOneSE"
14,90,0.51722222,0.65902778,0.72685185,0.83194444,0.79270833,0014,0034,0035,0.00000000,"SimpleCart,DecisionTable,PART,PART_doNotMakeSplitPointActualValue,DecisionTable_evaluationMeasure,SimpleCart_usePrune,SimpleCart_minNumObj,JRip,PART_binarySplits,PART_useMDLcorrection,J48,J48_useMDLcorrection,DecisionTable_useIBk,JRip_checkErrorRate,PART_pruning,Aggregator,J48_doNotMakeSplitPointActualValue,J48_binarySplits,J48_pruning,PART_minNumObj,J48_confidenceFactorValue,SimpleCart_useOneSE,SimpleCart_heuristic,PART_confidenceFactorValue,SimpleCart_numFoldsPruning,JRip_minNo,J48_numFolds,DecisionTable_crossVal,J48_collapseTree,J48_useLaplace,DecisionTable_search,BestFirst_direction,J48_minNumObj,BestFirst_searchTermination,JRip_usePruning,GreedyStepwise_conservativeForwardSelection,GreedyStepwise_searchBackwards,J48_subtreeRaising,PART_numFolds,JRip_folds,JRip_optimizations"
15,90,0.55296296,0.66231481,0.72685185,0.83194444,0.79270833,0013,0034,0035,0.00000000,"JRip,Aggregator,SimpleCart,SimpleCart_usePrune,J48,PART,JRip_usePruning,PART_useMDLcorrection,PART_pruning,J48_doNotMakeSplitPointActualValue,JRip_minNo,PART_confidenceFactorValue,J48_collapseTree,SimpleCart_minNumObj,SimpleCart_useOneSE,JRip_checkErrorRate,DecisionTable,SimpleCart_numFoldsPruning,PART_minNumObj,PART_doNotMakeSplitPointActualValue,J48_binarySplits,JRip_optimizations,PART_numFolds,J48_useMDLcorrection,SimpleCart_heuristic,J48_useLaplace,PART_binarySplits,DecisionTable_useIBk,DecisionTable_search,DecisionTable_crossVal,J48_minNumObj,JRip_folds,J48_pruning,DecisionTable_evaluationMeasure,GreedyStepwise_conservativeForwardSelection,J48_subtreeRaising,BestFirst_direction,GreedyStepwise_searchBackwards,J48_confidenceFactorValue,BestFirst_searchTermination,J48_numFolds"
16,90,0.52981481,0.65717593,0.72685185,0.83194444,0.79270833,0014,0034,0035,0.00000000,"PART,PART_useMDLcorrection,PART_minNumObj,Aggregator,J48,J48_pruning,J48_confidenceFactorValue,J48_subtreeRaising,PART_binarySplits,JRip,DecisionTable,PART_pruning,SimpleCart,J48_useMDLcorrection,DecisionTable_crossVal,PART_doNotMakeSplitPointActualValue,DecisionTable_evaluationMeasure,J48_minNumObj,DecisionTable_search,J48_useLaplace,PART_confidenceFactorValue,J48_binarySplits,GreedyStepwise_searchBackwards,J48_collapseTree,J48_doNotMakeSplitPointActualValue,JRip_checkErrorRate,SimpleCart_usePrune,J48_numFolds,BestFirst_direction,JRip_minNo,SimpleCart_heuristic,DecisionTable_useIBk,JRip_usePruning,GreedyStepwise_conservativeForwardSelection,PART_numFolds,SimpleCart_minNumObj,JRip_folds,JRip_optimizations,SimpleCart_useOneSE,SimpleCart_numFoldsPruning,BestFirst_searchTermination"
17,90,0.56148148,0.66731481,0.72685185,0.83194444,0.79270833,0014,0034,0035,0.00000000,"J48,JRip,PART,JRip_usePruning,J48_minNumObj,PART_binarySplits,J48_collapseTree,J48_pruning,PART_useMDLcorrection,J48_useMDLcorrection,J48_confidenceFactorValue,JRip_folds,PART_minNumObj,J48_binarySplits,DecisionTable,SimpleCart,SimpleCart_heuristic,Aggregator,SimpleCart_usePrune,J48_doNotMakeSplitPointActualValue,JRip_minNo,JRip_optimizations,J48_useLaplace,PART_doNotMakeSplitPointActualValue,JRip_checkErrorRate,J48_numFolds,DecisionTable_crossVal,DecisionTable_search,PART_pruning,GreedyStepwise_searchBackwards,DecisionTable_evaluationMeasure,J48_subtreeRaising,SimpleCart_numFoldsPruning,GreedyStepwise_conservativeForwardSelection,PART_numFolds,DecisionTable_useIBk,SimpleCart_minNumObj,SimpleCart_useOneSE,BestFirst_searchTermination,BestFirst_direction,PART_confidenceFactorValue"
18,90,0.53851852,0.65912037,0.72685185,0.83194444,0.79270833,0014,0034,0035,0.00000000,"J48,J48_minNumObj,JRip,SimpleCart,JRip_minNo,J48_collapseTree,JRip_usePruning,DecisionTable,J48_useLaplace,JRip_optimizations,J48_binarySplits,Aggregator,J48_pruning,J48_numFolds,J48_useMDLcorrection,JRip_folds,PART,SimpleCart_heuristic,SimpleCart_usePrune,SimpleCart_numFoldsPruning,PART_minNumObj,DecisionTable_useIBk,SimpleCart_minNumObj,J48_doNotMakeSplitPointActualValue,JRip_checkErrorRate,DecisionTable_evaluationMeasure,J48_confidenceFactorValue,PART_useMDLcorrection,DecisionTable_crossVal,PART_doNotMakeSplitPointActualValue,DecisionTable_search,PART_pruning,GreedyStepwise_searchBackwards,J48_subtreeRaising,PART_binarySplits,SimpleCart_useOneSE,PART_numFolds,BestFirst_searchTermination,PART_confidenceFactorValue,GreedyStepwise_conservativeForwardSelection,BestFirst_direction"
19,90,0.50777778,0.66111111,0.72685185,0.83194444,0.79270833,0014,0034,0035,0.00000000,"SimpleCart,SimpleCart_heuristic,Aggregator,PART,DecisionTable,PART_binarySplits,PART_minNumObj,PART_doNotMakeSplitPointActualValue,PART_useMDLcorrection,JRip,J48,SimpleCart_minNumObj,DecisionTable_crossVal,SimpleCart_usePrune,J48_pruning,SimpleCart_numFoldsPruning,J48_numFolds,J48_subtreeRaising,PART_pruning,J48_binarySplits,DecisionTable_search,J48_useLaplace,PART_confidenceFactorValue,BestFirst_direction,J48_minNumObj,DecisionTable_useIBk,DecisionTable_evaluationMeasure,BestFirst_searchTermination,J48_collapseTree,JRip_checkErrorRate,SimpleCart_useOneSE,J48_confidenceFactorValue,JRip_minNo,JRip_usePruning,J48_useMDLcorrection,J48_doNotMakeSplitPointActualValue,JRip_optimizations,GreedyStepwise_conservativeForwardSelection,PART_numFolds,GreedyStepwise_searchBackwards,JRip_folds"
20,90,0.53879630,0.66449074,0.72685185,0.83194444,0.79270833,0014,0034,0035,0.00000000,"Aggregator,JRip,SimpleCart,J48,SimpleCart_minNumObj,JRip_minNo,JRip_checkErrorRate,JRip_usePruning,PART,PART_doNotMakeSplitPointActualValue,SimpleCart_heuristic,J48_binarySplits,J48_minNumObj,J48_useLaplace,JRip_folds,DecisionTable,SimpleCart_usePrune,J48_doNotMakeSplitPointActualValue,DecisionTable_crossVal,J48_collapseTree,PART_binarySplits,DecisionTable_search,J48_pruning,DecisionTable_evaluationMeasure,PART_minNumObj,J48_useMDLcorrection,J48_subtreeRaising,JRip_optimizations,PART_pruning,J48_numFolds,SimpleCart_useOneSE,PART_useMDLcorrection,DecisionTable_useIBk,GreedyStepwise_conservativeForwardSelection,BestFirst_searchTermination,PART_numFolds,J48_confidenceFactorValue,PART_confidenceFactorValue,SimpleCart_numFoldsPruning,GreedyStepwise_searchBackwards,BestFirst_direction"
21,90,0.54212963,0.66111111,0.72685185,0.83194444,0.79270833,0014,0034,0035,0.00000000,"DecisionTable,DecisionTable_evaluationMeasure,J48,SimpleCart,J48_collapseTree,DecisionTable_crossVal,J48_useMDLcorrection,J48_pruning,SimpleCart_minNumObj,DecisionTable_useIBk,J48_useLaplace,SimpleCart_heuristic,J48_minNumObj,J48_confidenceFactorValue,DecisionTable_search,Aggregator,J48_subtreeRaising,PART,PART_useMDLcorrection,JRip,JRip_checkErrorRate,J48_numFolds,J48_binarySplits,GreedyStepwise_searchBackwards,PART_binarySplits,J48_doNotMakeSplitPointActualValue,SimpleCart_usePrune,JRip_usePruning,SimpleCart_numFoldsPruning,JRip_minNo,PART_pruning,SimpleCart_useOneSE,BestFirst_searchTermination,BestFirst_direction,JRip_optimizations,GreedyStepwise_conservativeForwardSelection,PART_minNumObj,PART_doNotMakeSplitPointActualValue,PART_confidenceFactorValue,JRip_folds,PART_numFolds"
22,90,0.52509259,0.66351852,0.72685185,0.83194444,0.79270833,0015,0034,0035,0.00000000,"SimpleCart,Aggregator,PART,PART_binarySplits,SimpleCart_heuristic,SimpleCart_usePrune,PART_minNumObj,PART_pruning,SimpleCart_useOneSE,JRip,J48,DecisionTable,J48_binarySplits,DecisionTable_crossVal,PART_useMDLcorrection,PART_doNotMakeSplitPointActualValue,J48_collapseTree,PART_confidenceFactorValue,PART_numFolds,SimpleCart_minNumObj,JRip_minNo,JRip_usePruning,J48_doNotMakeSplitPointActualValue,J48_pruning,J48_minNumObj,SimpleCart_numFoldsPruning,J48_useMDLcorrection,JRip_optimizations,DecisionTable_evaluationMeasure,DecisionTable_useIBk,JRip_checkErrorRate,J48_numFolds,JRip_folds,J48_confidenceFactorValue,DecisionTable_search,J48_useLaplace,GreedyStepwise_conservativeForwardSelection,BestFirst_searchTermination,GreedyStepwise_searchBackwards,J48_subtreeRaising,BestFirst_direction"
23,90,0.51481481,0.65648148,0.72685185,0.83194444,0.79270833,0015,0034,0035,0.00000000,"DecisionTable,DecisionTable_evaluationMeasure,DecisionTable_search,DecisionTable_crossVal,DecisionTable_useIBk,GreedyStepwise_conservativeForwardSelection,J48,SimpleCart,BestFirst_searchTermination,J48_pruning,J48_confidenceFactorValue,GreedyStepwise_searchBackwards,JRip,J48_collapseTree,J48_useLaplace,SimpleCart_minNumObj,PART,PART_useMDLcorrection,SimpleCart_usePrune,SimpleCart_heuristic,JRip_minNo,J48_subtreeRaising,BestFirst_direction,J48_doNotMakeSplitPointActualValue,Aggregator,J48_minNumObj,PART_binarySplits,JRip_usePruning,JRip_checkErrorRate,JRip_folds,J48_binarySplits,PART_pruning,J48_useMDLcorrection,PART_minNumObj,J48_numFolds,SimpleCart_numFoldsPruning,PART_numFolds,PART_confidenceFactorValue,SimpleCart_useOneSE,PART_doNotMakeSplitPointActualValue,JRip_optimizations"
24,90,0.52490741,0.65398148,0.72685185,0.83194444,0.79270833,0014,0034,0035,0.00000000,"Aggregator,SimpleCart,JRip,DecisionTable,SimpleCart_minNumObj,JRip_minNo,DecisionTable_useIBk,DecisionTable_evaluationMeasure,SimpleCart_usePrune,DecisionTable_crossVal,JRip_checkErrorRate,J48,SimpleCart_heuristic,JRip_usePruning,DecisionTable_search,J48_minNumObj,SimpleCart_useOneSE,GreedyStepwise_conservativeForwardSelection,PART,J48_doNotMakeSplitPointActualValue,J48_pruning,J48_binarySplits,SimpleCart_numFoldsPruning,BestFirst_searchTermination,BestFirst_direction,PART_minNumObj,PART_useMDLcorrection,J48_collapseTree,GreedyStepwise_searchBackwards,J48_numFolds,JRip_optimizations,J48_useMDLcorrection,J48_useLaplace,J48_confidenceFactorValue,JRip_folds,PART_doNotMakeSplitPointActualValue,PART_binarySplits,J48_subtreeRaising,PART_pruning,PART_confidenceFactorValue,PART_numFolds"
25,90,0.56398148,0.66162037,0.72685185,0.83194444,0.79270833,0014,0034,0035,0.00000000,"JRip,JRip_minNo,PART,DecisionTable,DecisionTable_crossVal,PART_doNotMakeSplitPointActualValue,PART_useMDLcorrection,J48,J48_pruning,JRip_usePruning,JRip_folds,Aggregator,J48_subtreeRaising,DecisionTable_evaluationMeasure,PART_minNumObj,JRip_checkErrorRate,SimpleCart,PART_binarySplits,J48_confidenceFactorValue,J48_useMDLcorrection,J48_useLaplace,PART_pruning,J48_minNumObj,J48_numFolds,SimpleCart_minNumObj,J48_doNotMakeSplitPointActualValue,DecisionTable_search,DecisionTable_useIBk,BestFirst_direction,J48_collapseTree,SimpleCart_usePrune,JRip_optimizations,J48_binarySplits,SimpleCart_numFoldsPruning,PART_confidenceFactorValue,SimpleCart_heuristic,SimpleCart_useOneSE,PART_numFolds,BestFirst_searchTermination,GreedyStepwise_conservativeForwardSelection,GreedyStepwise_searchBackwards"
26,90,0.51611111,0.66046296,0.72685185,0.83194444,0.79270833,0014,0034,0035,0.00000000,"JRip,SimpleCart,SimpleCart_usePrune,JRip_minNo,J48,Aggregator,J48_collapseTree,SimpleCart_heuristic,J48_useMDLcorrection,DecisionTable,SimpleCart_minNumObj,DecisionTable_useIBk,J48_minNumObj,JRip_usePruning,JRip_optimizations,J48_useLaplace,DecisionTable_evaluationMeasure,SimpleCart_numFoldsPruning,PART,JRip_folds,J48_pruning,SimpleCart_useOneSE,J48_confidenceFactorValue,JRip_checkErrorRate,DecisionTable_search,J48_binarySplits,J48_numFolds,J48_doNotMakeSplitPointActualValue,DecisionTable_crossVal,GreedyStepwise_conservativeForwardSelection,PART_minNumObj,BestFirst_direction,PART_pruning,J48_subtreeRaising,BestFirst_searchTermination,PART_doNotMakeSplitPointActualValue,PART_binarySplits,GreedyStepwise_searchBackwards,PART_useMDLcorrection,PART_numFolds,PART_confidenceFactorValue"
27,90,0.54138889,0.66064815,0.72685185,0.83194444,0.79270833,0013,0034,0035,0.00000000,"SimpleCart,DecisionTable,SimpleCart_heuristic,DecisionTable_useIBk,SimpleCart_minNumObj,Aggregator,J48,DecisionTable_evaluationMeasure,DecisionTable_search,J48_collapseTree,JRip,J48_binarySplits,J48_pruning,DecisionTable_crossVal,J48_minNumObj,PART,J48_doNotMakeSplitPointActualValue,BestFirst_direction,JRip_minNo,BestFirst_searchTermination,SimpleCart_usePrune,PART_doNotMakeSplitPointActualValue,JRip_usePruning,GreedyStepwise_conservativeForwardSelection,J48_subtreeRaising,SimpleCart_numFoldsPruning,J48_useMDLcorrection,PART_useMDLcorrection,PART_binarySplits,J48_useLaplace,PART_minNumObj,J48_numFolds,GreedyStepwise_searchBackwards,J48_confidenceFactorValue,JRip_checkErrorRate,SimpleCart_useOneSE,PART_pruning,JRip_folds,JRip_optimizations,PART_confidenceFactorValue,PART_numFolds"
28,90,0.51805556,0.65259259,0.72685185,0.83194444,0.79270833,0015,0034,0035,0.00000000,"PART,DecisionTable,DecisionTable_useIBk,SimpleCart,PART_binarySplits,PART_minNumObj,SimpleCart_minNumObj,J48,J48_doNotMakeSplitPointActualValue,J48_binarySplits,DecisionTable_crossVal,SimpleCart_usePrune,PART_useMDLcorrection,PART_pruning,DecisionTable_evaluationMeasure,JRip,Aggregator,DecisionTable_search,SimpleCart_numFoldsPruning,J48_useMDLcorrection,PART_doNotMakeSplitPointActualValue,JRip_minNo,J48_useLaplace,J48_pruning,SimpleCart_heuristic,GreedyStepwise_conservativeForwardSelection,J48_collapseTree,SimpleCart_useOneSE,J48_minNumObj,PART_numFolds,BestFirst_direction,BestFirst_searchTermination,JRip_checkErrorRate,J48_numFolds,PART_confidenceFactorValue,J48_confidenceFactorValue,J48_subtreeRaising,JRip_usePruning,JRip_folds,GreedyStepwise_searchBackwards,JRip_optimizations"
29,90,0.54657407,0.65486111,0.72685185,0.83194444,0.79270833,0014,0034,0035,0.00000000,"Aggregator,J48,J48_collapseTree,J48_pruning,DecisionTable,J48_useLaplace,J48_useMDLcorrection,PART,J48_numFolds,JRip,PART_pruning,PART_confidenceFactorValue,J48_doNotMakeSplitPointActualValue,DecisionTable_useIBk,PART_binarySplits,J48_confidenceFactorValue,SimpleCart,PART_minNumObj,SimpleCart_usePrune,DecisionTable_crossVal,J48_binarySplits,J48_minNumObj,PART_numFolds,SimpleCart_heuristic,JRip_checkErrorRate,DecisionTable_search,SimpleCart_minNumObj,JRip_minNo,DecisionTable_evaluationMeasure,J48_subtreeRaising,BestFirst_searchTermination,GreedyStepwise_searchBackwards,PART_useMDLcorrection,SimpleCart_useOneSE,JRip_usePruning,PART_doNotMakeSplitPointActualValue,GreedyStepwise_conservativeForwardSelection,SimpleCart_numFoldsPruning,JRip_folds,BestFirst_direction,JRip_optimizations"
30,90,0.55074074,0.66532407,0.72787037,0.76018519,0.65520833,0012,0034,0035,0.00000000,"J48,SimpleCart,Aggregator,J48_useMDLcorrection,J48_binarySplits,DecisionTable,J48_useLaplace,J48_doNotMakeSplitPointActualValue,JRip,DecisionTable_evaluationMeasure,JRip_minNo,JRip_usePruning,SimpleCart_usePrune,J48_collapseTree,JRip_optimizations,J48_minNumObj,J48_pruning,DecisionTable_crossVal,PART,SimpleCart_numFoldsPruning,SimpleCart_minNumObj,J48_confidenceFactorValue,SimpleCart_heuristic,SimpleCart_useOneSE,J48_numFolds,PART_minNumObj,DecisionTable_useIBk,JRip_folds,DecisionTable_search,PART_useMDLcorrection,J48_subtreeRaising,BestFirst_searchTermination,GreedyStepwise_searchBackwards,GreedyStepwise_conservativeForwardSelection,JRip_checkErrorRate,PART_pruning,PART_binarySplits,BestFirst_direction,PART_doNotMakeSplitPointActualValue,PART_confidenceFactorValue,PART_numFolds"
31,90,0.52324074,0.67578704,0.72787037,0.76018519,0.65729167,0013,0034,0051,0.10345967,"J48,SimpleCart,DecisionTable,JRip,Aggregator,DecisionTable_evaluationMeasure,SimpleCart_heuristic,J48_useLaplace,PART,J48_doNotMakeSplitPointActualValue,J48_pruning,SimpleCart_usePrune,SimpleCart_minNumObj,SimpleCart_useOneSE,PART_useMDLcorrection,SimpleCart_numFoldsPruning,J48_confidenceFactorValue,JRip_usePruning,JRip_folds,JRip_optimizations,PART_minNumObj,J48_minNumObj,J48_numFolds,PART_binarySplits,DecisionTable_useIBk,DecisionTable_search,BestFirst_searchTermination,BestFirst_direction,GreedyStepwise_conservativeForwardSelection,GreedyStepwise_searchBackwards,J48_collapseTree,PART_doNotMakeSplitPointActualValue,PART_pruning,PART_confidenceFactorValue,PART_numFolds,J48_binarySplits,J48_useMDLcorrection,JRip_checkErrorRate,DecisionTable_crossVal,JRip_minNo,J48_subtreeRaising"
32,90,0.50555556,0.65199074,0.72787037,0.76018519,0.65729167,0012,0120,0051,0.10345967,"J48,SimpleCart,Aggregator,SimpleCart_usePrune,SimpleCart_minNumObj,DecisionTable,PART,JRip,DecisionTable_evaluationMeasure,SimpleCart_heuristic,J48_doNotMakeSplitPointActualValue,J48_pruning,J48_useLaplace,J48_confidenceFactorValue,SimpleCart_useOneSE,SimpleCart_numFoldsPruning,PART_useMDLcorrection,JRip_folds,BestFirst_direction,PART_numFolds,PART_confidenceFactorValue,GreedyStepwise_searchBackwards,GreedyStepwise_conservativeForwardSelection,JRip_optimizations,BestFirst_searchTermination,DecisionTable_search,PART_minNumObj,J48_collapseTree,PART_doNotMakeSplitPointActualValue,J48_subtreeRaising,JRip_checkErrorRate,DecisionTable_crossVal,PART_binarySplits,J48_minNumObj,J48_binarySplits,DecisionTable_useIBk,JRip_usePruning,J48_useMDLcorrection,PART_pruning,JRip_minNo,J48_numFolds"
33,90,0.51851852,0.63930556,0.72787037,0.76018519,0.65729167,0014,0084,0051,0.10345967,"SimpleCart,PART,SimpleCart_minNumObj,Aggregator,J48,DecisionTable,J48_doNotMakeSplitPointActualValue,JRip,SimpleCart_usePrune,PART_useMDLcorrection,SimpleCart_heuristic,DecisionTable_evaluationMeasure,J48_useLaplace,J48_pruning,SimpleCart_numFoldsPruning,SimpleCart_useOneSE,J48_confidenceFactorValue,PART_confidenceFactorValue,JRip_optimizations,BestFirst_direction,GreedyStepwise_searchBackwards,BestFirst_searchTermination,JRip_folds,GreedyStepwise_conservativeForwardSelection,PART_numFolds,DecisionTable_crossVal,PART_binarySplits,PART_pruning,DecisionTable_search,J48_numFolds,PART_minNumObj,PART_doNotMakeSplitPointActualValue,J48_minNumObj,JRip_checkErrorRate,DecisionTable_useIBk,J48_subtreeRaising,J48_useMDLcorrection,JRip_usePruning,J48_binarySplits,J48_collapseTree,JRip_minNo"
34,90,0.54583333,0.65712963,0.72787037,0.76018519,0.65520833,0012,0034,0035,0.00000000,"J48,DecisionTable,DecisionTable_crossVal,J48_pruning,DecisionTable_search,DecisionTable_useIBk,J48_numFolds,J48_binarySplits,J48_collapseTree,PART,PART_pruning,Aggregator,J48_useLaplace,J48_minNumObj,PART_numFolds,GreedyStepwise_searchBackwards,DecisionTable_evaluationMeasure,PART_binarySplits,JRip,SimpleCart,J48_confidenceFactorValue,SimpleCart_usePrune,SimpleCart_minNumObj,JRip_checkErrorRate,PART_confidenceFactorValue,PART_doNotMakeSplitPointActualValue,J48_doNotMakeSplitPointActualValue,J48_useMDLcorrection,BestFirst_searchTermination,J48_subtreeRaising,GreedyStepwise_conservativeForwardSelection,BestFirst_direction,SimpleCart_numFoldsPruning,PART_useMDLcorrection,SimpleCart_heuristic,SimpleCart_useOneSE,JRip_minNo,PART_minNumObj,JRip_usePruning,JRip_optimizations,JRip_folds"
35,90,0.52120370,0.65925926,0.72787037,0.76018519,0.65729167,0015,0034,0035,0.00000000,"Aggregator,PART,DecisionTable,J48,PART_doNotMakeSplitPointActualValue,DecisionTable_search,J48_collapseTree,J48_pruning,J48_minNumObj,J48_subtreeRaising,J48_useMDLcorrection,DecisionTable_evaluationMeasure,J48_useLaplace,GreedyStepwise_conservativeForwardSelection,DecisionTable_useIBk,JRip,SimpleCart,PART_minNumObj,J48_doNotMakeSplitPointActualValue,PART_useMDLcorrection,SimpleCart_heuristic,J48_numFolds,JRip_minNo,BestFirst_searchTermination,PART_binarySplits,J48_binarySplits,JRip_checkErrorRate,PART_pruning,DecisionTable_crossVal,PART_confidenceFactorValue,JRip_usePruning,SimpleCart_minNumObj,BestFirst_direction,GreedyStepwise_searchBackwards,J48_confidenceFactorValue,SimpleCart_usePrune,SimpleCart_useOneSE,PART_numFolds,JRip_optimizations,JRip_folds,SimpleCart_numFoldsPruning"
36,90,0.52444444,0.65791667,0.72787037,0.76018519,0.65729167,0013,0034,0035,0.00000000,"DecisionTable,PART,JRip,PART_useMDLcorrection,SimpleCart,DecisionTable_evaluationMeasure,Aggregator,DecisionTable_useIBk,JRip_usePruning,DecisionTable_crossVal,JRip_optimizations,J48,J48_doNotMakeSplitPointActualValue,SimpleCart_heuristic,DecisionTable_search,SimpleCart_minNumObj,PART_minNumObj,JRip_minNo,SimpleCart_usePrune,GreedyStepwise_conservativeForwardSelection,JRip_checkErrorRate,BestFirst_searchTermination,PART_doNotMakeSplitPointActualValue,SimpleCart_numFoldsPruning,JRip_folds,PART_binarySplits,BestFirst_direction,GreedyStepwise_searchBackwards,PART_pruning,J48_minNumObj,J48_collapseTree,J48_useMDLcorrection,J48_pruning,J48_numFolds,J48_binarySplits,J48_useLaplace,SimpleCart_useOneSE,PART_confidenceFactorValue,PART_numFolds,J48_subtreeRaising,J48_confidenceFactorValue"
37,90,0.53324074,0.66569444,0.72787037,0.76018519,0.65520833,0015,0034,0035,0.00000000,"Aggregator,JRip,J48,JRip_checkErrorRate,DecisionTable,J48_useMDLcorrection,PART,SimpleCart,DecisionTable_search,BestFirst_direction,PART_pruning,J48_useLaplace,J48_binarySplits,PART_binarySplits,DecisionTable_useIBk,J48_doNotMakeSplitPointActualValue,J48_minNumObj,J48_pruning,PART_confidenceFactorValue,JRip_minNo,PART_numFolds,J48_confidenceFactorValue,DecisionTable_evaluationMeasure,J48_subtreeRaising,GreedyStepwise_conservativeForwardSelection,GreedyStepwise_searchBackwards,PART_useMDLcorrection,DecisionTable_crossVal,J48_collapseTree,JRip_usePruning,SimpleCart_usePrune,PART_minNumObj,SimpleCart_minNumObj,SimpleCart_heuristic,PART_doNotMakeSplitPointActualValue,SimpleCart_numFoldsPruning,BestFirst_searchTermination,SimpleCart_useOneSE,J48_numFolds,JRip_optimizations,JRip_folds"
38,90,0.54342593,0.66805556,0.72787037,0.76018519,0.65729167,0016,0034,0035,0.00000000,"J48,J48_pruning,J48_useMDLcorrection,SimpleCart,SimpleCart_usePrune,JRip,SimpleCart_numFoldsPruning,J48_confidenceFactorValue,Aggregator,J48_collapseTree,J48_useLaplace,DecisionTable,J48_binarySplits,DecisionTable_search,PART,JRip_minNo,J48_doNotMakeSplitPointActualValue,PART_minNumObj,PART_pruning,J48_minNumObj,SimpleCart_heuristic,JRip_usePruning,J48_numFolds,JRip_folds,J48_subtreeRaising,JRip_checkErrorRate,PART_confidenceFactorValue,DecisionTable_useIBk,SimpleCart_useOneSE,SimpleCart_minNumObj,GreedyStepwise_searchBackwards,DecisionTable_evaluationMeasure,PART_binarySplits,BestFirst_direction,DecisionTable_crossVal,BestFirst_searchTermination,PART_numFolds,PART_useMDLcorrection,PART_doNotMakeSplitPointActualValue,GreedyStepwise_conservativeForwardSelection,JRip_optimizations"
39,90,0.51574074,0.65310185,0.72787037,0.76018519,0.65520833,0015,0034,0035,0.00000000,"JRip,PART,PART_useMDLcorrection,JRip_minNo,JRip_checkErrorRate,PART_doNotMakeSplitPointActualValue,Aggregator,J48,J48_useLaplace,DecisionTable,J48_collapseTree,PART_minNumObj,PART_binarySplits,J48_doNotMakeSplitPointActualValue,SimpleCart,JRip_usePruning,J48_binarySplits,J48_pruning,J48_useMDLcorrection,JRip_folds,SimpleCart_heuristic,J48_confidenceFactorValue,DecisionTable_evaluationMeasure,J48_minNumObj,PART_pruning,DecisionTable_useIBk,JRip_optimizations,J48_numFolds,DecisionTable_crossVal,DecisionTable_search,SimpleCart_minNumObj,PART_numFolds,GreedyStepwise_searchBackwards,J48_subtreeRaising,SimpleCart_usePrune,PART_confidenceFactorValue,SimpleCart_numFoldsPruning,BestFirst_direction,BestFirst_searchTermination,GreedyStepwise_conservativeForwardSelection,SimpleCart_useOneSE"
40,90,0.52148148,0.65495370,0.72787037,0.76018519,0.65520833,0017,0034,0035,0.00000000,"JRip,J48,J48_binarySplits,Aggregator,DecisionTable,J48_pruning,J48_collapseTree,J48_useLaplace,J48_useMDLcorrection,DecisionTable_useIBk,J48_minNumObj,PART,JRip_usePruning,JRip_minNo,DecisionTable_crossVal,J48_confidenceFactorValue,SimpleCart,JRip_checkErrorRate,J48_numFolds,SimpleCart_usePrune,JRip_optimizations,JRip_folds,SimpleCart_heuristic,DecisionTable_search,PART_pruning,DecisionTable_evaluationMeasure,SimpleCart_useOneSE,SimpleCart_minNumObj,J48_doNotMakeSplitPointActualValue,BestFirst_searchTermination,PART_minNumObj,PART_useMDLcorrection,J48_subtreeRaising,PART_binarySplits,PART_doNotMakeSplitPointActualValue,GreedyStepwise_searchBackwards,SimpleCart_numFoldsPruning,BestFirst_direction,PART_numFolds,PART_confidenceFactorValue,GreedyStepwise_conservativeForwardSelection"
